task,encoder,head,level,seed,metric,value,n_units,n_subjects
B1_corrected,geommlp,softmax,scan,0,accuracy,0.11467391304347826,1840,733
B1_corrected,geommlp,softmax,scan,0,macro_f1,0.10251476549927287,1840,733
B1_corrected,geommlp,softmax,scan,0,macro_auc,0.6495292255770928,1840,733
B1_corrected,geommlp,softmax,scan,0,f1_class::Cartilage,0.04597701149425287,1840,733
B1_corrected,geommlp,softmax,scan,0,f1_class::Ciliopathy,0.056338028169014086,1840,733
B1_corrected,geommlp,softmax,scan,0,f1_class::Cohesinopathy,0.06167400881057269,1840,733
B1_corrected,geommlp,softmax,scan,0,f1_class::Connective Tissue,0.23976608187134502,1840,733
B1_corrected,geommlp,softmax,scan,0,f1_class::Control,0.2236842105263158,1840,733
B1_corrected,geommlp,softmax,scan,0,f1_class::DNA Repair,0.09944751381215469,1840,733
B1_corrected,geommlp,softmax,scan,0,f1_class::Deletion,0.03896103896103896,1840,733
B1_corrected,geommlp,softmax,scan,0,f1_class::Duplication,0.06896551724137931,1840,733
B1_corrected,geommlp,softmax,scan,0,f1_class::Ectodermal,0.06542056074766354,1840,733
B1_corrected,geommlp,softmax,scan,0,f1_class::Growth,0.06857142857142857,1840,733
B1_corrected,geommlp,softmax,scan,0,f1_class::Imprinting,0.12941176470588237,1840,733
B1_corrected,geommlp,softmax,scan,0,f1_class::Lysozome,0.13229571984435798,1840,733
B1_corrected,geommlp,softmax,scan,0,f1_class::Neurocristopathy,0.08163265306122448,1840,733
B1_corrected,geommlp,softmax,scan,0,f1_class::Peroxisome,0.2158273381294964,1840,733
B1_corrected,geommlp,softmax,scan,0,f1_class::Primary Palate,0.16494845360824742,1840,733
B1_corrected,geommlp,softmax,scan,0,f1_class::Rasopathy,0.07662835249042145,1840,733
B1_corrected,geommlp,softmax,scan,0,f1_class::Sex Chromosome,0.12962962962962962,1840,733
B1_corrected,geommlp,softmax,scan,0,f1_class::Trisomy,0.03508771929824561,1840,733
B1_corrected,geommlp,softmax,scan,0,f1_class::Uncategorized,0.013513513513513514,1840,733
B1_corrected,geommlp,softmax,subject,0,accuracy,0.12278308321964529,733,733
B1_corrected,geommlp,softmax,subject,0,macro_f1,0.1070927689299878,733,733
B1_corrected,geommlp,softmax,subject,0,macro_auc,0.6515052578709298,733,733
B1_corrected,geommlp,softmax,subject,0,f1_class::Cartilage,0.09090909090909091,733,733
B1_corrected,geommlp,softmax,subject,0,f1_class::Ciliopathy,0.06060606060606061,733,733
B1_corrected,geommlp,softmax,subject,0,f1_class::Cohesinopathy,0.09090909090909091,733,733
B1_corrected,geommlp,softmax,subject,0,f1_class::Connective Tissue,0.2222222222222222,733,733
B1_corrected,geommlp,softmax,subject,0,f1_class::Control,0.2318840579710145,733,733
B1_corrected,geommlp,softmax,subject,0,f1_class::DNA Repair,0.07547169811320754,733,733
B1_corrected,geommlp,softmax,subject,0,f1_class::Deletion,0.06,733,733
B1_corrected,geommlp,softmax,subject,0,f1_class::Duplication,0.0,733,733
B1_corrected,geommlp,softmax,subject,0,f1_class::Ectodermal,0.0784313725490196,733,733
B1_corrected,geommlp,softmax,subject,0,f1_class::Growth,0.075,733,733
B1_corrected,geommlp,softmax,subject,0,f1_class::Imprinting,0.0851063829787234,733,733
B1_corrected,geommlp,softmax,subject,0,f1_class::Lysozome,0.0963855421686747,733,733
B1_corrected,geommlp,softmax,subject,0,f1_class::Neurocristopathy,0.08,733,733
B1_corrected,geommlp,softmax,subject,0,f1_class::Peroxisome,0.17543859649122806,733,733
B1_corrected,geommlp,softmax,subject,0,f1_class::Primary Palate,0.3181818181818182,733,733
B1_corrected,geommlp,softmax,subject,0,f1_class::Rasopathy,0.04040404040404041,733,733
B1_corrected,geommlp,softmax,subject,0,f1_class::Sex Chromosome,0.23529411764705882,733,733
B1_corrected,geommlp,softmax,subject,0,f1_class::Trisomy,0.0,733,733
B1_corrected,geommlp,softmax,subject,0,f1_class::Uncategorized,0.018518518518518517,733,733
B1_corrected,geommlp,proto,scan,0,accuracy,0.09456521739130434,1840,733
B1_corrected,geommlp,proto,scan,0,macro_f1,0.07676167632448916,1840,733
B1_corrected,geommlp,proto,scan,0,macro_auc,0.6355508149241372,1840,733
B1_corrected,geommlp,proto,scan,0,f1_class::Cartilage,0.075,1840,733
B1_corrected,geommlp,proto,scan,0,f1_class::Ciliopathy,0.031746031746031744,1840,733
B1_corrected,geommlp,proto,scan,0,f1_class::Cohesinopathy,0.08888888888888889,1840,733
B1_corrected,geommlp,proto,scan,0,f1_class::Connective Tissue,0.22691292875989447,1840,733
B1_corrected,geommlp,proto,scan,0,f1_class::Control,0.18181818181818182,1840,733
B1_corrected,geommlp,proto,scan,0,f1_class::DNA Repair,0.0728744939271255,1840,733
B1_corrected,geommlp,proto,scan,0,f1_class::Deletion,0.021052631578947368,1840,733
B1_corrected,geommlp,proto,scan,0,f1_class::Duplication,0.0,1840,733
B1_corrected,geommlp,proto,scan,0,f1_class::Ectodermal,0.08163265306122448,1840,733
B1_corrected,geommlp,proto,scan,0,f1_class::Growth,0.05102040816326531,1840,733
B1_corrected,geommlp,proto,scan,0,f1_class::Imprinting,0.014598540145985401,1840,733
B1_corrected,geommlp,proto,scan,0,f1_class::Lysozome,0.09216589861751152,1840,733
B1_corrected,geommlp,proto,scan,0,f1_class::Neurocristopathy,0.01639344262295082,1840,733
B1_corrected,geommlp,proto,scan,0,f1_class::Peroxisome,0.1807909604519774,1840,733
B1_corrected,geommlp,proto,scan,0,f1_class::Primary Palate,0.11428571428571428,1840,733
B1_corrected,geommlp,proto,scan,0,f1_class::Rasopathy,0.1144578313253012,1840,733
B1_corrected,geommlp,proto,scan,0,f1_class::Sex Chromosome,0.07476635514018691,1840,733
B1_corrected,geommlp,proto,scan,0,f1_class::Trisomy,0.0,1840,733
B1_corrected,geommlp,proto,scan,0,f1_class::Uncategorized,0.020066889632107024,1840,733
B1_corrected,geommlp,proto,subject,0,accuracy,0.1145975443383356,733,733
B1_corrected,geommlp,proto,subject,0,macro_f1,0.10335513413621486,733,733
B1_corrected,geommlp,proto,subject,0,macro_auc,0.6413887081298146,733,733
B1_corrected,geommlp,proto,subject,0,f1_class::Cartilage,0.09090909090909091,733,733
B1_corrected,geommlp,proto,subject,0,f1_class::Ciliopathy,0.03305785123966942,733,733
B1_corrected,geommlp,proto,subject,0,f1_class::Cohesinopathy,0.16666666666666666,733,733
B1_corrected,geommlp,proto,subject,0,f1_class::Connective Tissue,0.2413793103448276,733,733
B1_corrected,geommlp,proto,subject,0,f1_class::Control,0.19289340101522842,733,733
B1_corrected,geommlp,proto,subject,0,f1_class::DNA Repair,0.05714285714285714,733,733
B1_corrected,geommlp,proto,subject,0,f1_class::Deletion,0.021052631578947368,733,733
B1_corrected,geommlp,proto,subject,0,f1_class::Duplication,0.0,733,733
B1_corrected,geommlp,proto,subject,0,f1_class::Ectodermal,0.09302325581395349,733,733
B1_corrected,geommlp,proto,subject,0,f1_class::Growth,0.07142857142857142,733,733
B1_corrected,geommlp,proto,subject,0,f1_class::Imprinting,0.13953488372093023,733,733
B1_corrected,geommlp,proto,subject,0,f1_class::Lysozome,0.0967741935483871,733,733
B1_corrected,geommlp,proto,subject,0,f1_class::Neurocristopathy,0.0,733,733
B1_corrected,geommlp,proto,subject,0,f1_class::Peroxisome,0.19607843137254902,733,733
B1_corrected,geommlp,proto,subject,0,f1_class::Primary Palate,0.21621621621621623,733,733
B1_corrected,geommlp,proto,subject,0,f1_class::Rasopathy,0.12698412698412698,733,733
B1_corrected,geommlp,proto,subject,0,f1_class::Sex Chromosome,0.16,733,733
B1_corrected,geommlp,proto,subject,0,f1_class::Trisomy,0.06060606060606061,733,733
B1_corrected,geommlp,proto,subject,0,f1_class::Uncategorized,0.0,733,733
B1_corrected,geommlp,knn11,scan,0,accuracy,0.21467391304347827,1840,733
B1_corrected,geommlp,knn11,scan,0,macro_f1,0.1066099607093918,1840,733
B1_corrected,geommlp,knn11,scan,0,macro_auc,0.597755176036891,1840,733
B1_corrected,geommlp,knn11,scan,0,f1_class::Cartilage,0.0,1840,733
B1_corrected,geommlp,knn11,scan,0,f1_class::Ciliopathy,0.05555555555555555,1840,733
B1_corrected,geommlp,knn11,scan,0,f1_class::Cohesinopathy,0.0,1840,733
B1_corrected,geommlp,knn11,scan,0,f1_class::Connective Tissue,0.21994884910485935,1840,733
B1_corrected,geommlp,knn11,scan,0,f1_class::Control,0.35126903553299493,1840,733
B1_corrected,geommlp,knn11,scan,0,f1_class::DNA Repair,0.044444444444444446,1840,733
B1_corrected,geommlp,knn11,scan,0,f1_class::Deletion,0.24752475247524752,1840,733
B1_corrected,geommlp,knn11,scan,0,f1_class::Duplication,0.05555555555555555,1840,733
B1_corrected,geommlp,knn11,scan,0,f1_class::Ectodermal,0.0,1840,733
B1_corrected,geommlp,knn11,scan,0,f1_class::Growth,0.0,1840,733
B1_corrected,geommlp,knn11,scan,0,f1_class::Imprinting,0.07692307692307693,1840,733
B1_corrected,geommlp,knn11,scan,0,f1_class::Lysozome,0.0,1840,733
B1_corrected,geommlp,knn11,scan,0,f1_class::Neurocristopathy,0.05128205128205128,1840,733
B1_corrected,geommlp,knn11,scan,0,f1_class::Peroxisome,0.2727272727272727,1840,733
B1_corrected,geommlp,knn11,scan,0,f1_class::Primary Palate,0.2608695652173913,1840,733
B1_corrected,geommlp,knn11,scan,0,f1_class::Rasopathy,0.08403361344537816,1840,733
B1_corrected,geommlp,knn11,scan,0,f1_class::Sex Chromosome,0.05172413793103448,1840,733
B1_corrected,geommlp,knn11,scan,0,f1_class::Trisomy,0.0,1840,733
B1_corrected,geommlp,knn11,scan,0,f1_class::Uncategorized,0.2537313432835821,1840,733
B1_corrected,geommlp,knn11,subject,0,accuracy,0.2155525238744884,733,733
B1_corrected,geommlp,knn11,subject,0,macro_f1,0.09689474767378735,733,733
B1_corrected,geommlp,knn11,subject,0,macro_auc,0.6105832580398209,733,733
B1_corrected,geommlp,knn11,subject,0,f1_class::Cartilage,0.0,733,733
B1_corrected,geommlp,knn11,subject,0,f1_class::Ciliopathy,0.0,733,733
B1_corrected,geommlp,knn11,subject,0,f1_class::Cohesinopathy,0.09523809523809523,733,733
B1_corrected,geommlp,knn11,subject,0,f1_class::Connective Tissue,0.22702702702702704,733,733
B1_corrected,geommlp,knn11,subject,0,f1_class::Control,0.3764705882352941,733,733
B1_corrected,geommlp,knn11,subject,0,f1_class::DNA Repair,0.0,733,733
B1_corrected,geommlp,knn11,subject,0,f1_class::Deletion,0.24299065420560748,733,733
B1_corrected,geommlp,knn11,subject,0,f1_class::Duplication,0.0,733,733
B1_corrected,geommlp,knn11,subject,0,f1_class::Ectodermal,0.0,733,733
B1_corrected,geommlp,knn11,subject,0,f1_class::Growth,0.0,733,733
B1_corrected,geommlp,knn11,subject,0,f1_class::Imprinting,0.044444444444444446,733,733
B1_corrected,geommlp,knn11,subject,0,f1_class::Lysozome,0.0,733,733
B1_corrected,geommlp,knn11,subject,0,f1_class::Neurocristopathy,0.03636363636363636,733,733
B1_corrected,geommlp,knn11,subject,0,f1_class::Peroxisome,0.13333333333333333,733,733
B1_corrected,geommlp,knn11,subject,0,f1_class::Primary Palate,0.35294117647058826,733,733
B1_corrected,geommlp,knn11,subject,0,f1_class::Rasopathy,0.1111111111111111,733,733
B1_corrected,geommlp,knn11,subject,0,f1_class::Sex Chromosome,0.03571428571428571,733,733
B1_corrected,geommlp,knn11,subject,0,f1_class::Trisomy,0.0,733,733
B1_corrected,geommlp,knn11,subject,0,f1_class::Uncategorized,0.18536585365853658,733,733
B1_corrected,pointnet,softmax,scan,0,accuracy,0.1233695652173913,1840,733
B1_corrected,pointnet,softmax,scan,0,macro_f1,0.10700588271520488,1840,733
B1_corrected,pointnet,softmax,scan,0,macro_auc,0.6940092588914348,1840,733
B1_corrected,pointnet,softmax,scan,0,f1_class::Cartilage,0.15023474178403756,1840,733
B1_corrected,pointnet,softmax,scan,0,f1_class::Ciliopathy,0.16216216216216217,1840,733
B1_corrected,pointnet,softmax,scan,0,f1_class::Cohesinopathy,0.100418410041841,1840,733
B1_corrected,pointnet,softmax,scan,0,f1_class::Connective Tissue,0.19487179487179487,1840,733
B1_corrected,pointnet,softmax,scan,0,f1_class::Control,0.2984409799554566,1840,733
B1_corrected,pointnet,softmax,scan,0,f1_class::DNA Repair,0.11235955056179775,1840,733
B1_corrected,pointnet,softmax,scan,0,f1_class::Deletion,0.0,1840,733
B1_corrected,pointnet,softmax,scan,0,f1_class::Duplication,0.0,1840,733
B1_corrected,pointnet,softmax,scan,0,f1_class::Ectodermal,0.0718562874251497,1840,733
B1_corrected,pointnet,softmax,scan,0,f1_class::Growth,0.07407407407407407,1840,733
B1_corrected,pointnet,softmax,scan,0,f1_class::Imprinting,0.11956521739130435,1840,733
B1_corrected,pointnet,softmax,scan,0,f1_class::Lysozome,0.1625,1840,733
B1_corrected,pointnet,softmax,scan,0,f1_class::Neurocristopathy,0.05333333333333334,1840,733
B1_corrected,pointnet,softmax,scan,0,f1_class::Peroxisome,0.2,1840,733
B1_corrected,pointnet,softmax,scan,0,f1_class::Primary Palate,0.08695652173913043,1840,733
B1_corrected,pointnet,softmax,scan,0,f1_class::Rasopathy,0.05405405405405406,1840,733
B1_corrected,pointnet,softmax,scan,0,f1_class::Sex Chromosome,0.17228464419475656,1840,733
B1_corrected,pointnet,softmax,scan,0,f1_class::Trisomy,0.02,1840,733
B1_corrected,pointnet,softmax,scan,0,f1_class::Uncategorized,0.0,1840,733
B1_corrected,pointnet,softmax,subject,0,accuracy,0.15961800818553887,733,733
B1_corrected,pointnet,softmax,subject,0,macro_f1,0.13535073001751896,733,733
B1_corrected,pointnet,softmax,subject,0,macro_auc,0.7204116974585583,733,733
B1_corrected,pointnet,softmax,subject,0,f1_class::Cartilage,0.20202020202020202,733,733
B1_corrected,pointnet,softmax,subject,0,f1_class::Ciliopathy,0.2,733,733
B1_corrected,pointnet,softmax,subject,0,f1_class::Cohesinopathy,0.16216216216216217,733,733
B1_corrected,pointnet,softmax,subject,0,f1_class::Connective Tissue,0.23157894736842105,733,733
B1_corrected,pointnet,softmax,subject,0,f1_class::Control,0.3235294117647059,733,733
B1_corrected,pointnet,softmax,subject,0,f1_class::DNA Repair,0.21052631578947367,733,733
B1_corrected,pointnet,softmax,subject,0,f1_class::Deletion,0.0,733,733
B1_corrected,pointnet,softmax,subject,0,f1_class::Duplication,0.0,733,733
B1_corrected,pointnet,softmax,subject,0,f1_class::Ectodermal,0.11627906976744186,733,733
B1_corrected,pointnet,softmax,subject,0,f1_class::Growth,0.14285714285714285,733,733
B1_corrected,pointnet,softmax,subject,0,f1_class::Imprinting,0.1111111111111111,733,733
B1_corrected,pointnet,softmax,subject,0,f1_class::Lysozome,0.21739130434782608,733,733
B1_corrected,pointnet,softmax,subject,0,f1_class::Neurocristopathy,0.0425531914893617,733,733
B1_corrected,pointnet,softmax,subject,0,f1_class::Peroxisome,0.2,733,733
B1_corrected,pointnet,softmax,subject,0,f1_class::Primary Palate,0.10256410256410256,733,733
B1_corrected,pointnet,softmax,subject,0,f1_class::Rasopathy,0.06666666666666667,733,733
B1_corrected,pointnet,softmax,subject,0,f1_class::Sex Chromosome,0.19696969696969696,733,733
B1_corrected,pointnet,softmax,subject,0,f1_class::Trisomy,0.045454545454545456,733,733
B1_corrected,pointnet,softmax,subject,0,f1_class::Uncategorized,0.0,733,733
B1_corrected,pointnet,proto,scan,0,accuracy,0.09945652173913043,1840,733
B1_corrected,pointnet,proto,scan,0,macro_f1,0.09536360368353919,1840,733
B1_corrected,pointnet,proto,scan,0,macro_auc,0.676740056349567,1840,733
B1_corrected,pointnet,proto,scan,0,f1_class::Cartilage,0.15706806282722513,1840,733
B1_corrected,pointnet,proto,scan,0,f1_class::Ciliopathy,0.16666666666666666,1840,733
B1_corrected,pointnet,proto,scan,0,f1_class::Cohesinopathy,0.11965811965811966,1840,733
B1_corrected,pointnet,proto,scan,0,f1_class::Connective Tissue,0.21052631578947367,1840,733
B1_corrected,pointnet,proto,scan,0,f1_class::Control,0.10869565217391304,1840,733
B1_corrected,pointnet,proto,scan,0,f1_class::DNA Repair,0.06711409395973154,1840,733
B1_corrected,pointnet,proto,scan,0,f1_class::Deletion,0.01384083044982699,1840,733
B1_corrected,pointnet,proto,scan,0,f1_class::Duplication,0.0,1840,733
B1_corrected,pointnet,proto,scan,0,f1_class::Ectodermal,0.12280701754385964,1840,733
B1_corrected,pointnet,proto,scan,0,f1_class::Growth,0.07407407407407407,1840,733
B1_corrected,pointnet,proto,scan,0,f1_class::Imprinting,0.10152284263959391,1840,733
B1_corrected,pointnet,proto,scan,0,f1_class::Lysozome,0.12413793103448276,1840,733
B1_corrected,pointnet,proto,scan,0,f1_class::Neurocristopathy,0.02877697841726619,1840,733
B1_corrected,pointnet,proto,scan,0,f1_class::Peroxisome,0.18032786885245902,1840,733
B1_corrected,pointnet,proto,scan,0,f1_class::Primary Palate,0.05555555555555555,1840,733
B1_corrected,pointnet,proto,scan,0,f1_class::Rasopathy,0.09865470852017937,1840,733
B1_corrected,pointnet,proto,scan,0,f1_class::Sex Chromosome,0.18248175182481752,1840,733
B1_corrected,pointnet,proto,scan,0,f1_class::Trisomy,0.0,1840,733
B1_corrected,pointnet,proto,scan,0,f1_class::Uncategorized,0.0,1840,733
B1_corrected,pointnet,proto,subject,0,accuracy,0.1364256480218281,733,733
B1_corrected,pointnet,proto,subject,0,macro_f1,0.1369430423555307,733,733
B1_corrected,pointnet,proto,subject,0,macro_auc,0.710362900116416,733,733
B1_corrected,pointnet,proto,subject,0,f1_class::Cartilage,0.27848101265822783,733,733
B1_corrected,pointnet,proto,subject,0,f1_class::Ciliopathy,0.16129032258064516,733,733
B1_corrected,pointnet,proto,subject,0,f1_class::Cohesinopathy,0.16,733,733
B1_corrected,pointnet,proto,subject,0,f1_class::Connective Tissue,0.2236842105263158,733,733
B1_corrected,pointnet,proto,subject,0,f1_class::Control,0.17142857142857143,733,733
B1_corrected,pointnet,proto,subject,0,f1_class::DNA Repair,0.13333333333333333,733,733
B1_corrected,pointnet,proto,subject,0,f1_class::Deletion,0.04040404040404041,733,733
B1_corrected,pointnet,proto,subject,0,f1_class::Duplication,0.0,733,733
B1_corrected,pointnet,proto,subject,0,f1_class::Ectodermal,0.20408163265306123,733,733
B1_corrected,pointnet,proto,subject,0,f1_class::Growth,0.08823529411764706,733,733
B1_corrected,pointnet,proto,subject,0,f1_class::Imprinting,0.07692307692307693,733,733
B1_corrected,pointnet,proto,subject,0,f1_class::Lysozome,0.3125,733,733
B1_corrected,pointnet,proto,subject,0,f1_class::Neurocristopathy,0.03225806451612903,733,733
B1_corrected,pointnet,proto,subject,0,f1_class::Peroxisome,0.2857142857142857,733,733
B1_corrected,pointnet,proto,subject,0,f1_class::Primary Palate,0.14285714285714285,733,733
B1_corrected,pointnet,proto,subject,0,f1_class::Rasopathy,0.09523809523809523,733,733
B1_corrected,pointnet,proto,subject,0,f1_class::Sex Chromosome,0.19548872180451127,733,733
B1_corrected,pointnet,proto,subject,0,f1_class::Trisomy,0.0,733,733
B1_corrected,pointnet,proto,subject,0,f1_class::Uncategorized,0.0,733,733
B1_corrected,pointnet,knn11,scan,0,accuracy,0.2108695652173913,1840,733
B1_corrected,pointnet,knn11,scan,0,macro_f1,0.13774291484673276,1840,733
B1_corrected,pointnet,knn11,scan,0,macro_auc,0.6435049971255242,1840,733
B1_corrected,pointnet,knn11,scan,0,f1_class::Cartilage,0.25,1840,733
B1_corrected,pointnet,knn11,scan,0,f1_class::Ciliopathy,0.28125,1840,733
B1_corrected,pointnet,knn11,scan,0,f1_class::Cohesinopathy,0.05128205128205128,1840,733
B1_corrected,pointnet,knn11,scan,0,f1_class::Connective Tissue,0.21022727272727273,1840,733
B1_corrected,pointnet,knn11,scan,0,f1_class::Control,0.39903264812575573,1840,733
B1_corrected,pointnet,knn11,scan,0,f1_class::DNA Repair,0.11267605633802817,1840,733
B1_corrected,pointnet,knn11,scan,0,f1_class::Deletion,0.20253164556962025,1840,733
B1_corrected,pointnet,knn11,scan,0,f1_class::Duplication,0.0,1840,733
B1_corrected,pointnet,knn11,scan,0,f1_class::Ectodermal,0.058823529411764705,1840,733
B1_corrected,pointnet,knn11,scan,0,f1_class::Growth,0.07407407407407407,1840,733
B1_corrected,pointnet,knn11,scan,0,f1_class::Imprinting,0.06976744186046512,1840,733
B1_corrected,pointnet,knn11,scan,0,f1_class::Lysozome,0.1348314606741573,1840,733
B1_corrected,pointnet,knn11,scan,0,f1_class::Neurocristopathy,0.025806451612903226,1840,733
B1_corrected,pointnet,knn11,scan,0,f1_class::Peroxisome,0.22641509433962265,1840,733
B1_corrected,pointnet,knn11,scan,0,f1_class::Primary Palate,0.12903225806451613,1840,733
B1_corrected,pointnet,knn11,scan,0,f1_class::Rasopathy,0.06422018348623854,1840,733
B1_corrected,pointnet,knn11,scan,0,f1_class::Sex Chromosome,0.1188118811881188,1840,733
B1_corrected,pointnet,knn11,scan,0,f1_class::Trisomy,0.0,1840,733
B1_corrected,pointnet,knn11,scan,0,f1_class::Uncategorized,0.20833333333333334,1840,733
B1_corrected,pointnet,knn11,subject,0,accuracy,0.22237380627557982,733,733
B1_corrected,pointnet,knn11,subject,0,macro_f1,0.14896550360969105,733,733
B1_corrected,pointnet,knn11,subject,0,macro_auc,0.6671934391423413,733,733
B1_corrected,pointnet,knn11,subject,0,f1_class::Cartilage,0.3111111111111111,733,733
B1_corrected,pointnet,knn11,subject,0,f1_class::Ciliopathy,0.32,733,733
B1_corrected,pointnet,knn11,subject,0,f1_class::Cohesinopathy,0.17647058823529413,733,733
B1_corrected,pointnet,knn11,subject,0,f1_class::Connective Tissue,0.21176470588235294,733,733
B1_corrected,pointnet,knn11,subject,0,f1_class::Control,0.41954022988505746,733,733
B1_corrected,pointnet,knn11,subject,0,f1_class::DNA Repair,0.09090909090909091,733,733
B1_corrected,pointnet,knn11,subject,0,f1_class::Deletion,0.176,733,733
B1_corrected,pointnet,knn11,subject,0,f1_class::Duplication,0.0,733,733
B1_corrected,pointnet,knn11,subject,0,f1_class::Ectodermal,0.10526315789473684,733,733
B1_corrected,pointnet,knn11,subject,0,f1_class::Growth,0.0,733,733
B1_corrected,pointnet,knn11,subject,0,f1_class::Imprinting,0.13559322033898305,733,733
B1_corrected,pointnet,knn11,subject,0,f1_class::Lysozome,0.0,733,733
B1_corrected,pointnet,knn11,subject,0,f1_class::Neurocristopathy,0.0,733,733
B1_corrected,pointnet,knn11,subject,0,f1_class::Peroxisome,0.25,733,733
B1_corrected,pointnet,knn11,subject,0,f1_class::Primary Palate,0.23529411764705882,733,733
B1_corrected,pointnet,knn11,subject,0,f1_class::Rasopathy,0.0759493670886076,733,733
B1_corrected,pointnet,knn11,subject,0,f1_class::Sex Chromosome,0.12244897959183673,733,733
B1_corrected,pointnet,knn11,subject,0,f1_class::Trisomy,0.0,733,733
B1_corrected,pointnet,knn11,subject,0,f1_class::Uncategorized,0.2,733,733
B1_corrected,dgcnn,softmax,scan,0,accuracy,0.1934782608695652,1840,733
B1_corrected,dgcnn,softmax,scan,0,macro_f1,0.1693508458257579,1840,733
B1_corrected,dgcnn,softmax,scan,0,macro_auc,0.7812840341888926,1840,733
B1_corrected,dgcnn,softmax,scan,0,f1_class::Cartilage,0.2275449101796407,1840,733
B1_corrected,dgcnn,softmax,scan,0,f1_class::Ciliopathy,0.3058823529411765,1840,733
B1_corrected,dgcnn,softmax,scan,0,f1_class::Cohesinopathy,0.26666666666666666,1840,733
B1_corrected,dgcnn,softmax,scan,0,f1_class::Connective Tissue,0.2616033755274262,1840,733
B1_corrected,dgcnn,softmax,scan,0,f1_class::Control,0.48105436573311366,1840,733
B1_corrected,dgcnn,softmax,scan,0,f1_class::DNA Repair,0.08823529411764706,1840,733
B1_corrected,dgcnn,softmax,scan,0,f1_class::Deletion,0.05423728813559322,1840,733
B1_corrected,dgcnn,softmax,scan,0,f1_class::Duplication,0.029197080291970802,1840,733
B1_corrected,dgcnn,softmax,scan,0,f1_class::Ectodermal,0.06060606060606061,1840,733
B1_corrected,dgcnn,softmax,scan,0,f1_class::Growth,0.19047619047619047,1840,733
B1_corrected,dgcnn,softmax,scan,0,f1_class::Imprinting,0.11428571428571428,1840,733
B1_corrected,dgcnn,softmax,scan,0,f1_class::Lysozome,0.2564102564102564,1840,733
B1_corrected,dgcnn,softmax,scan,0,f1_class::Neurocristopathy,0.09448818897637795,1840,733
B1_corrected,dgcnn,softmax,scan,0,f1_class::Peroxisome,0.2074074074074074,1840,733
B1_corrected,dgcnn,softmax,scan,0,f1_class::Primary Palate,0.12571428571428572,1840,733
B1_corrected,dgcnn,softmax,scan,0,f1_class::Rasopathy,0.04081632653061224,1840,733
B1_corrected,dgcnn,softmax,scan,0,f1_class::Sex Chromosome,0.15671641791044777,1840,733
B1_corrected,dgcnn,softmax,scan,0,f1_class::Trisomy,0.24271844660194175,1840,733
B1_corrected,dgcnn,softmax,scan,0,f1_class::Uncategorized,0.013605442176870748,1840,733
B1_corrected,dgcnn,softmax,subject,0,accuracy,0.252387448840382,733,733
B1_corrected,dgcnn,softmax,subject,0,macro_f1,0.21709700740614335,733,733
B1_corrected,dgcnn,softmax,subject,0,macro_auc,0.8128047431499528,733,733
B1_corrected,dgcnn,softmax,subject,0,f1_class::Cartilage,0.3116883116883117,733,733
B1_corrected,dgcnn,softmax,subject,0,f1_class::Ciliopathy,0.35294117647058826,733,733
B1_corrected,dgcnn,softmax,subject,0,f1_class::Cohesinopathy,0.4,733,733
B1_corrected,dgcnn,softmax,subject,0,f1_class::Connective Tissue,0.2564102564102564,733,733
B1_corrected,dgcnn,softmax,subject,0,f1_class::Control,0.5505226480836237,733,733
B1_corrected,dgcnn,softmax,subject,0,f1_class::DNA Repair,0.2222222222222222,733,733
B1_corrected,dgcnn,softmax,subject,0,f1_class::Deletion,0.0425531914893617,733,733
B1_corrected,dgcnn,softmax,subject,0,f1_class::Duplication,0.06,733,733
B1_corrected,dgcnn,softmax,subject,0,f1_class::Ectodermal,0.12121212121212122,733,733
B1_corrected,dgcnn,softmax,subject,0,f1_class::Growth,0.26666666666666666,733,733
B1_corrected,dgcnn,softmax,subject,0,f1_class::Imprinting,0.0784313725490196,733,733
B1_corrected,dgcnn,softmax,subject,0,f1_class::Lysozome,0.375,733,733
B1_corrected,dgcnn,softmax,subject,0,f1_class::Neurocristopathy,0.046511627906976744,733,733
B1_corrected,dgcnn,softmax,subject,0,f1_class::Peroxisome,0.2222222222222222,733,733
B1_corrected,dgcnn,softmax,subject,0,f1_class::Primary Palate,0.21686746987951808,733,733
B1_corrected,dgcnn,softmax,subject,0,f1_class::Rasopathy,0.0392156862745098,733,733
B1_corrected,dgcnn,softmax,subject,0,f1_class::Sex Chromosome,0.21052631578947367,733,733
B1_corrected,dgcnn,softmax,subject,0,f1_class::Trisomy,0.35185185185185186,733,733
B1_corrected,dgcnn,softmax,subject,0,f1_class::Uncategorized,0.0,733,733
B1_corrected,dgcnn,proto,scan,0,accuracy,0.20815217391304347,1840,733
B1_corrected,dgcnn,proto,scan,0,macro_f1,0.18849035042765633,1840,733
B1_corrected,dgcnn,proto,scan,0,macro_auc,0.7615701337942375,1840,733
B1_corrected,dgcnn,proto,scan,0,f1_class::Cartilage,0.3063063063063063,1840,733
B1_corrected,dgcnn,proto,scan,0,f1_class::Ciliopathy,0.16666666666666666,1840,733
B1_corrected,dgcnn,proto,scan,0,f1_class::Cohesinopathy,0.15873015873015872,1840,733
B1_corrected,dgcnn,proto,scan,0,f1_class::Connective Tissue,0.3219178082191781,1840,733
B1_corrected,dgcnn,proto,scan,0,f1_class::Control,0.437984496124031,1840,733
B1_corrected,dgcnn,proto,scan,0,f1_class::DNA Repair,0.22580645161290322,1840,733
B1_corrected,dgcnn,proto,scan,0,f1_class::Deletion,0.10461538461538461,1840,733
B1_corrected,dgcnn,proto,scan,0,f1_class::Duplication,0.022988505747126436,1840,733
B1_corrected,dgcnn,proto,scan,0,f1_class::Ectodermal,0.06535947712418301,1840,733
B1_corrected,dgcnn,proto,scan,0,f1_class::Growth,0.18823529411764706,1840,733
B1_corrected,dgcnn,proto,scan,0,f1_class::Imprinting,0.22131147540983606,1840,733
B1_corrected,dgcnn,proto,scan,0,f1_class::Lysozome,0.21495327102803738,1840,733
B1_corrected,dgcnn,proto,scan,0,f1_class::Neurocristopathy,0.12269938650306748,1840,733
B1_corrected,dgcnn,proto,scan,0,f1_class::Peroxisome,0.20833333333333334,1840,733
B1_corrected,dgcnn,proto,scan,0,f1_class::Primary Palate,0.18,1840,733
B1_corrected,dgcnn,proto,scan,0,f1_class::Rasopathy,0.15813953488372093,1840,733
B1_corrected,dgcnn,proto,scan,0,f1_class::Sex Chromosome,0.18972332015810275,1840,733
B1_corrected,dgcnn,proto,scan,0,f1_class::Trisomy,0.2619047619047619,1840,733
B1_corrected,dgcnn,proto,scan,0,f1_class::Uncategorized,0.02564102564102564,1840,733
B1_corrected,dgcnn,proto,subject,0,accuracy,0.2578444747612551,733,733
B1_corrected,dgcnn,proto,subject,0,macro_f1,0.23406887449908448,733,733
B1_corrected,dgcnn,proto,subject,0,macro_auc,0.7944331411495464,733,733
B1_corrected,dgcnn,proto,subject,0,f1_class::Cartilage,0.4,733,733
B1_corrected,dgcnn,proto,subject,0,f1_class::Ciliopathy,0.19047619047619047,733,733
B1_corrected,dgcnn,proto,subject,0,f1_class::Cohesinopathy,0.21621621621621623,733,733
B1_corrected,dgcnn,proto,subject,0,f1_class::Connective Tissue,0.3888888888888889,733,733
B1_corrected,dgcnn,proto,subject,0,f1_class::Control,0.4595744680851064,733,733
B1_corrected,dgcnn,proto,subject,0,f1_class::DNA Repair,0.2962962962962963,733,733
B1_corrected,dgcnn,proto,subject,0,f1_class::Deletion,0.12727272727272726,733,733
B1_corrected,dgcnn,proto,subject,0,f1_class::Duplication,0.0,733,733
B1_corrected,dgcnn,proto,subject,0,f1_class::Ectodermal,0.125,733,733
B1_corrected,dgcnn,proto,subject,0,f1_class::Growth,0.24242424242424243,733,733
B1_corrected,dgcnn,proto,subject,0,f1_class::Imprinting,0.21951219512195122,733,733
B1_corrected,dgcnn,proto,subject,0,f1_class::Lysozome,0.24561403508771928,733,733
B1_corrected,dgcnn,proto,subject,0,f1_class::Neurocristopathy,0.1724137931034483,733,733
B1_corrected,dgcnn,proto,subject,0,f1_class::Peroxisome,0.19607843137254902,733,733
B1_corrected,dgcnn,proto,subject,0,f1_class::Primary Palate,0.3076923076923077,733,733
B1_corrected,dgcnn,proto,subject,0,f1_class::Rasopathy,0.14814814814814814,733,733
B1_corrected,dgcnn,proto,subject,0,f1_class::Sex Chromosome,0.21238938053097345,733,733
B1_corrected,dgcnn,proto,subject,0,f1_class::Trisomy,0.4166666666666667,733,733
B1_corrected,dgcnn,proto,subject,0,f1_class::Uncategorized,0.08264462809917356,733,733
B1_corrected,dgcnn,knn11,scan,0,accuracy,0.2728260869565217,1840,733
B1_corrected,dgcnn,knn11,scan,0,macro_f1,0.18637635867625738,1840,733
B1_corrected,dgcnn,knn11,scan,0,macro_auc,0.70227086104319,1840,733
B1_corrected,dgcnn,knn11,scan,0,f1_class::Cartilage,0.2153846153846154,1840,733
B1_corrected,dgcnn,knn11,scan,0,f1_class::Ciliopathy,0.25,1840,733
B1_corrected,dgcnn,knn11,scan,0,f1_class::Cohesinopathy,0.1111111111111111,1840,733
B1_corrected,dgcnn,knn11,scan,0,f1_class::Connective Tissue,0.2735562310030395,1840,733
B1_corrected,dgcnn,knn11,scan,0,f1_class::Control,0.5070729053318824,1840,733
B1_corrected,dgcnn,knn11,scan,0,f1_class::DNA Repair,0.125,1840,733
B1_corrected,dgcnn,knn11,scan,0,f1_class::Deletion,0.2282793867120954,1840,733
B1_corrected,dgcnn,knn11,scan,0,f1_class::Duplication,0.08695652173913043,1840,733
B1_corrected,dgcnn,knn11,scan,0,f1_class::Ectodermal,0.05128205128205128,1840,733
B1_corrected,dgcnn,knn11,scan,0,f1_class::Growth,0.0,1840,733
B1_corrected,dgcnn,knn11,scan,0,f1_class::Imprinting,0.08743169398907104,1840,733
B1_corrected,dgcnn,knn11,scan,0,f1_class::Lysozome,0.18181818181818182,1840,733
B1_corrected,dgcnn,knn11,scan,0,f1_class::Neurocristopathy,0.06329113924050633,1840,733
B1_corrected,dgcnn,knn11,scan,0,f1_class::Peroxisome,0.2857142857142857,1840,733
B1_corrected,dgcnn,knn11,scan,0,f1_class::Primary Palate,0.3333333333333333,1840,733
B1_corrected,dgcnn,knn11,scan,0,f1_class::Rasopathy,0.23826714801444043,1840,733
B1_corrected,dgcnn,knn11,scan,0,f1_class::Sex Chromosome,0.09174311926605505,1840,733
B1_corrected,dgcnn,knn11,scan,0,f1_class::Trisomy,0.2,1840,733
B1_corrected,dgcnn,knn11,scan,0,f1_class::Uncategorized,0.2109090909090909,1840,733
B1_corrected,dgcnn,knn11,subject,0,accuracy,0.29195088676671216,733,733
B1_corrected,dgcnn,knn11,subject,0,macro_f1,0.20372144512880716,733,733
B1_corrected,dgcnn,knn11,subject,0,macro_auc,0.7236182701280378,733,733
B1_corrected,dgcnn,knn11,subject,0,f1_class::Cartilage,0.2727272727272727,733,733
B1_corrected,dgcnn,knn11,subject,0,f1_class::Ciliopathy,0.35294117647058826,733,733
B1_corrected,dgcnn,knn11,subject,0,f1_class::Cohesinopathy,0.0975609756097561,733,733
B1_corrected,dgcnn,knn11,subject,0,f1_class::Connective Tissue,0.36477987421383645,733,733
B1_corrected,dgcnn,knn11,subject,0,f1_class::Control,0.5295629820051414,733,733
B1_corrected,dgcnn,knn11,subject,0,f1_class::DNA Repair,0.0,733,733
B1_corrected,dgcnn,knn11,subject,0,f1_class::Deletion,0.21800947867298578,733,733
B1_corrected,dgcnn,knn11,subject,0,f1_class::Duplication,0.09090909090909091,733,733
B1_corrected,dgcnn,knn11,subject,0,f1_class::Ectodermal,0.1,733,733
B1_corrected,dgcnn,knn11,subject,0,f1_class::Growth,0.0,733,733
B1_corrected,dgcnn,knn11,subject,0,f1_class::Imprinting,0.16,733,733
B1_corrected,dgcnn,knn11,subject,0,f1_class::Lysozome,0.0,733,733
B1_corrected,dgcnn,knn11,subject,0,f1_class::Neurocristopathy,0.03636363636363636,733,733
B1_corrected,dgcnn,knn11,subject,0,f1_class::Peroxisome,0.5,733,733
B1_corrected,dgcnn,knn11,subject,0,f1_class::Primary Palate,0.4,733,733
B1_corrected,dgcnn,knn11,subject,0,f1_class::Rasopathy,0.16666666666666666,733,733
B1_corrected,dgcnn,knn11,subject,0,f1_class::Sex Chromosome,0.11320754716981132,733,733
B1_corrected,dgcnn,knn11,subject,0,f1_class::Trisomy,0.30303030303030304,733,733
B1_corrected,dgcnn,knn11,subject,0,f1_class::Uncategorized,0.16494845360824742,733,733
B1_corrected,pointnet2,softmax,scan,0,accuracy,0.29239130434782606,1840,733
B1_corrected,pointnet2,softmax,scan,0,macro_f1,0.2648689974520278,1840,733
B1_corrected,pointnet2,softmax,scan,0,macro_auc,0.7749215668351116,1840,733
B1_corrected,pointnet2,softmax,scan,0,f1_class::Cartilage,0.2696629213483146,1840,733
B1_corrected,pointnet2,softmax,scan,0,f1_class::Ciliopathy,0.5245901639344263,1840,733
B1_corrected,pointnet2,softmax,scan,0,f1_class::Cohesinopathy,0.10989010989010989,1840,733
B1_corrected,pointnet2,softmax,scan,0,f1_class::Connective Tissue,0.2593856655290102,1840,733
B1_corrected,pointnet2,softmax,scan,0,f1_class::Control,0.5815384615384616,1840,733
B1_corrected,pointnet2,softmax,scan,0,f1_class::DNA Repair,0.34146341463414637,1840,733
B1_corrected,pointnet2,softmax,scan,0,f1_class::Deletion,0.25742574257425743,1840,733
B1_corrected,pointnet2,softmax,scan,0,f1_class::Duplication,0.13924050632911392,1840,733
B1_corrected,pointnet2,softmax,scan,0,f1_class::Ectodermal,0.2535211267605634,1840,733
B1_corrected,pointnet2,softmax,scan,0,f1_class::Growth,0.13333333333333333,1840,733
B1_corrected,pointnet2,softmax,scan,0,f1_class::Imprinting,0.18726591760299627,1840,733
B1_corrected,pointnet2,softmax,scan,0,f1_class::Lysozome,0.45454545454545453,1840,733
B1_corrected,pointnet2,softmax,scan,0,f1_class::Neurocristopathy,0.10256410256410256,1840,733
B1_corrected,pointnet2,softmax,scan,0,f1_class::Peroxisome,0.22857142857142856,1840,733
B1_corrected,pointnet2,softmax,scan,0,f1_class::Primary Palate,0.22950819672131148,1840,733
B1_corrected,pointnet2,softmax,scan,0,f1_class::Rasopathy,0.2857142857142857,1840,733
B1_corrected,pointnet2,softmax,scan,0,f1_class::Sex Chromosome,0.2073170731707317,1840,733
B1_corrected,pointnet2,softmax,scan,0,f1_class::Trisomy,0.28865979381443296,1840,733
B1_corrected,pointnet2,softmax,scan,0,f1_class::Uncategorized,0.1783132530120482,1840,733
B1_corrected,pointnet2,softmax,scan,1,accuracy,0.3076086956521739,1840,733
B1_corrected,pointnet2,softmax,scan,1,macro_f1,0.2791797244263307,1840,733
B1_corrected,pointnet2,softmax,scan,1,macro_auc,0.7733083716022331,1840,733
B1_corrected,pointnet2,softmax,scan,1,f1_class::Cartilage,0.23404255319148937,1840,733
B1_corrected,pointnet2,softmax,scan,1,f1_class::Ciliopathy,0.47619047619047616,1840,733
B1_corrected,pointnet2,softmax,scan,1,f1_class::Cohesinopathy,0.18181818181818182,1840,733
B1_corrected,pointnet2,softmax,scan,1,f1_class::Connective Tissue,0.3277591973244147,1840,733
B1_corrected,pointnet2,softmax,scan,1,f1_class::Control,0.5770992366412214,1840,733
B1_corrected,pointnet2,softmax,scan,1,f1_class::DNA Repair,0.4,1840,733
B1_corrected,pointnet2,softmax,scan,1,f1_class::Deletion,0.24897959183673468,1840,733
B1_corrected,pointnet2,softmax,scan,1,f1_class::Duplication,0.1437908496732026,1840,733
B1_corrected,pointnet2,softmax,scan,1,f1_class::Ectodermal,0.23529411764705882,1840,733
B1_corrected,pointnet2,softmax,scan,1,f1_class::Growth,0.11428571428571428,1840,733
B1_corrected,pointnet2,softmax,scan,1,f1_class::Imprinting,0.18461538461538463,1840,733
B1_corrected,pointnet2,softmax,scan,1,f1_class::Lysozome,0.49019607843137253,1840,733
B1_corrected,pointnet2,softmax,scan,1,f1_class::Neurocristopathy,0.11063829787234042,1840,733
B1_corrected,pointnet2,softmax,scan,1,f1_class::Peroxisome,0.23880597014925373,1840,733
B1_corrected,pointnet2,softmax,scan,1,f1_class::Primary Palate,0.22641509433962265,1840,733
B1_corrected,pointnet2,softmax,scan,1,f1_class::Rasopathy,0.37453183520599254,1840,733
B1_corrected,pointnet2,softmax,scan,1,f1_class::Sex Chromosome,0.23863636363636365,1840,733
B1_corrected,pointnet2,softmax,scan,1,f1_class::Trisomy,0.30927835051546393,1840,733
B1_corrected,pointnet2,softmax,scan,1,f1_class::Uncategorized,0.1920374707259953,1840,733
B1_corrected,pointnet2,softmax,scan,2,accuracy,0.2940217391304348,1840,733
B1_corrected,pointnet2,softmax,scan,2,macro_f1,0.27269081752807517,1840,733
B1_corrected,pointnet2,softmax,scan,2,macro_auc,0.771782213624208,1840,733
B1_corrected,pointnet2,softmax,scan,2,f1_class::Cartilage,0.2777777777777778,1840,733
B1_corrected,pointnet2,softmax,scan,2,f1_class::Ciliopathy,0.5161290322580645,1840,733
B1_corrected,pointnet2,softmax,scan,2,f1_class::Cohesinopathy,0.18947368421052632,1840,733
B1_corrected,pointnet2,softmax,scan,2,f1_class::Connective Tissue,0.2702702702702703,1840,733
B1_corrected,pointnet2,softmax,scan,2,f1_class::Control,0.562111801242236,1840,733
B1_corrected,pointnet2,softmax,scan,2,f1_class::DNA Repair,0.3333333333333333,1840,733
B1_corrected,pointnet2,softmax,scan,2,f1_class::Deletion,0.24899598393574296,1840,733
B1_corrected,pointnet2,softmax,scan,2,f1_class::Duplication,0.08,1840,733
B1_corrected,pointnet2,softmax,scan,2,f1_class::Ectodermal,0.2608695652173913,1840,733
B1_corrected,pointnet2,softmax,scan,2,f1_class::Growth,0.125,1840,733
B1_corrected,pointnet2,softmax,scan,2,f1_class::Imprinting,0.18532818532818532,1840,733
B1_corrected,pointnet2,softmax,scan,2,f1_class::Lysozome,0.49523809523809526,1840,733
B1_corrected,pointnet2,softmax,scan,2,f1_class::Neurocristopathy,0.125,1840,733
B1_corrected,pointnet2,softmax,scan,2,f1_class::Peroxisome,0.2727272727272727,1840,733
B1_corrected,pointnet2,softmax,scan,2,f1_class::Primary Palate,0.23529411764705882,1840,733
B1_corrected,pointnet2,softmax,scan,2,f1_class::Rasopathy,0.32,1840,733
B1_corrected,pointnet2,softmax,scan,2,f1_class::Sex Chromosome,0.18579234972677597,1840,733
B1_corrected,pointnet2,softmax,scan,2,f1_class::Trisomy,0.31683168316831684,1840,733
B1_corrected,pointnet2,softmax,scan,2,f1_class::Uncategorized,0.18095238095238095,1840,733
B1_corrected,pointnet2,softmax,scan,3,accuracy,0.28804347826086957,1840,733
B1_corrected,pointnet2,softmax,scan,3,macro_f1,0.24926419588658738,1840,733
B1_corrected,pointnet2,softmax,scan,3,macro_auc,0.775212454076735,1840,733
B1_corrected,pointnet2,softmax,scan,3,f1_class::Cartilage,0.25742574257425743,1840,733
B1_corrected,pointnet2,softmax,scan,3,f1_class::Ciliopathy,0.45901639344262296,1840,733
B1_corrected,pointnet2,softmax,scan,3,f1_class::Cohesinopathy,0.17777777777777778,1840,733
B1_corrected,pointnet2,softmax,scan,3,f1_class::Connective Tissue,0.3122923588039867,1840,733
B1_corrected,pointnet2,softmax,scan,3,f1_class::Control,0.5608628659476117,1840,733
B1_corrected,pointnet2,softmax,scan,3,f1_class::DNA Repair,0.23809523809523808,1840,733
B1_corrected,pointnet2,softmax,scan,3,f1_class::Deletion,0.21774193548387097,1840,733
B1_corrected,pointnet2,softmax,scan,3,f1_class::Duplication,0.10526315789473684,1840,733
B1_corrected,pointnet2,softmax,scan,3,f1_class::Ectodermal,0.24615384615384617,1840,733
B1_corrected,pointnet2,softmax,scan,3,f1_class::Growth,0.0,1840,733
B1_corrected,pointnet2,softmax,scan,3,f1_class::Imprinting,0.16356877323420074,1840,733
B1_corrected,pointnet2,softmax,scan,3,f1_class::Lysozome,0.42990654205607476,1840,733
B1_corrected,pointnet2,softmax,scan,3,f1_class::Neurocristopathy,0.14225941422594143,1840,733
B1_corrected,pointnet2,softmax,scan,3,f1_class::Peroxisome,0.20588235294117646,1840,733
B1_corrected,pointnet2,softmax,scan,3,f1_class::Primary Palate,0.19672131147540983,1840,733
B1_corrected,pointnet2,softmax,scan,3,f1_class::Rasopathy,0.32967032967032966,1840,733
B1_corrected,pointnet2,softmax,scan,3,f1_class::Sex Chromosome,0.2289156626506024,1840,733
B1_corrected,pointnet2,softmax,scan,3,f1_class::Trisomy,0.28,1840,733
B1_corrected,pointnet2,softmax,scan,3,f1_class::Uncategorized,0.18446601941747573,1840,733
B1_corrected,pointnet2,softmax,scan,4,accuracy,0.2940217391304348,1840,733
B1_corrected,pointnet2,softmax,scan,4,macro_f1,0.25963574624810415,1840,733
B1_corrected,pointnet2,softmax,scan,4,macro_auc,0.7756239253611973,1840,733
B1_corrected,pointnet2,softmax,scan,4,f1_class::Cartilage,0.25263157894736843,1840,733
B1_corrected,pointnet2,softmax,scan,4,f1_class::Ciliopathy,0.43478260869565216,1840,733
B1_corrected,pointnet2,softmax,scan,4,f1_class::Cohesinopathy,0.1935483870967742,1840,733
B1_corrected,pointnet2,softmax,scan,4,f1_class::Connective Tissue,0.3122923588039867,1840,733
B1_corrected,pointnet2,softmax,scan,4,f1_class::Control,0.5830721003134797,1840,733
B1_corrected,pointnet2,softmax,scan,4,f1_class::DNA Repair,0.34146341463414637,1840,733
B1_corrected,pointnet2,softmax,scan,4,f1_class::Deletion,0.2593320235756385,1840,733
B1_corrected,pointnet2,softmax,scan,4,f1_class::Duplication,0.14906832298136646,1840,733
B1_corrected,pointnet2,softmax,scan,4,f1_class::Ectodermal,0.23684210526315788,1840,733
B1_corrected,pointnet2,softmax,scan,4,f1_class::Growth,0.0,1840,733
B1_corrected,pointnet2,softmax,scan,4,f1_class::Imprinting,0.15849056603773584,1840,733
B1_corrected,pointnet2,softmax,scan,4,f1_class::Lysozome,0.47619047619047616,1840,733
B1_corrected,pointnet2,softmax,scan,4,f1_class::Neurocristopathy,0.13973799126637554,1840,733
B1_corrected,pointnet2,softmax,scan,4,f1_class::Peroxisome,0.24242424242424243,1840,733
B1_corrected,pointnet2,softmax,scan,4,f1_class::Primary Palate,0.22641509433962265,1840,733
B1_corrected,pointnet2,softmax,scan,4,f1_class::Rasopathy,0.2713178294573643,1840,733
B1_corrected,pointnet2,softmax,scan,4,f1_class::Sex Chromosome,0.2159090909090909,1840,733
B1_corrected,pointnet2,softmax,scan,4,f1_class::Trisomy,0.2736842105263158,1840,733
B1_corrected,pointnet2,softmax,scan,4,f1_class::Uncategorized,0.16587677725118483,1840,733
B1_corrected,pointnet2,softmax,subject,0,accuracy,0.3519781718963165,733,733
B1_corrected,pointnet2,softmax,subject,0,macro_f1,0.325489593106621,733,733
B1_corrected,pointnet2,softmax,subject,0,macro_auc,0.8077376525517891,733,733
B1_corrected,pointnet2,softmax,subject,0,f1_class::Cartilage,0.39215686274509803,733,733
B1_corrected,pointnet2,softmax,subject,0,f1_class::Ciliopathy,0.5,733,733
B1_corrected,pointnet2,softmax,subject,0,f1_class::Cohesinopathy,0.21428571428571427,733,733
B1_corrected,pointnet2,softmax,subject,0,f1_class::Connective Tissue,0.3087248322147651,733,733
B1_corrected,pointnet2,softmax,subject,0,f1_class::Control,0.6319444444444444,733,733
B1_corrected,pointnet2,softmax,subject,0,f1_class::DNA Repair,0.42857142857142855,733,733
B1_corrected,pointnet2,softmax,subject,0,f1_class::Deletion,0.28415300546448086,733,733
B1_corrected,pointnet2,softmax,subject,0,f1_class::Duplication,0.19230769230769232,733,733
B1_corrected,pointnet2,softmax,subject,0,f1_class::Ectodermal,0.35555555555555557,733,733
B1_corrected,pointnet2,softmax,subject,0,f1_class::Growth,0.0,733,733
B1_corrected,pointnet2,softmax,subject,0,f1_class::Imprinting,0.1951219512195122,733,733
B1_corrected,pointnet2,softmax,subject,0,f1_class::Lysozome,0.6086956521739131,733,733
B1_corrected,pointnet2,softmax,subject,0,f1_class::Neurocristopathy,0.10256410256410256,733,733
B1_corrected,pointnet2,softmax,subject,0,f1_class::Peroxisome,0.3076923076923077,733,733
B1_corrected,pointnet2,softmax,subject,0,f1_class::Primary Palate,0.358974358974359,733,733
B1_corrected,pointnet2,softmax,subject,0,f1_class::Rasopathy,0.3655913978494624,733,733
B1_corrected,pointnet2,softmax,subject,0,f1_class::Sex Chromosome,0.26666666666666666,733,733
B1_corrected,pointnet2,softmax,subject,0,f1_class::Trisomy,0.5185185185185185,733,733
B1_corrected,pointnet2,softmax,subject,0,f1_class::Uncategorized,0.1527777777777778,733,733
B1_corrected,pointnet2,softmax,subject,1,accuracy,0.36425648021828105,733,733
B1_corrected,pointnet2,softmax,subject,1,macro_f1,0.3433760408850919,733,733
B1_corrected,pointnet2,softmax,subject,1,macro_auc,0.8113533209899025,733,733
B1_corrected,pointnet2,softmax,subject,1,f1_class::Cartilage,0.37735849056603776,733,733
B1_corrected,pointnet2,softmax,subject,1,f1_class::Ciliopathy,0.5384615384615384,733,733
B1_corrected,pointnet2,softmax,subject,1,f1_class::Cohesinopathy,0.23529411764705882,733,733
B1_corrected,pointnet2,softmax,subject,1,f1_class::Connective Tissue,0.3708609271523179,733,733
B1_corrected,pointnet2,softmax,subject,1,f1_class::Control,0.6232876712328768,733,733
B1_corrected,pointnet2,softmax,subject,1,f1_class::DNA Repair,0.3333333333333333,733,733
B1_corrected,pointnet2,softmax,subject,1,f1_class::Deletion,0.2777777777777778,733,733
B1_corrected,pointnet2,softmax,subject,1,f1_class::Duplication,0.21428571428571427,733,733
B1_corrected,pointnet2,softmax,subject,1,f1_class::Ectodermal,0.2727272727272727,733,733
B1_corrected,pointnet2,softmax,subject,1,f1_class::Growth,0.16666666666666666,733,733
B1_corrected,pointnet2,softmax,subject,1,f1_class::Imprinting,0.25316455696202533,733,733
B1_corrected,pointnet2,softmax,subject,1,f1_class::Lysozome,0.72,733,733
B1_corrected,pointnet2,softmax,subject,1,f1_class::Neurocristopathy,0.1095890410958904,733,733
B1_corrected,pointnet2,softmax,subject,1,f1_class::Peroxisome,0.25,733,733
B1_corrected,pointnet2,softmax,subject,1,f1_class::Primary Palate,0.375,733,733
B1_corrected,pointnet2,softmax,subject,1,f1_class::Rasopathy,0.38202247191011235,733,733
B1_corrected,pointnet2,softmax,subject,1,f1_class::Sex Chromosome,0.36585365853658536,733,733
B1_corrected,pointnet2,softmax,subject,1,f1_class::Trisomy,0.5384615384615384,733,733
B1_corrected,pointnet2,softmax,subject,1,f1_class::Uncategorized,0.12,733,733
B1_corrected,pointnet2,softmax,subject,2,accuracy,0.33560709413369716,733,733
B1_corrected,pointnet2,softmax,subject,2,macro_f1,0.3125036419172891,733,733
B1_corrected,pointnet2,softmax,subject,2,macro_auc,0.810177594409314,733,733
B1_corrected,pointnet2,softmax,subject,2,f1_class::Cartilage,0.3333333333333333,733,733
B1_corrected,pointnet2,softmax,subject,2,f1_class::Ciliopathy,0.5185185185185185,733,733
B1_corrected,pointnet2,softmax,subject,2,f1_class::Cohesinopathy,0.25,733,733
B1_corrected,pointnet2,softmax,subject,2,f1_class::Connective Tissue,0.32,733,733
B1_corrected,pointnet2,softmax,subject,2,f1_class::Control,0.593103448275862,733,733
B1_corrected,pointnet2,softmax,subject,2,f1_class::DNA Repair,0.42857142857142855,733,733
B1_corrected,pointnet2,softmax,subject,2,f1_class::Deletion,0.2711864406779661,733,733
B1_corrected,pointnet2,softmax,subject,2,f1_class::Duplication,0.1111111111111111,733,733
B1_corrected,pointnet2,softmax,subject,2,f1_class::Ectodermal,0.24390243902439024,733,733
B1_corrected,pointnet2,softmax,subject,2,f1_class::Growth,0.0,733,733
B1_corrected,pointnet2,softmax,subject,2,f1_class::Imprinting,0.24,733,733
B1_corrected,pointnet2,softmax,subject,2,f1_class::Lysozome,0.6086956521739131,733,733
B1_corrected,pointnet2,softmax,subject,2,f1_class::Neurocristopathy,0.08955223880597014,733,733
B1_corrected,pointnet2,softmax,subject,2,f1_class::Peroxisome,0.34782608695652173,733,733
B1_corrected,pointnet2,softmax,subject,2,f1_class::Primary Palate,0.36363636363636365,733,733
B1_corrected,pointnet2,softmax,subject,2,f1_class::Rasopathy,0.3146067415730337,733,733
B1_corrected,pointnet2,softmax,subject,2,f1_class::Sex Chromosome,0.25806451612903225,733,733
B1_corrected,pointnet2,softmax,subject,2,f1_class::Trisomy,0.5084745762711864,733,733
B1_corrected,pointnet2,softmax,subject,2,f1_class::Uncategorized,0.136986301369863,733,733
B1_corrected,pointnet2,softmax,subject,3,accuracy,0.3478854024556617,733,733
B1_corrected,pointnet2,softmax,subject,3,macro_f1,0.31867115541943974,733,733
B1_corrected,pointnet2,softmax,subject,3,macro_auc,0.8102066286802131,733,733
B1_corrected,pointnet2,softmax,subject,3,f1_class::Cartilage,0.4,733,733
B1_corrected,pointnet2,softmax,subject,3,f1_class::Ciliopathy,0.5714285714285714,733,733
B1_corrected,pointnet2,softmax,subject,3,f1_class::Cohesinopathy,0.3225806451612903,733,733
B1_corrected,pointnet2,softmax,subject,3,f1_class::Connective Tissue,0.3443708609271523,733,733
B1_corrected,pointnet2,softmax,subject,3,f1_class::Control,0.6095890410958904,733,733
B1_corrected,pointnet2,softmax,subject,3,f1_class::DNA Repair,0.2857142857142857,733,733
B1_corrected,pointnet2,softmax,subject,3,f1_class::Deletion,0.2742857142857143,733,733
B1_corrected,pointnet2,softmax,subject,3,f1_class::Duplication,0.1111111111111111,733,733
B1_corrected,pointnet2,softmax,subject,3,f1_class::Ectodermal,0.2926829268292683,733,733
B1_corrected,pointnet2,softmax,subject,3,f1_class::Growth,0.0,733,733
B1_corrected,pointnet2,softmax,subject,3,f1_class::Imprinting,0.20253164556962025,733,733
B1_corrected,pointnet2,softmax,subject,3,f1_class::Lysozome,0.6153846153846154,733,733
B1_corrected,pointnet2,softmax,subject,3,f1_class::Neurocristopathy,0.12658227848101267,733,733
B1_corrected,pointnet2,softmax,subject,3,f1_class::Peroxisome,0.25,733,733
B1_corrected,pointnet2,softmax,subject,3,f1_class::Primary Palate,0.32432432432432434,733,733
B1_corrected,pointnet2,softmax,subject,3,f1_class::Rasopathy,0.3409090909090909,733,733
B1_corrected,pointnet2,softmax,subject,3,f1_class::Sex Chromosome,0.3333333333333333,733,733
B1_corrected,pointnet2,softmax,subject,3,f1_class::Trisomy,0.5283018867924528,733,733
B1_corrected,pointnet2,softmax,subject,3,f1_class::Uncategorized,0.12162162162162163,733,733
B1_corrected,pointnet2,softmax,subject,4,accuracy,0.3478854024556617,733,733
B1_corrected,pointnet2,softmax,subject,4,macro_f1,0.32962603232010124,733,733
B1_corrected,pointnet2,softmax,subject,4,macro_auc,0.8151487876324474,733,733
B1_corrected,pointnet2,softmax,subject,4,f1_class::Cartilage,0.34615384615384615,733,733
B1_corrected,pointnet2,softmax,subject,4,f1_class::Ciliopathy,0.5714285714285714,733,733
B1_corrected,pointnet2,softmax,subject,4,f1_class::Cohesinopathy,0.375,733,733
B1_corrected,pointnet2,softmax,subject,4,f1_class::Connective Tissue,0.3660130718954248,733,733
B1_corrected,pointnet2,softmax,subject,4,f1_class::Control,0.624561403508772,733,733
B1_corrected,pointnet2,softmax,subject,4,f1_class::DNA Repair,0.46153846153846156,733,733
B1_corrected,pointnet2,softmax,subject,4,f1_class::Deletion,0.22988505747126436,733,733
B1_corrected,pointnet2,softmax,subject,4,f1_class::Duplication,0.24561403508771928,733,733
B1_corrected,pointnet2,softmax,subject,4,f1_class::Ectodermal,0.3333333333333333,733,733
B1_corrected,pointnet2,softmax,subject,4,f1_class::Growth,0.0,733,733
B1_corrected,pointnet2,softmax,subject,4,f1_class::Imprinting,0.1686746987951807,733,733
B1_corrected,pointnet2,softmax,subject,4,f1_class::Lysozome,0.64,733,733
B1_corrected,pointnet2,softmax,subject,4,f1_class::Neurocristopathy,0.13333333333333333,733,733
B1_corrected,pointnet2,softmax,subject,4,f1_class::Peroxisome,0.18181818181818182,733,733
B1_corrected,pointnet2,softmax,subject,4,f1_class::Primary Palate,0.36363636363636365,733,733
B1_corrected,pointnet2,softmax,subject,4,f1_class::Rasopathy,0.32967032967032966,733,733
B1_corrected,pointnet2,softmax,subject,4,f1_class::Sex Chromosome,0.27848101265822783,733,733
B1_corrected,pointnet2,softmax,subject,4,f1_class::Trisomy,0.4727272727272727,733,733
B1_corrected,pointnet2,softmax,subject,4,f1_class::Uncategorized,0.14102564102564102,733,733
B1_corrected,pointnet2,proto,scan,0,accuracy,0.2668478260869565,1840,733
B1_corrected,pointnet2,proto,scan,0,macro_f1,0.2443074570902975,1840,733
B1_corrected,pointnet2,proto,scan,0,macro_auc,0.7699481180642501,1840,733
B1_corrected,pointnet2,proto,scan,0,f1_class::Cartilage,0.2698412698412698,1840,733
B1_corrected,pointnet2,proto,scan,0,f1_class::Ciliopathy,0.35714285714285715,1840,733
B1_corrected,pointnet2,proto,scan,0,f1_class::Cohesinopathy,0.17142857142857143,1840,733
B1_corrected,pointnet2,proto,scan,0,f1_class::Connective Tissue,0.26855123674911663,1840,733
B1_corrected,pointnet2,proto,scan,0,f1_class::Control,0.5381818181818182,1840,733
B1_corrected,pointnet2,proto,scan,0,f1_class::DNA Repair,0.36363636363636365,1840,733
B1_corrected,pointnet2,proto,scan,0,f1_class::Deletion,0.15463917525773196,1840,733
B1_corrected,pointnet2,proto,scan,0,f1_class::Duplication,0.10344827586206896,1840,733
B1_corrected,pointnet2,proto,scan,0,f1_class::Ectodermal,0.25263157894736843,1840,733
B1_corrected,pointnet2,proto,scan,0,f1_class::Growth,0.11764705882352941,1840,733
B1_corrected,pointnet2,proto,scan,0,f1_class::Imprinting,0.22053231939163498,1840,733
B1_corrected,pointnet2,proto,scan,0,f1_class::Lysozome,0.35526315789473684,1840,733
B1_corrected,pointnet2,proto,scan,0,f1_class::Neurocristopathy,0.1346153846153846,1840,733
B1_corrected,pointnet2,proto,scan,0,f1_class::Peroxisome,0.2127659574468085,1840,733
B1_corrected,pointnet2,proto,scan,0,f1_class::Primary Palate,0.1728395061728395,1840,733
B1_corrected,pointnet2,proto,scan,0,f1_class::Rasopathy,0.3048327137546468,1840,733
B1_corrected,pointnet2,proto,scan,0,f1_class::Sex Chromosome,0.1978021978021978,1840,733
B1_corrected,pointnet2,proto,scan,0,f1_class::Trisomy,0.2702702702702703,1840,733
B1_corrected,pointnet2,proto,scan,0,f1_class::Uncategorized,0.17577197149643706,1840,733
B1_corrected,pointnet2,proto,scan,1,accuracy,0.26793478260869563,1840,733
B1_corrected,pointnet2,proto,scan,1,macro_f1,0.24198915778371002,1840,733
B1_corrected,pointnet2,proto,scan,1,macro_auc,0.7684861393791864,1840,733
B1_corrected,pointnet2,proto,scan,1,f1_class::Cartilage,0.23728813559322035,1840,733
B1_corrected,pointnet2,proto,scan,1,f1_class::Ciliopathy,0.3614457831325301,1840,733
B1_corrected,pointnet2,proto,scan,1,f1_class::Cohesinopathy,0.18181818181818182,1840,733
B1_corrected,pointnet2,proto,scan,1,f1_class::Connective Tissue,0.3044982698961938,1840,733
B1_corrected,pointnet2,proto,scan,1,f1_class::Control,0.5531914893617021,1840,733
B1_corrected,pointnet2,proto,scan,1,f1_class::DNA Repair,0.30303030303030304,1840,733
B1_corrected,pointnet2,proto,scan,1,f1_class::Deletion,0.1618798955613577,1840,733
B1_corrected,pointnet2,proto,scan,1,f1_class::Duplication,0.0975609756097561,1840,733
B1_corrected,pointnet2,proto,scan,1,f1_class::Ectodermal,0.14814814814814814,1840,733
B1_corrected,pointnet2,proto,scan,1,f1_class::Growth,0.20833333333333334,1840,733
B1_corrected,pointnet2,proto,scan,1,f1_class::Imprinting,0.23880597014925373,1840,733
B1_corrected,pointnet2,proto,scan,1,f1_class::Lysozome,0.375,1840,733
B1_corrected,pointnet2,proto,scan,1,f1_class::Neurocristopathy,0.16080402010050251,1840,733
B1_corrected,pointnet2,proto,scan,1,f1_class::Peroxisome,0.19148936170212766,1840,733
B1_corrected,pointnet2,proto,scan,1,f1_class::Primary Palate,0.16,1840,733
B1_corrected,pointnet2,proto,scan,1,f1_class::Rasopathy,0.3018867924528302,1840,733
B1_corrected,pointnet2,proto,scan,1,f1_class::Sex Chromosome,0.22,1840,733
B1_corrected,pointnet2,proto,scan,1,f1_class::Trisomy,0.27586206896551724,1840,733
B1_corrected,pointnet2,proto,scan,1,f1_class::Uncategorized,0.116751269035533,1840,733
B1_corrected,pointnet2,proto,scan,2,accuracy,0.26467391304347826,1840,733
B1_corrected,pointnet2,proto,scan,2,macro_f1,0.2428661244705513,1840,733
B1_corrected,pointnet2,proto,scan,2,macro_auc,0.7678190572974648,1840,733
B1_corrected,pointnet2,proto,scan,2,f1_class::Cartilage,0.26153846153846155,1840,733
B1_corrected,pointnet2,proto,scan,2,f1_class::Ciliopathy,0.3764705882352941,1840,733
B1_corrected,pointnet2,proto,scan,2,f1_class::Cohesinopathy,0.20270270270270271,1840,733
B1_corrected,pointnet2,proto,scan,2,f1_class::Connective Tissue,0.2517482517482518,1840,733
B1_corrected,pointnet2,proto,scan,2,f1_class::Control,0.5413005272407733,1840,733
B1_corrected,pointnet2,proto,scan,2,f1_class::DNA Repair,0.2857142857142857,1840,733
B1_corrected,pointnet2,proto,scan,2,f1_class::Deletion,0.16103896103896104,1840,733
B1_corrected,pointnet2,proto,scan,2,f1_class::Duplication,0.0967741935483871,1840,733
B1_corrected,pointnet2,proto,scan,2,f1_class::Ectodermal,0.23529411764705882,1840,733
B1_corrected,pointnet2,proto,scan,2,f1_class::Growth,0.17391304347826086,1840,733
B1_corrected,pointnet2,proto,scan,2,f1_class::Imprinting,0.2178988326848249,1840,733
B1_corrected,pointnet2,proto,scan,2,f1_class::Lysozome,0.3835616438356164,1840,733
B1_corrected,pointnet2,proto,scan,2,f1_class::Neurocristopathy,0.1188118811881188,1840,733
B1_corrected,pointnet2,proto,scan,2,f1_class::Peroxisome,0.23529411764705882,1840,733
B1_corrected,pointnet2,proto,scan,2,f1_class::Primary Palate,0.15789473684210525,1840,733
B1_corrected,pointnet2,proto,scan,2,f1_class::Rasopathy,0.30434782608695654,1840,733
B1_corrected,pointnet2,proto,scan,2,f1_class::Sex Chromosome,0.18556701030927836,1840,733
B1_corrected,pointnet2,proto,scan,2,f1_class::Trisomy,0.2909090909090909,1840,733
B1_corrected,pointnet2,proto,scan,2,f1_class::Uncategorized,0.13367609254498714,1840,733
B1_corrected,pointnet2,proto,scan,3,accuracy,0.26956521739130435,1840,733
B1_corrected,pointnet2,proto,scan,3,macro_f1,0.2442606384999784,1840,733
B1_corrected,pointnet2,proto,scan,3,macro_auc,0.7701307446554594,1840,733
B1_corrected,pointnet2,proto,scan,3,f1_class::Cartilage,0.25,1840,733
B1_corrected,pointnet2,proto,scan,3,f1_class::Ciliopathy,0.3902439024390244,1840,733
B1_corrected,pointnet2,proto,scan,3,f1_class::Cohesinopathy,0.23776223776223776,1840,733
B1_corrected,pointnet2,proto,scan,3,f1_class::Connective Tissue,0.2945205479452055,1840,733
B1_corrected,pointnet2,proto,scan,3,f1_class::Control,0.5302491103202847,1840,733
B1_corrected,pointnet2,proto,scan,3,f1_class::DNA Repair,0.2857142857142857,1840,733
B1_corrected,pointnet2,proto,scan,3,f1_class::Deletion,0.14854111405835543,1840,733
B1_corrected,pointnet2,proto,scan,3,f1_class::Duplication,0.1,1840,733
B1_corrected,pointnet2,proto,scan,3,f1_class::Ectodermal,0.1782178217821782,1840,733
B1_corrected,pointnet2,proto,scan,3,f1_class::Growth,0.13636363636363635,1840,733
B1_corrected,pointnet2,proto,scan,3,f1_class::Imprinting,0.20437956204379562,1840,733
B1_corrected,pointnet2,proto,scan,3,f1_class::Lysozome,0.3443708609271523,1840,733
B1_corrected,pointnet2,proto,scan,3,f1_class::Neurocristopathy,0.12903225806451613,1840,733
B1_corrected,pointnet2,proto,scan,3,f1_class::Peroxisome,0.23809523809523808,1840,733
B1_corrected,pointnet2,proto,scan,3,f1_class::Primary Palate,0.16216216216216217,1840,733
B1_corrected,pointnet2,proto,scan,3,f1_class::Rasopathy,0.32234432234432236,1840,733
B1_corrected,pointnet2,proto,scan,3,f1_class::Sex Chromosome,0.23076923076923078,1840,733
B1_corrected,pointnet2,proto,scan,3,f1_class::Trisomy,0.2831858407079646,1840,733
B1_corrected,pointnet2,proto,scan,3,f1_class::Uncategorized,0.175,1840,733
B1_corrected,pointnet2,proto,scan,4,accuracy,0.2619565217391304,1840,733
B1_corrected,pointnet2,proto,scan,4,macro_f1,0.2462198578881401,1840,733
B1_corrected,pointnet2,proto,scan,4,macro_auc,0.7710290061917854,1840,733
B1_corrected,pointnet2,proto,scan,4,f1_class::Cartilage,0.25396825396825395,1840,733
B1_corrected,pointnet2,proto,scan,4,f1_class::Ciliopathy,0.3902439024390244,1840,733
B1_corrected,pointnet2,proto,scan,4,f1_class::Cohesinopathy,0.19402985074626866,1840,733
B1_corrected,pointnet2,proto,scan,4,f1_class::Connective Tissue,0.2629757785467128,1840,733
B1_corrected,pointnet2,proto,scan,4,f1_class::Control,0.5350089766606823,1840,733
B1_corrected,pointnet2,proto,scan,4,f1_class::DNA Repair,0.3050847457627119,1840,733
B1_corrected,pointnet2,proto,scan,4,f1_class::Deletion,0.18453865336658354,1840,733
B1_corrected,pointnet2,proto,scan,4,f1_class::Duplication,0.15254237288135594,1840,733
B1_corrected,pointnet2,proto,scan,4,f1_class::Ectodermal,0.205607476635514,1840,733
B1_corrected,pointnet2,proto,scan,4,f1_class::Growth,0.20408163265306123,1840,733
B1_corrected,pointnet2,proto,scan,4,f1_class::Imprinting,0.2,1840,733
B1_corrected,pointnet2,proto,scan,4,f1_class::Lysozome,0.3918918918918919,1840,733
B1_corrected,pointnet2,proto,scan,4,f1_class::Neurocristopathy,0.13861386138613863,1840,733
B1_corrected,pointnet2,proto,scan,4,f1_class::Peroxisome,0.22727272727272727,1840,733
B1_corrected,pointnet2,proto,scan,4,f1_class::Primary Palate,0.18181818181818182,1840,733
B1_corrected,pointnet2,proto,scan,4,f1_class::Rasopathy,0.26523297491039427,1840,733
B1_corrected,pointnet2,proto,scan,4,f1_class::Sex Chromosome,0.18478260869565216,1840,733
B1_corrected,pointnet2,proto,scan,4,f1_class::Trisomy,0.2882882882882883,1840,733
B1_corrected,pointnet2,proto,scan,4,f1_class::Uncategorized,0.11219512195121951,1840,733
B1_corrected,pointnet2,proto,subject,0,accuracy,0.3506139154160982,733,733
B1_corrected,pointnet2,proto,subject,0,macro_f1,0.34373024433329286,733,733
B1_corrected,pointnet2,proto,subject,0,macro_auc,0.8080887123747146,733,733
B1_corrected,pointnet2,proto,subject,0,f1_class::Cartilage,0.3448275862068966,733,733
B1_corrected,pointnet2,proto,subject,0,f1_class::Ciliopathy,0.5714285714285714,733,733
B1_corrected,pointnet2,proto,subject,0,f1_class::Cohesinopathy,0.3888888888888889,733,733
B1_corrected,pointnet2,proto,subject,0,f1_class::Connective Tissue,0.3466666666666667,733,733
B1_corrected,pointnet2,proto,subject,0,f1_class::Control,0.5923076923076923,733,733
B1_corrected,pointnet2,proto,subject,0,f1_class::DNA Repair,0.6153846153846154,733,733
B1_corrected,pointnet2,proto,subject,0,f1_class::Deletion,0.3333333333333333,733,733
B1_corrected,pointnet2,proto,subject,0,f1_class::Duplication,0.12121212121212122,733,733
B1_corrected,pointnet2,proto,subject,0,f1_class::Ectodermal,0.2641509433962264,733,733
B1_corrected,pointnet2,proto,subject,0,f1_class::Growth,0.14285714285714285,733,733
B1_corrected,pointnet2,proto,subject,0,f1_class::Imprinting,0.20512820512820512,733,733
B1_corrected,pointnet2,proto,subject,0,f1_class::Lysozome,0.64,733,733
B1_corrected,pointnet2,proto,subject,0,f1_class::Neurocristopathy,0.13559322033898305,733,733
B1_corrected,pointnet2,proto,subject,0,f1_class::Peroxisome,0.2727272727272727,733,733
B1_corrected,pointnet2,proto,subject,0,f1_class::Primary Palate,0.3333333333333333,733,733
B1_corrected,pointnet2,proto,subject,0,f1_class::Rasopathy,0.30612244897959184,733,733
B1_corrected,pointnet2,proto,subject,0,f1_class::Sex Chromosome,0.24691358024691357,733,733
B1_corrected,pointnet2,proto,subject,0,f1_class::Trisomy,0.49122807017543857,733,733
B1_corrected,pointnet2,proto,subject,0,f1_class::Uncategorized,0.1787709497206704,733,733
B1_corrected,pointnet2,proto,subject,1,accuracy,0.373806275579809,733,733
B1_corrected,pointnet2,proto,subject,1,macro_f1,0.3778903451022338,733,733
B1_corrected,pointnet2,proto,subject,1,macro_auc,0.8128797486316955,733,733
B1_corrected,pointnet2,proto,subject,1,f1_class::Cartilage,0.42105263157894735,733,733
B1_corrected,pointnet2,proto,subject,1,f1_class::Ciliopathy,0.64,733,733
B1_corrected,pointnet2,proto,subject,1,f1_class::Cohesinopathy,0.34146341463414637,733,733
B1_corrected,pointnet2,proto,subject,1,f1_class::Connective Tissue,0.3401360544217687,733,733
B1_corrected,pointnet2,proto,subject,1,f1_class::Control,0.5954198473282443,733,733
B1_corrected,pointnet2,proto,subject,1,f1_class::DNA Repair,0.6153846153846154,733,733
B1_corrected,pointnet2,proto,subject,1,f1_class::Deletion,0.36363636363636365,733,733
B1_corrected,pointnet2,proto,subject,1,f1_class::Duplication,0.16666666666666666,733,733
B1_corrected,pointnet2,proto,subject,1,f1_class::Ectodermal,0.20408163265306123,733,733
B1_corrected,pointnet2,proto,subject,1,f1_class::Growth,0.2857142857142857,733,733
B1_corrected,pointnet2,proto,subject,1,f1_class::Imprinting,0.25,733,733
B1_corrected,pointnet2,proto,subject,1,f1_class::Lysozome,0.8181818181818182,733,733
B1_corrected,pointnet2,proto,subject,1,f1_class::Neurocristopathy,0.1935483870967742,733,733
B1_corrected,pointnet2,proto,subject,1,f1_class::Peroxisome,0.2727272727272727,733,733
B1_corrected,pointnet2,proto,subject,1,f1_class::Primary Palate,0.3333333333333333,733,733
B1_corrected,pointnet2,proto,subject,1,f1_class::Rasopathy,0.35789473684210527,733,733
B1_corrected,pointnet2,proto,subject,1,f1_class::Sex Chromosome,0.27956989247311825,733,733
B1_corrected,pointnet2,proto,subject,1,f1_class::Trisomy,0.4918032786885246,733,733
B1_corrected,pointnet2,proto,subject,1,f1_class::Uncategorized,0.20930232558139536,733,733
B1_corrected,pointnet2,proto,subject,2,accuracy,0.3506139154160982,733,733
B1_corrected,pointnet2,proto,subject,2,macro_f1,0.34199000876962443,733,733
B1_corrected,pointnet2,proto,subject,2,macro_auc,0.8119223256301445,733,733
B1_corrected,pointnet2,proto,subject,2,f1_class::Cartilage,0.31746031746031744,733,733
B1_corrected,pointnet2,proto,subject,2,f1_class::Ciliopathy,0.4375,733,733
B1_corrected,pointnet2,proto,subject,2,f1_class::Cohesinopathy,0.2702702702702703,733,733
B1_corrected,pointnet2,proto,subject,2,f1_class::Connective Tissue,0.3684210526315789,733,733
B1_corrected,pointnet2,proto,subject,2,f1_class::Control,0.5859375,733,733
B1_corrected,pointnet2,proto,subject,2,f1_class::DNA Repair,0.5,733,733
B1_corrected,pointnet2,proto,subject,2,f1_class::Deletion,0.3076923076923077,733,733
B1_corrected,pointnet2,proto,subject,2,f1_class::Duplication,0.18181818181818182,733,733
B1_corrected,pointnet2,proto,subject,2,f1_class::Ectodermal,0.23076923076923078,733,733
B1_corrected,pointnet2,proto,subject,2,f1_class::Growth,0.3333333333333333,733,733
B1_corrected,pointnet2,proto,subject,2,f1_class::Imprinting,0.24,733,733
B1_corrected,pointnet2,proto,subject,2,f1_class::Lysozome,0.5833333333333334,733,733
B1_corrected,pointnet2,proto,subject,2,f1_class::Neurocristopathy,0.125,733,733
B1_corrected,pointnet2,proto,subject,2,f1_class::Peroxisome,0.36363636363636365,733,733
B1_corrected,pointnet2,proto,subject,2,f1_class::Primary Palate,0.3333333333333333,733,733
B1_corrected,pointnet2,proto,subject,2,f1_class::Rasopathy,0.34782608695652173,733,733
B1_corrected,pointnet2,proto,subject,2,f1_class::Sex Chromosome,0.2558139534883721,733,733
B1_corrected,pointnet2,proto,subject,2,f1_class::Trisomy,0.5263157894736842,733,733
B1_corrected,pointnet2,proto,subject,2,f1_class::Uncategorized,0.1893491124260355,733,733
B1_corrected,pointnet2,proto,subject,3,accuracy,0.35607094133697137,733,733
B1_corrected,pointnet2,proto,subject,3,macro_f1,0.339638294198058,733,733
B1_corrected,pointnet2,proto,subject,3,macro_auc,0.8117118131476113,733,733
B1_corrected,pointnet2,proto,subject,3,f1_class::Cartilage,0.3448275862068966,733,733
B1_corrected,pointnet2,proto,subject,3,f1_class::Ciliopathy,0.5517241379310345,733,733
B1_corrected,pointnet2,proto,subject,3,f1_class::Cohesinopathy,0.3684210526315789,733,733
B1_corrected,pointnet2,proto,subject,3,f1_class::Connective Tissue,0.34394904458598724,733,733
B1_corrected,pointnet2,proto,subject,3,f1_class::Control,0.6015625,733,733
B1_corrected,pointnet2,proto,subject,3,f1_class::DNA Repair,0.4,733,733
B1_corrected,pointnet2,proto,subject,3,f1_class::Deletion,0.3425414364640884,733,733
B1_corrected,pointnet2,proto,subject,3,f1_class::Duplication,0.06666666666666667,733,733
B1_corrected,pointnet2,proto,subject,3,f1_class::Ectodermal,0.20833333333333334,733,733
B1_corrected,pointnet2,proto,subject,3,f1_class::Growth,0.25,733,733
B1_corrected,pointnet2,proto,subject,3,f1_class::Imprinting,0.2,733,733
B1_corrected,pointnet2,proto,subject,3,f1_class::Lysozome,0.5925925925925926,733,733
B1_corrected,pointnet2,proto,subject,3,f1_class::Neurocristopathy,0.13114754098360656,733,733
B1_corrected,pointnet2,proto,subject,3,f1_class::Peroxisome,0.4166666666666667,733,733
B1_corrected,pointnet2,proto,subject,3,f1_class::Primary Palate,0.3076923076923077,733,733
B1_corrected,pointnet2,proto,subject,3,f1_class::Rasopathy,0.3157894736842105,733,733
B1_corrected,pointnet2,proto,subject,3,f1_class::Sex Chromosome,0.2558139534883721,733,733
B1_corrected,pointnet2,proto,subject,3,f1_class::Trisomy,0.5454545454545454,733,733
B1_corrected,pointnet2,proto,subject,3,f1_class::Uncategorized,0.20994475138121546,733,733
B1_corrected,pointnet2,proto,subject,4,accuracy,0.35607094133697137,733,733
B1_corrected,pointnet2,proto,subject,4,macro_f1,0.34182010192267814,733,733
B1_corrected,pointnet2,proto,subject,4,macro_auc,0.8147163057910444,733,733
B1_corrected,pointnet2,proto,subject,4,f1_class::Cartilage,0.3548387096774194,733,733
B1_corrected,pointnet2,proto,subject,4,f1_class::Ciliopathy,0.5925925925925926,733,733
B1_corrected,pointnet2,proto,subject,4,f1_class::Cohesinopathy,0.34285714285714286,733,733
B1_corrected,pointnet2,proto,subject,4,f1_class::Connective Tissue,0.33986928104575165,733,733
B1_corrected,pointnet2,proto,subject,4,f1_class::Control,0.6,733,733
B1_corrected,pointnet2,proto,subject,4,f1_class::DNA Repair,0.5333333333333333,733,733
B1_corrected,pointnet2,proto,subject,4,f1_class::Deletion,0.328042328042328,733,733
B1_corrected,pointnet2,proto,subject,4,f1_class::Duplication,0.3,733,733
B1_corrected,pointnet2,proto,subject,4,f1_class::Ectodermal,0.23076923076923078,733,733
B1_corrected,pointnet2,proto,subject,4,f1_class::Growth,0.0,733,733
B1_corrected,pointnet2,proto,subject,4,f1_class::Imprinting,0.21333333333333335,733,733
B1_corrected,pointnet2,proto,subject,4,f1_class::Lysozome,0.6363636363636364,733,733
B1_corrected,pointnet2,proto,subject,4,f1_class::Neurocristopathy,0.14285714285714285,733,733
B1_corrected,pointnet2,proto,subject,4,f1_class::Peroxisome,0.2857142857142857,733,733
B1_corrected,pointnet2,proto,subject,4,f1_class::Primary Palate,0.34285714285714286,733,733
B1_corrected,pointnet2,proto,subject,4,f1_class::Rasopathy,0.27956989247311825,733,733
B1_corrected,pointnet2,proto,subject,4,f1_class::Sex Chromosome,0.25316455696202533,733,733
B1_corrected,pointnet2,proto,subject,4,f1_class::Trisomy,0.5084745762711864,733,733
B1_corrected,pointnet2,proto,subject,4,f1_class::Uncategorized,0.20994475138121546,733,733
B1_corrected,pointnet2,knn11,scan,0,accuracy,0.2875,1840,733
B1_corrected,pointnet2,knn11,scan,0,macro_f1,0.1818153816396814,1840,733
B1_corrected,pointnet2,knn11,scan,0,macro_auc,0.729461512310201,1840,733
B1_corrected,pointnet2,knn11,scan,0,f1_class::Cartilage,0.14492753623188406,1840,733
B1_corrected,pointnet2,knn11,scan,0,f1_class::Ciliopathy,0.2127659574468085,1840,733
B1_corrected,pointnet2,knn11,scan,0,f1_class::Cohesinopathy,0.13333333333333333,1840,733
B1_corrected,pointnet2,knn11,scan,0,f1_class::Connective Tissue,0.30057803468208094,1840,733
B1_corrected,pointnet2,knn11,scan,0,f1_class::Control,0.5081081081081081,1840,733
B1_corrected,pointnet2,knn11,scan,0,f1_class::DNA Repair,0.10256410256410256,1840,733
B1_corrected,pointnet2,knn11,scan,0,f1_class::Deletion,0.2779552715654952,1840,733
B1_corrected,pointnet2,knn11,scan,0,f1_class::Duplication,0.1038961038961039,1840,733
B1_corrected,pointnet2,knn11,scan,0,f1_class::Ectodermal,0.10810810810810811,1840,733
B1_corrected,pointnet2,knn11,scan,0,f1_class::Growth,0.0,1840,733
B1_corrected,pointnet2,knn11,scan,0,f1_class::Imprinting,0.12371134020618557,1840,733
B1_corrected,pointnet2,knn11,scan,0,f1_class::Lysozome,0.15384615384615385,1840,733
B1_corrected,pointnet2,knn11,scan,0,f1_class::Neurocristopathy,0.1232876712328767,1840,733
B1_corrected,pointnet2,knn11,scan,0,f1_class::Peroxisome,0.358974358974359,1840,733
B1_corrected,pointnet2,knn11,scan,0,f1_class::Primary Palate,0.16,1840,733
B1_corrected,pointnet2,knn11,scan,0,f1_class::Rasopathy,0.2283464566929134,1840,733
B1_corrected,pointnet2,knn11,scan,0,f1_class::Sex Chromosome,0.05825242718446602,1840,733
B1_corrected,pointnet2,knn11,scan,0,f1_class::Trisomy,0.13043478260869565,1840,733
B1_corrected,pointnet2,knn11,scan,0,f1_class::Uncategorized,0.22540250447227192,1840,733
B1_corrected,pointnet2,knn11,scan,1,accuracy,0.2842391304347826,1840,733
B1_corrected,pointnet2,knn11,scan,1,macro_f1,0.18313329949134502,1840,733
B1_corrected,pointnet2,knn11,scan,1,macro_auc,0.729696972650582,1840,733
B1_corrected,pointnet2,knn11,scan,1,f1_class::Cartilage,0.22857142857142856,1840,733
B1_corrected,pointnet2,knn11,scan,1,f1_class::Ciliopathy,0.27450980392156865,1840,733
B1_corrected,pointnet2,knn11,scan,1,f1_class::Cohesinopathy,0.10526315789473684,1840,733
B1_corrected,pointnet2,knn11,scan,1,f1_class::Connective Tissue,0.25705329153605017,1840,733
B1_corrected,pointnet2,knn11,scan,1,f1_class::Control,0.519650655021834,1840,733
B1_corrected,pointnet2,knn11,scan,1,f1_class::DNA Repair,0.12244897959183673,1840,733
B1_corrected,pointnet2,knn11,scan,1,f1_class::Deletion,0.27722772277227725,1840,733
B1_corrected,pointnet2,knn11,scan,1,f1_class::Duplication,0.075,1840,733
B1_corrected,pointnet2,knn11,scan,1,f1_class::Ectodermal,0.15,1840,733
B1_corrected,pointnet2,knn11,scan,1,f1_class::Growth,0.0,1840,733
B1_corrected,pointnet2,knn11,scan,1,f1_class::Imprinting,0.10526315789473684,1840,733
B1_corrected,pointnet2,knn11,scan,1,f1_class::Lysozome,0.15151515151515152,1840,733
B1_corrected,pointnet2,knn11,scan,1,f1_class::Neurocristopathy,0.06622516556291391,1840,733
B1_corrected,pointnet2,knn11,scan,1,f1_class::Peroxisome,0.2702702702702703,1840,733
B1_corrected,pointnet2,knn11,scan,1,f1_class::Primary Palate,0.20689655172413793,1840,733
B1_corrected,pointnet2,knn11,scan,1,f1_class::Rasopathy,0.2047244094488189,1840,733
B1_corrected,pointnet2,knn11,scan,1,f1_class::Sex Chromosome,0.09174311926605505,1840,733
B1_corrected,pointnet2,knn11,scan,1,f1_class::Trisomy,0.13043478260869565,1840,733
B1_corrected,pointnet2,knn11,scan,1,f1_class::Uncategorized,0.24273504273504273,1840,733
B1_corrected,pointnet2,knn11,scan,2,accuracy,0.2798913043478261,1840,733
B1_corrected,pointnet2,knn11,scan,2,macro_f1,0.18745508998270746,1840,733
B1_corrected,pointnet2,knn11,scan,2,macro_auc,0.7279286780983016,1840,733
B1_corrected,pointnet2,knn11,scan,2,f1_class::Cartilage,0.19718309859154928,1840,733
B1_corrected,pointnet2,knn11,scan,2,f1_class::Ciliopathy,0.2727272727272727,1840,733
B1_corrected,pointnet2,knn11,scan,2,f1_class::Cohesinopathy,0.14035087719298245,1840,733
B1_corrected,pointnet2,knn11,scan,2,f1_class::Connective Tissue,0.25936599423631124,1840,733
B1_corrected,pointnet2,knn11,scan,2,f1_class::Control,0.5255157437567861,1840,733
B1_corrected,pointnet2,knn11,scan,2,f1_class::DNA Repair,0.21739130434782608,1840,733
B1_corrected,pointnet2,knn11,scan,2,f1_class::Deletion,0.24373956594323873,1840,733
B1_corrected,pointnet2,knn11,scan,2,f1_class::Duplication,0.05405405405405406,1840,733
B1_corrected,pointnet2,knn11,scan,2,f1_class::Ectodermal,0.05263157894736842,1840,733
B1_corrected,pointnet2,knn11,scan,2,f1_class::Growth,0.0,1840,733
B1_corrected,pointnet2,knn11,scan,2,f1_class::Imprinting,0.14054054054054055,1840,733
B1_corrected,pointnet2,knn11,scan,2,f1_class::Lysozome,0.15151515151515152,1840,733
B1_corrected,pointnet2,knn11,scan,2,f1_class::Neurocristopathy,0.02631578947368421,1840,733
B1_corrected,pointnet2,knn11,scan,2,f1_class::Peroxisome,0.32558139534883723,1840,733
B1_corrected,pointnet2,knn11,scan,2,f1_class::Primary Palate,0.26666666666666666,1840,733
B1_corrected,pointnet2,knn11,scan,2,f1_class::Rasopathy,0.20155038759689922,1840,733
B1_corrected,pointnet2,knn11,scan,2,f1_class::Sex Chromosome,0.09174311926605505,1840,733
B1_corrected,pointnet2,knn11,scan,2,f1_class::Trisomy,0.1702127659574468,1840,733
B1_corrected,pointnet2,knn11,scan,2,f1_class::Uncategorized,0.22456140350877193,1840,733
B1_corrected,pointnet2,knn11,scan,3,accuracy,0.2826086956521739,1840,733
B1_corrected,pointnet2,knn11,scan,3,macro_f1,0.186160094515227,1840,733
B1_corrected,pointnet2,knn11,scan,3,macro_auc,0.7307716981975737,1840,733
B1_corrected,pointnet2,knn11,scan,3,f1_class::Cartilage,0.19444444444444445,1840,733
B1_corrected,pointnet2,knn11,scan,3,f1_class::Ciliopathy,0.24489795918367346,1840,733
B1_corrected,pointnet2,knn11,scan,3,f1_class::Cohesinopathy,0.11940298507462686,1840,733
B1_corrected,pointnet2,knn11,scan,3,f1_class::Connective Tissue,0.25825825825825827,1840,733
B1_corrected,pointnet2,knn11,scan,3,f1_class::Control,0.5043859649122807,1840,733
B1_corrected,pointnet2,knn11,scan,3,f1_class::DNA Repair,0.12244897959183673,1840,733
B1_corrected,pointnet2,knn11,scan,3,f1_class::Deletion,0.2520193861066236,1840,733
B1_corrected,pointnet2,knn11,scan,3,f1_class::Duplication,0.0547945205479452,1840,733
B1_corrected,pointnet2,knn11,scan,3,f1_class::Ectodermal,0.05555555555555555,1840,733
B1_corrected,pointnet2,knn11,scan,3,f1_class::Growth,0.0,1840,733
B1_corrected,pointnet2,knn11,scan,3,f1_class::Imprinting,0.13043478260869565,1840,733
B1_corrected,pointnet2,knn11,scan,3,f1_class::Lysozome,0.1917808219178082,1840,733
B1_corrected,pointnet2,knn11,scan,3,f1_class::Neurocristopathy,0.06756756756756757,1840,733
B1_corrected,pointnet2,knn11,scan,3,f1_class::Peroxisome,0.32432432432432434,1840,733
B1_corrected,pointnet2,knn11,scan,3,f1_class::Primary Palate,0.30303030303030304,1840,733
B1_corrected,pointnet2,knn11,scan,3,f1_class::Rasopathy,0.1976284584980237,1840,733
B1_corrected,pointnet2,knn11,scan,3,f1_class::Sex Chromosome,0.07766990291262135,1840,733
B1_corrected,pointnet2,knn11,scan,3,f1_class::Trisomy,0.16326530612244897,1840,733
B1_corrected,pointnet2,knn11,scan,3,f1_class::Uncategorized,0.2751322751322751,1840,733
B1_corrected,pointnet2,knn11,scan,4,accuracy,0.2896739130434783,1840,733
B1_corrected,pointnet2,knn11,scan,4,macro_f1,0.18816873535474088,1840,733
B1_corrected,pointnet2,knn11,scan,4,macro_auc,0.7286139572341067,1840,733
B1_corrected,pointnet2,knn11,scan,4,f1_class::Cartilage,0.12121212121212122,1840,733
B1_corrected,pointnet2,knn11,scan,4,f1_class::Ciliopathy,0.2127659574468085,1840,733
B1_corrected,pointnet2,knn11,scan,4,f1_class::Cohesinopathy,0.09230769230769231,1840,733
B1_corrected,pointnet2,knn11,scan,4,f1_class::Connective Tissue,0.27439024390243905,1840,733
B1_corrected,pointnet2,knn11,scan,4,f1_class::Control,0.5287610619469026,1840,733
B1_corrected,pointnet2,knn11,scan,4,f1_class::DNA Repair,0.08695652173913043,1840,733
B1_corrected,pointnet2,knn11,scan,4,f1_class::Deletion,0.2604501607717042,1840,733
B1_corrected,pointnet2,knn11,scan,4,f1_class::Duplication,0.0821917808219178,1840,733
B1_corrected,pointnet2,knn11,scan,4,f1_class::Ectodermal,0.17142857142857143,1840,733
B1_corrected,pointnet2,knn11,scan,4,f1_class::Growth,0.0,1840,733
B1_corrected,pointnet2,knn11,scan,4,f1_class::Imprinting,0.13903743315508021,1840,733
B1_corrected,pointnet2,knn11,scan,4,f1_class::Lysozome,0.2222222222222222,1840,733
B1_corrected,pointnet2,knn11,scan,4,f1_class::Neurocristopathy,0.06622516556291391,1840,733
B1_corrected,pointnet2,knn11,scan,4,f1_class::Peroxisome,0.3157894736842105,1840,733
B1_corrected,pointnet2,knn11,scan,4,f1_class::Primary Palate,0.30303030303030304,1840,733
B1_corrected,pointnet2,knn11,scan,4,f1_class::Rasopathy,0.2076923076923077,1840,733
B1_corrected,pointnet2,knn11,scan,4,f1_class::Sex Chromosome,0.10619469026548672,1840,733
B1_corrected,pointnet2,knn11,scan,4,f1_class::Trisomy,0.12,1840,733
B1_corrected,pointnet2,knn11,scan,4,f1_class::Uncategorized,0.26455026455026454,1840,733
B1_corrected,pointnet2,knn11,subject,0,accuracy,0.27694406548431105,733,733
B1_corrected,pointnet2,knn11,subject,0,macro_f1,0.18211170339966237,733,733
B1_corrected,pointnet2,knn11,subject,0,macro_auc,0.7597793043588003,733,733
B1_corrected,pointnet2,knn11,subject,0,f1_class::Cartilage,0.18181818181818182,733,733
B1_corrected,pointnet2,knn11,subject,0,f1_class::Ciliopathy,0.2222222222222222,733,733
B1_corrected,pointnet2,knn11,subject,0,f1_class::Cohesinopathy,0.0,733,733
B1_corrected,pointnet2,knn11,subject,0,f1_class::Connective Tissue,0.24242424242424243,733,733
B1_corrected,pointnet2,knn11,subject,0,f1_class::Control,0.5158150851581509,733,733
B1_corrected,pointnet2,knn11,subject,0,f1_class::DNA Repair,0.15384615384615385,733,733
B1_corrected,pointnet2,knn11,subject,0,f1_class::Deletion,0.20754716981132076,733,733
B1_corrected,pointnet2,knn11,subject,0,f1_class::Duplication,0.06666666666666667,733,733
B1_corrected,pointnet2,knn11,subject,0,f1_class::Ectodermal,0.19047619047619047,733,733
B1_corrected,pointnet2,knn11,subject,0,f1_class::Growth,0.0,733,733
B1_corrected,pointnet2,knn11,subject,0,f1_class::Imprinting,0.07692307692307693,733,733
B1_corrected,pointnet2,knn11,subject,0,f1_class::Lysozome,0.26666666666666666,733,733
B1_corrected,pointnet2,knn11,subject,0,f1_class::Neurocristopathy,0.0,733,733
B1_corrected,pointnet2,knn11,subject,0,f1_class::Peroxisome,0.4444444444444444,733,733
B1_corrected,pointnet2,knn11,subject,0,f1_class::Primary Palate,0.2,733,733
B1_corrected,pointnet2,knn11,subject,0,f1_class::Rasopathy,0.18604651162790697,733,733
B1_corrected,pointnet2,knn11,subject,0,f1_class::Sex Chromosome,0.08695652173913043,733,733
B1_corrected,pointnet2,knn11,subject,0,f1_class::Trisomy,0.1875,733,733
B1_corrected,pointnet2,knn11,subject,0,f1_class::Uncategorized,0.23076923076923078,733,733
B1_corrected,pointnet2,knn11,subject,1,accuracy,0.28240109140518416,733,733
B1_corrected,pointnet2,knn11,subject,1,macro_f1,0.18145847370129425,733,733
B1_corrected,pointnet2,knn11,subject,1,macro_auc,0.7603830457214883,733,733
B1_corrected,pointnet2,knn11,subject,1,f1_class::Cartilage,0.3181818181818182,733,733
B1_corrected,pointnet2,knn11,subject,1,f1_class::Ciliopathy,0.3157894736842105,733,733
B1_corrected,pointnet2,knn11,subject,1,f1_class::Cohesinopathy,0.1,733,733
B1_corrected,pointnet2,knn11,subject,1,f1_class::Connective Tissue,0.23376623376623376,733,733
B1_corrected,pointnet2,knn11,subject,1,f1_class::Control,0.5257985257985258,733,733
B1_corrected,pointnet2,knn11,subject,1,f1_class::DNA Repair,0.0,733,733
B1_corrected,pointnet2,knn11,subject,1,f1_class::Deletion,0.208955223880597,733,733
B1_corrected,pointnet2,knn11,subject,1,f1_class::Duplication,0.15384615384615385,733,733
B1_corrected,pointnet2,knn11,subject,1,f1_class::Ectodermal,0.09090909090909091,733,733
B1_corrected,pointnet2,knn11,subject,1,f1_class::Growth,0.0,733,733
B1_corrected,pointnet2,knn11,subject,1,f1_class::Imprinting,0.1,733,733
B1_corrected,pointnet2,knn11,subject,1,f1_class::Lysozome,0.16666666666666666,733,733
B1_corrected,pointnet2,knn11,subject,1,f1_class::Neurocristopathy,0.0,733,733
B1_corrected,pointnet2,knn11,subject,1,f1_class::Peroxisome,0.2222222222222222,733,733
B1_corrected,pointnet2,knn11,subject,1,f1_class::Primary Palate,0.2608695652173913,733,733
B1_corrected,pointnet2,knn11,subject,1,f1_class::Rasopathy,0.24489795918367346,733,733
B1_corrected,pointnet2,knn11,subject,1,f1_class::Sex Chromosome,0.11320754716981132,733,733
B1_corrected,pointnet2,knn11,subject,1,f1_class::Trisomy,0.1935483870967742,733,733
B1_corrected,pointnet2,knn11,subject,1,f1_class::Uncategorized,0.1990521327014218,733,733
B1_corrected,pointnet2,knn11,subject,2,accuracy,0.30559345156889495,733,733
B1_corrected,pointnet2,knn11,subject,2,macro_f1,0.20535009130367934,733,733
B1_corrected,pointnet2,knn11,subject,2,macro_auc,0.7589876680105417,733,733
B1_corrected,pointnet2,knn11,subject,2,f1_class::Cartilage,0.25,733,733
B1_corrected,pointnet2,knn11,subject,2,f1_class::Ciliopathy,0.34782608695652173,733,733
B1_corrected,pointnet2,knn11,subject,2,f1_class::Cohesinopathy,0.18181818181818182,733,733
B1_corrected,pointnet2,knn11,subject,2,f1_class::Connective Tissue,0.3067484662576687,733,733
B1_corrected,pointnet2,knn11,subject,2,f1_class::Control,0.5323383084577115,733,733
B1_corrected,pointnet2,knn11,subject,2,f1_class::DNA Repair,0.18181818181818182,733,733
B1_corrected,pointnet2,knn11,subject,2,f1_class::Deletion,0.20909090909090908,733,733
B1_corrected,pointnet2,knn11,subject,2,f1_class::Duplication,0.07692307692307693,733,733
B1_corrected,pointnet2,knn11,subject,2,f1_class::Ectodermal,0.0,733,733
B1_corrected,pointnet2,knn11,subject,2,f1_class::Growth,0.0,733,733
B1_corrected,pointnet2,knn11,subject,2,f1_class::Imprinting,0.11764705882352941,733,733
B1_corrected,pointnet2,knn11,subject,2,f1_class::Lysozome,0.0,733,733
B1_corrected,pointnet2,knn11,subject,2,f1_class::Neurocristopathy,0.03571428571428571,733,733
B1_corrected,pointnet2,knn11,subject,2,f1_class::Peroxisome,0.4,733,733
B1_corrected,pointnet2,knn11,subject,2,f1_class::Primary Palate,0.3333333333333333,733,733
B1_corrected,pointnet2,knn11,subject,2,f1_class::Rasopathy,0.2727272727272727,733,733
B1_corrected,pointnet2,knn11,subject,2,f1_class::Sex Chromosome,0.1568627450980392,733,733
B1_corrected,pointnet2,knn11,subject,2,f1_class::Trisomy,0.25,733,733
B1_corrected,pointnet2,knn11,subject,2,f1_class::Uncategorized,0.24880382775119617,733,733
B1_corrected,pointnet2,knn11,subject,3,accuracy,0.30013642564802184,733,733
B1_corrected,pointnet2,knn11,subject,3,macro_f1,0.18961228332219368,733,733
B1_corrected,pointnet2,knn11,subject,3,macro_auc,0.7614634260223001,733,733
B1_corrected,pointnet2,knn11,subject,3,f1_class::Cartilage,0.25,733,733
B1_corrected,pointnet2,knn11,subject,3,f1_class::Ciliopathy,0.3333333333333333,733,733
B1_corrected,pointnet2,knn11,subject,3,f1_class::Cohesinopathy,0.2,733,733
B1_corrected,pointnet2,knn11,subject,3,f1_class::Connective Tissue,0.3076923076923077,733,733
B1_corrected,pointnet2,knn11,subject,3,f1_class::Control,0.5322997416020672,733,733
B1_corrected,pointnet2,knn11,subject,3,f1_class::DNA Repair,0.0,733,733
B1_corrected,pointnet2,knn11,subject,3,f1_class::Deletion,0.23696682464454977,733,733
B1_corrected,pointnet2,knn11,subject,3,f1_class::Duplication,0.0,733,733
B1_corrected,pointnet2,knn11,subject,3,f1_class::Ectodermal,0.0,733,733
B1_corrected,pointnet2,knn11,subject,3,f1_class::Growth,0.0,733,733
B1_corrected,pointnet2,knn11,subject,3,f1_class::Imprinting,0.13793103448275862,733,733
B1_corrected,pointnet2,knn11,subject,3,f1_class::Lysozome,0.0,733,733
B1_corrected,pointnet2,knn11,subject,3,f1_class::Neurocristopathy,0.0,733,733
B1_corrected,pointnet2,knn11,subject,3,f1_class::Peroxisome,0.4,733,733
B1_corrected,pointnet2,knn11,subject,3,f1_class::Primary Palate,0.4,733,733
B1_corrected,pointnet2,knn11,subject,3,f1_class::Rasopathy,0.21739130434782608,733,733
B1_corrected,pointnet2,knn11,subject,3,f1_class::Sex Chromosome,0.08333333333333333,733,733
B1_corrected,pointnet2,knn11,subject,3,f1_class::Trisomy,0.24242424242424243,733,733
B1_corrected,pointnet2,knn11,subject,3,f1_class::Uncategorized,0.26126126126126126,733,733
B1_corrected,pointnet2,knn11,subject,4,accuracy,0.3015006821282401,733,733
B1_corrected,pointnet2,knn11,subject,4,macro_f1,0.1999633043352621,733,733
B1_corrected,pointnet2,knn11,subject,4,macro_auc,0.7588791994571665,733,733
B1_corrected,pointnet2,knn11,subject,4,f1_class::Cartilage,0.21621621621621623,733,733
B1_corrected,pointnet2,knn11,subject,4,f1_class::Ciliopathy,0.19047619047619047,733,733
B1_corrected,pointnet2,knn11,subject,4,f1_class::Cohesinopathy,0.2857142857142857,733,733
B1_corrected,pointnet2,knn11,subject,4,f1_class::Connective Tissue,0.3389830508474576,733,733
B1_corrected,pointnet2,knn11,subject,4,f1_class::Control,0.544529262086514,733,733
B1_corrected,pointnet2,knn11,subject,4,f1_class::DNA Repair,0.0,733,733
B1_corrected,pointnet2,knn11,subject,4,f1_class::Deletion,0.21395348837209302,733,733
B1_corrected,pointnet2,knn11,subject,4,f1_class::Duplication,0.08,733,733
B1_corrected,pointnet2,knn11,subject,4,f1_class::Ectodermal,0.19047619047619047,733,733
B1_corrected,pointnet2,knn11,subject,4,f1_class::Growth,0.0,733,733
B1_corrected,pointnet2,knn11,subject,4,f1_class::Imprinting,0.10344827586206896,733,733
B1_corrected,pointnet2,knn11,subject,4,f1_class::Lysozome,0.0,733,733
B1_corrected,pointnet2,knn11,subject,4,f1_class::Neurocristopathy,0.07272727272727272,733,733
B1_corrected,pointnet2,knn11,subject,4,f1_class::Peroxisome,0.4444444444444444,733,733
B1_corrected,pointnet2,knn11,subject,4,f1_class::Primary Palate,0.4,733,733
B1_corrected,pointnet2,knn11,subject,4,f1_class::Rasopathy,0.19753086419753085,733,733
B1_corrected,pointnet2,knn11,subject,4,f1_class::Sex Chromosome,0.11320754716981132,733,733
B1_corrected,pointnet2,knn11,subject,4,f1_class::Trisomy,0.1875,733,733
B1_corrected,pointnet2,knn11,subject,4,f1_class::Uncategorized,0.22009569377990432,733,733
B2_corrected,geommlp,softmax,scan,0,accuracy,0.16842105263157894,475,169
B2_corrected,geommlp,softmax,scan,0,macro_f1,0.13110754102070213,475,169
B2_corrected,geommlp,softmax,scan,0,macro_auc,0.7681732315128335,475,169
B2_corrected,geommlp,softmax,scan,0,f1_class::4p Deletion Wolff-Hirschhorn Syndrome,0.0,475,169
B2_corrected,geommlp,softmax,scan,0,f1_class::5p-,0.0,475,169
B2_corrected,geommlp,softmax,scan,0,f1_class::Achondroplasia,0.06451612903225806,475,169
B2_corrected,geommlp,softmax,scan,0,f1_class::Angelman Syndrome,0.0,475,169
B2_corrected,geommlp,softmax,scan,0,f1_class::Apert Syndrome,0.0,475,169
B2_corrected,geommlp,softmax,scan,0,f1_class::Bohring-Opitz Syndrome,0.25,475,169
B2_corrected,geommlp,softmax,scan,0,f1_class::CDKL5,0.1111111111111111,475,169
B2_corrected,geommlp,softmax,scan,0,f1_class::CFC,0.2,475,169
B2_corrected,geommlp,softmax,scan,0,f1_class::CHARGE Syndrome,0.07692307692307693,475,169
B2_corrected,geommlp,softmax,scan,0,f1_class::CdLS,0.0,475,169
B2_corrected,geommlp,softmax,scan,0,f1_class::Cockayne Syndrome,0.2222222222222222,475,169
B2_corrected,geommlp,softmax,scan,0,f1_class::Cohen Syndrome,0.17391304347826086,475,169
B2_corrected,geommlp,softmax,scan,0,f1_class::Costello Syndrome,0.11764705882352941,475,169
B2_corrected,geommlp,softmax,scan,0,f1_class::Crouzon Syndrome,0.0,475,169
B2_corrected,geommlp,softmax,scan,0,f1_class::Down Syndrome,0.1,475,169
B2_corrected,geommlp,softmax,scan,0,f1_class::Ehlers-Danlos Syndrome,0.2978723404255319,475,169
B2_corrected,geommlp,softmax,scan,0,"f1_class::Facial Dysmorphia, possibly genetic",0.0,475,169
B2_corrected,geommlp,softmax,scan,0,f1_class::Jacobsen Syndrome,0.3673469387755102,475,169
B2_corrected,geommlp,softmax,scan,0,f1_class::Joubert Syndrome,0.0,475,169
B2_corrected,geommlp,softmax,scan,0,f1_class::Loeys-Dietz Syndrome,0.08,475,169
B2_corrected,geommlp,softmax,scan,0,f1_class::Marfan Syndrome,0.12121212121212122,475,169
B2_corrected,geommlp,softmax,scan,0,f1_class::Mucopolysaccharidosis type IIIB (Sanfilippo B),0.09090909090909091,475,169
B2_corrected,geommlp,softmax,scan,0,f1_class::Noonan Syndrome,0.3076923076923077,475,169
B2_corrected,geommlp,softmax,scan,0,f1_class::Pallister-Killian Syndrome,0.2727272727272727,475,169
B2_corrected,geommlp,softmax,scan,0,f1_class::Phelan McDermid Syndrome,0.1,475,169
B2_corrected,geommlp,softmax,scan,0,f1_class::Pitt Hopkins,0.3333333333333333,475,169
B2_corrected,geommlp,softmax,scan,0,f1_class::Rett Syndrome,0.0,475,169
B2_corrected,geommlp,softmax,scan,0,f1_class::Rubinstein-Taybi Syndrome,0.0,475,169
B2_corrected,geommlp,softmax,scan,0,f1_class::Smith-Lemli-Opitz,0.0,475,169
B2_corrected,geommlp,softmax,scan,0,f1_class::Tetrasomy 18p,0.3157894736842105,475,169
B2_corrected,geommlp,softmax,scan,0,f1_class::Trisomy 18,0.24,475,169
B2_corrected,geommlp,softmax,scan,0,f1_class::Turner Syndrome,0.15,475,169
B2_corrected,geommlp,softmax,scan,0,f1_class::Williams Syndrome,0.3333333333333333,475,169
B2_corrected,geommlp,softmax,subject,0,accuracy,0.17751479289940827,169,169
B2_corrected,geommlp,softmax,subject,0,macro_f1,0.1381425935605502,169,169
B2_corrected,geommlp,softmax,subject,0,macro_auc,0.8016211472877149,169,169
B2_corrected,geommlp,softmax,subject,0,f1_class::4p Deletion Wolff-Hirschhorn Syndrome,0.0,169,169
B2_corrected,geommlp,softmax,subject,0,f1_class::5p-,0.0,169,169
B2_corrected,geommlp,softmax,subject,0,f1_class::Achondroplasia,0.10526315789473684,169,169
B2_corrected,geommlp,softmax,subject,0,f1_class::Angelman Syndrome,0.0,169,169
B2_corrected,geommlp,softmax,subject,0,f1_class::Apert Syndrome,0.0,169,169
B2_corrected,geommlp,softmax,subject,0,f1_class::Bohring-Opitz Syndrome,0.4,169,169
B2_corrected,geommlp,softmax,subject,0,f1_class::CDKL5,0.0,169,169
B2_corrected,geommlp,softmax,subject,0,f1_class::CFC,0.2857142857142857,169,169
B2_corrected,geommlp,softmax,subject,0,f1_class::CHARGE Syndrome,0.2,169,169
B2_corrected,geommlp,softmax,subject,0,f1_class::CdLS,0.0,169,169
B2_corrected,geommlp,softmax,subject,0,f1_class::Cockayne Syndrome,0.2857142857142857,169,169
B2_corrected,geommlp,softmax,subject,0,f1_class::Cohen Syndrome,0.0,169,169
B2_corrected,geommlp,softmax,subject,0,f1_class::Costello Syndrome,0.16666666666666666,169,169
B2_corrected,geommlp,softmax,subject,0,f1_class::Crouzon Syndrome,0.0,169,169
B2_corrected,geommlp,softmax,subject,0,f1_class::Down Syndrome,0.10526315789473684,169,169
B2_corrected,geommlp,softmax,subject,0,f1_class::Ehlers-Danlos Syndrome,0.3,169,169
B2_corrected,geommlp,softmax,subject,0,"f1_class::Facial Dysmorphia, possibly genetic",0.0,169,169
B2_corrected,geommlp,softmax,subject,0,f1_class::Jacobsen Syndrome,0.26666666666666666,169,169
B2_corrected,geommlp,softmax,subject,0,f1_class::Joubert Syndrome,0.0,169,169
B2_corrected,geommlp,softmax,subject,0,f1_class::Loeys-Dietz Syndrome,0.13333333333333333,169,169
B2_corrected,geommlp,softmax,subject,0,f1_class::Marfan Syndrome,0.0,169,169
B2_corrected,geommlp,softmax,subject,0,f1_class::Mucopolysaccharidosis type IIIB (Sanfilippo B),0.16666666666666666,169,169
B2_corrected,geommlp,softmax,subject,0,f1_class::Noonan Syndrome,0.26666666666666666,169,169
B2_corrected,geommlp,softmax,subject,0,f1_class::Pallister-Killian Syndrome,0.35294117647058826,169,169
B2_corrected,geommlp,softmax,subject,0,f1_class::Phelan McDermid Syndrome,0.0,169,169
B2_corrected,geommlp,softmax,subject,0,f1_class::Pitt Hopkins,0.2857142857142857,169,169
B2_corrected,geommlp,softmax,subject,0,f1_class::Rett Syndrome,0.0,169,169
B2_corrected,geommlp,softmax,subject,0,f1_class::Rubinstein-Taybi Syndrome,0.0,169,169
B2_corrected,geommlp,softmax,subject,0,f1_class::Smith-Lemli-Opitz,0.0,169,169
B2_corrected,geommlp,softmax,subject,0,f1_class::Tetrasomy 18p,0.0,169,169
B2_corrected,geommlp,softmax,subject,0,f1_class::Trisomy 18,0.4444444444444444,169,169
B2_corrected,geommlp,softmax,subject,0,f1_class::Turner Syndrome,0.2222222222222222,169,169
B2_corrected,geommlp,softmax,subject,0,f1_class::Williams Syndrome,0.5714285714285714,169,169
B2_corrected,geommlp,proto,scan,0,accuracy,0.16631578947368422,475,169
B2_corrected,geommlp,proto,scan,0,macro_f1,0.13549613540821556,475,169
B2_corrected,geommlp,proto,scan,0,macro_auc,0.7509570973405784,475,169
B2_corrected,geommlp,proto,scan,0,f1_class::4p Deletion Wolff-Hirschhorn Syndrome,0.0,475,169
B2_corrected,geommlp,proto,scan,0,f1_class::5p-,0.10526315789473684,475,169
B2_corrected,geommlp,proto,scan,0,f1_class::Achondroplasia,0.13793103448275862,475,169
B2_corrected,geommlp,proto,scan,0,f1_class::Angelman Syndrome,0.0,475,169
B2_corrected,geommlp,proto,scan,0,f1_class::Apert Syndrome,0.0,475,169
B2_corrected,geommlp,proto,scan,0,f1_class::Bohring-Opitz Syndrome,0.42105263157894735,475,169
B2_corrected,geommlp,proto,scan,0,f1_class::CDKL5,0.25,475,169
B2_corrected,geommlp,proto,scan,0,f1_class::CFC,0.23529411764705882,475,169
B2_corrected,geommlp,proto,scan,0,f1_class::CHARGE Syndrome,0.16,475,169
B2_corrected,geommlp,proto,scan,0,f1_class::CdLS,0.0,475,169
B2_corrected,geommlp,proto,scan,0,f1_class::Cockayne Syndrome,0.18604651162790697,475,169
B2_corrected,geommlp,proto,scan,0,f1_class::Cohen Syndrome,0.125,475,169
B2_corrected,geommlp,proto,scan,0,f1_class::Costello Syndrome,0.0625,475,169
B2_corrected,geommlp,proto,scan,0,f1_class::Crouzon Syndrome,0.0,475,169
B2_corrected,geommlp,proto,scan,0,f1_class::Down Syndrome,0.0,475,169
B2_corrected,geommlp,proto,scan,0,f1_class::Ehlers-Danlos Syndrome,0.2641509433962264,475,169
B2_corrected,geommlp,proto,scan,0,"f1_class::Facial Dysmorphia, possibly genetic",0.0,475,169
B2_corrected,geommlp,proto,scan,0,f1_class::Jacobsen Syndrome,0.29411764705882354,475,169
B2_corrected,geommlp,proto,scan,0,f1_class::Joubert Syndrome,0.10810810810810811,475,169
B2_corrected,geommlp,proto,scan,0,f1_class::Loeys-Dietz Syndrome,0.0,475,169
B2_corrected,geommlp,proto,scan,0,f1_class::Marfan Syndrome,0.06451612903225806,475,169
B2_corrected,geommlp,proto,scan,0,f1_class::Mucopolysaccharidosis type IIIB (Sanfilippo B),0.08163265306122448,475,169
B2_corrected,geommlp,proto,scan,0,f1_class::Noonan Syndrome,0.27450980392156865,475,169
B2_corrected,geommlp,proto,scan,0,f1_class::Pallister-Killian Syndrome,0.27450980392156865,475,169
B2_corrected,geommlp,proto,scan,0,f1_class::Phelan McDermid Syndrome,0.1,475,169
B2_corrected,geommlp,proto,scan,0,f1_class::Pitt Hopkins,0.3076923076923077,475,169
B2_corrected,geommlp,proto,scan,0,f1_class::Rett Syndrome,0.0,475,169
B2_corrected,geommlp,proto,scan,0,f1_class::Rubinstein-Taybi Syndrome,0.0,475,169
B2_corrected,geommlp,proto,scan,0,f1_class::Smith-Lemli-Opitz,0.0,475,169
B2_corrected,geommlp,proto,scan,0,f1_class::Tetrasomy 18p,0.4,475,169
B2_corrected,geommlp,proto,scan,0,f1_class::Trisomy 18,0.3333333333333333,475,169
B2_corrected,geommlp,proto,scan,0,f1_class::Turner Syndrome,0.0,475,169
B2_corrected,geommlp,proto,scan,0,f1_class::Williams Syndrome,0.2857142857142857,475,169
B2_corrected,geommlp,proto,subject,0,accuracy,0.17159763313609466,169,169
B2_corrected,geommlp,proto,subject,0,macro_f1,0.1524418118704637,169,169
B2_corrected,geommlp,proto,subject,0,macro_auc,0.7891034630903255,169,169
B2_corrected,geommlp,proto,subject,0,f1_class::4p Deletion Wolff-Hirschhorn Syndrome,0.0,169,169
B2_corrected,geommlp,proto,subject,0,f1_class::5p-,0.0,169,169
B2_corrected,geommlp,proto,subject,0,f1_class::Achondroplasia,0.2222222222222222,169,169
B2_corrected,geommlp,proto,subject,0,f1_class::Angelman Syndrome,0.0,169,169
B2_corrected,geommlp,proto,subject,0,f1_class::Apert Syndrome,0.0,169,169
B2_corrected,geommlp,proto,subject,0,f1_class::Bohring-Opitz Syndrome,0.6666666666666666,169,169
B2_corrected,geommlp,proto,subject,0,f1_class::CDKL5,0.5,169,169
B2_corrected,geommlp,proto,subject,0,f1_class::CFC,0.25,169,169
B2_corrected,geommlp,proto,subject,0,f1_class::CHARGE Syndrome,0.18181818181818182,169,169
B2_corrected,geommlp,proto,subject,0,f1_class::CdLS,0.0,169,169
B2_corrected,geommlp,proto,subject,0,f1_class::Cockayne Syndrome,0.2222222222222222,169,169
B2_corrected,geommlp,proto,subject,0,f1_class::Cohen Syndrome,0.0,169,169
B2_corrected,geommlp,proto,subject,0,f1_class::Costello Syndrome,0.16666666666666666,169,169
B2_corrected,geommlp,proto,subject,0,f1_class::Crouzon Syndrome,0.0,169,169
B2_corrected,geommlp,proto,subject,0,f1_class::Down Syndrome,0.0,169,169
B2_corrected,geommlp,proto,subject,0,f1_class::Ehlers-Danlos Syndrome,0.3,169,169
B2_corrected,geommlp,proto,subject,0,"f1_class::Facial Dysmorphia, possibly genetic",0.0,169,169
B2_corrected,geommlp,proto,subject,0,f1_class::Jacobsen Syndrome,0.4444444444444444,169,169
B2_corrected,geommlp,proto,subject,0,f1_class::Joubert Syndrome,0.2,169,169
B2_corrected,geommlp,proto,subject,0,f1_class::Loeys-Dietz Syndrome,0.0,169,169
B2_corrected,geommlp,proto,subject,0,f1_class::Marfan Syndrome,0.0,169,169
B2_corrected,geommlp,proto,subject,0,f1_class::Mucopolysaccharidosis type IIIB (Sanfilippo B),0.0,169,169
B2_corrected,geommlp,proto,subject,0,f1_class::Noonan Syndrome,0.21052631578947367,169,169
B2_corrected,geommlp,proto,subject,0,f1_class::Pallister-Killian Syndrome,0.3,169,169
B2_corrected,geommlp,proto,subject,0,f1_class::Phelan McDermid Syndrome,0.23529411764705882,169,169
B2_corrected,geommlp,proto,subject,0,f1_class::Pitt Hopkins,0.3333333333333333,169,169
B2_corrected,geommlp,proto,subject,0,f1_class::Rett Syndrome,0.0,169,169
B2_corrected,geommlp,proto,subject,0,f1_class::Rubinstein-Taybi Syndrome,0.0,169,169
B2_corrected,geommlp,proto,subject,0,f1_class::Smith-Lemli-Opitz,0.0,169,169
B2_corrected,geommlp,proto,subject,0,f1_class::Tetrasomy 18p,0.0,169,169
B2_corrected,geommlp,proto,subject,0,f1_class::Trisomy 18,0.4444444444444444,169,169
B2_corrected,geommlp,proto,subject,0,f1_class::Turner Syndrome,0.0,169,169
B2_corrected,geommlp,proto,subject,0,f1_class::Williams Syndrome,0.35294117647058826,169,169
B2_corrected,geommlp,knn11,scan,0,accuracy,0.17473684210526316,475,169
B2_corrected,geommlp,knn11,scan,0,macro_f1,0.13736343336627865,475,169
B2_corrected,geommlp,knn11,scan,0,macro_auc,0.6860560652606227,475,169
B2_corrected,geommlp,knn11,scan,0,f1_class::4p Deletion Wolff-Hirschhorn Syndrome,0.14285714285714285,475,169
B2_corrected,geommlp,knn11,scan,0,f1_class::5p-,0.0,475,169
B2_corrected,geommlp,knn11,scan,0,f1_class::Achondroplasia,0.058823529411764705,475,169
B2_corrected,geommlp,knn11,scan,0,f1_class::Angelman Syndrome,0.08333333333333333,475,169
B2_corrected,geommlp,knn11,scan,0,f1_class::Apert Syndrome,0.0,475,169
B2_corrected,geommlp,knn11,scan,0,f1_class::Bohring-Opitz Syndrome,0.2857142857142857,475,169
B2_corrected,geommlp,knn11,scan,0,f1_class::CDKL5,0.15384615384615385,475,169
B2_corrected,geommlp,knn11,scan,0,f1_class::CFC,0.13793103448275862,475,169
B2_corrected,geommlp,knn11,scan,0,f1_class::CHARGE Syndrome,0.12903225806451613,475,169
B2_corrected,geommlp,knn11,scan,0,f1_class::CdLS,0.09523809523809523,475,169
B2_corrected,geommlp,knn11,scan,0,f1_class::Cockayne Syndrome,0.20512820512820512,475,169
B2_corrected,geommlp,knn11,scan,0,f1_class::Cohen Syndrome,0.15384615384615385,475,169
B2_corrected,geommlp,knn11,scan,0,f1_class::Costello Syndrome,0.09090909090909091,475,169
B2_corrected,geommlp,knn11,scan,0,f1_class::Crouzon Syndrome,0.0,475,169
B2_corrected,geommlp,knn11,scan,0,f1_class::Down Syndrome,0.17142857142857143,475,169
B2_corrected,geommlp,knn11,scan,0,f1_class::Ehlers-Danlos Syndrome,0.20833333333333334,475,169
B2_corrected,geommlp,knn11,scan,0,"f1_class::Facial Dysmorphia, possibly genetic",0.05,475,169
B2_corrected,geommlp,knn11,scan,0,f1_class::Jacobsen Syndrome,0.24390243902439024,475,169
B2_corrected,geommlp,knn11,scan,0,f1_class::Joubert Syndrome,0.08,475,169
B2_corrected,geommlp,knn11,scan,0,f1_class::Loeys-Dietz Syndrome,0.09523809523809523,475,169
B2_corrected,geommlp,knn11,scan,0,f1_class::Marfan Syndrome,0.3684210526315789,475,169
B2_corrected,geommlp,knn11,scan,0,f1_class::Mucopolysaccharidosis type IIIB (Sanfilippo B),0.0,475,169
B2_corrected,geommlp,knn11,scan,0,f1_class::Noonan Syndrome,0.17647058823529413,475,169
B2_corrected,geommlp,knn11,scan,0,f1_class::Pallister-Killian Syndrome,0.5,475,169
B2_corrected,geommlp,knn11,scan,0,f1_class::Phelan McDermid Syndrome,0.35294117647058826,475,169
B2_corrected,geommlp,knn11,scan,0,f1_class::Pitt Hopkins,0.25,475,169
B2_corrected,geommlp,knn11,scan,0,f1_class::Rett Syndrome,0.0,475,169
B2_corrected,geommlp,knn11,scan,0,f1_class::Rubinstein-Taybi Syndrome,0.18181818181818182,475,169
B2_corrected,geommlp,knn11,scan,0,f1_class::Smith-Lemli-Opitz,0.0,475,169
B2_corrected,geommlp,knn11,scan,0,f1_class::Tetrasomy 18p,0.0,475,169
B2_corrected,geommlp,knn11,scan,0,f1_class::Trisomy 18,0.15384615384615385,475,169
B2_corrected,geommlp,knn11,scan,0,f1_class::Turner Syndrome,0.0,475,169
B2_corrected,geommlp,knn11,scan,0,f1_class::Williams Syndrome,0.16393442622950818,475,169
B2_corrected,geommlp,knn11,subject,0,accuracy,0.16568047337278108,169,169
B2_corrected,geommlp,knn11,subject,0,macro_f1,0.11216441619903482,169,169
B2_corrected,geommlp,knn11,subject,0,macro_auc,0.7153284083919772,169,169
B2_corrected,geommlp,knn11,subject,0,f1_class::4p Deletion Wolff-Hirschhorn Syndrome,0.0,169,169
B2_corrected,geommlp,knn11,subject,0,f1_class::5p-,0.0,169,169
B2_corrected,geommlp,knn11,subject,0,f1_class::Achondroplasia,0.1111111111111111,169,169
B2_corrected,geommlp,knn11,subject,0,f1_class::Angelman Syndrome,0.2857142857142857,169,169
B2_corrected,geommlp,knn11,subject,0,f1_class::Apert Syndrome,0.0,169,169
B2_corrected,geommlp,knn11,subject,0,f1_class::Bohring-Opitz Syndrome,0.0,169,169
B2_corrected,geommlp,knn11,subject,0,f1_class::CDKL5,0.0,169,169
B2_corrected,geommlp,knn11,subject,0,f1_class::CFC,0.0,169,169
B2_corrected,geommlp,knn11,subject,0,f1_class::CHARGE Syndrome,0.0,169,169
B2_corrected,geommlp,knn11,subject,0,f1_class::CdLS,0.26666666666666666,169,169
B2_corrected,geommlp,knn11,subject,0,f1_class::Cockayne Syndrome,0.0,169,169
B2_corrected,geommlp,knn11,subject,0,f1_class::Cohen Syndrome,0.16666666666666666,169,169
B2_corrected,geommlp,knn11,subject,0,f1_class::Costello Syndrome,0.1111111111111111,169,169
B2_corrected,geommlp,knn11,subject,0,f1_class::Crouzon Syndrome,0.0,169,169
B2_corrected,geommlp,knn11,subject,0,f1_class::Down Syndrome,0.24,169,169
B2_corrected,geommlp,knn11,subject,0,f1_class::Ehlers-Danlos Syndrome,0.3157894736842105,169,169
B2_corrected,geommlp,knn11,subject,0,"f1_class::Facial Dysmorphia, possibly genetic",0.0,169,169
B2_corrected,geommlp,knn11,subject,0,f1_class::Jacobsen Syndrome,0.2222222222222222,169,169
B2_corrected,geommlp,knn11,subject,0,f1_class::Joubert Syndrome,0.2,169,169
B2_corrected,geommlp,knn11,subject,0,f1_class::Loeys-Dietz Syndrome,0.125,169,169
B2_corrected,geommlp,knn11,subject,0,f1_class::Marfan Syndrome,0.23529411764705882,169,169
B2_corrected,geommlp,knn11,subject,0,f1_class::Mucopolysaccharidosis type IIIB (Sanfilippo B),0.0,169,169
B2_corrected,geommlp,knn11,subject,0,f1_class::Noonan Syndrome,0.16666666666666666,169,169
B2_corrected,geommlp,knn11,subject,0,f1_class::Pallister-Killian Syndrome,0.6666666666666666,169,169
B2_corrected,geommlp,knn11,subject,0,f1_class::Phelan McDermid Syndrome,0.3157894736842105,169,169
B2_corrected,geommlp,knn11,subject,0,f1_class::Pitt Hopkins,0.0,169,169
B2_corrected,geommlp,knn11,subject,0,f1_class::Rett Syndrome,0.0,169,169
B2_corrected,geommlp,knn11,subject,0,f1_class::Rubinstein-Taybi Syndrome,0.0,169,169
B2_corrected,geommlp,knn11,subject,0,f1_class::Smith-Lemli-Opitz,0.0,169,169
B2_corrected,geommlp,knn11,subject,0,f1_class::Tetrasomy 18p,0.0,169,169
B2_corrected,geommlp,knn11,subject,0,f1_class::Trisomy 18,0.0,169,169
B2_corrected,geommlp,knn11,subject,0,f1_class::Turner Syndrome,0.0,169,169
B2_corrected,geommlp,knn11,subject,0,f1_class::Williams Syndrome,0.2727272727272727,169,169
B2_corrected,pointnet,softmax,scan,0,accuracy,0.14947368421052631,475,169
B2_corrected,pointnet,softmax,scan,0,macro_f1,0.1262383046071216,475,169
B2_corrected,pointnet,softmax,scan,0,macro_auc,0.8020553897857551,475,169
B2_corrected,pointnet,softmax,scan,0,f1_class::4p Deletion Wolff-Hirschhorn Syndrome,0.0,475,169
B2_corrected,pointnet,softmax,scan,0,f1_class::5p-,0.13333333333333333,475,169
B2_corrected,pointnet,softmax,scan,0,f1_class::Achondroplasia,0.16666666666666666,475,169
B2_corrected,pointnet,softmax,scan,0,f1_class::Angelman Syndrome,0.0,475,169
B2_corrected,pointnet,softmax,scan,0,f1_class::Apert Syndrome,0.0,475,169
B2_corrected,pointnet,softmax,scan,0,f1_class::Bohring-Opitz Syndrome,0.30303030303030304,475,169
B2_corrected,pointnet,softmax,scan,0,f1_class::CDKL5,0.0,475,169
B2_corrected,pointnet,softmax,scan,0,f1_class::CFC,0.358974358974359,475,169
B2_corrected,pointnet,softmax,scan,0,f1_class::CHARGE Syndrome,0.0,475,169
B2_corrected,pointnet,softmax,scan,0,f1_class::CdLS,0.0,475,169
B2_corrected,pointnet,softmax,scan,0,f1_class::Cockayne Syndrome,0.10526315789473684,475,169
B2_corrected,pointnet,softmax,scan,0,f1_class::Cohen Syndrome,0.38461538461538464,475,169
B2_corrected,pointnet,softmax,scan,0,f1_class::Costello Syndrome,0.23529411764705882,475,169
B2_corrected,pointnet,softmax,scan,0,f1_class::Crouzon Syndrome,0.0,475,169
B2_corrected,pointnet,softmax,scan,0,f1_class::Down Syndrome,0.0,475,169
B2_corrected,pointnet,softmax,scan,0,f1_class::Ehlers-Danlos Syndrome,0.26666666666666666,475,169
B2_corrected,pointnet,softmax,scan,0,"f1_class::Facial Dysmorphia, possibly genetic",0.0,475,169
B2_corrected,pointnet,softmax,scan,0,f1_class::Jacobsen Syndrome,0.16216216216216217,475,169
B2_corrected,pointnet,softmax,scan,0,f1_class::Joubert Syndrome,0.08888888888888889,475,169
B2_corrected,pointnet,softmax,scan,0,f1_class::Loeys-Dietz Syndrome,0.17777777777777778,475,169
B2_corrected,pointnet,softmax,scan,0,f1_class::Marfan Syndrome,0.14814814814814814,475,169
B2_corrected,pointnet,softmax,scan,0,f1_class::Mucopolysaccharidosis type IIIB (Sanfilippo B),0.0,475,169
B2_corrected,pointnet,softmax,scan,0,f1_class::Noonan Syndrome,0.25,475,169
B2_corrected,pointnet,softmax,scan,0,f1_class::Pallister-Killian Syndrome,0.2222222222222222,475,169
B2_corrected,pointnet,softmax,scan,0,f1_class::Phelan McDermid Syndrome,0.03389830508474576,475,169
B2_corrected,pointnet,softmax,scan,0,f1_class::Pitt Hopkins,0.24,475,169
B2_corrected,pointnet,softmax,scan,0,f1_class::Rett Syndrome,0.06060606060606061,475,169
B2_corrected,pointnet,softmax,scan,0,f1_class::Rubinstein-Taybi Syndrome,0.1111111111111111,475,169
B2_corrected,pointnet,softmax,scan,0,f1_class::Smith-Lemli-Opitz,0.0,475,169
B2_corrected,pointnet,softmax,scan,0,f1_class::Tetrasomy 18p,0.09090909090909091,475,169
B2_corrected,pointnet,softmax,scan,0,f1_class::Trisomy 18,0.2962962962962963,475,169
B2_corrected,pointnet,softmax,scan,0,f1_class::Turner Syndrome,0.05,475,169
B2_corrected,pointnet,softmax,scan,0,f1_class::Williams Syndrome,0.28,475,169
B2_corrected,pointnet,softmax,subject,0,accuracy,0.1834319526627219,169,169
B2_corrected,pointnet,softmax,subject,0,macro_f1,0.1429083734506382,169,169
B2_corrected,pointnet,softmax,subject,0,macro_auc,0.853967639717106,169,169
B2_corrected,pointnet,softmax,subject,0,f1_class::4p Deletion Wolff-Hirschhorn Syndrome,0.0,169,169
B2_corrected,pointnet,softmax,subject,0,f1_class::5p-,0.3333333333333333,169,169
B2_corrected,pointnet,softmax,subject,0,f1_class::Achondroplasia,0.3,169,169
B2_corrected,pointnet,softmax,subject,0,f1_class::Angelman Syndrome,0.0,169,169
B2_corrected,pointnet,softmax,subject,0,f1_class::Apert Syndrome,0.0,169,169
B2_corrected,pointnet,softmax,subject,0,f1_class::Bohring-Opitz Syndrome,0.3333333333333333,169,169
B2_corrected,pointnet,softmax,subject,0,f1_class::CDKL5,0.0,169,169
B2_corrected,pointnet,softmax,subject,0,f1_class::CFC,0.4444444444444444,169,169
B2_corrected,pointnet,softmax,subject,0,f1_class::CHARGE Syndrome,0.0,169,169
B2_corrected,pointnet,softmax,subject,0,f1_class::CdLS,0.0,169,169
B2_corrected,pointnet,softmax,subject,0,f1_class::Cockayne Syndrome,0.2222222222222222,169,169
B2_corrected,pointnet,softmax,subject,0,f1_class::Cohen Syndrome,0.25,169,169
B2_corrected,pointnet,softmax,subject,0,f1_class::Costello Syndrome,0.16666666666666666,169,169
B2_corrected,pointnet,softmax,subject,0,f1_class::Crouzon Syndrome,0.0,169,169
B2_corrected,pointnet,softmax,subject,0,f1_class::Down Syndrome,0.0,169,169
B2_corrected,pointnet,softmax,subject,0,f1_class::Ehlers-Danlos Syndrome,0.3333333333333333,169,169
B2_corrected,pointnet,softmax,subject,0,"f1_class::Facial Dysmorphia, possibly genetic",0.0,169,169
B2_corrected,pointnet,softmax,subject,0,f1_class::Jacobsen Syndrome,0.36363636363636365,169,169
B2_corrected,pointnet,softmax,subject,0,f1_class::Joubert Syndrome,0.0,169,169
B2_corrected,pointnet,softmax,subject,0,f1_class::Loeys-Dietz Syndrome,0.2962962962962963,169,169
B2_corrected,pointnet,softmax,subject,0,f1_class::Marfan Syndrome,0.15384615384615385,169,169
B2_corrected,pointnet,softmax,subject,0,f1_class::Mucopolysaccharidosis type IIIB (Sanfilippo B),0.0,169,169
B2_corrected,pointnet,softmax,subject,0,f1_class::Noonan Syndrome,0.36363636363636365,169,169
B2_corrected,pointnet,softmax,subject,0,f1_class::Pallister-Killian Syndrome,0.0,169,169
B2_corrected,pointnet,softmax,subject,0,f1_class::Phelan McDermid Syndrome,0.16666666666666666,169,169
B2_corrected,pointnet,softmax,subject,0,f1_class::Pitt Hopkins,0.2222222222222222,169,169
B2_corrected,pointnet,softmax,subject,0,f1_class::Rett Syndrome,0.14285714285714285,169,169
B2_corrected,pointnet,softmax,subject,0,f1_class::Rubinstein-Taybi Syndrome,0.0,169,169
B2_corrected,pointnet,softmax,subject,0,f1_class::Smith-Lemli-Opitz,0.0,169,169
B2_corrected,pointnet,softmax,subject,0,f1_class::Tetrasomy 18p,0.0,169,169
B2_corrected,pointnet,softmax,subject,0,f1_class::Trisomy 18,0.3076923076923077,169,169
B2_corrected,pointnet,softmax,subject,0,f1_class::Turner Syndrome,0.0,169,169
B2_corrected,pointnet,softmax,subject,0,f1_class::Williams Syndrome,0.3157894736842105,169,169
B2_corrected,pointnet,proto,scan,0,accuracy,0.1431578947368421,475,169
B2_corrected,pointnet,proto,scan,0,macro_f1,0.1228643401071846,475,169
B2_corrected,pointnet,proto,scan,0,macro_auc,0.7788134998192023,475,169
B2_corrected,pointnet,proto,scan,0,f1_class::4p Deletion Wolff-Hirschhorn Syndrome,0.09523809523809523,475,169
B2_corrected,pointnet,proto,scan,0,f1_class::5p-,0.08,475,169
B2_corrected,pointnet,proto,scan,0,f1_class::Achondroplasia,0.17142857142857143,475,169
B2_corrected,pointnet,proto,scan,0,f1_class::Angelman Syndrome,0.0,475,169
B2_corrected,pointnet,proto,scan,0,f1_class::Apert Syndrome,0.0,475,169
B2_corrected,pointnet,proto,scan,0,f1_class::Bohring-Opitz Syndrome,0.25806451612903225,475,169
B2_corrected,pointnet,proto,scan,0,f1_class::CDKL5,0.0,475,169
B2_corrected,pointnet,proto,scan,0,f1_class::CFC,0.4,475,169
B2_corrected,pointnet,proto,scan,0,f1_class::CHARGE Syndrome,0.0,475,169
B2_corrected,pointnet,proto,scan,0,f1_class::CdLS,0.0,475,169
B2_corrected,pointnet,proto,scan,0,f1_class::Cockayne Syndrome,0.13333333333333333,475,169
B2_corrected,pointnet,proto,scan,0,f1_class::Cohen Syndrome,0.3448275862068966,475,169
B2_corrected,pointnet,proto,scan,0,f1_class::Costello Syndrome,0.2222222222222222,475,169
B2_corrected,pointnet,proto,scan,0,f1_class::Crouzon Syndrome,0.0,475,169
B2_corrected,pointnet,proto,scan,0,f1_class::Down Syndrome,0.0,475,169
B2_corrected,pointnet,proto,scan,0,f1_class::Ehlers-Danlos Syndrome,0.2727272727272727,475,169
B2_corrected,pointnet,proto,scan,0,"f1_class::Facial Dysmorphia, possibly genetic",0.0,475,169
B2_corrected,pointnet,proto,scan,0,f1_class::Jacobsen Syndrome,0.13333333333333333,475,169
B2_corrected,pointnet,proto,scan,0,f1_class::Joubert Syndrome,0.05128205128205128,475,169
B2_corrected,pointnet,proto,scan,0,f1_class::Loeys-Dietz Syndrome,0.15789473684210525,475,169
B2_corrected,pointnet,proto,scan,0,f1_class::Marfan Syndrome,0.0,475,169
B2_corrected,pointnet,proto,scan,0,f1_class::Mucopolysaccharidosis type IIIB (Sanfilippo B),0.0,475,169
B2_corrected,pointnet,proto,scan,0,f1_class::Noonan Syndrome,0.22857142857142856,475,169
B2_corrected,pointnet,proto,scan,0,f1_class::Pallister-Killian Syndrome,0.13333333333333333,475,169
B2_corrected,pointnet,proto,scan,0,f1_class::Phelan McDermid Syndrome,0.11764705882352941,475,169
B2_corrected,pointnet,proto,scan,0,f1_class::Pitt Hopkins,0.27586206896551724,475,169
B2_corrected,pointnet,proto,scan,0,f1_class::Rett Syndrome,0.06451612903225806,475,169
B2_corrected,pointnet,proto,scan,0,f1_class::Rubinstein-Taybi Syndrome,0.23529411764705882,475,169
B2_corrected,pointnet,proto,scan,0,f1_class::Smith-Lemli-Opitz,0.0,475,169
B2_corrected,pointnet,proto,scan,0,f1_class::Tetrasomy 18p,0.1,475,169
B2_corrected,pointnet,proto,scan,0,f1_class::Trisomy 18,0.3333333333333333,475,169
B2_corrected,pointnet,proto,scan,0,f1_class::Turner Syndrome,0.0,475,169
B2_corrected,pointnet,proto,scan,0,f1_class::Williams Syndrome,0.24561403508771928,475,169
B2_corrected,pointnet,proto,subject,0,accuracy,0.17159763313609466,169,169
B2_corrected,pointnet,proto,subject,0,macro_f1,0.1465854815657187,169,169
B2_corrected,pointnet,proto,subject,0,macro_auc,0.8144275815423413,169,169
B2_corrected,pointnet,proto,subject,0,f1_class::4p Deletion Wolff-Hirschhorn Syndrome,0.0,169,169
B2_corrected,pointnet,proto,subject,0,f1_class::5p-,0.0,169,169
B2_corrected,pointnet,proto,subject,0,f1_class::Achondroplasia,0.2608695652173913,169,169
B2_corrected,pointnet,proto,subject,0,f1_class::Angelman Syndrome,0.0,169,169
B2_corrected,pointnet,proto,subject,0,f1_class::Apert Syndrome,0.0,169,169
B2_corrected,pointnet,proto,subject,0,f1_class::Bohring-Opitz Syndrome,0.5,169,169
B2_corrected,pointnet,proto,subject,0,f1_class::CDKL5,0.0,169,169
B2_corrected,pointnet,proto,subject,0,f1_class::CFC,0.5714285714285714,169,169
B2_corrected,pointnet,proto,subject,0,f1_class::CHARGE Syndrome,0.125,169,169
B2_corrected,pointnet,proto,subject,0,f1_class::CdLS,0.0,169,169
B2_corrected,pointnet,proto,subject,0,f1_class::Cockayne Syndrome,0.2,169,169
B2_corrected,pointnet,proto,subject,0,f1_class::Cohen Syndrome,0.4444444444444444,169,169
B2_corrected,pointnet,proto,subject,0,f1_class::Costello Syndrome,0.3076923076923077,169,169
B2_corrected,pointnet,proto,subject,0,f1_class::Crouzon Syndrome,0.0,169,169
B2_corrected,pointnet,proto,subject,0,f1_class::Down Syndrome,0.0,169,169
B2_corrected,pointnet,proto,subject,0,f1_class::Ehlers-Danlos Syndrome,0.375,169,169
B2_corrected,pointnet,proto,subject,0,"f1_class::Facial Dysmorphia, possibly genetic",0.0,169,169
B2_corrected,pointnet,proto,subject,0,f1_class::Jacobsen Syndrome,0.2,169,169
B2_corrected,pointnet,proto,subject,0,f1_class::Joubert Syndrome,0.0,169,169
B2_corrected,pointnet,proto,subject,0,f1_class::Loeys-Dietz Syndrome,0.25,169,169
B2_corrected,pointnet,proto,subject,0,f1_class::Marfan Syndrome,0.0,169,169
B2_corrected,pointnet,proto,subject,0,f1_class::Mucopolysaccharidosis type IIIB (Sanfilippo B),0.0,169,169
B2_corrected,pointnet,proto,subject,0,f1_class::Noonan Syndrome,0.2,169,169
B2_corrected,pointnet,proto,subject,0,f1_class::Pallister-Killian Syndrome,0.0,169,169
B2_corrected,pointnet,proto,subject,0,f1_class::Phelan McDermid Syndrome,0.2857142857142857,169,169
B2_corrected,pointnet,proto,subject,0,f1_class::Pitt Hopkins,0.4444444444444444,169,169
B2_corrected,pointnet,proto,subject,0,f1_class::Rett Syndrome,0.0,169,169
B2_corrected,pointnet,proto,subject,0,f1_class::Rubinstein-Taybi Syndrome,0.0,169,169
B2_corrected,pointnet,proto,subject,0,f1_class::Smith-Lemli-Opitz,0.0,169,169
B2_corrected,pointnet,proto,subject,0,f1_class::Tetrasomy 18p,0.0,169,169
B2_corrected,pointnet,proto,subject,0,f1_class::Trisomy 18,0.4,169,169
B2_corrected,pointnet,proto,subject,0,f1_class::Turner Syndrome,0.0,169,169
B2_corrected,pointnet,proto,subject,0,f1_class::Williams Syndrome,0.2727272727272727,169,169
B2_corrected,pointnet,knn11,scan,0,accuracy,0.19789473684210526,475,169
B2_corrected,pointnet,knn11,scan,0,macro_f1,0.16401936869950434,475,169
B2_corrected,pointnet,knn11,scan,0,macro_auc,0.7328200653964072,475,169
B2_corrected,pointnet,knn11,scan,0,f1_class::4p Deletion Wolff-Hirschhorn Syndrome,0.0,475,169
B2_corrected,pointnet,knn11,scan,0,f1_class::5p-,0.21052631578947367,475,169
B2_corrected,pointnet,knn11,scan,0,f1_class::Achondroplasia,0.15384615384615385,475,169
B2_corrected,pointnet,knn11,scan,0,f1_class::Angelman Syndrome,0.0,475,169
B2_corrected,pointnet,knn11,scan,0,f1_class::Apert Syndrome,0.2,475,169
B2_corrected,pointnet,knn11,scan,0,f1_class::Bohring-Opitz Syndrome,0.35294117647058826,475,169
B2_corrected,pointnet,knn11,scan,0,f1_class::CDKL5,0.0,475,169
B2_corrected,pointnet,knn11,scan,0,f1_class::CFC,0.16666666666666666,475,169
B2_corrected,pointnet,knn11,scan,0,f1_class::CHARGE Syndrome,0.06666666666666667,475,169
B2_corrected,pointnet,knn11,scan,0,f1_class::CdLS,0.15384615384615385,475,169
B2_corrected,pointnet,knn11,scan,0,f1_class::Cockayne Syndrome,0.25,475,169
B2_corrected,pointnet,knn11,scan,0,f1_class::Cohen Syndrome,0.11764705882352941,475,169
B2_corrected,pointnet,knn11,scan,0,f1_class::Costello Syndrome,0.13043478260869565,475,169
B2_corrected,pointnet,knn11,scan,0,f1_class::Crouzon Syndrome,0.0,475,169
B2_corrected,pointnet,knn11,scan,0,f1_class::Down Syndrome,0.10526315789473684,475,169
B2_corrected,pointnet,knn11,scan,0,f1_class::Ehlers-Danlos Syndrome,0.27586206896551724,475,169
B2_corrected,pointnet,knn11,scan,0,"f1_class::Facial Dysmorphia, possibly genetic",0.09523809523809523,475,169
B2_corrected,pointnet,knn11,scan,0,f1_class::Jacobsen Syndrome,0.23076923076923078,475,169
B2_corrected,pointnet,knn11,scan,0,f1_class::Joubert Syndrome,0.1111111111111111,475,169
B2_corrected,pointnet,knn11,scan,0,f1_class::Loeys-Dietz Syndrome,0.24,475,169
B2_corrected,pointnet,knn11,scan,0,f1_class::Marfan Syndrome,0.058823529411764705,475,169
B2_corrected,pointnet,knn11,scan,0,f1_class::Mucopolysaccharidosis type IIIB (Sanfilippo B),0.0,475,169
B2_corrected,pointnet,knn11,scan,0,f1_class::Noonan Syndrome,0.15,475,169
B2_corrected,pointnet,knn11,scan,0,f1_class::Pallister-Killian Syndrome,0.14814814814814814,475,169
B2_corrected,pointnet,knn11,scan,0,f1_class::Phelan McDermid Syndrome,0.4727272727272727,475,169
B2_corrected,pointnet,knn11,scan,0,f1_class::Pitt Hopkins,0.43478260869565216,475,169
B2_corrected,pointnet,knn11,scan,0,f1_class::Rett Syndrome,0.1875,475,169
B2_corrected,pointnet,knn11,scan,0,f1_class::Rubinstein-Taybi Syndrome,0.16666666666666666,475,169
B2_corrected,pointnet,knn11,scan,0,f1_class::Smith-Lemli-Opitz,0.0,475,169
B2_corrected,pointnet,knn11,scan,0,f1_class::Tetrasomy 18p,0.17391304347826086,475,169
B2_corrected,pointnet,knn11,scan,0,f1_class::Trisomy 18,0.5,475,169
B2_corrected,pointnet,knn11,scan,0,f1_class::Turner Syndrome,0.0,475,169
B2_corrected,pointnet,knn11,scan,0,f1_class::Williams Syndrome,0.25925925925925924,475,169
B2_corrected,pointnet,knn11,subject,0,accuracy,0.1893491124260355,169,169
B2_corrected,pointnet,knn11,subject,0,macro_f1,0.1469526512307261,169,169
B2_corrected,pointnet,knn11,subject,0,macro_auc,0.7750053915237769,169,169
B2_corrected,pointnet,knn11,subject,0,f1_class::4p Deletion Wolff-Hirschhorn Syndrome,0.0,169,169
B2_corrected,pointnet,knn11,subject,0,f1_class::5p-,0.5,169,169
B2_corrected,pointnet,knn11,subject,0,f1_class::Achondroplasia,0.25,169,169
B2_corrected,pointnet,knn11,subject,0,f1_class::Angelman Syndrome,0.0,169,169
B2_corrected,pointnet,knn11,subject,0,f1_class::Apert Syndrome,0.0,169,169
B2_corrected,pointnet,knn11,subject,0,f1_class::Bohring-Opitz Syndrome,0.0,169,169
B2_corrected,pointnet,knn11,subject,0,f1_class::CDKL5,0.0,169,169
B2_corrected,pointnet,knn11,subject,0,f1_class::CFC,0.2222222222222222,169,169
B2_corrected,pointnet,knn11,subject,0,f1_class::CHARGE Syndrome,0.0,169,169
B2_corrected,pointnet,knn11,subject,0,f1_class::CdLS,0.11764705882352941,169,169
B2_corrected,pointnet,knn11,subject,0,f1_class::Cockayne Syndrome,0.0,169,169
B2_corrected,pointnet,knn11,subject,0,f1_class::Cohen Syndrome,0.25,169,169
B2_corrected,pointnet,knn11,subject,0,f1_class::Costello Syndrome,0.13333333333333333,169,169
B2_corrected,pointnet,knn11,subject,0,f1_class::Crouzon Syndrome,0.0,169,169
B2_corrected,pointnet,knn11,subject,0,f1_class::Down Syndrome,0.15384615384615385,169,169
B2_corrected,pointnet,knn11,subject,0,f1_class::Ehlers-Danlos Syndrome,0.36363636363636365,169,169
B2_corrected,pointnet,knn11,subject,0,"f1_class::Facial Dysmorphia, possibly genetic",0.0,169,169
B2_corrected,pointnet,knn11,subject,0,f1_class::Jacobsen Syndrome,0.0,169,169
B2_corrected,pointnet,knn11,subject,0,f1_class::Joubert Syndrome,0.0,169,169
B2_corrected,pointnet,knn11,subject,0,f1_class::Loeys-Dietz Syndrome,0.4,169,169
B2_corrected,pointnet,knn11,subject,0,f1_class::Marfan Syndrome,0.13333333333333333,169,169
B2_corrected,pointnet,knn11,subject,0,f1_class::Mucopolysaccharidosis type IIIB (Sanfilippo B),0.0,169,169
B2_corrected,pointnet,knn11,subject,0,f1_class::Noonan Syndrome,0.2857142857142857,169,169
B2_corrected,pointnet,knn11,subject,0,f1_class::Pallister-Killian Syndrome,0.36363636363636365,169,169
B2_corrected,pointnet,knn11,subject,0,f1_class::Phelan McDermid Syndrome,0.5555555555555556,169,169
B2_corrected,pointnet,knn11,subject,0,f1_class::Pitt Hopkins,0.6666666666666666,169,169
B2_corrected,pointnet,knn11,subject,0,f1_class::Rett Syndrome,0.15384615384615385,169,169
B2_corrected,pointnet,knn11,subject,0,f1_class::Rubinstein-Taybi Syndrome,0.0,169,169
B2_corrected,pointnet,knn11,subject,0,f1_class::Smith-Lemli-Opitz,0.0,169,169
B2_corrected,pointnet,knn11,subject,0,f1_class::Tetrasomy 18p,0.0,169,169
B2_corrected,pointnet,knn11,subject,0,f1_class::Trisomy 18,0.0,169,169
B2_corrected,pointnet,knn11,subject,0,f1_class::Turner Syndrome,0.0,169,169
B2_corrected,pointnet,knn11,subject,0,f1_class::Williams Syndrome,0.3,169,169
B2_corrected,dgcnn,softmax,scan,0,accuracy,0.22526315789473683,475,169
B2_corrected,dgcnn,softmax,scan,0,macro_f1,0.20322947745589534,475,169
B2_corrected,dgcnn,softmax,scan,0,macro_auc,0.8532582120421238,475,169
B2_corrected,dgcnn,softmax,scan,0,f1_class::4p Deletion Wolff-Hirschhorn Syndrome,0.0,475,169
B2_corrected,dgcnn,softmax,scan,0,f1_class::5p-,0.46153846153846156,475,169
B2_corrected,dgcnn,softmax,scan,0,f1_class::Achondroplasia,0.42105263157894735,475,169
B2_corrected,dgcnn,softmax,scan,0,f1_class::Angelman Syndrome,0.0,475,169
B2_corrected,dgcnn,softmax,scan,0,f1_class::Apert Syndrome,0.2222222222222222,475,169
B2_corrected,dgcnn,softmax,scan,0,f1_class::Bohring-Opitz Syndrome,0.4166666666666667,475,169
B2_corrected,dgcnn,softmax,scan,0,f1_class::CDKL5,0.0,475,169
B2_corrected,dgcnn,softmax,scan,0,f1_class::CFC,0.24390243902439024,475,169
B2_corrected,dgcnn,softmax,scan,0,f1_class::CHARGE Syndrome,0.0,475,169
B2_corrected,dgcnn,softmax,scan,0,f1_class::CdLS,0.0,475,169
B2_corrected,dgcnn,softmax,scan,0,f1_class::Cockayne Syndrome,0.4827586206896552,475,169
B2_corrected,dgcnn,softmax,scan,0,f1_class::Cohen Syndrome,0.30303030303030304,475,169
B2_corrected,dgcnn,softmax,scan,0,f1_class::Costello Syndrome,0.13793103448275862,475,169
B2_corrected,dgcnn,softmax,scan,0,f1_class::Crouzon Syndrome,0.0,475,169
B2_corrected,dgcnn,softmax,scan,0,f1_class::Down Syndrome,0.4375,475,169
B2_corrected,dgcnn,softmax,scan,0,f1_class::Ehlers-Danlos Syndrome,0.2,475,169
B2_corrected,dgcnn,softmax,scan,0,"f1_class::Facial Dysmorphia, possibly genetic",0.05405405405405406,475,169
B2_corrected,dgcnn,softmax,scan,0,f1_class::Jacobsen Syndrome,0.29411764705882354,475,169
B2_corrected,dgcnn,softmax,scan,0,f1_class::Joubert Syndrome,0.27906976744186046,475,169
B2_corrected,dgcnn,softmax,scan,0,f1_class::Loeys-Dietz Syndrome,0.4,475,169
B2_corrected,dgcnn,softmax,scan,0,f1_class::Marfan Syndrome,0.08695652173913043,475,169
B2_corrected,dgcnn,softmax,scan,0,f1_class::Mucopolysaccharidosis type IIIB (Sanfilippo B),0.0,475,169
B2_corrected,dgcnn,softmax,scan,0,f1_class::Noonan Syndrome,0.47058823529411764,475,169
B2_corrected,dgcnn,softmax,scan,0,f1_class::Pallister-Killian Syndrome,0.2641509433962264,475,169
B2_corrected,dgcnn,softmax,scan,0,f1_class::Phelan McDermid Syndrome,0.22535211267605634,475,169
B2_corrected,dgcnn,softmax,scan,0,f1_class::Pitt Hopkins,0.2608695652173913,475,169
B2_corrected,dgcnn,softmax,scan,0,f1_class::Rett Syndrome,0.0,475,169
B2_corrected,dgcnn,softmax,scan,0,f1_class::Rubinstein-Taybi Syndrome,0.2,475,169
B2_corrected,dgcnn,softmax,scan,0,f1_class::Smith-Lemli-Opitz,0.09090909090909091,475,169
B2_corrected,dgcnn,softmax,scan,0,f1_class::Tetrasomy 18p,0.16,475,169
B2_corrected,dgcnn,softmax,scan,0,f1_class::Trisomy 18,0.25,475,169
B2_corrected,dgcnn,softmax,scan,0,f1_class::Turner Syndrome,0.1,475,169
B2_corrected,dgcnn,softmax,scan,0,f1_class::Williams Syndrome,0.24390243902439024,475,169
B2_corrected,dgcnn,softmax,subject,0,accuracy,0.34911242603550297,169,169
B2_corrected,dgcnn,softmax,subject,0,macro_f1,0.2725413357126912,169,169
B2_corrected,dgcnn,softmax,subject,0,macro_auc,0.9006878964899896,169,169
B2_corrected,dgcnn,softmax,subject,0,f1_class::4p Deletion Wolff-Hirschhorn Syndrome,0.0,169,169
B2_corrected,dgcnn,softmax,subject,0,f1_class::5p-,0.3333333333333333,169,169
B2_corrected,dgcnn,softmax,subject,0,f1_class::Achondroplasia,0.6086956521739131,169,169
B2_corrected,dgcnn,softmax,subject,0,f1_class::Angelman Syndrome,0.0,169,169
B2_corrected,dgcnn,softmax,subject,0,f1_class::Apert Syndrome,0.6666666666666666,169,169
B2_corrected,dgcnn,softmax,subject,0,f1_class::Bohring-Opitz Syndrome,0.5,169,169
B2_corrected,dgcnn,softmax,subject,0,f1_class::CDKL5,0.0,169,169
B2_corrected,dgcnn,softmax,subject,0,f1_class::CFC,0.3076923076923077,169,169
B2_corrected,dgcnn,softmax,subject,0,f1_class::CHARGE Syndrome,0.0,169,169
B2_corrected,dgcnn,softmax,subject,0,f1_class::CdLS,0.0,169,169
B2_corrected,dgcnn,softmax,subject,0,f1_class::Cockayne Syndrome,0.6666666666666666,169,169
B2_corrected,dgcnn,softmax,subject,0,f1_class::Cohen Syndrome,0.2222222222222222,169,169
B2_corrected,dgcnn,softmax,subject,0,f1_class::Costello Syndrome,0.2222222222222222,169,169
B2_corrected,dgcnn,softmax,subject,0,f1_class::Crouzon Syndrome,0.0,169,169
B2_corrected,dgcnn,softmax,subject,0,f1_class::Down Syndrome,0.7,169,169
B2_corrected,dgcnn,softmax,subject,0,f1_class::Ehlers-Danlos Syndrome,0.4,169,169
B2_corrected,dgcnn,softmax,subject,0,"f1_class::Facial Dysmorphia, possibly genetic",0.11764705882352941,169,169
B2_corrected,dgcnn,softmax,subject,0,f1_class::Jacobsen Syndrome,0.4,169,169
B2_corrected,dgcnn,softmax,subject,0,f1_class::Joubert Syndrome,0.5,169,169
B2_corrected,dgcnn,softmax,subject,0,f1_class::Loeys-Dietz Syndrome,0.6153846153846154,169,169
B2_corrected,dgcnn,softmax,subject,0,f1_class::Marfan Syndrome,0.2,169,169
B2_corrected,dgcnn,softmax,subject,0,f1_class::Mucopolysaccharidosis type IIIB (Sanfilippo B),0.0,169,169
B2_corrected,dgcnn,softmax,subject,0,f1_class::Noonan Syndrome,0.3333333333333333,169,169
B2_corrected,dgcnn,softmax,subject,0,f1_class::Pallister-Killian Syndrome,0.4,169,169
B2_corrected,dgcnn,softmax,subject,0,f1_class::Phelan McDermid Syndrome,0.4,169,169
B2_corrected,dgcnn,softmax,subject,0,f1_class::Pitt Hopkins,0.5,169,169
B2_corrected,dgcnn,softmax,subject,0,f1_class::Rett Syndrome,0.0,169,169
B2_corrected,dgcnn,softmax,subject,0,f1_class::Rubinstein-Taybi Syndrome,0.0,169,169
B2_corrected,dgcnn,softmax,subject,0,f1_class::Smith-Lemli-Opitz,0.4,169,169
B2_corrected,dgcnn,softmax,subject,0,f1_class::Tetrasomy 18p,0.0,169,169
B2_corrected,dgcnn,softmax,subject,0,f1_class::Trisomy 18,0.3333333333333333,169,169
B2_corrected,dgcnn,softmax,subject,0,f1_class::Turner Syndrome,0.0,169,169
B2_corrected,dgcnn,softmax,subject,0,f1_class::Williams Syndrome,0.16666666666666666,169,169
B2_corrected,dgcnn,proto,scan,0,accuracy,0.25473684210526315,475,169
B2_corrected,dgcnn,proto,scan,0,macro_f1,0.21503498305397117,475,169
B2_corrected,dgcnn,proto,scan,0,macro_auc,0.8426810790513573,475,169
B2_corrected,dgcnn,proto,scan,0,f1_class::4p Deletion Wolff-Hirschhorn Syndrome,0.0,475,169
B2_corrected,dgcnn,proto,scan,0,f1_class::5p-,0.3333333333333333,475,169
B2_corrected,dgcnn,proto,scan,0,f1_class::Achondroplasia,0.48,475,169
B2_corrected,dgcnn,proto,scan,0,f1_class::Angelman Syndrome,0.10526315789473684,475,169
B2_corrected,dgcnn,proto,scan,0,f1_class::Apert Syndrome,0.0,475,169
B2_corrected,dgcnn,proto,scan,0,f1_class::Bohring-Opitz Syndrome,0.3225806451612903,475,169
B2_corrected,dgcnn,proto,scan,0,f1_class::CDKL5,0.0,475,169
B2_corrected,dgcnn,proto,scan,0,f1_class::CFC,0.1,475,169
B2_corrected,dgcnn,proto,scan,0,f1_class::CHARGE Syndrome,0.13793103448275862,475,169
B2_corrected,dgcnn,proto,scan,0,f1_class::CdLS,0.0,475,169
B2_corrected,dgcnn,proto,scan,0,f1_class::Cockayne Syndrome,0.3783783783783784,475,169
B2_corrected,dgcnn,proto,scan,0,f1_class::Cohen Syndrome,0.20689655172413793,475,169
B2_corrected,dgcnn,proto,scan,0,f1_class::Costello Syndrome,0.11764705882352941,475,169
B2_corrected,dgcnn,proto,scan,0,f1_class::Crouzon Syndrome,0.0,475,169
B2_corrected,dgcnn,proto,scan,0,f1_class::Down Syndrome,0.5,475,169
B2_corrected,dgcnn,proto,scan,0,f1_class::Ehlers-Danlos Syndrome,0.3225806451612903,475,169
B2_corrected,dgcnn,proto,scan,0,"f1_class::Facial Dysmorphia, possibly genetic",0.17647058823529413,475,169
B2_corrected,dgcnn,proto,scan,0,f1_class::Jacobsen Syndrome,0.3783783783783784,475,169
B2_corrected,dgcnn,proto,scan,0,f1_class::Joubert Syndrome,0.16216216216216217,475,169
B2_corrected,dgcnn,proto,scan,0,f1_class::Loeys-Dietz Syndrome,0.10526315789473684,475,169
B2_corrected,dgcnn,proto,scan,0,f1_class::Marfan Syndrome,0.4,475,169
B2_corrected,dgcnn,proto,scan,0,f1_class::Mucopolysaccharidosis type IIIB (Sanfilippo B),0.0,475,169
B2_corrected,dgcnn,proto,scan,0,f1_class::Noonan Syndrome,0.3333333333333333,475,169
B2_corrected,dgcnn,proto,scan,0,f1_class::Pallister-Killian Syndrome,0.26666666666666666,475,169
B2_corrected,dgcnn,proto,scan,0,f1_class::Phelan McDermid Syndrome,0.35443037974683544,475,169
B2_corrected,dgcnn,proto,scan,0,f1_class::Pitt Hopkins,0.24,475,169
B2_corrected,dgcnn,proto,scan,0,f1_class::Rett Syndrome,0.14814814814814814,475,169
B2_corrected,dgcnn,proto,scan,0,f1_class::Rubinstein-Taybi Syndrome,0.16666666666666666,475,169
B2_corrected,dgcnn,proto,scan,0,f1_class::Smith-Lemli-Opitz,0.375,475,169
B2_corrected,dgcnn,proto,scan,0,f1_class::Tetrasomy 18p,0.4444444444444444,475,169
B2_corrected,dgcnn,proto,scan,0,f1_class::Trisomy 18,0.17391304347826086,475,169
B2_corrected,dgcnn,proto,scan,0,f1_class::Turner Syndrome,0.0,475,169
B2_corrected,dgcnn,proto,scan,0,f1_class::Williams Syndrome,0.36666666666666664,475,169
B2_corrected,dgcnn,proto,subject,0,accuracy,0.3668639053254438,169,169
B2_corrected,dgcnn,proto,subject,0,macro_f1,0.32561435560544294,169,169
B2_corrected,dgcnn,proto,subject,0,macro_auc,0.9003378224601585,169,169
B2_corrected,dgcnn,proto,subject,0,f1_class::4p Deletion Wolff-Hirschhorn Syndrome,0.0,169,169
B2_corrected,dgcnn,proto,subject,0,f1_class::5p-,0.5,169,169
B2_corrected,dgcnn,proto,subject,0,f1_class::Achondroplasia,0.75,169,169
B2_corrected,dgcnn,proto,subject,0,f1_class::Angelman Syndrome,0.3333333333333333,169,169
B2_corrected,dgcnn,proto,subject,0,f1_class::Apert Syndrome,0.0,169,169
B2_corrected,dgcnn,proto,subject,0,f1_class::Bohring-Opitz Syndrome,0.4,169,169
B2_corrected,dgcnn,proto,subject,0,f1_class::CDKL5,0.0,169,169
B2_corrected,dgcnn,proto,subject,0,f1_class::CFC,0.3333333333333333,169,169
B2_corrected,dgcnn,proto,subject,0,f1_class::CHARGE Syndrome,0.15384615384615385,169,169
B2_corrected,dgcnn,proto,subject,0,f1_class::CdLS,0.125,169,169
B2_corrected,dgcnn,proto,subject,0,f1_class::Cockayne Syndrome,0.4,169,169
B2_corrected,dgcnn,proto,subject,0,f1_class::Cohen Syndrome,0.5714285714285714,169,169
B2_corrected,dgcnn,proto,subject,0,f1_class::Costello Syndrome,0.16666666666666666,169,169
B2_corrected,dgcnn,proto,subject,0,f1_class::Crouzon Syndrome,0.0,169,169
B2_corrected,dgcnn,proto,subject,0,f1_class::Down Syndrome,0.5925925925925926,169,169
B2_corrected,dgcnn,proto,subject,0,f1_class::Ehlers-Danlos Syndrome,0.5,169,169
B2_corrected,dgcnn,proto,subject,0,"f1_class::Facial Dysmorphia, possibly genetic",0.23529411764705882,169,169
B2_corrected,dgcnn,proto,subject,0,f1_class::Jacobsen Syndrome,0.5,169,169
B2_corrected,dgcnn,proto,subject,0,f1_class::Joubert Syndrome,0.23529411764705882,169,169
B2_corrected,dgcnn,proto,subject,0,f1_class::Loeys-Dietz Syndrome,0.18181818181818182,169,169
B2_corrected,dgcnn,proto,subject,0,f1_class::Marfan Syndrome,0.6,169,169
B2_corrected,dgcnn,proto,subject,0,f1_class::Mucopolysaccharidosis type IIIB (Sanfilippo B),0.0,169,169
B2_corrected,dgcnn,proto,subject,0,f1_class::Noonan Syndrome,0.3333333333333333,169,169
B2_corrected,dgcnn,proto,subject,0,f1_class::Pallister-Killian Syndrome,0.25,169,169
B2_corrected,dgcnn,proto,subject,0,f1_class::Phelan McDermid Syndrome,0.6666666666666666,169,169
B2_corrected,dgcnn,proto,subject,0,f1_class::Pitt Hopkins,0.5,169,169
B2_corrected,dgcnn,proto,subject,0,f1_class::Rett Syndrome,0.25,169,169
B2_corrected,dgcnn,proto,subject,0,f1_class::Rubinstein-Taybi Syndrome,0.6666666666666666,169,169
B2_corrected,dgcnn,proto,subject,0,f1_class::Smith-Lemli-Opitz,0.3333333333333333,169,169
B2_corrected,dgcnn,proto,subject,0,f1_class::Tetrasomy 18p,0.5,169,169
B2_corrected,dgcnn,proto,subject,0,f1_class::Trisomy 18,0.2857142857142857,169,169
B2_corrected,dgcnn,proto,subject,0,f1_class::Turner Syndrome,0.0,169,169
B2_corrected,dgcnn,proto,subject,0,f1_class::Williams Syndrome,0.38095238095238093,169,169
B2_corrected,dgcnn,knn11,scan,0,accuracy,0.26105263157894737,475,169
B2_corrected,dgcnn,knn11,scan,0,macro_f1,0.2150023675334286,475,169
B2_corrected,dgcnn,knn11,scan,0,macro_auc,0.7699952291648259,475,169
B2_corrected,dgcnn,knn11,scan,0,f1_class::4p Deletion Wolff-Hirschhorn Syndrome,0.3076923076923077,475,169
B2_corrected,dgcnn,knn11,scan,0,f1_class::5p-,0.4,475,169
B2_corrected,dgcnn,knn11,scan,0,f1_class::Achondroplasia,0.3783783783783784,475,169
B2_corrected,dgcnn,knn11,scan,0,f1_class::Angelman Syndrome,0.125,475,169
B2_corrected,dgcnn,knn11,scan,0,f1_class::Apert Syndrome,0.4,475,169
B2_corrected,dgcnn,knn11,scan,0,f1_class::Bohring-Opitz Syndrome,0.42857142857142855,475,169
B2_corrected,dgcnn,knn11,scan,0,f1_class::CDKL5,0.0,475,169
B2_corrected,dgcnn,knn11,scan,0,f1_class::CFC,0.05714285714285714,475,169
B2_corrected,dgcnn,knn11,scan,0,f1_class::CHARGE Syndrome,0.06896551724137931,475,169
B2_corrected,dgcnn,knn11,scan,0,f1_class::CdLS,0.08,475,169
B2_corrected,dgcnn,knn11,scan,0,f1_class::Cockayne Syndrome,0.3181818181818182,475,169
B2_corrected,dgcnn,knn11,scan,0,f1_class::Cohen Syndrome,0.2222222222222222,475,169
B2_corrected,dgcnn,knn11,scan,0,f1_class::Costello Syndrome,0.23529411764705882,475,169
B2_corrected,dgcnn,knn11,scan,0,f1_class::Crouzon Syndrome,0.0,475,169
B2_corrected,dgcnn,knn11,scan,0,f1_class::Down Syndrome,0.6,475,169
B2_corrected,dgcnn,knn11,scan,0,f1_class::Ehlers-Danlos Syndrome,0.23809523809523808,475,169
B2_corrected,dgcnn,knn11,scan,0,"f1_class::Facial Dysmorphia, possibly genetic",0.2,475,169
B2_corrected,dgcnn,knn11,scan,0,f1_class::Jacobsen Syndrome,0.2,475,169
B2_corrected,dgcnn,knn11,scan,0,f1_class::Joubert Syndrome,0.21428571428571427,475,169
B2_corrected,dgcnn,knn11,scan,0,f1_class::Loeys-Dietz Syndrome,0.2857142857142857,475,169
B2_corrected,dgcnn,knn11,scan,0,f1_class::Marfan Syndrome,0.1935483870967742,475,169
B2_corrected,dgcnn,knn11,scan,0,f1_class::Mucopolysaccharidosis type IIIB (Sanfilippo B),0.0,475,169
B2_corrected,dgcnn,knn11,scan,0,f1_class::Noonan Syndrome,0.3333333333333333,475,169
B2_corrected,dgcnn,knn11,scan,0,f1_class::Pallister-Killian Syndrome,0.24,475,169
B2_corrected,dgcnn,knn11,scan,0,f1_class::Phelan McDermid Syndrome,0.5192307692307693,475,169
B2_corrected,dgcnn,knn11,scan,0,f1_class::Pitt Hopkins,0.2608695652173913,475,169
B2_corrected,dgcnn,knn11,scan,0,f1_class::Rett Syndrome,0.0,475,169
B2_corrected,dgcnn,knn11,scan,0,f1_class::Rubinstein-Taybi Syndrome,0.0,475,169
B2_corrected,dgcnn,knn11,scan,0,f1_class::Smith-Lemli-Opitz,0.0,475,169
B2_corrected,dgcnn,knn11,scan,0,f1_class::Tetrasomy 18p,0.37037037037037035,475,169
B2_corrected,dgcnn,knn11,scan,0,f1_class::Trisomy 18,0.2,475,169
B2_corrected,dgcnn,knn11,scan,0,f1_class::Turner Syndrome,0.0,475,169
B2_corrected,dgcnn,knn11,scan,0,f1_class::Williams Syndrome,0.21818181818181817,475,169
B2_corrected,dgcnn,knn11,subject,0,accuracy,0.30177514792899407,169,169
B2_corrected,dgcnn,knn11,subject,0,macro_f1,0.22827046248098878,169,169
B2_corrected,dgcnn,knn11,subject,0,macro_auc,0.817412501947714,169,169
B2_corrected,dgcnn,knn11,subject,0,f1_class::4p Deletion Wolff-Hirschhorn Syndrome,0.2857142857142857,169,169
B2_corrected,dgcnn,knn11,subject,0,f1_class::5p-,0.2,169,169
B2_corrected,dgcnn,knn11,subject,0,f1_class::Achondroplasia,0.46153846153846156,169,169
B2_corrected,dgcnn,knn11,subject,0,f1_class::Angelman Syndrome,0.0,169,169
B2_corrected,dgcnn,knn11,subject,0,f1_class::Apert Syndrome,0.6666666666666666,169,169
B2_corrected,dgcnn,knn11,subject,0,f1_class::Bohring-Opitz Syndrome,0.0,169,169
B2_corrected,dgcnn,knn11,subject,0,f1_class::CDKL5,0.0,169,169
B2_corrected,dgcnn,knn11,subject,0,f1_class::CFC,0.0,169,169
B2_corrected,dgcnn,knn11,subject,0,f1_class::CHARGE Syndrome,0.0,169,169
B2_corrected,dgcnn,knn11,subject,0,f1_class::CdLS,0.1111111111111111,169,169
B2_corrected,dgcnn,knn11,subject,0,f1_class::Cockayne Syndrome,0.5,169,169
B2_corrected,dgcnn,knn11,subject,0,f1_class::Cohen Syndrome,0.2857142857142857,169,169
B2_corrected,dgcnn,knn11,subject,0,f1_class::Costello Syndrome,0.3157894736842105,169,169
B2_corrected,dgcnn,knn11,subject,0,f1_class::Crouzon Syndrome,0.0,169,169
B2_corrected,dgcnn,knn11,subject,0,f1_class::Down Syndrome,0.6666666666666666,169,169
B2_corrected,dgcnn,knn11,subject,0,f1_class::Ehlers-Danlos Syndrome,0.4,169,169
B2_corrected,dgcnn,knn11,subject,0,"f1_class::Facial Dysmorphia, possibly genetic",0.16666666666666666,169,169
B2_corrected,dgcnn,knn11,subject,0,f1_class::Jacobsen Syndrome,0.3333333333333333,169,169
B2_corrected,dgcnn,knn11,subject,0,f1_class::Joubert Syndrome,0.0,169,169
B2_corrected,dgcnn,knn11,subject,0,f1_class::Loeys-Dietz Syndrome,0.42857142857142855,169,169
B2_corrected,dgcnn,knn11,subject,0,f1_class::Marfan Syndrome,0.13333333333333333,169,169
B2_corrected,dgcnn,knn11,subject,0,f1_class::Mucopolysaccharidosis type IIIB (Sanfilippo B),0.0,169,169
B2_corrected,dgcnn,knn11,subject,0,f1_class::Noonan Syndrome,0.2857142857142857,169,169
B2_corrected,dgcnn,knn11,subject,0,f1_class::Pallister-Killian Syndrome,0.8,169,169
B2_corrected,dgcnn,knn11,subject,0,f1_class::Phelan McDermid Syndrome,0.631578947368421,169,169
B2_corrected,dgcnn,knn11,subject,0,f1_class::Pitt Hopkins,0.25,169,169
B2_corrected,dgcnn,knn11,subject,0,f1_class::Rett Syndrome,0.0,169,169
B2_corrected,dgcnn,knn11,subject,0,f1_class::Rubinstein-Taybi Syndrome,0.0,169,169
B2_corrected,dgcnn,knn11,subject,0,f1_class::Smith-Lemli-Opitz,0.0,169,169
B2_corrected,dgcnn,knn11,subject,0,f1_class::Tetrasomy 18p,0.4,169,169
B2_corrected,dgcnn,knn11,subject,0,f1_class::Trisomy 18,0.0,169,169
B2_corrected,dgcnn,knn11,subject,0,f1_class::Turner Syndrome,0.0,169,169
B2_corrected,dgcnn,knn11,subject,0,f1_class::Williams Syndrome,0.21052631578947367,169,169
B2_corrected,pointnet2,softmax,scan,0,accuracy,0.2863157894736842,475,169
B2_corrected,pointnet2,softmax,scan,0,macro_f1,0.22419901739820675,475,169
B2_corrected,pointnet2,softmax,scan,0,macro_auc,0.8454218159976455,475,169
B2_corrected,pointnet2,softmax,scan,0,f1_class::4p Deletion Wolff-Hirschhorn Syndrome,0.0,475,169
B2_corrected,pointnet2,softmax,scan,0,f1_class::5p-,0.23076923076923078,475,169
B2_corrected,pointnet2,softmax,scan,0,f1_class::Achondroplasia,0.6486486486486487,475,169
B2_corrected,pointnet2,softmax,scan,0,f1_class::Angelman Syndrome,0.0,475,169
B2_corrected,pointnet2,softmax,scan,0,f1_class::Apert Syndrome,0.0,475,169
B2_corrected,pointnet2,softmax,scan,0,f1_class::Bohring-Opitz Syndrome,0.3,475,169
B2_corrected,pointnet2,softmax,scan,0,f1_class::CDKL5,0.0,475,169
B2_corrected,pointnet2,softmax,scan,0,f1_class::CFC,0.0,475,169
B2_corrected,pointnet2,softmax,scan,0,f1_class::CHARGE Syndrome,0.14814814814814814,475,169
B2_corrected,pointnet2,softmax,scan,0,f1_class::CdLS,0.16666666666666666,475,169
B2_corrected,pointnet2,softmax,scan,0,f1_class::Cockayne Syndrome,0.5161290322580645,475,169
B2_corrected,pointnet2,softmax,scan,0,f1_class::Cohen Syndrome,0.36363636363636365,475,169
B2_corrected,pointnet2,softmax,scan,0,f1_class::Costello Syndrome,0.2631578947368421,475,169
B2_corrected,pointnet2,softmax,scan,0,f1_class::Crouzon Syndrome,0.0,475,169
B2_corrected,pointnet2,softmax,scan,0,f1_class::Down Syndrome,0.48,475,169
B2_corrected,pointnet2,softmax,scan,0,f1_class::Ehlers-Danlos Syndrome,0.43478260869565216,475,169
B2_corrected,pointnet2,softmax,scan,0,"f1_class::Facial Dysmorphia, possibly genetic",0.25,475,169
B2_corrected,pointnet2,softmax,scan,0,f1_class::Jacobsen Syndrome,0.28,475,169
B2_corrected,pointnet2,softmax,scan,0,f1_class::Joubert Syndrome,0.15789473684210525,475,169
B2_corrected,pointnet2,softmax,scan,0,f1_class::Loeys-Dietz Syndrome,0.24242424242424243,475,169
B2_corrected,pointnet2,softmax,scan,0,f1_class::Marfan Syndrome,0.27586206896551724,475,169
B2_corrected,pointnet2,softmax,scan,0,f1_class::Mucopolysaccharidosis type IIIB (Sanfilippo B),0.0,475,169
B2_corrected,pointnet2,softmax,scan,0,f1_class::Noonan Syndrome,0.3333333333333333,475,169
B2_corrected,pointnet2,softmax,scan,0,f1_class::Pallister-Killian Syndrome,0.4,475,169
B2_corrected,pointnet2,softmax,scan,0,f1_class::Phelan McDermid Syndrome,0.36619718309859156,475,169
B2_corrected,pointnet2,softmax,scan,0,f1_class::Pitt Hopkins,0.3076923076923077,475,169
B2_corrected,pointnet2,softmax,scan,0,f1_class::Rett Syndrome,0.125,475,169
B2_corrected,pointnet2,softmax,scan,0,f1_class::Rubinstein-Taybi Syndrome,0.38095238095238093,475,169
B2_corrected,pointnet2,softmax,scan,0,f1_class::Smith-Lemli-Opitz,0.0,475,169
B2_corrected,pointnet2,softmax,scan,0,f1_class::Tetrasomy 18p,0.5,475,169
B2_corrected,pointnet2,softmax,scan,0,f1_class::Trisomy 18,0.0,475,169
B2_corrected,pointnet2,softmax,scan,0,f1_class::Turner Syndrome,0.0,475,169
B2_corrected,pointnet2,softmax,scan,0,f1_class::Williams Syndrome,0.22727272727272727,475,169
B2_corrected,pointnet2,softmax,scan,1,accuracy,0.29894736842105263,475,169
B2_corrected,pointnet2,softmax,scan,1,macro_f1,0.2526698191055684,475,169
B2_corrected,pointnet2,softmax,scan,1,macro_auc,0.8474905567605229,475,169
B2_corrected,pointnet2,softmax,scan,1,f1_class::4p Deletion Wolff-Hirschhorn Syndrome,0.125,475,169
B2_corrected,pointnet2,softmax,scan,1,f1_class::5p-,0.2857142857142857,475,169
B2_corrected,pointnet2,softmax,scan,1,f1_class::Achondroplasia,0.6111111111111112,475,169
B2_corrected,pointnet2,softmax,scan,1,f1_class::Angelman Syndrome,0.0,475,169
B2_corrected,pointnet2,softmax,scan,1,f1_class::Apert Syndrome,0.25,475,169
B2_corrected,pointnet2,softmax,scan,1,f1_class::Bohring-Opitz Syndrome,0.23529411764705882,475,169
B2_corrected,pointnet2,softmax,scan,1,f1_class::CDKL5,0.0,475,169
B2_corrected,pointnet2,softmax,scan,1,f1_class::CFC,0.0,475,169
B2_corrected,pointnet2,softmax,scan,1,f1_class::CHARGE Syndrome,0.2,475,169
B2_corrected,pointnet2,softmax,scan,1,f1_class::CdLS,0.17647058823529413,475,169
B2_corrected,pointnet2,softmax,scan,1,f1_class::Cockayne Syndrome,0.5806451612903226,475,169
B2_corrected,pointnet2,softmax,scan,1,f1_class::Cohen Syndrome,0.38095238095238093,475,169
B2_corrected,pointnet2,softmax,scan,1,f1_class::Costello Syndrome,0.32558139534883723,475,169
B2_corrected,pointnet2,softmax,scan,1,f1_class::Crouzon Syndrome,0.0,475,169
B2_corrected,pointnet2,softmax,scan,1,f1_class::Down Syndrome,0.5333333333333333,475,169
B2_corrected,pointnet2,softmax,scan,1,f1_class::Ehlers-Danlos Syndrome,0.45454545454545453,475,169
B2_corrected,pointnet2,softmax,scan,1,"f1_class::Facial Dysmorphia, possibly genetic",0.25,475,169
B2_corrected,pointnet2,softmax,scan,1,f1_class::Jacobsen Syndrome,0.2641509433962264,475,169
B2_corrected,pointnet2,softmax,scan,1,f1_class::Joubert Syndrome,0.05128205128205128,475,169
B2_corrected,pointnet2,softmax,scan,1,f1_class::Loeys-Dietz Syndrome,0.34285714285714286,475,169
B2_corrected,pointnet2,softmax,scan,1,f1_class::Marfan Syndrome,0.3333333333333333,475,169
B2_corrected,pointnet2,softmax,scan,1,f1_class::Mucopolysaccharidosis type IIIB (Sanfilippo B),0.09090909090909091,475,169
B2_corrected,pointnet2,softmax,scan,1,f1_class::Noonan Syndrome,0.2962962962962963,475,169
B2_corrected,pointnet2,softmax,scan,1,f1_class::Pallister-Killian Syndrome,0.42105263157894735,475,169
B2_corrected,pointnet2,softmax,scan,1,f1_class::Phelan McDermid Syndrome,0.36619718309859156,475,169
B2_corrected,pointnet2,softmax,scan,1,f1_class::Pitt Hopkins,0.375,475,169
B2_corrected,pointnet2,softmax,scan,1,f1_class::Rett Syndrome,0.2222222222222222,475,169
B2_corrected,pointnet2,softmax,scan,1,f1_class::Rubinstein-Taybi Syndrome,0.3,475,169
B2_corrected,pointnet2,softmax,scan,1,f1_class::Smith-Lemli-Opitz,0.14285714285714285,475,169
B2_corrected,pointnet2,softmax,scan,1,f1_class::Tetrasomy 18p,0.3783783783783784,475,169
B2_corrected,pointnet2,softmax,scan,1,f1_class::Trisomy 18,0.0,475,169
B2_corrected,pointnet2,softmax,scan,1,f1_class::Turner Syndrome,0.11764705882352941,475,169
B2_corrected,pointnet2,softmax,scan,1,f1_class::Williams Syndrome,0.22727272727272727,475,169
B2_corrected,pointnet2,softmax,scan,2,accuracy,0.29894736842105263,475,169
B2_corrected,pointnet2,softmax,scan,2,macro_f1,0.2512469987449906,475,169
B2_corrected,pointnet2,softmax,scan,2,macro_auc,0.8441177501277821,475,169
B2_corrected,pointnet2,softmax,scan,2,f1_class::4p Deletion Wolff-Hirschhorn Syndrome,0.16666666666666666,475,169
B2_corrected,pointnet2,softmax,scan,2,f1_class::5p-,0.4166666666666667,475,169
B2_corrected,pointnet2,softmax,scan,2,f1_class::Achondroplasia,0.6111111111111112,475,169
B2_corrected,pointnet2,softmax,scan,2,f1_class::Angelman Syndrome,0.0,475,169
B2_corrected,pointnet2,softmax,scan,2,f1_class::Apert Syndrome,0.0,475,169
B2_corrected,pointnet2,softmax,scan,2,f1_class::Bohring-Opitz Syndrome,0.2,475,169
B2_corrected,pointnet2,softmax,scan,2,f1_class::CDKL5,0.0,475,169
B2_corrected,pointnet2,softmax,scan,2,f1_class::CFC,0.13333333333333333,475,169
B2_corrected,pointnet2,softmax,scan,2,f1_class::CHARGE Syndrome,0.2857142857142857,475,169
B2_corrected,pointnet2,softmax,scan,2,f1_class::CdLS,0.12121212121212122,475,169
B2_corrected,pointnet2,softmax,scan,2,f1_class::Cockayne Syndrome,0.48484848484848486,475,169
B2_corrected,pointnet2,softmax,scan,2,f1_class::Cohen Syndrome,0.36363636363636365,475,169
B2_corrected,pointnet2,softmax,scan,2,f1_class::Costello Syndrome,0.34146341463414637,475,169
B2_corrected,pointnet2,softmax,scan,2,f1_class::Crouzon Syndrome,0.0,475,169
B2_corrected,pointnet2,softmax,scan,2,f1_class::Down Syndrome,0.5106382978723404,475,169
B2_corrected,pointnet2,softmax,scan,2,f1_class::Ehlers-Danlos Syndrome,0.5263157894736842,475,169
B2_corrected,pointnet2,softmax,scan,2,"f1_class::Facial Dysmorphia, possibly genetic",0.3076923076923077,475,169
B2_corrected,pointnet2,softmax,scan,2,f1_class::Jacobsen Syndrome,0.25925925925925924,475,169
B2_corrected,pointnet2,softmax,scan,2,f1_class::Joubert Syndrome,0.13953488372093023,475,169
B2_corrected,pointnet2,softmax,scan,2,f1_class::Loeys-Dietz Syndrome,0.3333333333333333,475,169
B2_corrected,pointnet2,softmax,scan,2,f1_class::Marfan Syndrome,0.2962962962962963,475,169
B2_corrected,pointnet2,softmax,scan,2,f1_class::Mucopolysaccharidosis type IIIB (Sanfilippo B),0.09090909090909091,475,169
B2_corrected,pointnet2,softmax,scan,2,f1_class::Noonan Syndrome,0.2641509433962264,475,169
B2_corrected,pointnet2,softmax,scan,2,f1_class::Pallister-Killian Syndrome,0.3548387096774194,475,169
B2_corrected,pointnet2,softmax,scan,2,f1_class::Phelan McDermid Syndrome,0.37142857142857144,475,169
B2_corrected,pointnet2,softmax,scan,2,f1_class::Pitt Hopkins,0.3076923076923077,475,169
B2_corrected,pointnet2,softmax,scan,2,f1_class::Rett Syndrome,0.23529411764705882,475,169
B2_corrected,pointnet2,softmax,scan,2,f1_class::Rubinstein-Taybi Syndrome,0.34782608695652173,475,169
B2_corrected,pointnet2,softmax,scan,2,f1_class::Smith-Lemli-Opitz,0.14285714285714285,475,169
B2_corrected,pointnet2,softmax,scan,2,f1_class::Tetrasomy 18p,0.4117647058823529,475,169
B2_corrected,pointnet2,softmax,scan,2,f1_class::Trisomy 18,0.0,475,169
B2_corrected,pointnet2,softmax,scan,2,f1_class::Turner Syndrome,0.0,475,169
B2_corrected,pointnet2,softmax,scan,2,f1_class::Williams Syndrome,0.26666666666666666,475,169
B2_corrected,pointnet2,softmax,scan,3,accuracy,0.28421052631578947,475,169
B2_corrected,pointnet2,softmax,scan,3,macro_f1,0.24305981072996094,475,169
B2_corrected,pointnet2,softmax,scan,3,macro_auc,0.8454346460647989,475,169
B2_corrected,pointnet2,softmax,scan,3,f1_class::4p Deletion Wolff-Hirschhorn Syndrome,0.0,475,169
B2_corrected,pointnet2,softmax,scan,3,f1_class::5p-,0.3076923076923077,475,169
B2_corrected,pointnet2,softmax,scan,3,f1_class::Achondroplasia,0.6111111111111112,475,169
B2_corrected,pointnet2,softmax,scan,3,f1_class::Angelman Syndrome,0.0,475,169
B2_corrected,pointnet2,softmax,scan,3,f1_class::Apert Syndrome,0.3333333333333333,475,169
B2_corrected,pointnet2,softmax,scan,3,f1_class::Bohring-Opitz Syndrome,0.23529411764705882,475,169
B2_corrected,pointnet2,softmax,scan,3,f1_class::CDKL5,0.0,475,169
B2_corrected,pointnet2,softmax,scan,3,f1_class::CFC,0.0,475,169
B2_corrected,pointnet2,softmax,scan,3,f1_class::CHARGE Syndrome,0.06896551724137931,475,169
B2_corrected,pointnet2,softmax,scan,3,f1_class::CdLS,0.17142857142857143,475,169
B2_corrected,pointnet2,softmax,scan,3,f1_class::Cockayne Syndrome,0.5806451612903226,475,169
B2_corrected,pointnet2,softmax,scan,3,f1_class::Cohen Syndrome,0.2857142857142857,475,169
B2_corrected,pointnet2,softmax,scan,3,f1_class::Costello Syndrome,0.23255813953488372,475,169
B2_corrected,pointnet2,softmax,scan,3,f1_class::Crouzon Syndrome,0.0,475,169
B2_corrected,pointnet2,softmax,scan,3,f1_class::Down Syndrome,0.5,475,169
B2_corrected,pointnet2,softmax,scan,3,f1_class::Ehlers-Danlos Syndrome,0.45454545454545453,475,169
B2_corrected,pointnet2,softmax,scan,3,"f1_class::Facial Dysmorphia, possibly genetic",0.2926829268292683,475,169
B2_corrected,pointnet2,softmax,scan,3,f1_class::Jacobsen Syndrome,0.27450980392156865,475,169
B2_corrected,pointnet2,softmax,scan,3,f1_class::Joubert Syndrome,0.1,475,169
B2_corrected,pointnet2,softmax,scan,3,f1_class::Loeys-Dietz Syndrome,0.3225806451612903,475,169
B2_corrected,pointnet2,softmax,scan,3,f1_class::Marfan Syndrome,0.3448275862068966,475,169
B2_corrected,pointnet2,softmax,scan,3,f1_class::Mucopolysaccharidosis type IIIB (Sanfilippo B),0.09523809523809523,475,169
B2_corrected,pointnet2,softmax,scan,3,f1_class::Noonan Syndrome,0.2413793103448276,475,169
B2_corrected,pointnet2,softmax,scan,3,f1_class::Pallister-Killian Syndrome,0.3492063492063492,475,169
B2_corrected,pointnet2,softmax,scan,3,f1_class::Phelan McDermid Syndrome,0.3611111111111111,475,169
B2_corrected,pointnet2,softmax,scan,3,f1_class::Pitt Hopkins,0.35294117647058826,475,169
B2_corrected,pointnet2,softmax,scan,3,f1_class::Rett Syndrome,0.3157894736842105,475,169
B2_corrected,pointnet2,softmax,scan,3,f1_class::Rubinstein-Taybi Syndrome,0.3333333333333333,475,169
B2_corrected,pointnet2,softmax,scan,3,f1_class::Smith-Lemli-Opitz,0.15384615384615385,475,169
B2_corrected,pointnet2,softmax,scan,3,f1_class::Tetrasomy 18p,0.48484848484848486,475,169
B2_corrected,pointnet2,softmax,scan,3,f1_class::Trisomy 18,0.0,475,169
B2_corrected,pointnet2,softmax,scan,3,f1_class::Turner Syndrome,0.0,475,169
B2_corrected,pointnet2,softmax,scan,3,f1_class::Williams Syndrome,0.21739130434782608,475,169
B2_corrected,pointnet2,softmax,scan,4,accuracy,0.2863157894736842,475,169
B2_corrected,pointnet2,softmax,scan,4,macro_f1,0.22822510842752244,475,169
B2_corrected,pointnet2,softmax,scan,4,macro_auc,0.8411652376649165,475,169
B2_corrected,pointnet2,softmax,scan,4,f1_class::4p Deletion Wolff-Hirschhorn Syndrome,0.0,475,169
B2_corrected,pointnet2,softmax,scan,4,f1_class::5p-,0.2608695652173913,475,169
B2_corrected,pointnet2,softmax,scan,4,f1_class::Achondroplasia,0.6111111111111112,475,169
B2_corrected,pointnet2,softmax,scan,4,f1_class::Angelman Syndrome,0.0,475,169
B2_corrected,pointnet2,softmax,scan,4,f1_class::Apert Syndrome,0.0,475,169
B2_corrected,pointnet2,softmax,scan,4,f1_class::Bohring-Opitz Syndrome,0.25,475,169
B2_corrected,pointnet2,softmax,scan,4,f1_class::CDKL5,0.0,475,169
B2_corrected,pointnet2,softmax,scan,4,f1_class::CFC,0.0,475,169
B2_corrected,pointnet2,softmax,scan,4,f1_class::CHARGE Syndrome,0.14285714285714285,475,169
B2_corrected,pointnet2,softmax,scan,4,f1_class::CdLS,0.11428571428571428,475,169
B2_corrected,pointnet2,softmax,scan,4,f1_class::Cockayne Syndrome,0.5294117647058824,475,169
B2_corrected,pointnet2,softmax,scan,4,f1_class::Cohen Syndrome,0.36363636363636365,475,169
B2_corrected,pointnet2,softmax,scan,4,f1_class::Costello Syndrome,0.2926829268292683,475,169
B2_corrected,pointnet2,softmax,scan,4,f1_class::Crouzon Syndrome,0.0,475,169
B2_corrected,pointnet2,softmax,scan,4,f1_class::Down Syndrome,0.6190476190476191,475,169
B2_corrected,pointnet2,softmax,scan,4,f1_class::Ehlers-Danlos Syndrome,0.4166666666666667,475,169
B2_corrected,pointnet2,softmax,scan,4,"f1_class::Facial Dysmorphia, possibly genetic",0.19047619047619047,475,169
B2_corrected,pointnet2,softmax,scan,4,f1_class::Jacobsen Syndrome,0.2692307692307692,475,169
B2_corrected,pointnet2,softmax,scan,4,f1_class::Joubert Syndrome,0.13043478260869565,475,169
B2_corrected,pointnet2,softmax,scan,4,f1_class::Loeys-Dietz Syndrome,0.25,475,169
B2_corrected,pointnet2,softmax,scan,4,f1_class::Marfan Syndrome,0.27586206896551724,475,169
B2_corrected,pointnet2,softmax,scan,4,f1_class::Mucopolysaccharidosis type IIIB (Sanfilippo B),0.09090909090909091,475,169
B2_corrected,pointnet2,softmax,scan,4,f1_class::Noonan Syndrome,0.375,475,169
B2_corrected,pointnet2,softmax,scan,4,f1_class::Pallister-Killian Syndrome,0.3793103448275862,475,169
B2_corrected,pointnet2,softmax,scan,4,f1_class::Phelan McDermid Syndrome,0.3888888888888889,475,169
B2_corrected,pointnet2,softmax,scan,4,f1_class::Pitt Hopkins,0.4,475,169
B2_corrected,pointnet2,softmax,scan,4,f1_class::Rett Syndrome,0.1111111111111111,475,169
B2_corrected,pointnet2,softmax,scan,4,f1_class::Rubinstein-Taybi Syndrome,0.2857142857142857,475,169
B2_corrected,pointnet2,softmax,scan,4,f1_class::Smith-Lemli-Opitz,0.0,475,169
B2_corrected,pointnet2,softmax,scan,4,f1_class::Tetrasomy 18p,0.3870967741935484,475,169
B2_corrected,pointnet2,softmax,scan,4,f1_class::Trisomy 18,0.0,475,169
B2_corrected,pointnet2,softmax,scan,4,f1_class::Turner Syndrome,0.1111111111111111,475,169
B2_corrected,pointnet2,softmax,scan,4,f1_class::Williams Syndrome,0.2857142857142857,475,169
B2_corrected,pointnet2,softmax,subject,0,accuracy,0.378698224852071,169,169
B2_corrected,pointnet2,softmax,subject,0,macro_f1,0.27218125012242655,169,169
B2_corrected,pointnet2,softmax,subject,0,macro_auc,0.915591906223567,169,169
B2_corrected,pointnet2,softmax,subject,0,f1_class::4p Deletion Wolff-Hirschhorn Syndrome,0.0,169,169
B2_corrected,pointnet2,softmax,subject,0,f1_class::5p-,0.42857142857142855,169,169
B2_corrected,pointnet2,softmax,subject,0,f1_class::Achondroplasia,0.7619047619047619,169,169
B2_corrected,pointnet2,softmax,subject,0,f1_class::Angelman Syndrome,0.0,169,169
B2_corrected,pointnet2,softmax,subject,0,f1_class::Apert Syndrome,0.0,169,169
B2_corrected,pointnet2,softmax,subject,0,f1_class::Bohring-Opitz Syndrome,0.0,169,169
B2_corrected,pointnet2,softmax,subject,0,f1_class::CDKL5,0.0,169,169
B2_corrected,pointnet2,softmax,subject,0,f1_class::CFC,0.3333333333333333,169,169
B2_corrected,pointnet2,softmax,subject,0,f1_class::CHARGE Syndrome,0.15384615384615385,169,169
B2_corrected,pointnet2,softmax,subject,0,f1_class::CdLS,0.0,169,169
B2_corrected,pointnet2,softmax,subject,0,f1_class::Cockayne Syndrome,0.5,169,169
B2_corrected,pointnet2,softmax,subject,0,f1_class::Cohen Syndrome,0.6666666666666666,169,169
B2_corrected,pointnet2,softmax,subject,0,f1_class::Costello Syndrome,0.5714285714285714,169,169
B2_corrected,pointnet2,softmax,subject,0,f1_class::Crouzon Syndrome,0.0,169,169
B2_corrected,pointnet2,softmax,subject,0,f1_class::Down Syndrome,0.7058823529411765,169,169
B2_corrected,pointnet2,softmax,subject,0,f1_class::Ehlers-Danlos Syndrome,0.6,169,169
B2_corrected,pointnet2,softmax,subject,0,"f1_class::Facial Dysmorphia, possibly genetic",0.25,169,169
B2_corrected,pointnet2,softmax,subject,0,f1_class::Jacobsen Syndrome,0.2857142857142857,169,169
B2_corrected,pointnet2,softmax,subject,0,f1_class::Joubert Syndrome,0.375,169,169
B2_corrected,pointnet2,softmax,subject,0,f1_class::Loeys-Dietz Syndrome,0.46153846153846156,169,169
B2_corrected,pointnet2,softmax,subject,0,f1_class::Marfan Syndrome,0.3333333333333333,169,169
B2_corrected,pointnet2,softmax,subject,0,f1_class::Mucopolysaccharidosis type IIIB (Sanfilippo B),0.0,169,169
B2_corrected,pointnet2,softmax,subject,0,f1_class::Noonan Syndrome,0.2857142857142857,169,169
B2_corrected,pointnet2,softmax,subject,0,f1_class::Pallister-Killian Syndrome,0.38095238095238093,169,169
B2_corrected,pointnet2,softmax,subject,0,f1_class::Phelan McDermid Syndrome,0.3333333333333333,169,169
B2_corrected,pointnet2,softmax,subject,0,f1_class::Pitt Hopkins,0.3333333333333333,169,169
B2_corrected,pointnet2,softmax,subject,0,f1_class::Rett Syndrome,0.0,169,169
B2_corrected,pointnet2,softmax,subject,0,f1_class::Rubinstein-Taybi Syndrome,0.25,169,169
B2_corrected,pointnet2,softmax,subject,0,f1_class::Smith-Lemli-Opitz,0.0,169,169
B2_corrected,pointnet2,softmax,subject,0,f1_class::Tetrasomy 18p,0.5714285714285714,169,169
B2_corrected,pointnet2,softmax,subject,0,f1_class::Trisomy 18,0.0,169,169
B2_corrected,pointnet2,softmax,subject,0,f1_class::Turner Syndrome,0.0,169,169
B2_corrected,pointnet2,softmax,subject,0,f1_class::Williams Syndrome,0.4,169,169
B2_corrected,pointnet2,softmax,subject,1,accuracy,0.39644970414201186,169,169
B2_corrected,pointnet2,softmax,subject,1,macro_f1,0.29138166745118615,169,169
B2_corrected,pointnet2,softmax,subject,1,macro_auc,0.9126937660322305,169,169
B2_corrected,pointnet2,softmax,subject,1,f1_class::4p Deletion Wolff-Hirschhorn Syndrome,0.0,169,169
B2_corrected,pointnet2,softmax,subject,1,f1_class::5p-,0.42857142857142855,169,169
B2_corrected,pointnet2,softmax,subject,1,f1_class::Achondroplasia,0.7619047619047619,169,169
B2_corrected,pointnet2,softmax,subject,1,f1_class::Angelman Syndrome,0.0,169,169
B2_corrected,pointnet2,softmax,subject,1,f1_class::Apert Syndrome,0.0,169,169
B2_corrected,pointnet2,softmax,subject,1,f1_class::Bohring-Opitz Syndrome,0.5,169,169
B2_corrected,pointnet2,softmax,subject,1,f1_class::CDKL5,0.0,169,169
B2_corrected,pointnet2,softmax,subject,1,f1_class::CFC,0.0,169,169
B2_corrected,pointnet2,softmax,subject,1,f1_class::CHARGE Syndrome,0.18181818181818182,169,169
B2_corrected,pointnet2,softmax,subject,1,f1_class::CdLS,0.2857142857142857,169,169
B2_corrected,pointnet2,softmax,subject,1,f1_class::Cockayne Syndrome,0.75,169,169
B2_corrected,pointnet2,softmax,subject,1,f1_class::Cohen Syndrome,0.3333333333333333,169,169
B2_corrected,pointnet2,softmax,subject,1,f1_class::Costello Syndrome,0.5333333333333333,169,169
B2_corrected,pointnet2,softmax,subject,1,f1_class::Crouzon Syndrome,0.0,169,169
B2_corrected,pointnet2,softmax,subject,1,f1_class::Down Syndrome,0.7058823529411765,169,169
B2_corrected,pointnet2,softmax,subject,1,f1_class::Ehlers-Danlos Syndrome,0.4444444444444444,169,169
B2_corrected,pointnet2,softmax,subject,1,"f1_class::Facial Dysmorphia, possibly genetic",0.35294117647058826,169,169
B2_corrected,pointnet2,softmax,subject,1,f1_class::Jacobsen Syndrome,0.2857142857142857,169,169
B2_corrected,pointnet2,softmax,subject,1,f1_class::Joubert Syndrome,0.125,169,169
B2_corrected,pointnet2,softmax,subject,1,f1_class::Loeys-Dietz Syndrome,0.47058823529411764,169,169
B2_corrected,pointnet2,softmax,subject,1,f1_class::Marfan Syndrome,0.42857142857142855,169,169
B2_corrected,pointnet2,softmax,subject,1,f1_class::Mucopolysaccharidosis type IIIB (Sanfilippo B),0.0,169,169
B2_corrected,pointnet2,softmax,subject,1,f1_class::Noonan Syndrome,0.26666666666666666,169,169
B2_corrected,pointnet2,softmax,subject,1,f1_class::Pallister-Killian Syndrome,0.4444444444444444,169,169
B2_corrected,pointnet2,softmax,subject,1,f1_class::Phelan McDermid Syndrome,0.3333333333333333,169,169
B2_corrected,pointnet2,softmax,subject,1,f1_class::Pitt Hopkins,0.3333333333333333,169,169
B2_corrected,pointnet2,softmax,subject,1,f1_class::Rett Syndrome,0.4,169,169
B2_corrected,pointnet2,softmax,subject,1,f1_class::Rubinstein-Taybi Syndrome,0.25,169,169
B2_corrected,pointnet2,softmax,subject,1,f1_class::Smith-Lemli-Opitz,0.0,169,169
B2_corrected,pointnet2,softmax,subject,1,f1_class::Tetrasomy 18p,0.5,169,169
B2_corrected,pointnet2,softmax,subject,1,f1_class::Trisomy 18,0.0,169,169
B2_corrected,pointnet2,softmax,subject,1,f1_class::Turner Syndrome,0.0,169,169
B2_corrected,pointnet2,softmax,subject,1,f1_class::Williams Syndrome,0.5,169,169
B2_corrected,pointnet2,softmax,subject,2,accuracy,0.3727810650887574,169,169
B2_corrected,pointnet2,softmax,subject,2,macro_f1,0.2612751083339319,169,169
B2_corrected,pointnet2,softmax,subject,2,macro_auc,0.9093580810386446,169,169
B2_corrected,pointnet2,softmax,subject,2,f1_class::4p Deletion Wolff-Hirschhorn Syndrome,0.0,169,169
B2_corrected,pointnet2,softmax,subject,2,f1_class::5p-,0.4444444444444444,169,169
B2_corrected,pointnet2,softmax,subject,2,f1_class::Achondroplasia,0.8,169,169
B2_corrected,pointnet2,softmax,subject,2,f1_class::Angelman Syndrome,0.0,169,169
B2_corrected,pointnet2,softmax,subject,2,f1_class::Apert Syndrome,0.0,169,169
B2_corrected,pointnet2,softmax,subject,2,f1_class::Bohring-Opitz Syndrome,0.0,169,169
B2_corrected,pointnet2,softmax,subject,2,f1_class::CDKL5,0.0,169,169
B2_corrected,pointnet2,softmax,subject,2,f1_class::CFC,0.0,169,169
B2_corrected,pointnet2,softmax,subject,2,f1_class::CHARGE Syndrome,0.2,169,169
B2_corrected,pointnet2,softmax,subject,2,f1_class::CdLS,0.16666666666666666,169,169
B2_corrected,pointnet2,softmax,subject,2,f1_class::Cockayne Syndrome,0.5,169,169
B2_corrected,pointnet2,softmax,subject,2,f1_class::Cohen Syndrome,0.5714285714285714,169,169
B2_corrected,pointnet2,softmax,subject,2,f1_class::Costello Syndrome,0.5714285714285714,169,169
B2_corrected,pointnet2,softmax,subject,2,f1_class::Crouzon Syndrome,0.0,169,169
B2_corrected,pointnet2,softmax,subject,2,f1_class::Down Syndrome,0.7058823529411765,169,169
B2_corrected,pointnet2,softmax,subject,2,f1_class::Ehlers-Danlos Syndrome,0.4444444444444444,169,169
B2_corrected,pointnet2,softmax,subject,2,"f1_class::Facial Dysmorphia, possibly genetic",0.35294117647058826,169,169
B2_corrected,pointnet2,softmax,subject,2,f1_class::Jacobsen Syndrome,0.3076923076923077,169,169
B2_corrected,pointnet2,softmax,subject,2,f1_class::Joubert Syndrome,0.125,169,169
B2_corrected,pointnet2,softmax,subject,2,f1_class::Loeys-Dietz Syndrome,0.47619047619047616,169,169
B2_corrected,pointnet2,softmax,subject,2,f1_class::Marfan Syndrome,0.42857142857142855,169,169
B2_corrected,pointnet2,softmax,subject,2,f1_class::Mucopolysaccharidosis type IIIB (Sanfilippo B),0.0,169,169
B2_corrected,pointnet2,softmax,subject,2,f1_class::Noonan Syndrome,0.23529411764705882,169,169
B2_corrected,pointnet2,softmax,subject,2,f1_class::Pallister-Killian Syndrome,0.3,169,169
B2_corrected,pointnet2,softmax,subject,2,f1_class::Phelan McDermid Syndrome,0.46153846153846156,169,169
B2_corrected,pointnet2,softmax,subject,2,f1_class::Pitt Hopkins,0.3333333333333333,169,169
B2_corrected,pointnet2,softmax,subject,2,f1_class::Rett Syndrome,0.4,169,169
B2_corrected,pointnet2,softmax,subject,2,f1_class::Rubinstein-Taybi Syndrome,0.2,169,169
B2_corrected,pointnet2,softmax,subject,2,f1_class::Smith-Lemli-Opitz,0.0,169,169
B2_corrected,pointnet2,softmax,subject,2,f1_class::Tetrasomy 18p,0.2222222222222222,169,169
B2_corrected,pointnet2,softmax,subject,2,f1_class::Trisomy 18,0.0,169,169
B2_corrected,pointnet2,softmax,subject,2,f1_class::Turner Syndrome,0.0,169,169
B2_corrected,pointnet2,softmax,subject,2,f1_class::Williams Syndrome,0.375,169,169
B2_corrected,pointnet2,softmax,subject,3,accuracy,0.3727810650887574,169,169
B2_corrected,pointnet2,softmax,subject,3,macro_f1,0.28309981293390907,169,169
B2_corrected,pointnet2,softmax,subject,3,macro_auc,0.9158171012786368,169,169
B2_corrected,pointnet2,softmax,subject,3,f1_class::4p Deletion Wolff-Hirschhorn Syndrome,0.0,169,169
B2_corrected,pointnet2,softmax,subject,3,f1_class::5p-,0.3333333333333333,169,169
B2_corrected,pointnet2,softmax,subject,3,f1_class::Achondroplasia,0.8,169,169
B2_corrected,pointnet2,softmax,subject,3,f1_class::Angelman Syndrome,0.0,169,169
B2_corrected,pointnet2,softmax,subject,3,f1_class::Apert Syndrome,0.0,169,169
B2_corrected,pointnet2,softmax,subject,3,f1_class::Bohring-Opitz Syndrome,0.5,169,169
B2_corrected,pointnet2,softmax,subject,3,f1_class::CDKL5,0.0,169,169
B2_corrected,pointnet2,softmax,subject,3,f1_class::CFC,0.0,169,169
B2_corrected,pointnet2,softmax,subject,3,f1_class::CHARGE Syndrome,0.15384615384615385,169,169
B2_corrected,pointnet2,softmax,subject,3,f1_class::CdLS,0.0,169,169
B2_corrected,pointnet2,softmax,subject,3,f1_class::Cockayne Syndrome,0.5714285714285714,169,169
B2_corrected,pointnet2,softmax,subject,3,f1_class::Cohen Syndrome,0.5714285714285714,169,169
B2_corrected,pointnet2,softmax,subject,3,f1_class::Costello Syndrome,0.46153846153846156,169,169
B2_corrected,pointnet2,softmax,subject,3,f1_class::Crouzon Syndrome,0.0,169,169
B2_corrected,pointnet2,softmax,subject,3,f1_class::Down Syndrome,0.6875,169,169
B2_corrected,pointnet2,softmax,subject,3,f1_class::Ehlers-Danlos Syndrome,0.6,169,169
B2_corrected,pointnet2,softmax,subject,3,"f1_class::Facial Dysmorphia, possibly genetic",0.4444444444444444,169,169
B2_corrected,pointnet2,softmax,subject,3,f1_class::Jacobsen Syndrome,0.26666666666666666,169,169
B2_corrected,pointnet2,softmax,subject,3,f1_class::Joubert Syndrome,0.13333333333333333,169,169
B2_corrected,pointnet2,softmax,subject,3,f1_class::Loeys-Dietz Syndrome,0.4444444444444444,169,169
B2_corrected,pointnet2,softmax,subject,3,f1_class::Marfan Syndrome,0.3333333333333333,169,169
B2_corrected,pointnet2,softmax,subject,3,f1_class::Mucopolysaccharidosis type IIIB (Sanfilippo B),0.0,169,169
B2_corrected,pointnet2,softmax,subject,3,f1_class::Noonan Syndrome,0.3157894736842105,169,169
B2_corrected,pointnet2,softmax,subject,3,f1_class::Pallister-Killian Syndrome,0.34782608695652173,169,169
B2_corrected,pointnet2,softmax,subject,3,f1_class::Phelan McDermid Syndrome,0.3333333333333333,169,169
B2_corrected,pointnet2,softmax,subject,3,f1_class::Pitt Hopkins,0.3333333333333333,169,169
B2_corrected,pointnet2,softmax,subject,3,f1_class::Rett Syndrome,0.4,169,169
B2_corrected,pointnet2,softmax,subject,3,f1_class::Rubinstein-Taybi Syndrome,0.25,169,169
B2_corrected,pointnet2,softmax,subject,3,f1_class::Smith-Lemli-Opitz,0.4,169,169
B2_corrected,pointnet2,softmax,subject,3,f1_class::Tetrasomy 18p,0.2857142857142857,169,169
B2_corrected,pointnet2,softmax,subject,3,f1_class::Trisomy 18,0.0,169,169
B2_corrected,pointnet2,softmax,subject,3,f1_class::Turner Syndrome,0.0,169,169
B2_corrected,pointnet2,softmax,subject,3,f1_class::Williams Syndrome,0.375,169,169
B2_corrected,pointnet2,softmax,subject,4,accuracy,0.3905325443786982,169,169
B2_corrected,pointnet2,softmax,subject,4,macro_f1,0.2900828969010787,169,169
B2_corrected,pointnet2,softmax,subject,4,macro_auc,0.9100940524034101,169,169
B2_corrected,pointnet2,softmax,subject,4,f1_class::4p Deletion Wolff-Hirschhorn Syndrome,0.0,169,169
B2_corrected,pointnet2,softmax,subject,4,f1_class::5p-,0.36363636363636365,169,169
B2_corrected,pointnet2,softmax,subject,4,f1_class::Achondroplasia,0.75,169,169
B2_corrected,pointnet2,softmax,subject,4,f1_class::Angelman Syndrome,0.0,169,169
B2_corrected,pointnet2,softmax,subject,4,f1_class::Apert Syndrome,0.0,169,169
B2_corrected,pointnet2,softmax,subject,4,f1_class::Bohring-Opitz Syndrome,0.5,169,169
B2_corrected,pointnet2,softmax,subject,4,f1_class::CDKL5,0.0,169,169
B2_corrected,pointnet2,softmax,subject,4,f1_class::CFC,0.0,169,169
B2_corrected,pointnet2,softmax,subject,4,f1_class::CHARGE Syndrome,0.18181818181818182,169,169
B2_corrected,pointnet2,softmax,subject,4,f1_class::CdLS,0.13333333333333333,169,169
B2_corrected,pointnet2,softmax,subject,4,f1_class::Cockayne Syndrome,0.5714285714285714,169,169
B2_corrected,pointnet2,softmax,subject,4,f1_class::Cohen Syndrome,0.5714285714285714,169,169
B2_corrected,pointnet2,softmax,subject,4,f1_class::Costello Syndrome,0.5,169,169
B2_corrected,pointnet2,softmax,subject,4,f1_class::Crouzon Syndrome,0.0,169,169
B2_corrected,pointnet2,softmax,subject,4,f1_class::Down Syndrome,0.7428571428571429,169,169
B2_corrected,pointnet2,softmax,subject,4,f1_class::Ehlers-Danlos Syndrome,0.36363636363636365,169,169
B2_corrected,pointnet2,softmax,subject,4,"f1_class::Facial Dysmorphia, possibly genetic",0.2222222222222222,169,169
B2_corrected,pointnet2,softmax,subject,4,f1_class::Jacobsen Syndrome,0.3076923076923077,169,169
B2_corrected,pointnet2,softmax,subject,4,f1_class::Joubert Syndrome,0.3,169,169
B2_corrected,pointnet2,softmax,subject,4,f1_class::Loeys-Dietz Syndrome,0.42857142857142855,169,169
B2_corrected,pointnet2,softmax,subject,4,f1_class::Marfan Syndrome,0.42857142857142855,169,169
B2_corrected,pointnet2,softmax,subject,4,f1_class::Mucopolysaccharidosis type IIIB (Sanfilippo B),0.0,169,169
B2_corrected,pointnet2,softmax,subject,4,f1_class::Noonan Syndrome,0.25,169,169
B2_corrected,pointnet2,softmax,subject,4,f1_class::Pallister-Killian Syndrome,0.4444444444444444,169,169
B2_corrected,pointnet2,softmax,subject,4,f1_class::Phelan McDermid Syndrome,0.3333333333333333,169,169
B2_corrected,pointnet2,softmax,subject,4,f1_class::Pitt Hopkins,0.3333333333333333,169,169
B2_corrected,pointnet2,softmax,subject,4,f1_class::Rett Syndrome,0.0,169,169
B2_corrected,pointnet2,softmax,subject,4,f1_class::Rubinstein-Taybi Syndrome,0.4,169,169
B2_corrected,pointnet2,softmax,subject,4,f1_class::Smith-Lemli-Opitz,0.5,169,169
B2_corrected,pointnet2,softmax,subject,4,f1_class::Tetrasomy 18p,0.5714285714285714,169,169
B2_corrected,pointnet2,softmax,subject,4,f1_class::Trisomy 18,0.0,169,169
B2_corrected,pointnet2,softmax,subject,4,f1_class::Turner Syndrome,0.0,169,169
B2_corrected,pointnet2,softmax,subject,4,f1_class::Williams Syndrome,0.375,169,169
B2_corrected,pointnet2,proto,scan,0,accuracy,0.32421052631578945,475,169
B2_corrected,pointnet2,proto,scan,0,macro_f1,0.28053967867724305,475,169
B2_corrected,pointnet2,proto,scan,0,macro_auc,0.8390996292694037,475,169
B2_corrected,pointnet2,proto,scan,0,f1_class::4p Deletion Wolff-Hirschhorn Syndrome,0.0,475,169
B2_corrected,pointnet2,proto,scan,0,f1_class::5p-,0.3076923076923077,475,169
B2_corrected,pointnet2,proto,scan,0,f1_class::Achondroplasia,0.7272727272727273,475,169
B2_corrected,pointnet2,proto,scan,0,f1_class::Angelman Syndrome,0.08333333333333333,475,169
B2_corrected,pointnet2,proto,scan,0,f1_class::Apert Syndrome,0.0,475,169
B2_corrected,pointnet2,proto,scan,0,f1_class::Bohring-Opitz Syndrome,0.25,475,169
B2_corrected,pointnet2,proto,scan,0,f1_class::CDKL5,0.08695652173913043,475,169
B2_corrected,pointnet2,proto,scan,0,f1_class::CFC,0.32,475,169
B2_corrected,pointnet2,proto,scan,0,f1_class::CHARGE Syndrome,0.12121212121212122,475,169
B2_corrected,pointnet2,proto,scan,0,f1_class::CdLS,0.16666666666666666,475,169
B2_corrected,pointnet2,proto,scan,0,f1_class::Cockayne Syndrome,0.4375,475,169
B2_corrected,pointnet2,proto,scan,0,f1_class::Cohen Syndrome,0.46153846153846156,475,169
B2_corrected,pointnet2,proto,scan,0,f1_class::Costello Syndrome,0.2564102564102564,475,169
B2_corrected,pointnet2,proto,scan,0,f1_class::Crouzon Syndrome,0.0,475,169
B2_corrected,pointnet2,proto,scan,0,f1_class::Down Syndrome,0.5454545454545454,475,169
B2_corrected,pointnet2,proto,scan,0,f1_class::Ehlers-Danlos Syndrome,0.2962962962962963,475,169
B2_corrected,pointnet2,proto,scan,0,"f1_class::Facial Dysmorphia, possibly genetic",0.25806451612903225,475,169
B2_corrected,pointnet2,proto,scan,0,f1_class::Jacobsen Syndrome,0.3157894736842105,475,169
B2_corrected,pointnet2,proto,scan,0,f1_class::Joubert Syndrome,0.26666666666666666,475,169
B2_corrected,pointnet2,proto,scan,0,f1_class::Loeys-Dietz Syndrome,0.4166666666666667,475,169
B2_corrected,pointnet2,proto,scan,0,f1_class::Marfan Syndrome,0.4375,475,169
B2_corrected,pointnet2,proto,scan,0,f1_class::Mucopolysaccharidosis type IIIB (Sanfilippo B),0.1111111111111111,475,169
B2_corrected,pointnet2,proto,scan,0,f1_class::Noonan Syndrome,0.3389830508474576,475,169
B2_corrected,pointnet2,proto,scan,0,f1_class::Pallister-Killian Syndrome,0.36363636363636365,475,169
B2_corrected,pointnet2,proto,scan,0,f1_class::Phelan McDermid Syndrome,0.4810126582278481,475,169
B2_corrected,pointnet2,proto,scan,0,f1_class::Pitt Hopkins,0.5333333333333333,475,169
B2_corrected,pointnet2,proto,scan,0,f1_class::Rett Syndrome,0.2222222222222222,475,169
B2_corrected,pointnet2,proto,scan,0,f1_class::Rubinstein-Taybi Syndrome,0.4,475,169
B2_corrected,pointnet2,proto,scan,0,f1_class::Smith-Lemli-Opitz,0.0,475,169
B2_corrected,pointnet2,proto,scan,0,f1_class::Tetrasomy 18p,0.45161290322580644,475,169
B2_corrected,pointnet2,proto,scan,0,f1_class::Trisomy 18,0.25,475,169
B2_corrected,pointnet2,proto,scan,0,f1_class::Turner Syndrome,0.0,475,169
B2_corrected,pointnet2,proto,scan,0,f1_class::Williams Syndrome,0.3508771929824561,475,169
B2_corrected,pointnet2,proto,scan,1,accuracy,0.32421052631578945,475,169
B2_corrected,pointnet2,proto,scan,1,macro_f1,0.27585415271273805,475,169
B2_corrected,pointnet2,proto,scan,1,macro_auc,0.8434442863766303,475,169
B2_corrected,pointnet2,proto,scan,1,f1_class::4p Deletion Wolff-Hirschhorn Syndrome,0.0,475,169
B2_corrected,pointnet2,proto,scan,1,f1_class::5p-,0.2857142857142857,475,169
B2_corrected,pointnet2,proto,scan,1,f1_class::Achondroplasia,0.7058823529411765,475,169
B2_corrected,pointnet2,proto,scan,1,f1_class::Angelman Syndrome,0.0,475,169
B2_corrected,pointnet2,proto,scan,1,f1_class::Apert Syndrome,0.0,475,169
B2_corrected,pointnet2,proto,scan,1,f1_class::Bohring-Opitz Syndrome,0.25,475,169
B2_corrected,pointnet2,proto,scan,1,f1_class::CDKL5,0.07692307692307693,475,169
B2_corrected,pointnet2,proto,scan,1,f1_class::CFC,0.2727272727272727,475,169
B2_corrected,pointnet2,proto,scan,1,f1_class::CHARGE Syndrome,0.14634146341463414,475,169
B2_corrected,pointnet2,proto,scan,1,f1_class::CdLS,0.16666666666666666,475,169
B2_corrected,pointnet2,proto,scan,1,f1_class::Cockayne Syndrome,0.45714285714285713,475,169
B2_corrected,pointnet2,proto,scan,1,f1_class::Cohen Syndrome,0.4,475,169
B2_corrected,pointnet2,proto,scan,1,f1_class::Costello Syndrome,0.35,475,169
B2_corrected,pointnet2,proto,scan,1,f1_class::Crouzon Syndrome,0.0,475,169
B2_corrected,pointnet2,proto,scan,1,f1_class::Down Syndrome,0.5882352941176471,475,169
B2_corrected,pointnet2,proto,scan,1,f1_class::Ehlers-Danlos Syndrome,0.2857142857142857,475,169
B2_corrected,pointnet2,proto,scan,1,"f1_class::Facial Dysmorphia, possibly genetic",0.20689655172413793,475,169
B2_corrected,pointnet2,proto,scan,1,f1_class::Jacobsen Syndrome,0.3,475,169
B2_corrected,pointnet2,proto,scan,1,f1_class::Joubert Syndrome,0.2222222222222222,475,169
B2_corrected,pointnet2,proto,scan,1,f1_class::Loeys-Dietz Syndrome,0.48,475,169
B2_corrected,pointnet2,proto,scan,1,f1_class::Marfan Syndrome,0.42424242424242425,475,169
B2_corrected,pointnet2,proto,scan,1,f1_class::Mucopolysaccharidosis type IIIB (Sanfilippo B),0.08695652173913043,475,169
B2_corrected,pointnet2,proto,scan,1,f1_class::Noonan Syndrome,0.33962264150943394,475,169
B2_corrected,pointnet2,proto,scan,1,f1_class::Pallister-Killian Syndrome,0.38095238095238093,475,169
B2_corrected,pointnet2,proto,scan,1,f1_class::Phelan McDermid Syndrome,0.48717948717948717,475,169
B2_corrected,pointnet2,proto,scan,1,f1_class::Pitt Hopkins,0.47058823529411764,475,169
B2_corrected,pointnet2,proto,scan,1,f1_class::Rett Syndrome,0.21052631578947367,475,169
B2_corrected,pointnet2,proto,scan,1,f1_class::Rubinstein-Taybi Syndrome,0.2222222222222222,475,169
B2_corrected,pointnet2,proto,scan,1,f1_class::Smith-Lemli-Opitz,0.11764705882352941,475,169
B2_corrected,pointnet2,proto,scan,1,f1_class::Tetrasomy 18p,0.4375,475,169
B2_corrected,pointnet2,proto,scan,1,f1_class::Trisomy 18,0.25,475,169
B2_corrected,pointnet2,proto,scan,1,f1_class::Turner Syndrome,0.11764705882352941,475,169
B2_corrected,pointnet2,proto,scan,1,f1_class::Williams Syndrome,0.36363636363636365,475,169
B2_corrected,pointnet2,proto,scan,2,accuracy,0.33473684210526317,475,169
B2_corrected,pointnet2,proto,scan,2,macro_f1,0.28210808521288233,475,169
B2_corrected,pointnet2,proto,scan,2,macro_auc,0.8395340977048347,475,169
B2_corrected,pointnet2,proto,scan,2,f1_class::4p Deletion Wolff-Hirschhorn Syndrome,0.0,475,169
B2_corrected,pointnet2,proto,scan,2,f1_class::5p-,0.32,475,169
B2_corrected,pointnet2,proto,scan,2,f1_class::Achondroplasia,0.6875,475,169
B2_corrected,pointnet2,proto,scan,2,f1_class::Angelman Syndrome,0.11764705882352941,475,169
B2_corrected,pointnet2,proto,scan,2,f1_class::Apert Syndrome,0.0,475,169
B2_corrected,pointnet2,proto,scan,2,f1_class::Bohring-Opitz Syndrome,0.2727272727272727,475,169
B2_corrected,pointnet2,proto,scan,2,f1_class::CDKL5,0.0,475,169
B2_corrected,pointnet2,proto,scan,2,f1_class::CFC,0.09523809523809523,475,169
B2_corrected,pointnet2,proto,scan,2,f1_class::CHARGE Syndrome,0.2,475,169
B2_corrected,pointnet2,proto,scan,2,f1_class::CdLS,0.15384615384615385,475,169
B2_corrected,pointnet2,proto,scan,2,f1_class::Cockayne Syndrome,0.48484848484848486,475,169
B2_corrected,pointnet2,proto,scan,2,f1_class::Cohen Syndrome,0.5185185185185185,475,169
B2_corrected,pointnet2,proto,scan,2,f1_class::Costello Syndrome,0.3157894736842105,475,169
B2_corrected,pointnet2,proto,scan,2,f1_class::Crouzon Syndrome,0.0,475,169
B2_corrected,pointnet2,proto,scan,2,f1_class::Down Syndrome,0.5806451612903226,475,169
B2_corrected,pointnet2,proto,scan,2,f1_class::Ehlers-Danlos Syndrome,0.35714285714285715,475,169
B2_corrected,pointnet2,proto,scan,2,"f1_class::Facial Dysmorphia, possibly genetic",0.25806451612903225,475,169
B2_corrected,pointnet2,proto,scan,2,f1_class::Jacobsen Syndrome,0.2564102564102564,475,169
B2_corrected,pointnet2,proto,scan,2,f1_class::Joubert Syndrome,0.1935483870967742,475,169
B2_corrected,pointnet2,proto,scan,2,f1_class::Loeys-Dietz Syndrome,0.4,475,169
B2_corrected,pointnet2,proto,scan,2,f1_class::Marfan Syndrome,0.4375,475,169
B2_corrected,pointnet2,proto,scan,2,f1_class::Mucopolysaccharidosis type IIIB (Sanfilippo B),0.0,475,169
B2_corrected,pointnet2,proto,scan,2,f1_class::Noonan Syndrome,0.32727272727272727,475,169
B2_corrected,pointnet2,proto,scan,2,f1_class::Pallister-Killian Syndrome,0.4090909090909091,475,169
B2_corrected,pointnet2,proto,scan,2,f1_class::Phelan McDermid Syndrome,0.5714285714285714,475,169
B2_corrected,pointnet2,proto,scan,2,f1_class::Pitt Hopkins,0.5,475,169
B2_corrected,pointnet2,proto,scan,2,f1_class::Rett Syndrome,0.2857142857142857,475,169
B2_corrected,pointnet2,proto,scan,2,f1_class::Rubinstein-Taybi Syndrome,0.3333333333333333,475,169
B2_corrected,pointnet2,proto,scan,2,f1_class::Smith-Lemli-Opitz,0.1111111111111111,475,169
B2_corrected,pointnet2,proto,scan,2,f1_class::Tetrasomy 18p,0.5161290322580645,475,169
B2_corrected,pointnet2,proto,scan,2,f1_class::Trisomy 18,0.2727272727272727,475,169
B2_corrected,pointnet2,proto,scan,2,f1_class::Turner Syndrome,0.0,475,169
B2_corrected,pointnet2,proto,scan,2,f1_class::Williams Syndrome,0.3333333333333333,475,169
B2_corrected,pointnet2,proto,scan,3,accuracy,0.3178947368421053,475,169
B2_corrected,pointnet2,proto,scan,3,macro_f1,0.27151859375612036,475,169
B2_corrected,pointnet2,proto,scan,3,macro_auc,0.8416306417854683,475,169
B2_corrected,pointnet2,proto,scan,3,f1_class::4p Deletion Wolff-Hirschhorn Syndrome,0.0,475,169
B2_corrected,pointnet2,proto,scan,3,f1_class::5p-,0.26666666666666666,475,169
B2_corrected,pointnet2,proto,scan,3,f1_class::Achondroplasia,0.6285714285714286,475,169
B2_corrected,pointnet2,proto,scan,3,f1_class::Angelman Syndrome,0.09523809523809523,475,169
B2_corrected,pointnet2,proto,scan,3,f1_class::Apert Syndrome,0.0,475,169
B2_corrected,pointnet2,proto,scan,3,f1_class::Bohring-Opitz Syndrome,0.2608695652173913,475,169
B2_corrected,pointnet2,proto,scan,3,f1_class::CDKL5,0.08,475,169
B2_corrected,pointnet2,proto,scan,3,f1_class::CFC,0.25,475,169
B2_corrected,pointnet2,proto,scan,3,f1_class::CHARGE Syndrome,0.17647058823529413,475,169
B2_corrected,pointnet2,proto,scan,3,f1_class::CdLS,0.125,475,169
B2_corrected,pointnet2,proto,scan,3,f1_class::Cockayne Syndrome,0.4117647058823529,475,169
B2_corrected,pointnet2,proto,scan,3,f1_class::Cohen Syndrome,0.4444444444444444,475,169
B2_corrected,pointnet2,proto,scan,3,f1_class::Costello Syndrome,0.2631578947368421,475,169
B2_corrected,pointnet2,proto,scan,3,f1_class::Crouzon Syndrome,0.0,475,169
B2_corrected,pointnet2,proto,scan,3,f1_class::Down Syndrome,0.5625,475,169
B2_corrected,pointnet2,proto,scan,3,f1_class::Ehlers-Danlos Syndrome,0.38461538461538464,475,169
B2_corrected,pointnet2,proto,scan,3,"f1_class::Facial Dysmorphia, possibly genetic",0.1935483870967742,475,169
B2_corrected,pointnet2,proto,scan,3,f1_class::Jacobsen Syndrome,0.3076923076923077,475,169
B2_corrected,pointnet2,proto,scan,3,f1_class::Joubert Syndrome,0.1875,475,169
B2_corrected,pointnet2,proto,scan,3,f1_class::Loeys-Dietz Syndrome,0.38461538461538464,475,169
B2_corrected,pointnet2,proto,scan,3,f1_class::Marfan Syndrome,0.3870967741935484,475,169
B2_corrected,pointnet2,proto,scan,3,f1_class::Mucopolysaccharidosis type IIIB (Sanfilippo B),0.0,475,169
B2_corrected,pointnet2,proto,scan,3,f1_class::Noonan Syndrome,0.3389830508474576,475,169
B2_corrected,pointnet2,proto,scan,3,f1_class::Pallister-Killian Syndrome,0.3902439024390244,475,169
B2_corrected,pointnet2,proto,scan,3,f1_class::Phelan McDermid Syndrome,0.49382716049382713,475,169
B2_corrected,pointnet2,proto,scan,3,f1_class::Pitt Hopkins,0.5263157894736842,475,169
B2_corrected,pointnet2,proto,scan,3,f1_class::Rett Syndrome,0.2857142857142857,475,169
B2_corrected,pointnet2,proto,scan,3,f1_class::Rubinstein-Taybi Syndrome,0.5333333333333333,475,169
B2_corrected,pointnet2,proto,scan,3,f1_class::Smith-Lemli-Opitz,0.1,475,169
B2_corrected,pointnet2,proto,scan,3,f1_class::Tetrasomy 18p,0.4375,475,169
B2_corrected,pointnet2,proto,scan,3,f1_class::Trisomy 18,0.1111111111111111,475,169
B2_corrected,pointnet2,proto,scan,3,f1_class::Turner Syndrome,0.0,475,169
B2_corrected,pointnet2,proto,scan,3,f1_class::Williams Syndrome,0.3333333333333333,475,169
B2_corrected,pointnet2,proto,scan,4,accuracy,0.32421052631578945,475,169
B2_corrected,pointnet2,proto,scan,4,macro_f1,0.2772081950800789,475,169
B2_corrected,pointnet2,proto,scan,4,macro_auc,0.8375663123822964,475,169
B2_corrected,pointnet2,proto,scan,4,f1_class::4p Deletion Wolff-Hirschhorn Syndrome,0.0,475,169
B2_corrected,pointnet2,proto,scan,4,f1_class::5p-,0.3076923076923077,475,169
B2_corrected,pointnet2,proto,scan,4,f1_class::Achondroplasia,0.7058823529411765,475,169
B2_corrected,pointnet2,proto,scan,4,f1_class::Angelman Syndrome,0.1,475,169
B2_corrected,pointnet2,proto,scan,4,f1_class::Apert Syndrome,0.0,475,169
B2_corrected,pointnet2,proto,scan,4,f1_class::Bohring-Opitz Syndrome,0.25,475,169
B2_corrected,pointnet2,proto,scan,4,f1_class::CDKL5,0.08,475,169
B2_corrected,pointnet2,proto,scan,4,f1_class::CFC,0.2727272727272727,475,169
B2_corrected,pointnet2,proto,scan,4,f1_class::CHARGE Syndrome,0.16216216216216217,475,169
B2_corrected,pointnet2,proto,scan,4,f1_class::CdLS,0.10810810810810811,475,169
B2_corrected,pointnet2,proto,scan,4,f1_class::Cockayne Syndrome,0.45161290322580644,475,169
B2_corrected,pointnet2,proto,scan,4,f1_class::Cohen Syndrome,0.5,475,169
B2_corrected,pointnet2,proto,scan,4,f1_class::Costello Syndrome,0.3076923076923077,475,169
B2_corrected,pointnet2,proto,scan,4,f1_class::Crouzon Syndrome,0.0,475,169
B2_corrected,pointnet2,proto,scan,4,f1_class::Down Syndrome,0.6206896551724138,475,169
B2_corrected,pointnet2,proto,scan,4,f1_class::Ehlers-Danlos Syndrome,0.37037037037037035,475,169
B2_corrected,pointnet2,proto,scan,4,"f1_class::Facial Dysmorphia, possibly genetic",0.1935483870967742,475,169
B2_corrected,pointnet2,proto,scan,4,f1_class::Jacobsen Syndrome,0.3,475,169
B2_corrected,pointnet2,proto,scan,4,f1_class::Joubert Syndrome,0.20689655172413793,475,169
B2_corrected,pointnet2,proto,scan,4,f1_class::Loeys-Dietz Syndrome,0.38461538461538464,475,169
B2_corrected,pointnet2,proto,scan,4,f1_class::Marfan Syndrome,0.4,475,169
B2_corrected,pointnet2,proto,scan,4,f1_class::Mucopolysaccharidosis type IIIB (Sanfilippo B),0.09523809523809523,475,169
B2_corrected,pointnet2,proto,scan,4,f1_class::Noonan Syndrome,0.38596491228070173,475,169
B2_corrected,pointnet2,proto,scan,4,f1_class::Pallister-Killian Syndrome,0.32558139534883723,475,169
B2_corrected,pointnet2,proto,scan,4,f1_class::Phelan McDermid Syndrome,0.5121951219512195,475,169
B2_corrected,pointnet2,proto,scan,4,f1_class::Pitt Hopkins,0.5263157894736842,475,169
B2_corrected,pointnet2,proto,scan,4,f1_class::Rett Syndrome,0.2857142857142857,475,169
B2_corrected,pointnet2,proto,scan,4,f1_class::Rubinstein-Taybi Syndrome,0.2857142857142857,475,169
B2_corrected,pointnet2,proto,scan,4,f1_class::Smith-Lemli-Opitz,0.0,475,169
B2_corrected,pointnet2,proto,scan,4,f1_class::Tetrasomy 18p,0.45161290322580644,475,169
B2_corrected,pointnet2,proto,scan,4,f1_class::Trisomy 18,0.125,475,169
B2_corrected,pointnet2,proto,scan,4,f1_class::Turner Syndrome,0.10526315789473684,475,169
B2_corrected,pointnet2,proto,scan,4,f1_class::Williams Syndrome,0.32727272727272727,475,169
B2_corrected,pointnet2,proto,subject,0,accuracy,0.41420118343195267,169,169
B2_corrected,pointnet2,proto,subject,0,macro_f1,0.35257299508329426,169,169
B2_corrected,pointnet2,proto,subject,0,macro_auc,0.8937855689392542,169,169
B2_corrected,pointnet2,proto,subject,0,f1_class::4p Deletion Wolff-Hirschhorn Syndrome,0.0,169,169
B2_corrected,pointnet2,proto,subject,0,f1_class::5p-,0.36363636363636365,169,169
B2_corrected,pointnet2,proto,subject,0,f1_class::Achondroplasia,0.7368421052631579,169,169
B2_corrected,pointnet2,proto,subject,0,f1_class::Angelman Syndrome,0.0,169,169
B2_corrected,pointnet2,proto,subject,0,f1_class::Apert Syndrome,0.0,169,169
B2_corrected,pointnet2,proto,subject,0,f1_class::Bohring-Opitz Syndrome,0.6666666666666666,169,169
B2_corrected,pointnet2,proto,subject,0,f1_class::CDKL5,0.0,169,169
B2_corrected,pointnet2,proto,subject,0,f1_class::CFC,0.5,169,169
B2_corrected,pointnet2,proto,subject,0,f1_class::CHARGE Syndrome,0.2857142857142857,169,169
B2_corrected,pointnet2,proto,subject,0,f1_class::CdLS,0.2222222222222222,169,169
B2_corrected,pointnet2,proto,subject,0,f1_class::Cockayne Syndrome,0.5714285714285714,169,169
B2_corrected,pointnet2,proto,subject,0,f1_class::Cohen Syndrome,0.5714285714285714,169,169
B2_corrected,pointnet2,proto,subject,0,f1_class::Costello Syndrome,0.4,169,169
B2_corrected,pointnet2,proto,subject,0,f1_class::Crouzon Syndrome,0.0,169,169
B2_corrected,pointnet2,proto,subject,0,f1_class::Down Syndrome,0.6206896551724138,169,169
B2_corrected,pointnet2,proto,subject,0,f1_class::Ehlers-Danlos Syndrome,0.3333333333333333,169,169
B2_corrected,pointnet2,proto,subject,0,"f1_class::Facial Dysmorphia, possibly genetic",0.4,169,169
B2_corrected,pointnet2,proto,subject,0,f1_class::Jacobsen Syndrome,0.4,169,169
B2_corrected,pointnet2,proto,subject,0,f1_class::Joubert Syndrome,0.375,169,169
B2_corrected,pointnet2,proto,subject,0,f1_class::Loeys-Dietz Syndrome,0.5333333333333333,169,169
B2_corrected,pointnet2,proto,subject,0,f1_class::Marfan Syndrome,0.5,169,169
B2_corrected,pointnet2,proto,subject,0,f1_class::Mucopolysaccharidosis type IIIB (Sanfilippo B),0.0,169,169
B2_corrected,pointnet2,proto,subject,0,f1_class::Noonan Syndrome,0.2608695652173913,169,169
B2_corrected,pointnet2,proto,subject,0,f1_class::Pallister-Killian Syndrome,0.4,169,169
B2_corrected,pointnet2,proto,subject,0,f1_class::Phelan McDermid Syndrome,0.7058823529411765,169,169
B2_corrected,pointnet2,proto,subject,0,f1_class::Pitt Hopkins,0.5714285714285714,169,169
B2_corrected,pointnet2,proto,subject,0,f1_class::Rett Syndrome,0.3333333333333333,169,169
B2_corrected,pointnet2,proto,subject,0,f1_class::Rubinstein-Taybi Syndrome,0.2857142857142857,169,169
B2_corrected,pointnet2,proto,subject,0,f1_class::Smith-Lemli-Opitz,0.4444444444444444,169,169
B2_corrected,pointnet2,proto,subject,0,f1_class::Tetrasomy 18p,0.4,169,169
B2_corrected,pointnet2,proto,subject,0,f1_class::Trisomy 18,0.4,169,169
B2_corrected,pointnet2,proto,subject,0,f1_class::Turner Syndrome,0.0,169,169
B2_corrected,pointnet2,proto,subject,0,f1_class::Williams Syndrome,0.35294117647058826,169,169
B2_corrected,pointnet2,proto,subject,1,accuracy,0.40828402366863903,169,169
B2_corrected,pointnet2,proto,subject,1,macro_f1,0.3261005790136102,169,169
B2_corrected,pointnet2,proto,subject,1,macro_auc,0.9012823077262375,169,169
B2_corrected,pointnet2,proto,subject,1,f1_class::4p Deletion Wolff-Hirschhorn Syndrome,0.0,169,169
B2_corrected,pointnet2,proto,subject,1,f1_class::5p-,0.3076923076923077,169,169
B2_corrected,pointnet2,proto,subject,1,f1_class::Achondroplasia,0.8,169,169
B2_corrected,pointnet2,proto,subject,1,f1_class::Angelman Syndrome,0.0,169,169
B2_corrected,pointnet2,proto,subject,1,f1_class::Apert Syndrome,0.0,169,169
B2_corrected,pointnet2,proto,subject,1,f1_class::Bohring-Opitz Syndrome,0.6666666666666666,169,169
B2_corrected,pointnet2,proto,subject,1,f1_class::CDKL5,0.0,169,169
B2_corrected,pointnet2,proto,subject,1,f1_class::CFC,0.4,169,169
B2_corrected,pointnet2,proto,subject,1,f1_class::CHARGE Syndrome,0.14285714285714285,169,169
B2_corrected,pointnet2,proto,subject,1,f1_class::CdLS,0.3157894736842105,169,169
B2_corrected,pointnet2,proto,subject,1,f1_class::Cockayne Syndrome,0.5714285714285714,169,169
B2_corrected,pointnet2,proto,subject,1,f1_class::Cohen Syndrome,0.3333333333333333,169,169
B2_corrected,pointnet2,proto,subject,1,f1_class::Costello Syndrome,0.5,169,169
B2_corrected,pointnet2,proto,subject,1,f1_class::Crouzon Syndrome,0.0,169,169
B2_corrected,pointnet2,proto,subject,1,f1_class::Down Syndrome,0.6666666666666666,169,169
B2_corrected,pointnet2,proto,subject,1,f1_class::Ehlers-Danlos Syndrome,0.3333333333333333,169,169
B2_corrected,pointnet2,proto,subject,1,"f1_class::Facial Dysmorphia, possibly genetic",0.23529411764705882,169,169
B2_corrected,pointnet2,proto,subject,1,f1_class::Jacobsen Syndrome,0.4,169,169
B2_corrected,pointnet2,proto,subject,1,f1_class::Joubert Syndrome,0.15384615384615385,169,169
B2_corrected,pointnet2,proto,subject,1,f1_class::Loeys-Dietz Syndrome,0.5882352941176471,169,169
B2_corrected,pointnet2,proto,subject,1,f1_class::Marfan Syndrome,0.5333333333333333,169,169
B2_corrected,pointnet2,proto,subject,1,f1_class::Mucopolysaccharidosis type IIIB (Sanfilippo B),0.0,169,169
B2_corrected,pointnet2,proto,subject,1,f1_class::Noonan Syndrome,0.3,169,169
B2_corrected,pointnet2,proto,subject,1,f1_class::Pallister-Killian Syndrome,0.36363636363636365,169,169
B2_corrected,pointnet2,proto,subject,1,f1_class::Phelan McDermid Syndrome,0.6666666666666666,169,169
B2_corrected,pointnet2,proto,subject,1,f1_class::Pitt Hopkins,0.5714285714285714,169,169
B2_corrected,pointnet2,proto,subject,1,f1_class::Rett Syndrome,0.3333333333333333,169,169
B2_corrected,pointnet2,proto,subject,1,f1_class::Rubinstein-Taybi Syndrome,0.4,169,169
B2_corrected,pointnet2,proto,subject,1,f1_class::Smith-Lemli-Opitz,0.3333333333333333,169,169
B2_corrected,pointnet2,proto,subject,1,f1_class::Tetrasomy 18p,0.4,169,169
B2_corrected,pointnet2,proto,subject,1,f1_class::Trisomy 18,0.0,169,169
B2_corrected,pointnet2,proto,subject,1,f1_class::Turner Syndrome,0.0,169,169
B2_corrected,pointnet2,proto,subject,1,f1_class::Williams Syndrome,0.4444444444444444,169,169
B2_corrected,pointnet2,proto,subject,2,accuracy,0.42011834319526625,169,169
B2_corrected,pointnet2,proto,subject,2,macro_f1,0.3417237766602557,169,169
B2_corrected,pointnet2,proto,subject,2,macro_auc,0.8965741405502475,169,169
B2_corrected,pointnet2,proto,subject,2,f1_class::4p Deletion Wolff-Hirschhorn Syndrome,0.0,169,169
B2_corrected,pointnet2,proto,subject,2,f1_class::5p-,0.3076923076923077,169,169
B2_corrected,pointnet2,proto,subject,2,f1_class::Achondroplasia,0.8,169,169
B2_corrected,pointnet2,proto,subject,2,f1_class::Angelman Syndrome,0.0,169,169
B2_corrected,pointnet2,proto,subject,2,f1_class::Apert Syndrome,0.0,169,169
B2_corrected,pointnet2,proto,subject,2,f1_class::Bohring-Opitz Syndrome,0.5,169,169
B2_corrected,pointnet2,proto,subject,2,f1_class::CDKL5,0.0,169,169
B2_corrected,pointnet2,proto,subject,2,f1_class::CFC,0.5,169,169
B2_corrected,pointnet2,proto,subject,2,f1_class::CHARGE Syndrome,0.3076923076923077,169,169
B2_corrected,pointnet2,proto,subject,2,f1_class::CdLS,0.38095238095238093,169,169
B2_corrected,pointnet2,proto,subject,2,f1_class::Cockayne Syndrome,0.5714285714285714,169,169
B2_corrected,pointnet2,proto,subject,2,f1_class::Cohen Syndrome,0.5714285714285714,169,169
B2_corrected,pointnet2,proto,subject,2,f1_class::Costello Syndrome,0.36363636363636365,169,169
B2_corrected,pointnet2,proto,subject,2,f1_class::Crouzon Syndrome,0.0,169,169
B2_corrected,pointnet2,proto,subject,2,f1_class::Down Syndrome,0.6206896551724138,169,169
B2_corrected,pointnet2,proto,subject,2,f1_class::Ehlers-Danlos Syndrome,0.36363636363636365,169,169
B2_corrected,pointnet2,proto,subject,2,"f1_class::Facial Dysmorphia, possibly genetic",0.26666666666666666,169,169
B2_corrected,pointnet2,proto,subject,2,f1_class::Jacobsen Syndrome,0.4444444444444444,169,169
B2_corrected,pointnet2,proto,subject,2,f1_class::Joubert Syndrome,0.2857142857142857,169,169
B2_corrected,pointnet2,proto,subject,2,f1_class::Loeys-Dietz Syndrome,0.5333333333333333,169,169
B2_corrected,pointnet2,proto,subject,2,f1_class::Marfan Syndrome,0.42857142857142855,169,169
B2_corrected,pointnet2,proto,subject,2,f1_class::Mucopolysaccharidosis type IIIB (Sanfilippo B),0.0,169,169
B2_corrected,pointnet2,proto,subject,2,f1_class::Noonan Syndrome,0.2727272727272727,169,169
B2_corrected,pointnet2,proto,subject,2,f1_class::Pallister-Killian Syndrome,0.3333333333333333,169,169
B2_corrected,pointnet2,proto,subject,2,f1_class::Phelan McDermid Syndrome,0.7368421052631579,169,169
B2_corrected,pointnet2,proto,subject,2,f1_class::Pitt Hopkins,0.5714285714285714,169,169
B2_corrected,pointnet2,proto,subject,2,f1_class::Rett Syndrome,0.3333333333333333,169,169
B2_corrected,pointnet2,proto,subject,2,f1_class::Rubinstein-Taybi Syndrome,0.3333333333333333,169,169
B2_corrected,pointnet2,proto,subject,2,f1_class::Smith-Lemli-Opitz,0.4,169,169
B2_corrected,pointnet2,proto,subject,2,f1_class::Tetrasomy 18p,0.4,169,169
B2_corrected,pointnet2,proto,subject,2,f1_class::Trisomy 18,0.25,169,169
B2_corrected,pointnet2,proto,subject,2,f1_class::Turner Syndrome,0.0,169,169
B2_corrected,pointnet2,proto,subject,2,f1_class::Williams Syndrome,0.4,169,169
B2_corrected,pointnet2,proto,subject,3,accuracy,0.41420118343195267,169,169
B2_corrected,pointnet2,proto,subject,3,macro_f1,0.3455283796783325,169,169
B2_corrected,pointnet2,proto,subject,3,macro_auc,0.8986065116164077,169,169
B2_corrected,pointnet2,proto,subject,3,f1_class::4p Deletion Wolff-Hirschhorn Syndrome,0.0,169,169
B2_corrected,pointnet2,proto,subject,3,f1_class::5p-,0.26666666666666666,169,169
B2_corrected,pointnet2,proto,subject,3,f1_class::Achondroplasia,0.7,169,169
B2_corrected,pointnet2,proto,subject,3,f1_class::Angelman Syndrome,0.0,169,169
B2_corrected,pointnet2,proto,subject,3,f1_class::Apert Syndrome,0.0,169,169
B2_corrected,pointnet2,proto,subject,3,f1_class::Bohring-Opitz Syndrome,0.6666666666666666,169,169
B2_corrected,pointnet2,proto,subject,3,f1_class::CDKL5,0.0,169,169
B2_corrected,pointnet2,proto,subject,3,f1_class::CFC,0.6666666666666666,169,169
B2_corrected,pointnet2,proto,subject,3,f1_class::CHARGE Syndrome,0.2857142857142857,169,169
B2_corrected,pointnet2,proto,subject,3,f1_class::CdLS,0.3,169,169
B2_corrected,pointnet2,proto,subject,3,f1_class::Cockayne Syndrome,0.5714285714285714,169,169
B2_corrected,pointnet2,proto,subject,3,f1_class::Cohen Syndrome,0.5714285714285714,169,169
B2_corrected,pointnet2,proto,subject,3,f1_class::Costello Syndrome,0.6,169,169
B2_corrected,pointnet2,proto,subject,3,f1_class::Crouzon Syndrome,0.0,169,169
B2_corrected,pointnet2,proto,subject,3,f1_class::Down Syndrome,0.6428571428571429,169,169
B2_corrected,pointnet2,proto,subject,3,f1_class::Ehlers-Danlos Syndrome,0.5,169,169
B2_corrected,pointnet2,proto,subject,3,"f1_class::Facial Dysmorphia, possibly genetic",0.25,169,169
B2_corrected,pointnet2,proto,subject,3,f1_class::Jacobsen Syndrome,0.5,169,169
B2_corrected,pointnet2,proto,subject,3,f1_class::Joubert Syndrome,0.25,169,169
B2_corrected,pointnet2,proto,subject,3,f1_class::Loeys-Dietz Syndrome,0.47058823529411764,169,169
B2_corrected,pointnet2,proto,subject,3,f1_class::Marfan Syndrome,0.46153846153846156,169,169
B2_corrected,pointnet2,proto,subject,3,f1_class::Mucopolysaccharidosis type IIIB (Sanfilippo B),0.0,169,169
B2_corrected,pointnet2,proto,subject,3,f1_class::Noonan Syndrome,0.2608695652173913,169,169
B2_corrected,pointnet2,proto,subject,3,f1_class::Pallister-Killian Syndrome,0.3333333333333333,169,169
B2_corrected,pointnet2,proto,subject,3,f1_class::Phelan McDermid Syndrome,0.7777777777777778,169,169
B2_corrected,pointnet2,proto,subject,3,f1_class::Pitt Hopkins,0.4444444444444444,169,169
B2_corrected,pointnet2,proto,subject,3,f1_class::Rett Syndrome,0.3333333333333333,169,169
B2_corrected,pointnet2,proto,subject,3,f1_class::Rubinstein-Taybi Syndrome,0.5,169,169
B2_corrected,pointnet2,proto,subject,3,f1_class::Smith-Lemli-Opitz,0.3333333333333333,169,169
B2_corrected,pointnet2,proto,subject,3,f1_class::Tetrasomy 18p,0.4,169,169
B2_corrected,pointnet2,proto,subject,3,f1_class::Trisomy 18,0.0,169,169
B2_corrected,pointnet2,proto,subject,3,f1_class::Turner Syndrome,0.0,169,169
B2_corrected,pointnet2,proto,subject,3,f1_class::Williams Syndrome,0.3157894736842105,169,169
B2_corrected,pointnet2,proto,subject,4,accuracy,0.41420118343195267,169,169
B2_corrected,pointnet2,proto,subject,4,macro_f1,0.3384914029733367,169,169
B2_corrected,pointnet2,proto,subject,4,macro_auc,0.8934839607706464,169,169
B2_corrected,pointnet2,proto,subject,4,f1_class::4p Deletion Wolff-Hirschhorn Syndrome,0.0,169,169
B2_corrected,pointnet2,proto,subject,4,f1_class::5p-,0.3333333333333333,169,169
B2_corrected,pointnet2,proto,subject,4,f1_class::Achondroplasia,0.8,169,169
B2_corrected,pointnet2,proto,subject,4,f1_class::Angelman Syndrome,0.0,169,169
B2_corrected,pointnet2,proto,subject,4,f1_class::Apert Syndrome,0.0,169,169
B2_corrected,pointnet2,proto,subject,4,f1_class::Bohring-Opitz Syndrome,0.5,169,169
B2_corrected,pointnet2,proto,subject,4,f1_class::CDKL5,0.0,169,169
B2_corrected,pointnet2,proto,subject,4,f1_class::CFC,0.5,169,169
B2_corrected,pointnet2,proto,subject,4,f1_class::CHARGE Syndrome,0.15384615384615385,169,169
B2_corrected,pointnet2,proto,subject,4,f1_class::CdLS,0.3,169,169
B2_corrected,pointnet2,proto,subject,4,f1_class::Cockayne Syndrome,0.5714285714285714,169,169
B2_corrected,pointnet2,proto,subject,4,f1_class::Cohen Syndrome,0.5714285714285714,169,169
B2_corrected,pointnet2,proto,subject,4,f1_class::Costello Syndrome,0.4,169,169
B2_corrected,pointnet2,proto,subject,4,f1_class::Crouzon Syndrome,0.0,169,169
B2_corrected,pointnet2,proto,subject,4,f1_class::Down Syndrome,0.6206896551724138,169,169
B2_corrected,pointnet2,proto,subject,4,f1_class::Ehlers-Danlos Syndrome,0.3333333333333333,169,169
B2_corrected,pointnet2,proto,subject,4,"f1_class::Facial Dysmorphia, possibly genetic",0.26666666666666666,169,169
B2_corrected,pointnet2,proto,subject,4,f1_class::Jacobsen Syndrome,0.4444444444444444,169,169
B2_corrected,pointnet2,proto,subject,4,f1_class::Joubert Syndrome,0.375,169,169
B2_corrected,pointnet2,proto,subject,4,f1_class::Loeys-Dietz Syndrome,0.5,169,169
B2_corrected,pointnet2,proto,subject,4,f1_class::Marfan Syndrome,0.42857142857142855,169,169
B2_corrected,pointnet2,proto,subject,4,f1_class::Mucopolysaccharidosis type IIIB (Sanfilippo B),0.0,169,169
B2_corrected,pointnet2,proto,subject,4,f1_class::Noonan Syndrome,0.2727272727272727,169,169
B2_corrected,pointnet2,proto,subject,4,f1_class::Pallister-Killian Syndrome,0.3333333333333333,169,169
B2_corrected,pointnet2,proto,subject,4,f1_class::Phelan McDermid Syndrome,0.7368421052631579,169,169
B2_corrected,pointnet2,proto,subject,4,f1_class::Pitt Hopkins,0.5714285714285714,169,169
B2_corrected,pointnet2,proto,subject,4,f1_class::Rett Syndrome,0.2857142857142857,169,169
B2_corrected,pointnet2,proto,subject,4,f1_class::Rubinstein-Taybi Syndrome,0.5714285714285714,169,169
B2_corrected,pointnet2,proto,subject,4,f1_class::Smith-Lemli-Opitz,0.4,169,169
B2_corrected,pointnet2,proto,subject,4,f1_class::Tetrasomy 18p,0.5,169,169
B2_corrected,pointnet2,proto,subject,4,f1_class::Trisomy 18,0.0,169,169
B2_corrected,pointnet2,proto,subject,4,f1_class::Turner Syndrome,0.0,169,169
B2_corrected,pointnet2,proto,subject,4,f1_class::Williams Syndrome,0.4,169,169
B2_corrected,pointnet2,knn11,scan,0,accuracy,0.2905263157894737,475,169
B2_corrected,pointnet2,knn11,scan,0,macro_f1,0.2158886407112845,475,169
B2_corrected,pointnet2,knn11,scan,0,macro_auc,0.7772143567532136,475,169
B2_corrected,pointnet2,knn11,scan,0,f1_class::4p Deletion Wolff-Hirschhorn Syndrome,0.0,475,169
B2_corrected,pointnet2,knn11,scan,0,f1_class::5p-,0.34782608695652173,475,169
B2_corrected,pointnet2,knn11,scan,0,f1_class::Achondroplasia,0.36363636363636365,475,169
B2_corrected,pointnet2,knn11,scan,0,f1_class::Angelman Syndrome,0.0,475,169
B2_corrected,pointnet2,knn11,scan,0,f1_class::Apert Syndrome,0.0,475,169
B2_corrected,pointnet2,knn11,scan,0,f1_class::Bohring-Opitz Syndrome,0.23529411764705882,475,169
B2_corrected,pointnet2,knn11,scan,0,f1_class::CDKL5,0.0,475,169
B2_corrected,pointnet2,knn11,scan,0,f1_class::CFC,0.23076923076923078,475,169
B2_corrected,pointnet2,knn11,scan,0,f1_class::CHARGE Syndrome,0.26666666666666666,475,169
B2_corrected,pointnet2,knn11,scan,0,f1_class::CdLS,0.13043478260869565,475,169
B2_corrected,pointnet2,knn11,scan,0,f1_class::Cockayne Syndrome,0.46511627906976744,475,169
B2_corrected,pointnet2,knn11,scan,0,f1_class::Cohen Syndrome,0.43243243243243246,475,169
B2_corrected,pointnet2,knn11,scan,0,f1_class::Costello Syndrome,0.2,475,169
B2_corrected,pointnet2,knn11,scan,0,f1_class::Crouzon Syndrome,0.0,475,169
B2_corrected,pointnet2,knn11,scan,0,f1_class::Down Syndrome,0.5263157894736842,475,169
B2_corrected,pointnet2,knn11,scan,0,f1_class::Ehlers-Danlos Syndrome,0.4186046511627907,475,169
B2_corrected,pointnet2,knn11,scan,0,"f1_class::Facial Dysmorphia, possibly genetic",0.11428571428571428,475,169
B2_corrected,pointnet2,knn11,scan,0,f1_class::Jacobsen Syndrome,0.4,475,169
B2_corrected,pointnet2,knn11,scan,0,f1_class::Joubert Syndrome,0.13333333333333333,475,169
B2_corrected,pointnet2,knn11,scan,0,f1_class::Loeys-Dietz Syndrome,0.42105263157894735,475,169
B2_corrected,pointnet2,knn11,scan,0,f1_class::Marfan Syndrome,0.29411764705882354,475,169
B2_corrected,pointnet2,knn11,scan,0,f1_class::Mucopolysaccharidosis type IIIB (Sanfilippo B),0.0,475,169
B2_corrected,pointnet2,knn11,scan,0,f1_class::Noonan Syndrome,0.28,475,169
B2_corrected,pointnet2,knn11,scan,0,f1_class::Pallister-Killian Syndrome,0.25,475,169
B2_corrected,pointnet2,knn11,scan,0,f1_class::Phelan McDermid Syndrome,0.5769230769230769,475,169
B2_corrected,pointnet2,knn11,scan,0,f1_class::Pitt Hopkins,0.5555555555555556,475,169
B2_corrected,pointnet2,knn11,scan,0,f1_class::Rett Syndrome,0.0,475,169
B2_corrected,pointnet2,knn11,scan,0,f1_class::Rubinstein-Taybi Syndrome,0.16666666666666666,475,169
B2_corrected,pointnet2,knn11,scan,0,f1_class::Smith-Lemli-Opitz,0.0,475,169
B2_corrected,pointnet2,knn11,scan,0,f1_class::Tetrasomy 18p,0.08,475,169
B2_corrected,pointnet2,knn11,scan,0,f1_class::Trisomy 18,0.0,475,169
B2_corrected,pointnet2,knn11,scan,0,f1_class::Turner Syndrome,0.0,475,169
B2_corrected,pointnet2,knn11,scan,0,f1_class::Williams Syndrome,0.23529411764705882,475,169
B2_corrected,pointnet2,knn11,scan,1,accuracy,0.2673684210526316,475,169
B2_corrected,pointnet2,knn11,scan,1,macro_f1,0.20860757086950105,475,169
B2_corrected,pointnet2,knn11,scan,1,macro_auc,0.7787772803793772,475,169
B2_corrected,pointnet2,knn11,scan,1,f1_class::4p Deletion Wolff-Hirschhorn Syndrome,0.0,475,169
B2_corrected,pointnet2,knn11,scan,1,f1_class::5p-,0.25,475,169
B2_corrected,pointnet2,knn11,scan,1,f1_class::Achondroplasia,0.3684210526315789,475,169
B2_corrected,pointnet2,knn11,scan,1,f1_class::Angelman Syndrome,0.0,475,169
B2_corrected,pointnet2,knn11,scan,1,f1_class::Apert Syndrome,0.4,475,169
B2_corrected,pointnet2,knn11,scan,1,f1_class::Bohring-Opitz Syndrome,0.3076923076923077,475,169
B2_corrected,pointnet2,knn11,scan,1,f1_class::CDKL5,0.0,475,169
B2_corrected,pointnet2,knn11,scan,1,f1_class::CFC,0.05714285714285714,475,169
B2_corrected,pointnet2,knn11,scan,1,f1_class::CHARGE Syndrome,0.2222222222222222,475,169
B2_corrected,pointnet2,knn11,scan,1,f1_class::CdLS,0.09302325581395349,475,169
B2_corrected,pointnet2,knn11,scan,1,f1_class::Cockayne Syndrome,0.47368421052631576,475,169
B2_corrected,pointnet2,knn11,scan,1,f1_class::Cohen Syndrome,0.2857142857142857,475,169
B2_corrected,pointnet2,knn11,scan,1,f1_class::Costello Syndrome,0.27586206896551724,475,169
B2_corrected,pointnet2,knn11,scan,1,f1_class::Crouzon Syndrome,0.0,475,169
B2_corrected,pointnet2,knn11,scan,1,f1_class::Down Syndrome,0.5454545454545454,475,169
B2_corrected,pointnet2,knn11,scan,1,f1_class::Ehlers-Danlos Syndrome,0.3684210526315789,475,169
B2_corrected,pointnet2,knn11,scan,1,"f1_class::Facial Dysmorphia, possibly genetic",0.15789473684210525,475,169
B2_corrected,pointnet2,knn11,scan,1,f1_class::Jacobsen Syndrome,0.26666666666666666,475,169
B2_corrected,pointnet2,knn11,scan,1,f1_class::Joubert Syndrome,0.0,475,169
B2_corrected,pointnet2,knn11,scan,1,f1_class::Loeys-Dietz Syndrome,0.17391304347826086,475,169
B2_corrected,pointnet2,knn11,scan,1,f1_class::Marfan Syndrome,0.25,475,169
B2_corrected,pointnet2,knn11,scan,1,f1_class::Mucopolysaccharidosis type IIIB (Sanfilippo B),0.0,475,169
B2_corrected,pointnet2,knn11,scan,1,f1_class::Noonan Syndrome,0.2978723404255319,475,169
B2_corrected,pointnet2,knn11,scan,1,f1_class::Pallister-Killian Syndrome,0.36363636363636365,475,169
B2_corrected,pointnet2,knn11,scan,1,f1_class::Phelan McDermid Syndrome,0.5132743362831859,475,169
B2_corrected,pointnet2,knn11,scan,1,f1_class::Pitt Hopkins,0.38095238095238093,475,169
B2_corrected,pointnet2,knn11,scan,1,f1_class::Rett Syndrome,0.0,475,169
B2_corrected,pointnet2,knn11,scan,1,f1_class::Rubinstein-Taybi Syndrome,0.0,475,169
B2_corrected,pointnet2,knn11,scan,1,f1_class::Smith-Lemli-Opitz,0.15384615384615385,475,169
B2_corrected,pointnet2,knn11,scan,1,f1_class::Tetrasomy 18p,0.08333333333333333,475,169
B2_corrected,pointnet2,knn11,scan,1,f1_class::Trisomy 18,0.16666666666666666,475,169
B2_corrected,pointnet2,knn11,scan,1,f1_class::Turner Syndrome,0.15384615384615385,475,169
B2_corrected,pointnet2,knn11,scan,1,f1_class::Williams Syndrome,0.27450980392156865,475,169
B2_corrected,pointnet2,knn11,scan,2,accuracy,0.29894736842105263,475,169
B2_corrected,pointnet2,knn11,scan,2,macro_f1,0.23737166189639003,475,169
B2_corrected,pointnet2,knn11,scan,2,macro_auc,0.7796120771986427,475,169
B2_corrected,pointnet2,knn11,scan,2,f1_class::4p Deletion Wolff-Hirschhorn Syndrome,0.18181818181818182,475,169
B2_corrected,pointnet2,knn11,scan,2,f1_class::5p-,0.2857142857142857,475,169
B2_corrected,pointnet2,knn11,scan,2,f1_class::Achondroplasia,0.3157894736842105,475,169
B2_corrected,pointnet2,knn11,scan,2,f1_class::Angelman Syndrome,0.1,475,169
B2_corrected,pointnet2,knn11,scan,2,f1_class::Apert Syndrome,0.3333333333333333,475,169
B2_corrected,pointnet2,knn11,scan,2,f1_class::Bohring-Opitz Syndrome,0.47058823529411764,475,169
B2_corrected,pointnet2,knn11,scan,2,f1_class::CDKL5,0.125,475,169
B2_corrected,pointnet2,knn11,scan,2,f1_class::CFC,0.07692307692307693,475,169
B2_corrected,pointnet2,knn11,scan,2,f1_class::CHARGE Syndrome,0.1875,475,169
B2_corrected,pointnet2,knn11,scan,2,f1_class::CdLS,0.2553191489361702,475,169
B2_corrected,pointnet2,knn11,scan,2,f1_class::Cockayne Syndrome,0.45,475,169
B2_corrected,pointnet2,knn11,scan,2,f1_class::Cohen Syndrome,0.46153846153846156,475,169
B2_corrected,pointnet2,knn11,scan,2,f1_class::Costello Syndrome,0.2033898305084746,475,169
B2_corrected,pointnet2,knn11,scan,2,f1_class::Crouzon Syndrome,0.0,475,169
B2_corrected,pointnet2,knn11,scan,2,f1_class::Down Syndrome,0.5555555555555556,475,169
B2_corrected,pointnet2,knn11,scan,2,f1_class::Ehlers-Danlos Syndrome,0.36363636363636365,475,169
B2_corrected,pointnet2,knn11,scan,2,"f1_class::Facial Dysmorphia, possibly genetic",0.05555555555555555,475,169
B2_corrected,pointnet2,knn11,scan,2,f1_class::Jacobsen Syndrome,0.41379310344827586,475,169
B2_corrected,pointnet2,knn11,scan,2,f1_class::Joubert Syndrome,0.0,475,169
B2_corrected,pointnet2,knn11,scan,2,f1_class::Loeys-Dietz Syndrome,0.2608695652173913,475,169
B2_corrected,pointnet2,knn11,scan,2,f1_class::Marfan Syndrome,0.3125,475,169
B2_corrected,pointnet2,knn11,scan,2,f1_class::Mucopolysaccharidosis type IIIB (Sanfilippo B),0.0,475,169
B2_corrected,pointnet2,knn11,scan,2,f1_class::Noonan Syndrome,0.23255813953488372,475,169
B2_corrected,pointnet2,knn11,scan,2,f1_class::Pallister-Killian Syndrome,0.375,475,169
B2_corrected,pointnet2,knn11,scan,2,f1_class::Phelan McDermid Syndrome,0.5405405405405406,475,169
B2_corrected,pointnet2,knn11,scan,2,f1_class::Pitt Hopkins,0.38095238095238093,475,169
B2_corrected,pointnet2,knn11,scan,2,f1_class::Rett Syndrome,0.0,475,169
B2_corrected,pointnet2,knn11,scan,2,f1_class::Rubinstein-Taybi Syndrome,0.18181818181818182,475,169
B2_corrected,pointnet2,knn11,scan,2,f1_class::Smith-Lemli-Opitz,0.0,475,169
B2_corrected,pointnet2,knn11,scan,2,f1_class::Tetrasomy 18p,0.16,475,169
B2_corrected,pointnet2,knn11,scan,2,f1_class::Trisomy 18,0.0,475,169
B2_corrected,pointnet2,knn11,scan,2,f1_class::Turner Syndrome,0.125,475,169
B2_corrected,pointnet2,knn11,scan,2,f1_class::Williams Syndrome,0.42857142857142855,475,169
B2_corrected,pointnet2,knn11,scan,3,accuracy,0.27157894736842103,475,169
B2_corrected,pointnet2,knn11,scan,3,macro_f1,0.21547553315877938,475,169
B2_corrected,pointnet2,knn11,scan,3,macro_auc,0.7787511094646608,475,169
B2_corrected,pointnet2,knn11,scan,3,f1_class::4p Deletion Wolff-Hirschhorn Syndrome,0.16666666666666666,475,169
B2_corrected,pointnet2,knn11,scan,3,f1_class::5p-,0.24,475,169
B2_corrected,pointnet2,knn11,scan,3,f1_class::Achondroplasia,0.3076923076923077,475,169
B2_corrected,pointnet2,knn11,scan,3,f1_class::Angelman Syndrome,0.0,475,169
B2_corrected,pointnet2,knn11,scan,3,f1_class::Apert Syndrome,0.0,475,169
B2_corrected,pointnet2,knn11,scan,3,f1_class::Bohring-Opitz Syndrome,0.47058823529411764,475,169
B2_corrected,pointnet2,knn11,scan,3,f1_class::CDKL5,0.0,475,169
B2_corrected,pointnet2,knn11,scan,3,f1_class::CFC,0.06666666666666667,475,169
B2_corrected,pointnet2,knn11,scan,3,f1_class::CHARGE Syndrome,0.14814814814814814,475,169
B2_corrected,pointnet2,knn11,scan,3,f1_class::CdLS,0.14285714285714285,475,169
B2_corrected,pointnet2,knn11,scan,3,f1_class::Cockayne Syndrome,0.46153846153846156,475,169
B2_corrected,pointnet2,knn11,scan,3,f1_class::Cohen Syndrome,0.36363636363636365,475,169
B2_corrected,pointnet2,knn11,scan,3,f1_class::Costello Syndrome,0.2,475,169
B2_corrected,pointnet2,knn11,scan,3,f1_class::Crouzon Syndrome,0.0,475,169
B2_corrected,pointnet2,knn11,scan,3,f1_class::Down Syndrome,0.5263157894736842,475,169
B2_corrected,pointnet2,knn11,scan,3,f1_class::Ehlers-Danlos Syndrome,0.37209302325581395,475,169
B2_corrected,pointnet2,knn11,scan,3,"f1_class::Facial Dysmorphia, possibly genetic",0.15384615384615385,475,169
B2_corrected,pointnet2,knn11,scan,3,f1_class::Jacobsen Syndrome,0.3870967741935484,475,169
B2_corrected,pointnet2,knn11,scan,3,f1_class::Joubert Syndrome,0.0,475,169
B2_corrected,pointnet2,knn11,scan,3,f1_class::Loeys-Dietz Syndrome,0.32,475,169
B2_corrected,pointnet2,knn11,scan,3,f1_class::Marfan Syndrome,0.20689655172413793,475,169
B2_corrected,pointnet2,knn11,scan,3,f1_class::Mucopolysaccharidosis type IIIB (Sanfilippo B),0.0,475,169
B2_corrected,pointnet2,knn11,scan,3,f1_class::Noonan Syndrome,0.20408163265306123,475,169
B2_corrected,pointnet2,knn11,scan,3,f1_class::Pallister-Killian Syndrome,0.22857142857142856,475,169
B2_corrected,pointnet2,knn11,scan,3,f1_class::Phelan McDermid Syndrome,0.49019607843137253,475,169
B2_corrected,pointnet2,knn11,scan,3,f1_class::Pitt Hopkins,0.5263157894736842,475,169
B2_corrected,pointnet2,knn11,scan,3,f1_class::Rett Syndrome,0.10526315789473684,475,169
B2_corrected,pointnet2,knn11,scan,3,f1_class::Rubinstein-Taybi Syndrome,0.2222222222222222,475,169
B2_corrected,pointnet2,knn11,scan,3,f1_class::Smith-Lemli-Opitz,0.0,475,169
B2_corrected,pointnet2,knn11,scan,3,f1_class::Tetrasomy 18p,0.1,475,169
B2_corrected,pointnet2,knn11,scan,3,f1_class::Trisomy 18,0.16666666666666666,475,169
B2_corrected,pointnet2,knn11,scan,3,f1_class::Turner Syndrome,0.13333333333333333,475,169
B2_corrected,pointnet2,knn11,scan,3,f1_class::Williams Syndrome,0.4,475,169
B2_corrected,pointnet2,knn11,scan,4,accuracy,0.27157894736842103,475,169
B2_corrected,pointnet2,knn11,scan,4,macro_f1,0.20310498674629693,475,169
B2_corrected,pointnet2,knn11,scan,4,macro_auc,0.7762703685541545,475,169
B2_corrected,pointnet2,knn11,scan,4,f1_class::4p Deletion Wolff-Hirschhorn Syndrome,0.16666666666666666,475,169
B2_corrected,pointnet2,knn11,scan,4,f1_class::5p-,0.2727272727272727,475,169
B2_corrected,pointnet2,knn11,scan,4,f1_class::Achondroplasia,0.35294117647058826,475,169
B2_corrected,pointnet2,knn11,scan,4,f1_class::Angelman Syndrome,0.0,475,169
B2_corrected,pointnet2,knn11,scan,4,f1_class::Apert Syndrome,0.3333333333333333,475,169
B2_corrected,pointnet2,knn11,scan,4,f1_class::Bohring-Opitz Syndrome,0.26666666666666666,475,169
B2_corrected,pointnet2,knn11,scan,4,f1_class::CDKL5,0.0,475,169
B2_corrected,pointnet2,knn11,scan,4,f1_class::CFC,0.07407407407407407,475,169
B2_corrected,pointnet2,knn11,scan,4,f1_class::CHARGE Syndrome,0.16,475,169
B2_corrected,pointnet2,knn11,scan,4,f1_class::CdLS,0.13953488372093023,475,169
B2_corrected,pointnet2,knn11,scan,4,f1_class::Cockayne Syndrome,0.4878048780487805,475,169
B2_corrected,pointnet2,knn11,scan,4,f1_class::Cohen Syndrome,0.3333333333333333,475,169
B2_corrected,pointnet2,knn11,scan,4,f1_class::Costello Syndrome,0.18461538461538463,475,169
B2_corrected,pointnet2,knn11,scan,4,f1_class::Crouzon Syndrome,0.0,475,169
B2_corrected,pointnet2,knn11,scan,4,f1_class::Down Syndrome,0.4864864864864865,475,169
B2_corrected,pointnet2,knn11,scan,4,f1_class::Ehlers-Danlos Syndrome,0.4,475,169
B2_corrected,pointnet2,knn11,scan,4,"f1_class::Facial Dysmorphia, possibly genetic",0.10256410256410256,475,169
B2_corrected,pointnet2,knn11,scan,4,f1_class::Jacobsen Syndrome,0.3225806451612903,475,169
B2_corrected,pointnet2,knn11,scan,4,f1_class::Joubert Syndrome,0.058823529411764705,475,169
B2_corrected,pointnet2,knn11,scan,4,f1_class::Loeys-Dietz Syndrome,0.3333333333333333,475,169
B2_corrected,pointnet2,knn11,scan,4,f1_class::Marfan Syndrome,0.2,475,169
B2_corrected,pointnet2,knn11,scan,4,f1_class::Mucopolysaccharidosis type IIIB (Sanfilippo B),0.0,475,169
B2_corrected,pointnet2,knn11,scan,4,f1_class::Noonan Syndrome,0.24390243902439024,475,169
B2_corrected,pointnet2,knn11,scan,4,f1_class::Pallister-Killian Syndrome,0.25,475,169
B2_corrected,pointnet2,knn11,scan,4,f1_class::Phelan McDermid Syndrome,0.5765765765765766,475,169
B2_corrected,pointnet2,knn11,scan,4,f1_class::Pitt Hopkins,0.43478260869565216,475,169
B2_corrected,pointnet2,knn11,scan,4,f1_class::Rett Syndrome,0.0,475,169
B2_corrected,pointnet2,knn11,scan,4,f1_class::Rubinstein-Taybi Syndrome,0.0,475,169
B2_corrected,pointnet2,knn11,scan,4,f1_class::Smith-Lemli-Opitz,0.0,475,169
B2_corrected,pointnet2,knn11,scan,4,f1_class::Tetrasomy 18p,0.08333333333333333,475,169
B2_corrected,pointnet2,knn11,scan,4,f1_class::Trisomy 18,0.0,475,169
B2_corrected,pointnet2,knn11,scan,4,f1_class::Turner Syndrome,0.1111111111111111,475,169
B2_corrected,pointnet2,knn11,scan,4,f1_class::Williams Syndrome,0.32727272727272727,475,169
B2_corrected,pointnet2,knn11,subject,0,accuracy,0.3076923076923077,169,169
B2_corrected,pointnet2,knn11,subject,0,macro_f1,0.21103505536379163,169,169
B2_corrected,pointnet2,knn11,subject,0,macro_auc,0.8200536831048097,169,169
B2_corrected,pointnet2,knn11,subject,0,f1_class::4p Deletion Wolff-Hirschhorn Syndrome,0.0,169,169
B2_corrected,pointnet2,knn11,subject,0,f1_class::5p-,0.25,169,169
B2_corrected,pointnet2,knn11,subject,0,f1_class::Achondroplasia,0.47619047619047616,169,169
B2_corrected,pointnet2,knn11,subject,0,f1_class::Angelman Syndrome,0.0,169,169
B2_corrected,pointnet2,knn11,subject,0,f1_class::Apert Syndrome,0.0,169,169
B2_corrected,pointnet2,knn11,subject,0,f1_class::Bohring-Opitz Syndrome,0.0,169,169
B2_corrected,pointnet2,knn11,subject,0,f1_class::CDKL5,0.0,169,169
B2_corrected,pointnet2,knn11,subject,0,f1_class::CFC,0.25,169,169
B2_corrected,pointnet2,knn11,subject,0,f1_class::CHARGE Syndrome,0.3333333333333333,169,169
B2_corrected,pointnet2,knn11,subject,0,f1_class::CdLS,0.10526315789473684,169,169
B2_corrected,pointnet2,knn11,subject,0,f1_class::Cockayne Syndrome,0.4,169,169
B2_corrected,pointnet2,knn11,subject,0,f1_class::Cohen Syndrome,0.6,169,169
B2_corrected,pointnet2,knn11,subject,0,f1_class::Costello Syndrome,0.2727272727272727,169,169
B2_corrected,pointnet2,knn11,subject,0,f1_class::Crouzon Syndrome,0.0,169,169
B2_corrected,pointnet2,knn11,subject,0,f1_class::Down Syndrome,0.6666666666666666,169,169
B2_corrected,pointnet2,knn11,subject,0,f1_class::Ehlers-Danlos Syndrome,0.47058823529411764,169,169
B2_corrected,pointnet2,knn11,subject,0,"f1_class::Facial Dysmorphia, possibly genetic",0.0,169,169
B2_corrected,pointnet2,knn11,subject,0,f1_class::Jacobsen Syndrome,0.2857142857142857,169,169
B2_corrected,pointnet2,knn11,subject,0,f1_class::Joubert Syndrome,0.0,169,169
B2_corrected,pointnet2,knn11,subject,0,f1_class::Loeys-Dietz Syndrome,0.42857142857142855,169,169
B2_corrected,pointnet2,knn11,subject,0,f1_class::Marfan Syndrome,0.23529411764705882,169,169
B2_corrected,pointnet2,knn11,subject,0,f1_class::Mucopolysaccharidosis type IIIB (Sanfilippo B),0.0,169,169
B2_corrected,pointnet2,knn11,subject,0,f1_class::Noonan Syndrome,0.3333333333333333,169,169
B2_corrected,pointnet2,knn11,subject,0,f1_class::Pallister-Killian Syndrome,0.2,169,169
B2_corrected,pointnet2,knn11,subject,0,f1_class::Phelan McDermid Syndrome,0.5263157894736842,169,169
B2_corrected,pointnet2,knn11,subject,0,f1_class::Pitt Hopkins,0.4444444444444444,169,169
B2_corrected,pointnet2,knn11,subject,0,f1_class::Rett Syndrome,0.0,169,169
B2_corrected,pointnet2,knn11,subject,0,f1_class::Rubinstein-Taybi Syndrome,0.0,169,169
B2_corrected,pointnet2,knn11,subject,0,f1_class::Smith-Lemli-Opitz,0.4,169,169
B2_corrected,pointnet2,knn11,subject,0,f1_class::Tetrasomy 18p,0.0,169,169
B2_corrected,pointnet2,knn11,subject,0,f1_class::Trisomy 18,0.0,169,169
B2_corrected,pointnet2,knn11,subject,0,f1_class::Turner Syndrome,0.0,169,169
B2_corrected,pointnet2,knn11,subject,0,f1_class::Williams Syndrome,0.2857142857142857,169,169
B2_corrected,pointnet2,knn11,subject,1,accuracy,0.35502958579881655,169,169
B2_corrected,pointnet2,knn11,subject,1,macro_f1,0.2452976505305217,169,169
B2_corrected,pointnet2,knn11,subject,1,macro_auc,0.8225923887881607,169,169
B2_corrected,pointnet2,knn11,subject,1,f1_class::4p Deletion Wolff-Hirschhorn Syndrome,0.25,169,169
B2_corrected,pointnet2,knn11,subject,1,f1_class::5p-,0.2,169,169
B2_corrected,pointnet2,knn11,subject,1,f1_class::Achondroplasia,0.5217391304347826,169,169
B2_corrected,pointnet2,knn11,subject,1,f1_class::Angelman Syndrome,0.0,169,169
B2_corrected,pointnet2,knn11,subject,1,f1_class::Apert Syndrome,0.0,169,169
B2_corrected,pointnet2,knn11,subject,1,f1_class::Bohring-Opitz Syndrome,0.0,169,169
B2_corrected,pointnet2,knn11,subject,1,f1_class::CDKL5,0.0,169,169
B2_corrected,pointnet2,knn11,subject,1,f1_class::CFC,0.2857142857142857,169,169
B2_corrected,pointnet2,knn11,subject,1,f1_class::CHARGE Syndrome,0.375,169,169
B2_corrected,pointnet2,knn11,subject,1,f1_class::CdLS,0.0,169,169
B2_corrected,pointnet2,knn11,subject,1,f1_class::Cockayne Syndrome,0.6666666666666666,169,169
B2_corrected,pointnet2,knn11,subject,1,f1_class::Cohen Syndrome,0.6666666666666666,169,169
B2_corrected,pointnet2,knn11,subject,1,f1_class::Costello Syndrome,0.5263157894736842,169,169
B2_corrected,pointnet2,knn11,subject,1,f1_class::Crouzon Syndrome,0.0,169,169
B2_corrected,pointnet2,knn11,subject,1,f1_class::Down Syndrome,0.6428571428571429,169,169
B2_corrected,pointnet2,knn11,subject,1,f1_class::Ehlers-Danlos Syndrome,0.5,169,169
B2_corrected,pointnet2,knn11,subject,1,"f1_class::Facial Dysmorphia, possibly genetic",0.0,169,169
B2_corrected,pointnet2,knn11,subject,1,f1_class::Jacobsen Syndrome,0.2857142857142857,169,169
B2_corrected,pointnet2,knn11,subject,1,f1_class::Joubert Syndrome,0.0,169,169
B2_corrected,pointnet2,knn11,subject,1,f1_class::Loeys-Dietz Syndrome,0.2857142857142857,169,169
B2_corrected,pointnet2,knn11,subject,1,f1_class::Marfan Syndrome,0.23529411764705882,169,169
B2_corrected,pointnet2,knn11,subject,1,f1_class::Mucopolysaccharidosis type IIIB (Sanfilippo B),0.0,169,169
B2_corrected,pointnet2,knn11,subject,1,f1_class::Noonan Syndrome,0.26666666666666666,169,169
B2_corrected,pointnet2,knn11,subject,1,f1_class::Pallister-Killian Syndrome,0.3333333333333333,169,169
B2_corrected,pointnet2,knn11,subject,1,f1_class::Phelan McDermid Syndrome,0.6086956521739131,169,169
B2_corrected,pointnet2,knn11,subject,1,f1_class::Pitt Hopkins,0.4444444444444444,169,169
B2_corrected,pointnet2,knn11,subject,1,f1_class::Rett Syndrome,0.0,169,169
B2_corrected,pointnet2,knn11,subject,1,f1_class::Rubinstein-Taybi Syndrome,0.0,169,169
B2_corrected,pointnet2,knn11,subject,1,f1_class::Smith-Lemli-Opitz,0.3333333333333333,169,169
B2_corrected,pointnet2,knn11,subject,1,f1_class::Tetrasomy 18p,0.0,169,169
B2_corrected,pointnet2,knn11,subject,1,f1_class::Trisomy 18,0.0,169,169
B2_corrected,pointnet2,knn11,subject,1,f1_class::Turner Syndrome,0.0,169,169
B2_corrected,pointnet2,knn11,subject,1,f1_class::Williams Syndrome,0.6666666666666666,169,169
B2_corrected,pointnet2,knn11,subject,2,accuracy,0.33136094674556216,169,169
B2_corrected,pointnet2,knn11,subject,2,macro_f1,0.262227503136594,169,169
B2_corrected,pointnet2,knn11,subject,2,macro_auc,0.8251760286934395,169,169
B2_corrected,pointnet2,knn11,subject,2,f1_class::4p Deletion Wolff-Hirschhorn Syndrome,0.4,169,169
B2_corrected,pointnet2,knn11,subject,2,f1_class::5p-,0.2222222222222222,169,169
B2_corrected,pointnet2,knn11,subject,2,f1_class::Achondroplasia,0.6,169,169
B2_corrected,pointnet2,knn11,subject,2,f1_class::Angelman Syndrome,0.0,169,169
B2_corrected,pointnet2,knn11,subject,2,f1_class::Apert Syndrome,1.0,169,169
B2_corrected,pointnet2,knn11,subject,2,f1_class::Bohring-Opitz Syndrome,0.0,169,169
B2_corrected,pointnet2,knn11,subject,2,f1_class::CDKL5,0.0,169,169
B2_corrected,pointnet2,knn11,subject,2,f1_class::CFC,0.0,169,169
B2_corrected,pointnet2,knn11,subject,2,f1_class::CHARGE Syndrome,0.3076923076923077,169,169
B2_corrected,pointnet2,knn11,subject,2,f1_class::CdLS,0.375,169,169
B2_corrected,pointnet2,knn11,subject,2,f1_class::Cockayne Syndrome,0.75,169,169
B2_corrected,pointnet2,knn11,subject,2,f1_class::Cohen Syndrome,0.6,169,169
B2_corrected,pointnet2,knn11,subject,2,f1_class::Costello Syndrome,0.2727272727272727,169,169
B2_corrected,pointnet2,knn11,subject,2,f1_class::Crouzon Syndrome,0.0,169,169
B2_corrected,pointnet2,knn11,subject,2,f1_class::Down Syndrome,0.6060606060606061,169,169
B2_corrected,pointnet2,knn11,subject,2,f1_class::Ehlers-Danlos Syndrome,0.5,169,169
B2_corrected,pointnet2,knn11,subject,2,"f1_class::Facial Dysmorphia, possibly genetic",0.0,169,169
B2_corrected,pointnet2,knn11,subject,2,f1_class::Jacobsen Syndrome,0.3333333333333333,169,169
B2_corrected,pointnet2,knn11,subject,2,f1_class::Joubert Syndrome,0.0,169,169
B2_corrected,pointnet2,knn11,subject,2,f1_class::Loeys-Dietz Syndrome,0.2857142857142857,169,169
B2_corrected,pointnet2,knn11,subject,2,f1_class::Marfan Syndrome,0.25,169,169
B2_corrected,pointnet2,knn11,subject,2,f1_class::Mucopolysaccharidosis type IIIB (Sanfilippo B),0.0,169,169
B2_corrected,pointnet2,knn11,subject,2,f1_class::Noonan Syndrome,0.16666666666666666,169,169
B2_corrected,pointnet2,knn11,subject,2,f1_class::Pallister-Killian Syndrome,0.2,169,169
B2_corrected,pointnet2,knn11,subject,2,f1_class::Phelan McDermid Syndrome,0.5454545454545454,169,169
B2_corrected,pointnet2,knn11,subject,2,f1_class::Pitt Hopkins,0.36363636363636365,169,169
B2_corrected,pointnet2,knn11,subject,2,f1_class::Rett Syndrome,0.0,169,169
B2_corrected,pointnet2,knn11,subject,2,f1_class::Rubinstein-Taybi Syndrome,0.0,169,169
B2_corrected,pointnet2,knn11,subject,2,f1_class::Smith-Lemli-Opitz,0.5,169,169
B2_corrected,pointnet2,knn11,subject,2,f1_class::Tetrasomy 18p,0.0,169,169
B2_corrected,pointnet2,knn11,subject,2,f1_class::Trisomy 18,0.0,169,169
B2_corrected,pointnet2,knn11,subject,2,f1_class::Turner Syndrome,0.0,169,169
B2_corrected,pointnet2,knn11,subject,2,f1_class::Williams Syndrome,0.375,169,169
B2_corrected,pointnet2,knn11,subject,3,accuracy,0.3431952662721893,169,169
B2_corrected,pointnet2,knn11,subject,3,macro_f1,0.2944998752485383,169,169
B2_corrected,pointnet2,knn11,subject,3,macro_auc,0.8222979127312625,169,169
B2_corrected,pointnet2,knn11,subject,3,f1_class::4p Deletion Wolff-Hirschhorn Syndrome,0.4,169,169
B2_corrected,pointnet2,knn11,subject,3,f1_class::5p-,0.4,169,169
B2_corrected,pointnet2,knn11,subject,3,f1_class::Achondroplasia,0.45454545454545453,169,169
B2_corrected,pointnet2,knn11,subject,3,f1_class::Angelman Syndrome,0.3333333333333333,169,169
B2_corrected,pointnet2,knn11,subject,3,f1_class::Apert Syndrome,0.6666666666666666,169,169
B2_corrected,pointnet2,knn11,subject,3,f1_class::Bohring-Opitz Syndrome,1.0,169,169
B2_corrected,pointnet2,knn11,subject,3,f1_class::CDKL5,0.0,169,169
B2_corrected,pointnet2,knn11,subject,3,f1_class::CFC,0.0,169,169
B2_corrected,pointnet2,knn11,subject,3,f1_class::CHARGE Syndrome,0.0,169,169
B2_corrected,pointnet2,knn11,subject,3,f1_class::CdLS,0.25,169,169
B2_corrected,pointnet2,knn11,subject,3,f1_class::Cockayne Syndrome,0.4,169,169
B2_corrected,pointnet2,knn11,subject,3,f1_class::Cohen Syndrome,0.8,169,169
B2_corrected,pointnet2,knn11,subject,3,f1_class::Costello Syndrome,0.2727272727272727,169,169
B2_corrected,pointnet2,knn11,subject,3,f1_class::Crouzon Syndrome,0.0,169,169
B2_corrected,pointnet2,knn11,subject,3,f1_class::Down Syndrome,0.6666666666666666,169,169
B2_corrected,pointnet2,knn11,subject,3,f1_class::Ehlers-Danlos Syndrome,0.5,169,169
B2_corrected,pointnet2,knn11,subject,3,"f1_class::Facial Dysmorphia, possibly genetic",0.0,169,169
B2_corrected,pointnet2,knn11,subject,3,f1_class::Jacobsen Syndrome,0.5,169,169
B2_corrected,pointnet2,knn11,subject,3,f1_class::Joubert Syndrome,0.0,169,169
B2_corrected,pointnet2,knn11,subject,3,f1_class::Loeys-Dietz Syndrome,0.5333333333333333,169,169
B2_corrected,pointnet2,knn11,subject,3,f1_class::Marfan Syndrome,0.125,169,169
B2_corrected,pointnet2,knn11,subject,3,f1_class::Mucopolysaccharidosis type IIIB (Sanfilippo B),0.0,169,169
B2_corrected,pointnet2,knn11,subject,3,f1_class::Noonan Syndrome,0.125,169,169
B2_corrected,pointnet2,knn11,subject,3,f1_class::Pallister-Killian Syndrome,0.4444444444444444,169,169
B2_corrected,pointnet2,knn11,subject,3,f1_class::Phelan McDermid Syndrome,0.47619047619047616,169,169
B2_corrected,pointnet2,knn11,subject,3,f1_class::Pitt Hopkins,0.4,169,169
B2_corrected,pointnet2,knn11,subject,3,f1_class::Rett Syndrome,0.0,169,169
B2_corrected,pointnet2,knn11,subject,3,f1_class::Rubinstein-Taybi Syndrome,0.0,169,169
B2_corrected,pointnet2,knn11,subject,3,f1_class::Smith-Lemli-Opitz,0.5,169,169
B2_corrected,pointnet2,knn11,subject,3,f1_class::Tetrasomy 18p,0.0,169,169
B2_corrected,pointnet2,knn11,subject,3,f1_class::Trisomy 18,0.0,169,169
B2_corrected,pointnet2,knn11,subject,3,f1_class::Turner Syndrome,0.0,169,169
B2_corrected,pointnet2,knn11,subject,3,f1_class::Williams Syndrome,0.47058823529411764,169,169
B2_corrected,pointnet2,knn11,subject,4,accuracy,0.28402366863905326,169,169
B2_corrected,pointnet2,knn11,subject,4,macro_f1,0.21028693242315533,169,169
B2_corrected,pointnet2,knn11,subject,4,macro_auc,0.8200800951255011,169,169
B2_corrected,pointnet2,knn11,subject,4,f1_class::4p Deletion Wolff-Hirschhorn Syndrome,0.3333333333333333,169,169
B2_corrected,pointnet2,knn11,subject,4,f1_class::5p-,0.25,169,169
B2_corrected,pointnet2,knn11,subject,4,f1_class::Achondroplasia,0.47619047619047616,169,169
B2_corrected,pointnet2,knn11,subject,4,f1_class::Angelman Syndrome,0.0,169,169
B2_corrected,pointnet2,knn11,subject,4,f1_class::Apert Syndrome,0.0,169,169
B2_corrected,pointnet2,knn11,subject,4,f1_class::Bohring-Opitz Syndrome,0.6666666666666666,169,169
B2_corrected,pointnet2,knn11,subject,4,f1_class::CDKL5,0.0,169,169
B2_corrected,pointnet2,knn11,subject,4,f1_class::CFC,0.0,169,169
B2_corrected,pointnet2,knn11,subject,4,f1_class::CHARGE Syndrome,0.0,169,169
B2_corrected,pointnet2,knn11,subject,4,f1_class::CdLS,0.13333333333333333,169,169
B2_corrected,pointnet2,knn11,subject,4,f1_class::Cockayne Syndrome,0.5,169,169
B2_corrected,pointnet2,knn11,subject,4,f1_class::Cohen Syndrome,0.25,169,169
B2_corrected,pointnet2,knn11,subject,4,f1_class::Costello Syndrome,0.2,169,169
B2_corrected,pointnet2,knn11,subject,4,f1_class::Crouzon Syndrome,0.0,169,169
B2_corrected,pointnet2,knn11,subject,4,f1_class::Down Syndrome,0.6666666666666666,169,169
B2_corrected,pointnet2,knn11,subject,4,f1_class::Ehlers-Danlos Syndrome,0.3333333333333333,169,169
B2_corrected,pointnet2,knn11,subject,4,"f1_class::Facial Dysmorphia, possibly genetic",0.0,169,169
B2_corrected,pointnet2,knn11,subject,4,f1_class::Jacobsen Syndrome,0.2,169,169
B2_corrected,pointnet2,knn11,subject,4,f1_class::Joubert Syndrome,0.0,169,169
B2_corrected,pointnet2,knn11,subject,4,f1_class::Loeys-Dietz Syndrome,0.4,169,169
B2_corrected,pointnet2,knn11,subject,4,f1_class::Marfan Syndrome,0.0,169,169
B2_corrected,pointnet2,knn11,subject,4,f1_class::Mucopolysaccharidosis type IIIB (Sanfilippo B),0.0,169,169
B2_corrected,pointnet2,knn11,subject,4,f1_class::Noonan Syndrome,0.25,169,169
B2_corrected,pointnet2,knn11,subject,4,f1_class::Pallister-Killian Syndrome,0.4444444444444444,169,169
B2_corrected,pointnet2,knn11,subject,4,f1_class::Phelan McDermid Syndrome,0.631578947368421,169,169
B2_corrected,pointnet2,knn11,subject,4,f1_class::Pitt Hopkins,0.3333333333333333,169,169
B2_corrected,pointnet2,knn11,subject,4,f1_class::Rett Syndrome,0.0,169,169
B2_corrected,pointnet2,knn11,subject,4,f1_class::Rubinstein-Taybi Syndrome,0.0,169,169
B2_corrected,pointnet2,knn11,subject,4,f1_class::Smith-Lemli-Opitz,0.4,169,169
B2_corrected,pointnet2,knn11,subject,4,f1_class::Tetrasomy 18p,0.0,169,169
B2_corrected,pointnet2,knn11,subject,4,f1_class::Trisomy 18,0.0,169,169
B2_corrected,pointnet2,knn11,subject,4,f1_class::Turner Syndrome,0.0,169,169
B2_corrected,pointnet2,knn11,subject,4,f1_class::Williams Syndrome,0.47058823529411764,169,169
B1_proto_cetrain,pointnet2,softmax,scan,0,accuracy,0.2907608695652174,1840,733
B1_proto_cetrain,pointnet2,softmax,scan,0,macro_f1,0.25870889073844994,1840,733
B1_proto_cetrain,pointnet2,softmax,scan,0,macro_auc,0.7789980177184077,1840,733
B1_proto_cetrain,pointnet2,softmax,scan,0,f1_class::Cartilage,0.1981981981981982,1840,733
B1_proto_cetrain,pointnet2,softmax,scan,0,f1_class::Ciliopathy,0.28169014084507044,1840,733
B1_proto_cetrain,pointnet2,softmax,scan,0,f1_class::Cohesinopathy,0.16822429906542055,1840,733
B1_proto_cetrain,pointnet2,softmax,scan,0,f1_class::Connective Tissue,0.28846153846153844,1840,733
B1_proto_cetrain,pointnet2,softmax,scan,0,f1_class::Control,0.5675675675675675,1840,733
B1_proto_cetrain,pointnet2,softmax,scan,0,f1_class::DNA Repair,0.3333333333333333,1840,733
B1_proto_cetrain,pointnet2,softmax,scan,0,f1_class::Deletion,0.2170212765957447,1840,733
B1_proto_cetrain,pointnet2,softmax,scan,0,f1_class::Duplication,0.10852713178294573,1840,733
B1_proto_cetrain,pointnet2,softmax,scan,0,f1_class::Ectodermal,0.2222222222222222,1840,733
B1_proto_cetrain,pointnet2,softmax,scan,0,f1_class::Growth,0.17647058823529413,1840,733
B1_proto_cetrain,pointnet2,softmax,scan,0,f1_class::Imprinting,0.21518987341772153,1840,733
B1_proto_cetrain,pointnet2,softmax,scan,0,f1_class::Lysozome,0.4778761061946903,1840,733
B1_proto_cetrain,pointnet2,softmax,scan,0,f1_class::Neurocristopathy,0.19913419913419914,1840,733
B1_proto_cetrain,pointnet2,softmax,scan,0,f1_class::Peroxisome,0.2702702702702703,1840,733
B1_proto_cetrain,pointnet2,softmax,scan,0,f1_class::Primary Palate,0.24,1840,733
B1_proto_cetrain,pointnet2,softmax,scan,0,f1_class::Rasopathy,0.33935018050541516,1840,733
B1_proto_cetrain,pointnet2,softmax,scan,0,f1_class::Sex Chromosome,0.18181818181818182,1840,733
B1_proto_cetrain,pointnet2,softmax,scan,0,f1_class::Trisomy,0.2268041237113402,1840,733
B1_proto_cetrain,pointnet2,softmax,scan,0,f1_class::Uncategorized,0.2033096926713948,1840,733
B1_proto_cetrain,pointnet2,softmax,scan,1,accuracy,0.2967391304347826,1840,733
B1_proto_cetrain,pointnet2,softmax,scan,1,macro_f1,0.27386269184652745,1840,733
B1_proto_cetrain,pointnet2,softmax,scan,1,macro_auc,0.7794350658562648,1840,733
B1_proto_cetrain,pointnet2,softmax,scan,1,f1_class::Cartilage,0.21052631578947367,1840,733
B1_proto_cetrain,pointnet2,softmax,scan,1,f1_class::Ciliopathy,0.36363636363636365,1840,733
B1_proto_cetrain,pointnet2,softmax,scan,1,f1_class::Cohesinopathy,0.15126050420168066,1840,733
B1_proto_cetrain,pointnet2,softmax,scan,1,f1_class::Connective Tissue,0.30662020905923343,1840,733
B1_proto_cetrain,pointnet2,softmax,scan,1,f1_class::Control,0.5672131147540984,1840,733
B1_proto_cetrain,pointnet2,softmax,scan,1,f1_class::DNA Repair,0.41509433962264153,1840,733
B1_proto_cetrain,pointnet2,softmax,scan,1,f1_class::Deletion,0.2096069868995633,1840,733
B1_proto_cetrain,pointnet2,softmax,scan,1,f1_class::Duplication,0.15267175572519084,1840,733
B1_proto_cetrain,pointnet2,softmax,scan,1,f1_class::Ectodermal,0.18461538461538463,1840,733
B1_proto_cetrain,pointnet2,softmax,scan,1,f1_class::Growth,0.22857142857142856,1840,733
B1_proto_cetrain,pointnet2,softmax,scan,1,f1_class::Imprinting,0.23300970873786409,1840,733
B1_proto_cetrain,pointnet2,softmax,scan,1,f1_class::Lysozome,0.4827586206896552,1840,733
B1_proto_cetrain,pointnet2,softmax,scan,1,f1_class::Neurocristopathy,0.13733905579399142,1840,733
B1_proto_cetrain,pointnet2,softmax,scan,1,f1_class::Peroxisome,0.2571428571428571,1840,733
B1_proto_cetrain,pointnet2,softmax,scan,1,f1_class::Primary Palate,0.28,1840,733
B1_proto_cetrain,pointnet2,softmax,scan,1,f1_class::Rasopathy,0.35,1840,733
B1_proto_cetrain,pointnet2,softmax,scan,1,f1_class::Sex Chromosome,0.1951219512195122,1840,733
B1_proto_cetrain,pointnet2,softmax,scan,1,f1_class::Trisomy,0.2857142857142857,1840,733
B1_proto_cetrain,pointnet2,softmax,scan,1,f1_class::Uncategorized,0.19248826291079812,1840,733
B1_proto_cetrain,pointnet2,softmax,scan,2,accuracy,0.2956521739130435,1840,733
B1_proto_cetrain,pointnet2,softmax,scan,2,macro_f1,0.26668461889549366,1840,733
B1_proto_cetrain,pointnet2,softmax,scan,2,macro_auc,0.7747259743756414,1840,733
B1_proto_cetrain,pointnet2,softmax,scan,2,f1_class::Cartilage,0.20754716981132076,1840,733
B1_proto_cetrain,pointnet2,softmax,scan,2,f1_class::Ciliopathy,0.3291139240506329,1840,733
B1_proto_cetrain,pointnet2,softmax,scan,2,f1_class::Cohesinopathy,0.15517241379310345,1840,733
B1_proto_cetrain,pointnet2,softmax,scan,2,f1_class::Connective Tissue,0.30618892508143325,1840,733
B1_proto_cetrain,pointnet2,softmax,scan,2,f1_class::Control,0.575809199318569,1840,733
B1_proto_cetrain,pointnet2,softmax,scan,2,f1_class::DNA Repair,0.39215686274509803,1840,733
B1_proto_cetrain,pointnet2,softmax,scan,2,f1_class::Deletion,0.2413793103448276,1840,733
B1_proto_cetrain,pointnet2,softmax,scan,2,f1_class::Duplication,0.11965811965811966,1840,733
B1_proto_cetrain,pointnet2,softmax,scan,2,f1_class::Ectodermal,0.21212121212121213,1840,733
B1_proto_cetrain,pointnet2,softmax,scan,2,f1_class::Growth,0.2222222222222222,1840,733
B1_proto_cetrain,pointnet2,softmax,scan,2,f1_class::Imprinting,0.20923076923076922,1840,733
B1_proto_cetrain,pointnet2,softmax,scan,2,f1_class::Lysozome,0.4444444444444444,1840,733
B1_proto_cetrain,pointnet2,softmax,scan,2,f1_class::Neurocristopathy,0.20353982300884957,1840,733
B1_proto_cetrain,pointnet2,softmax,scan,2,f1_class::Peroxisome,0.2571428571428571,1840,733
B1_proto_cetrain,pointnet2,softmax,scan,2,f1_class::Primary Palate,0.24,1840,733
B1_proto_cetrain,pointnet2,softmax,scan,2,f1_class::Rasopathy,0.35125448028673834,1840,733
B1_proto_cetrain,pointnet2,softmax,scan,2,f1_class::Sex Chromosome,0.19393939393939394,1840,733
B1_proto_cetrain,pointnet2,softmax,scan,2,f1_class::Trisomy,0.23300970873786409,1840,733
B1_proto_cetrain,pointnet2,softmax,scan,2,f1_class::Uncategorized,0.17307692307692307,1840,733
B1_proto_cetrain,pointnet2,softmax,scan,3,accuracy,0.28641304347826085,1840,733
B1_proto_cetrain,pointnet2,softmax,scan,3,macro_f1,0.2651870784834288,1840,733
B1_proto_cetrain,pointnet2,softmax,scan,3,macro_auc,0.7770405801152557,1840,733
B1_proto_cetrain,pointnet2,softmax,scan,3,f1_class::Cartilage,0.22,1840,733
B1_proto_cetrain,pointnet2,softmax,scan,3,f1_class::Ciliopathy,0.3188405797101449,1840,733
B1_proto_cetrain,pointnet2,softmax,scan,3,f1_class::Cohesinopathy,0.16822429906542055,1840,733
B1_proto_cetrain,pointnet2,softmax,scan,3,f1_class::Connective Tissue,0.2958199356913183,1840,733
B1_proto_cetrain,pointnet2,softmax,scan,3,f1_class::Control,0.5747126436781609,1840,733
B1_proto_cetrain,pointnet2,softmax,scan,3,f1_class::DNA Repair,0.43636363636363634,1840,733
B1_proto_cetrain,pointnet2,softmax,scan,3,f1_class::Deletion,0.20915032679738563,1840,733
B1_proto_cetrain,pointnet2,softmax,scan,3,f1_class::Duplication,0.15037593984962405,1840,733
B1_proto_cetrain,pointnet2,softmax,scan,3,f1_class::Ectodermal,0.21875,1840,733
B1_proto_cetrain,pointnet2,softmax,scan,3,f1_class::Growth,0.16666666666666666,1840,733
B1_proto_cetrain,pointnet2,softmax,scan,3,f1_class::Imprinting,0.22006472491909385,1840,733
B1_proto_cetrain,pointnet2,softmax,scan,3,f1_class::Lysozome,0.5263157894736842,1840,733
B1_proto_cetrain,pointnet2,softmax,scan,3,f1_class::Neurocristopathy,0.13852813852813853,1840,733
B1_proto_cetrain,pointnet2,softmax,scan,3,f1_class::Peroxisome,0.22857142857142856,1840,733
B1_proto_cetrain,pointnet2,softmax,scan,3,f1_class::Primary Palate,0.2545454545454545,1840,733
B1_proto_cetrain,pointnet2,softmax,scan,3,f1_class::Rasopathy,0.3025830258302583,1840,733
B1_proto_cetrain,pointnet2,softmax,scan,3,f1_class::Sex Chromosome,0.18181818181818182,1840,733
B1_proto_cetrain,pointnet2,softmax,scan,3,f1_class::Trisomy,0.2857142857142857,1840,733
B1_proto_cetrain,pointnet2,softmax,scan,3,f1_class::Uncategorized,0.14150943396226415,1840,733
B1_proto_cetrain,pointnet2,softmax,scan,4,accuracy,0.29347826086956524,1840,733
B1_proto_cetrain,pointnet2,softmax,scan,4,macro_f1,0.26881459580884515,1840,733
B1_proto_cetrain,pointnet2,softmax,scan,4,macro_auc,0.7776052866446724,1840,733
B1_proto_cetrain,pointnet2,softmax,scan,4,f1_class::Cartilage,0.2,1840,733
B1_proto_cetrain,pointnet2,softmax,scan,4,f1_class::Ciliopathy,0.3157894736842105,1840,733
B1_proto_cetrain,pointnet2,softmax,scan,4,f1_class::Cohesinopathy,0.19230769230769232,1840,733
B1_proto_cetrain,pointnet2,softmax,scan,4,f1_class::Connective Tissue,0.2838283828382838,1840,733
B1_proto_cetrain,pointnet2,softmax,scan,4,f1_class::Control,0.5671140939597316,1840,733
B1_proto_cetrain,pointnet2,softmax,scan,4,f1_class::DNA Repair,0.4,1840,733
B1_proto_cetrain,pointnet2,softmax,scan,4,f1_class::Deletion,0.2183406113537118,1840,733
B1_proto_cetrain,pointnet2,softmax,scan,4,f1_class::Duplication,0.183206106870229,1840,733
B1_proto_cetrain,pointnet2,softmax,scan,4,f1_class::Ectodermal,0.1724137931034483,1840,733
B1_proto_cetrain,pointnet2,softmax,scan,4,f1_class::Growth,0.23529411764705882,1840,733
B1_proto_cetrain,pointnet2,softmax,scan,4,f1_class::Imprinting,0.22910216718266255,1840,733
B1_proto_cetrain,pointnet2,softmax,scan,4,f1_class::Lysozome,0.4745762711864407,1840,733
B1_proto_cetrain,pointnet2,softmax,scan,4,f1_class::Neurocristopathy,0.19213973799126638,1840,733
B1_proto_cetrain,pointnet2,softmax,scan,4,f1_class::Peroxisome,0.2571428571428571,1840,733
B1_proto_cetrain,pointnet2,softmax,scan,4,f1_class::Primary Palate,0.2033898305084746,1840,733
B1_proto_cetrain,pointnet2,softmax,scan,4,f1_class::Rasopathy,0.3283582089552239,1840,733
B1_proto_cetrain,pointnet2,softmax,scan,4,f1_class::Sex Chromosome,0.20238095238095238,1840,733
B1_proto_cetrain,pointnet2,softmax,scan,4,f1_class::Trisomy,0.28,1840,733
B1_proto_cetrain,pointnet2,softmax,scan,4,f1_class::Uncategorized,0.17209302325581396,1840,733
B1_proto_cetrain,pointnet2,softmax,subject,0,accuracy,0.3328785811732606,733,733
B1_proto_cetrain,pointnet2,softmax,subject,0,macro_f1,0.3061222040680082,733,733
B1_proto_cetrain,pointnet2,softmax,subject,0,macro_auc,0.815847297262132,733,733
B1_proto_cetrain,pointnet2,softmax,subject,0,f1_class::Cartilage,0.25806451612903225,733,733
B1_proto_cetrain,pointnet2,softmax,subject,0,f1_class::Ciliopathy,0.25,733,733
B1_proto_cetrain,pointnet2,softmax,subject,0,f1_class::Cohesinopathy,0.2222222222222222,733,733
B1_proto_cetrain,pointnet2,softmax,subject,0,f1_class::Connective Tissue,0.3137254901960784,733,733
B1_proto_cetrain,pointnet2,softmax,subject,0,f1_class::Control,0.6074074074074074,733,733
B1_proto_cetrain,pointnet2,softmax,subject,0,f1_class::DNA Repair,0.5333333333333333,733,733
B1_proto_cetrain,pointnet2,softmax,subject,0,f1_class::Deletion,0.21656050955414013,733,733
B1_proto_cetrain,pointnet2,softmax,subject,0,f1_class::Duplication,0.1702127659574468,733,733
B1_proto_cetrain,pointnet2,softmax,subject,0,f1_class::Ectodermal,0.21621621621621623,733,733
B1_proto_cetrain,pointnet2,softmax,subject,0,f1_class::Growth,0.14285714285714285,733,733
B1_proto_cetrain,pointnet2,softmax,subject,0,f1_class::Imprinting,0.22857142857142856,733,733
B1_proto_cetrain,pointnet2,softmax,subject,0,f1_class::Lysozome,0.5333333333333333,733,733
B1_proto_cetrain,pointnet2,softmax,subject,0,f1_class::Neurocristopathy,0.2318840579710145,733,733
B1_proto_cetrain,pointnet2,softmax,subject,0,f1_class::Peroxisome,0.3076923076923077,733,733
B1_proto_cetrain,pointnet2,softmax,subject,0,f1_class::Primary Palate,0.34285714285714286,733,733
B1_proto_cetrain,pointnet2,softmax,subject,0,f1_class::Rasopathy,0.37362637362637363,733,733
B1_proto_cetrain,pointnet2,softmax,subject,0,f1_class::Sex Chromosome,0.2857142857142857,733,733
B1_proto_cetrain,pointnet2,softmax,subject,0,f1_class::Trisomy,0.38596491228070173,733,733
B1_proto_cetrain,pointnet2,softmax,subject,0,f1_class::Uncategorized,0.19607843137254902,733,733
B1_proto_cetrain,pointnet2,softmax,subject,1,accuracy,0.33560709413369716,733,733
B1_proto_cetrain,pointnet2,softmax,subject,1,macro_f1,0.3304231690513377,733,733
B1_proto_cetrain,pointnet2,softmax,subject,1,macro_auc,0.811910782631937,733,733
B1_proto_cetrain,pointnet2,softmax,subject,1,f1_class::Cartilage,0.33962264150943394,733,733
B1_proto_cetrain,pointnet2,softmax,subject,1,f1_class::Ciliopathy,0.4,733,733
B1_proto_cetrain,pointnet2,softmax,subject,1,f1_class::Cohesinopathy,0.16216216216216217,733,733
B1_proto_cetrain,pointnet2,softmax,subject,1,f1_class::Connective Tissue,0.30985915492957744,733,733
B1_proto_cetrain,pointnet2,softmax,subject,1,f1_class::Control,0.6119402985074627,733,733
B1_proto_cetrain,pointnet2,softmax,subject,1,f1_class::DNA Repair,0.5,733,733
B1_proto_cetrain,pointnet2,softmax,subject,1,f1_class::Deletion,0.21518987341772153,733,733
B1_proto_cetrain,pointnet2,softmax,subject,1,f1_class::Duplication,0.17391304347826086,733,733
B1_proto_cetrain,pointnet2,softmax,subject,1,f1_class::Ectodermal,0.19047619047619047,733,733
B1_proto_cetrain,pointnet2,softmax,subject,1,f1_class::Growth,0.375,733,733
B1_proto_cetrain,pointnet2,softmax,subject,1,f1_class::Imprinting,0.24778761061946902,733,733
B1_proto_cetrain,pointnet2,softmax,subject,1,f1_class::Lysozome,0.6666666666666666,733,733
B1_proto_cetrain,pointnet2,softmax,subject,1,f1_class::Neurocristopathy,0.15384615384615385,733,733
B1_proto_cetrain,pointnet2,softmax,subject,1,f1_class::Peroxisome,0.3076923076923077,733,733
B1_proto_cetrain,pointnet2,softmax,subject,1,f1_class::Primary Palate,0.375,733,733
B1_proto_cetrain,pointnet2,softmax,subject,1,f1_class::Rasopathy,0.3516483516483517,733,733
B1_proto_cetrain,pointnet2,softmax,subject,1,f1_class::Sex Chromosome,0.3037974683544304,733,733
B1_proto_cetrain,pointnet2,softmax,subject,1,f1_class::Trisomy,0.41509433962264153,733,733
B1_proto_cetrain,pointnet2,softmax,subject,1,f1_class::Uncategorized,0.17834394904458598,733,733
B1_proto_cetrain,pointnet2,softmax,subject,2,accuracy,0.34106412005457026,733,733
B1_proto_cetrain,pointnet2,softmax,subject,2,macro_f1,0.33226957106277416,733,733
B1_proto_cetrain,pointnet2,softmax,subject,2,macro_auc,0.8122682243173921,733,733
B1_proto_cetrain,pointnet2,softmax,subject,2,f1_class::Cartilage,0.2962962962962963,733,733
B1_proto_cetrain,pointnet2,softmax,subject,2,f1_class::Ciliopathy,0.4375,733,733
B1_proto_cetrain,pointnet2,softmax,subject,2,f1_class::Cohesinopathy,0.21052631578947367,733,733
B1_proto_cetrain,pointnet2,softmax,subject,2,f1_class::Connective Tissue,0.32051282051282054,733,733
B1_proto_cetrain,pointnet2,softmax,subject,2,f1_class::Control,0.6067415730337079,733,733
B1_proto_cetrain,pointnet2,softmax,subject,2,f1_class::DNA Repair,0.47058823529411764,733,733
B1_proto_cetrain,pointnet2,softmax,subject,2,f1_class::Deletion,0.19875776397515527,733,733
B1_proto_cetrain,pointnet2,softmax,subject,2,f1_class::Duplication,0.17391304347826086,733,733
B1_proto_cetrain,pointnet2,softmax,subject,2,f1_class::Ectodermal,0.23255813953488372,733,733
B1_proto_cetrain,pointnet2,softmax,subject,2,f1_class::Growth,0.3333333333333333,733,733
B1_proto_cetrain,pointnet2,softmax,subject,2,f1_class::Imprinting,0.24561403508771928,733,733
B1_proto_cetrain,pointnet2,softmax,subject,2,f1_class::Lysozome,0.5925925925925926,733,733
B1_proto_cetrain,pointnet2,softmax,subject,2,f1_class::Neurocristopathy,0.16901408450704225,733,733
B1_proto_cetrain,pointnet2,softmax,subject,2,f1_class::Peroxisome,0.3076923076923077,733,733
B1_proto_cetrain,pointnet2,softmax,subject,2,f1_class::Primary Palate,0.375,733,733
B1_proto_cetrain,pointnet2,softmax,subject,2,f1_class::Rasopathy,0.41304347826086957,733,733
B1_proto_cetrain,pointnet2,softmax,subject,2,f1_class::Sex Chromosome,0.2972972972972973,733,733
B1_proto_cetrain,pointnet2,softmax,subject,2,f1_class::Trisomy,0.4528301886792453,733,733
B1_proto_cetrain,pointnet2,softmax,subject,2,f1_class::Uncategorized,0.1793103448275862,733,733
B1_proto_cetrain,pointnet2,softmax,subject,3,accuracy,0.330150068212824,733,733
B1_proto_cetrain,pointnet2,softmax,subject,3,macro_f1,0.31242752603477786,733,733
B1_proto_cetrain,pointnet2,softmax,subject,3,macro_auc,0.816613030363576,733,733
B1_proto_cetrain,pointnet2,softmax,subject,3,f1_class::Cartilage,0.26666666666666666,733,733
B1_proto_cetrain,pointnet2,softmax,subject,3,f1_class::Ciliopathy,0.3125,733,733
B1_proto_cetrain,pointnet2,softmax,subject,3,f1_class::Cohesinopathy,0.14285714285714285,733,733
B1_proto_cetrain,pointnet2,softmax,subject,3,f1_class::Connective Tissue,0.2894736842105263,733,733
B1_proto_cetrain,pointnet2,softmax,subject,3,f1_class::Control,0.6067415730337079,733,733
B1_proto_cetrain,pointnet2,softmax,subject,3,f1_class::DNA Repair,0.5,733,733
B1_proto_cetrain,pointnet2,softmax,subject,3,f1_class::Deletion,0.22641509433962265,733,733
B1_proto_cetrain,pointnet2,softmax,subject,3,f1_class::Duplication,0.20833333333333334,733,733
B1_proto_cetrain,pointnet2,softmax,subject,3,f1_class::Ectodermal,0.1951219512195122,733,733
B1_proto_cetrain,pointnet2,softmax,subject,3,f1_class::Growth,0.15384615384615385,733,733
B1_proto_cetrain,pointnet2,softmax,subject,3,f1_class::Imprinting,0.25688073394495414,733,733
B1_proto_cetrain,pointnet2,softmax,subject,3,f1_class::Lysozome,0.6153846153846154,733,733
B1_proto_cetrain,pointnet2,softmax,subject,3,f1_class::Neurocristopathy,0.1643835616438356,733,733
B1_proto_cetrain,pointnet2,softmax,subject,3,f1_class::Peroxisome,0.3076923076923077,733,733
B1_proto_cetrain,pointnet2,softmax,subject,3,f1_class::Primary Palate,0.36363636363636365,733,733
B1_proto_cetrain,pointnet2,softmax,subject,3,f1_class::Rasopathy,0.3181818181818182,733,733
B1_proto_cetrain,pointnet2,softmax,subject,3,f1_class::Sex Chromosome,0.3037974683544304,733,733
B1_proto_cetrain,pointnet2,softmax,subject,3,f1_class::Trisomy,0.52,733,733
B1_proto_cetrain,pointnet2,softmax,subject,3,f1_class::Uncategorized,0.18421052631578946,733,733
B1_proto_cetrain,pointnet2,softmax,subject,4,accuracy,0.339699863574352,733,733
B1_proto_cetrain,pointnet2,softmax,subject,4,macro_f1,0.32913638119064664,733,733
B1_proto_cetrain,pointnet2,softmax,subject,4,macro_auc,0.8173908465943274,733,733
B1_proto_cetrain,pointnet2,softmax,subject,4,f1_class::Cartilage,0.2641509433962264,733,733
B1_proto_cetrain,pointnet2,softmax,subject,4,f1_class::Ciliopathy,0.2631578947368421,733,733
B1_proto_cetrain,pointnet2,softmax,subject,4,f1_class::Cohesinopathy,0.30303030303030304,733,733
B1_proto_cetrain,pointnet2,softmax,subject,4,f1_class::Connective Tissue,0.2894736842105263,733,733
B1_proto_cetrain,pointnet2,softmax,subject,4,f1_class::Control,0.6165413533834586,733,733
B1_proto_cetrain,pointnet2,softmax,subject,4,f1_class::DNA Repair,0.5263157894736842,733,733
B1_proto_cetrain,pointnet2,softmax,subject,4,f1_class::Deletion,0.2222222222222222,733,733
B1_proto_cetrain,pointnet2,softmax,subject,4,f1_class::Duplication,0.24489795918367346,733,733
B1_proto_cetrain,pointnet2,softmax,subject,4,f1_class::Ectodermal,0.10810810810810811,733,733
B1_proto_cetrain,pointnet2,softmax,subject,4,f1_class::Growth,0.3076923076923077,733,733
B1_proto_cetrain,pointnet2,softmax,subject,4,f1_class::Imprinting,0.22608695652173913,733,733
B1_proto_cetrain,pointnet2,softmax,subject,4,f1_class::Lysozome,0.6363636363636364,733,733
B1_proto_cetrain,pointnet2,softmax,subject,4,f1_class::Neurocristopathy,0.19444444444444445,733,733
B1_proto_cetrain,pointnet2,softmax,subject,4,f1_class::Peroxisome,0.3333333333333333,733,733
B1_proto_cetrain,pointnet2,softmax,subject,4,f1_class::Primary Palate,0.3157894736842105,733,733
B1_proto_cetrain,pointnet2,softmax,subject,4,f1_class::Rasopathy,0.41304347826086957,733,733
B1_proto_cetrain,pointnet2,softmax,subject,4,f1_class::Sex Chromosome,0.3291139240506329,733,733
B1_proto_cetrain,pointnet2,softmax,subject,4,f1_class::Trisomy,0.48148148148148145,733,733
B1_proto_cetrain,pointnet2,softmax,subject,4,f1_class::Uncategorized,0.17834394904458598,733,733
B1_proto_cetrain,pointnet2,proto,scan,0,accuracy,0.2597826086956522,1840,733
B1_proto_cetrain,pointnet2,proto,scan,0,macro_f1,0.2301048715829724,1840,733
B1_proto_cetrain,pointnet2,proto,scan,0,macro_auc,0.7800217689903725,1840,733
B1_proto_cetrain,pointnet2,proto,scan,0,f1_class::Cartilage,0.1925925925925926,1840,733
B1_proto_cetrain,pointnet2,proto,scan,0,f1_class::Ciliopathy,0.24742268041237114,1840,733
B1_proto_cetrain,pointnet2,proto,scan,0,f1_class::Cohesinopathy,0.16923076923076924,1840,733
B1_proto_cetrain,pointnet2,proto,scan,0,f1_class::Connective Tissue,0.22837370242214533,1840,733
B1_proto_cetrain,pointnet2,proto,scan,0,f1_class::Control,0.5438282647584973,1840,733
B1_proto_cetrain,pointnet2,proto,scan,0,f1_class::DNA Repair,0.2631578947368421,1840,733
B1_proto_cetrain,pointnet2,proto,scan,0,f1_class::Deletion,0.12266666666666666,1840,733
B1_proto_cetrain,pointnet2,proto,scan,0,f1_class::Duplication,0.15873015873015872,1840,733
B1_proto_cetrain,pointnet2,proto,scan,0,f1_class::Ectodermal,0.21739130434782608,1840,733
B1_proto_cetrain,pointnet2,proto,scan,0,f1_class::Growth,0.1276595744680851,1840,733
B1_proto_cetrain,pointnet2,proto,scan,0,f1_class::Imprinting,0.24489795918367346,1840,733
B1_proto_cetrain,pointnet2,proto,scan,0,f1_class::Lysozome,0.375,1840,733
B1_proto_cetrain,pointnet2,proto,scan,0,f1_class::Neurocristopathy,0.20952380952380953,1840,733
B1_proto_cetrain,pointnet2,proto,scan,0,f1_class::Peroxisome,0.24175824175824176,1840,733
B1_proto_cetrain,pointnet2,proto,scan,0,f1_class::Primary Palate,0.16666666666666666,1840,733
B1_proto_cetrain,pointnet2,proto,scan,0,f1_class::Rasopathy,0.34615384615384615,1840,733
B1_proto_cetrain,pointnet2,proto,scan,0,f1_class::Sex Chromosome,0.17142857142857143,1840,733
B1_proto_cetrain,pointnet2,proto,scan,0,f1_class::Trisomy,0.22018348623853212,1840,733
B1_proto_cetrain,pointnet2,proto,scan,0,f1_class::Uncategorized,0.12532637075718014,1840,733
B1_proto_cetrain,pointnet2,proto,scan,1,accuracy,0.2673913043478261,1840,733
B1_proto_cetrain,pointnet2,proto,scan,1,macro_f1,0.23645898317049494,1840,733
B1_proto_cetrain,pointnet2,proto,scan,1,macro_auc,0.7782461480752346,1840,733
B1_proto_cetrain,pointnet2,proto,scan,1,f1_class::Cartilage,0.203125,1840,733
B1_proto_cetrain,pointnet2,proto,scan,1,f1_class::Ciliopathy,0.2962962962962963,1840,733
B1_proto_cetrain,pointnet2,proto,scan,1,f1_class::Cohesinopathy,0.16923076923076924,1840,733
B1_proto_cetrain,pointnet2,proto,scan,1,f1_class::Connective Tissue,0.28363636363636363,1840,733
B1_proto_cetrain,pointnet2,proto,scan,1,f1_class::Control,0.5485519591141397,1840,733
B1_proto_cetrain,pointnet2,proto,scan,1,f1_class::DNA Repair,0.3287671232876712,1840,733
B1_proto_cetrain,pointnet2,proto,scan,1,f1_class::Deletion,0.11413043478260869,1840,733
B1_proto_cetrain,pointnet2,proto,scan,1,f1_class::Duplication,0.128,1840,733
B1_proto_cetrain,pointnet2,proto,scan,1,f1_class::Ectodermal,0.17391304347826086,1840,733
B1_proto_cetrain,pointnet2,proto,scan,1,f1_class::Growth,0.14545454545454545,1840,733
B1_proto_cetrain,pointnet2,proto,scan,1,f1_class::Imprinting,0.2605633802816901,1840,733
B1_proto_cetrain,pointnet2,proto,scan,1,f1_class::Lysozome,0.37037037037037035,1840,733
B1_proto_cetrain,pointnet2,proto,scan,1,f1_class::Neurocristopathy,0.14492753623188406,1840,733
B1_proto_cetrain,pointnet2,proto,scan,1,f1_class::Peroxisome,0.2,1840,733
B1_proto_cetrain,pointnet2,proto,scan,1,f1_class::Primary Palate,0.19444444444444445,1840,733
B1_proto_cetrain,pointnet2,proto,scan,1,f1_class::Rasopathy,0.3445692883895131,1840,733
B1_proto_cetrain,pointnet2,proto,scan,1,f1_class::Sex Chromosome,0.19653179190751446,1840,733
B1_proto_cetrain,pointnet2,proto,scan,1,f1_class::Trisomy,0.26,1840,733
B1_proto_cetrain,pointnet2,proto,scan,1,f1_class::Uncategorized,0.13020833333333334,1840,733
B1_proto_cetrain,pointnet2,proto,scan,2,accuracy,0.2717391304347826,1840,733
B1_proto_cetrain,pointnet2,proto,scan,2,macro_f1,0.2397281158392618,1840,733
B1_proto_cetrain,pointnet2,proto,scan,2,macro_auc,0.7770083067508244,1840,733
B1_proto_cetrain,pointnet2,proto,scan,2,f1_class::Cartilage,0.1897810218978102,1840,733
B1_proto_cetrain,pointnet2,proto,scan,2,f1_class::Ciliopathy,0.28,1840,733
B1_proto_cetrain,pointnet2,proto,scan,2,f1_class::Cohesinopathy,0.21875,1840,733
B1_proto_cetrain,pointnet2,proto,scan,2,f1_class::Connective Tissue,0.2578397212543554,1840,733
B1_proto_cetrain,pointnet2,proto,scan,2,f1_class::Control,0.5615942028985508,1840,733
B1_proto_cetrain,pointnet2,proto,scan,2,f1_class::DNA Repair,0.3142857142857143,1840,733
B1_proto_cetrain,pointnet2,proto,scan,2,f1_class::Deletion,0.19148936170212766,1840,733
B1_proto_cetrain,pointnet2,proto,scan,2,f1_class::Duplication,0.1320754716981132,1840,733
B1_proto_cetrain,pointnet2,proto,scan,2,f1_class::Ectodermal,0.16,1840,733
B1_proto_cetrain,pointnet2,proto,scan,2,f1_class::Growth,0.14814814814814814,1840,733
B1_proto_cetrain,pointnet2,proto,scan,2,f1_class::Imprinting,0.24475524475524477,1840,733
B1_proto_cetrain,pointnet2,proto,scan,2,f1_class::Lysozome,0.3614457831325301,1840,733
B1_proto_cetrain,pointnet2,proto,scan,2,f1_class::Neurocristopathy,0.24186046511627907,1840,733
B1_proto_cetrain,pointnet2,proto,scan,2,f1_class::Peroxisome,0.23404255319148937,1840,733
B1_proto_cetrain,pointnet2,proto,scan,2,f1_class::Primary Palate,0.17391304347826086,1840,733
B1_proto_cetrain,pointnet2,proto,scan,2,f1_class::Rasopathy,0.30711610486891383,1840,733
B1_proto_cetrain,pointnet2,proto,scan,2,f1_class::Sex Chromosome,0.20930232558139536,1840,733
B1_proto_cetrain,pointnet2,proto,scan,2,f1_class::Trisomy,0.2184873949579832,1840,733
B1_proto_cetrain,pointnet2,proto,scan,2,f1_class::Uncategorized,0.1099476439790576,1840,733
B1_proto_cetrain,pointnet2,proto,scan,3,accuracy,0.25815217391304346,1840,733
B1_proto_cetrain,pointnet2,proto,scan,3,macro_f1,0.23937456064028903,1840,733
B1_proto_cetrain,pointnet2,proto,scan,3,macro_auc,0.7769622421331789,1840,733
B1_proto_cetrain,pointnet2,proto,scan,3,f1_class::Cartilage,0.21374045801526717,1840,733
B1_proto_cetrain,pointnet2,proto,scan,3,f1_class::Ciliopathy,0.26666666666666666,1840,733
B1_proto_cetrain,pointnet2,proto,scan,3,f1_class::Cohesinopathy,0.17777777777777778,1840,733
B1_proto_cetrain,pointnet2,proto,scan,3,f1_class::Connective Tissue,0.25,1840,733
B1_proto_cetrain,pointnet2,proto,scan,3,f1_class::Control,0.5255731922398589,1840,733
B1_proto_cetrain,pointnet2,proto,scan,3,f1_class::DNA Repair,0.35443037974683544,1840,733
B1_proto_cetrain,pointnet2,proto,scan,3,f1_class::Deletion,0.12054794520547946,1840,733
B1_proto_cetrain,pointnet2,proto,scan,3,f1_class::Duplication,0.15,1840,733
B1_proto_cetrain,pointnet2,proto,scan,3,f1_class::Ectodermal,0.1836734693877551,1840,733
B1_proto_cetrain,pointnet2,proto,scan,3,f1_class::Growth,0.2222222222222222,1840,733
B1_proto_cetrain,pointnet2,proto,scan,3,f1_class::Imprinting,0.2408026755852843,1840,733
B1_proto_cetrain,pointnet2,proto,scan,3,f1_class::Lysozome,0.40476190476190477,1840,733
B1_proto_cetrain,pointnet2,proto,scan,3,f1_class::Neurocristopathy,0.1650485436893204,1840,733
B1_proto_cetrain,pointnet2,proto,scan,3,f1_class::Peroxisome,0.24444444444444444,1840,733
B1_proto_cetrain,pointnet2,proto,scan,3,f1_class::Primary Palate,0.1917808219178082,1840,733
B1_proto_cetrain,pointnet2,proto,scan,3,f1_class::Rasopathy,0.315018315018315,1840,733
B1_proto_cetrain,pointnet2,proto,scan,3,f1_class::Sex Chromosome,0.17964071856287425,1840,733
B1_proto_cetrain,pointnet2,proto,scan,3,f1_class::Trisomy,0.25688073394495414,1840,733
B1_proto_cetrain,pointnet2,proto,scan,3,f1_class::Uncategorized,0.0851063829787234,1840,733
B1_proto_cetrain,pointnet2,proto,scan,4,accuracy,0.2657608695652174,1840,733
B1_proto_cetrain,pointnet2,proto,scan,4,macro_f1,0.23782379323888725,1840,733
B1_proto_cetrain,pointnet2,proto,scan,4,macro_auc,0.7735228662672186,1840,733
B1_proto_cetrain,pointnet2,proto,scan,4,f1_class::Cartilage,0.18032786885245902,1840,733
B1_proto_cetrain,pointnet2,proto,scan,4,f1_class::Ciliopathy,0.23529411764705882,1840,733
B1_proto_cetrain,pointnet2,proto,scan,4,f1_class::Cohesinopathy,0.1984732824427481,1840,733
B1_proto_cetrain,pointnet2,proto,scan,4,f1_class::Connective Tissue,0.272108843537415,1840,733
B1_proto_cetrain,pointnet2,proto,scan,4,f1_class::Control,0.5490196078431373,1840,733
B1_proto_cetrain,pointnet2,proto,scan,4,f1_class::DNA Repair,0.2972972972972973,1840,733
B1_proto_cetrain,pointnet2,proto,scan,4,f1_class::Deletion,0.15223097112860892,1840,733
B1_proto_cetrain,pointnet2,proto,scan,4,f1_class::Duplication,0.18181818181818182,1840,733
B1_proto_cetrain,pointnet2,proto,scan,4,f1_class::Ectodermal,0.16161616161616163,1840,733
B1_proto_cetrain,pointnet2,proto,scan,4,f1_class::Growth,0.19607843137254902,1840,733
B1_proto_cetrain,pointnet2,proto,scan,4,f1_class::Imprinting,0.22837370242214533,1840,733
B1_proto_cetrain,pointnet2,proto,scan,4,f1_class::Lysozome,0.4129032258064516,1840,733
B1_proto_cetrain,pointnet2,proto,scan,4,f1_class::Neurocristopathy,0.1932367149758454,1840,733
B1_proto_cetrain,pointnet2,proto,scan,4,f1_class::Peroxisome,0.23255813953488372,1840,733
B1_proto_cetrain,pointnet2,proto,scan,4,f1_class::Primary Palate,0.16,1840,733
B1_proto_cetrain,pointnet2,proto,scan,4,f1_class::Rasopathy,0.33088235294117646,1840,733
B1_proto_cetrain,pointnet2,proto,scan,4,f1_class::Sex Chromosome,0.17391304347826086,1840,733
B1_proto_cetrain,pointnet2,proto,scan,4,f1_class::Trisomy,0.25925925925925924,1840,733
B1_proto_cetrain,pointnet2,proto,scan,4,f1_class::Uncategorized,0.10326086956521739,1840,733
B1_proto_cetrain,pointnet2,proto,subject,0,accuracy,0.33560709413369716,733,733
B1_proto_cetrain,pointnet2,proto,subject,0,macro_f1,0.3199185707481375,733,733
B1_proto_cetrain,pointnet2,proto,subject,0,macro_auc,0.8213144197753494,733,733
B1_proto_cetrain,pointnet2,proto,subject,0,f1_class::Cartilage,0.29850746268656714,733,733
B1_proto_cetrain,pointnet2,proto,subject,0,f1_class::Ciliopathy,0.35,733,733
B1_proto_cetrain,pointnet2,proto,subject,0,f1_class::Cohesinopathy,0.35714285714285715,733,733
B1_proto_cetrain,pointnet2,proto,subject,0,f1_class::Connective Tissue,0.27586206896551724,733,733
B1_proto_cetrain,pointnet2,proto,subject,0,f1_class::Control,0.5891472868217055,733,733
B1_proto_cetrain,pointnet2,proto,subject,0,f1_class::DNA Repair,0.3,733,733
B1_proto_cetrain,pointnet2,proto,subject,0,f1_class::Deletion,0.26666666666666666,733,733
B1_proto_cetrain,pointnet2,proto,subject,0,f1_class::Duplication,0.25,733,733
B1_proto_cetrain,pointnet2,proto,subject,0,f1_class::Ectodermal,0.30434782608695654,733,733
B1_proto_cetrain,pointnet2,proto,subject,0,f1_class::Growth,0.14285714285714285,733,733
B1_proto_cetrain,pointnet2,proto,subject,0,f1_class::Imprinting,0.2247191011235955,733,733
B1_proto_cetrain,pointnet2,proto,subject,0,f1_class::Lysozome,0.6153846153846154,733,733
B1_proto_cetrain,pointnet2,proto,subject,0,f1_class::Neurocristopathy,0.18461538461538463,733,733
B1_proto_cetrain,pointnet2,proto,subject,0,f1_class::Peroxisome,0.4,733,733
B1_proto_cetrain,pointnet2,proto,subject,0,f1_class::Primary Palate,0.34285714285714286,733,733
B1_proto_cetrain,pointnet2,proto,subject,0,f1_class::Rasopathy,0.36363636363636365,733,733
B1_proto_cetrain,pointnet2,proto,subject,0,f1_class::Sex Chromosome,0.21686746987951808,733,733
B1_proto_cetrain,pointnet2,proto,subject,0,f1_class::Trisomy,0.38596491228070173,733,733
B1_proto_cetrain,pointnet2,proto,subject,0,f1_class::Uncategorized,0.20987654320987653,733,733
B1_proto_cetrain,pointnet2,proto,subject,1,accuracy,0.3533424283765348,733,733
B1_proto_cetrain,pointnet2,proto,subject,1,macro_f1,0.34513319450749597,733,733
B1_proto_cetrain,pointnet2,proto,subject,1,macro_auc,0.8147863830340094,733,733
B1_proto_cetrain,pointnet2,proto,subject,1,f1_class::Cartilage,0.3050847457627119,733,733
B1_proto_cetrain,pointnet2,proto,subject,1,f1_class::Ciliopathy,0.41025641025641024,733,733
B1_proto_cetrain,pointnet2,proto,subject,1,f1_class::Cohesinopathy,0.42857142857142855,733,733
B1_proto_cetrain,pointnet2,proto,subject,1,f1_class::Connective Tissue,0.32592592592592595,733,733
B1_proto_cetrain,pointnet2,proto,subject,1,f1_class::Control,0.5851851851851851,733,733
B1_proto_cetrain,pointnet2,proto,subject,1,f1_class::DNA Repair,0.4,733,733
B1_proto_cetrain,pointnet2,proto,subject,1,f1_class::Deletion,0.26436781609195403,733,733
B1_proto_cetrain,pointnet2,proto,subject,1,f1_class::Duplication,0.1951219512195122,733,733
B1_proto_cetrain,pointnet2,proto,subject,1,f1_class::Ectodermal,0.24489795918367346,733,733
B1_proto_cetrain,pointnet2,proto,subject,1,f1_class::Growth,0.21052631578947367,733,733
B1_proto_cetrain,pointnet2,proto,subject,1,f1_class::Imprinting,0.2916666666666667,733,733
B1_proto_cetrain,pointnet2,proto,subject,1,f1_class::Lysozome,0.6428571428571429,733,733
B1_proto_cetrain,pointnet2,proto,subject,1,f1_class::Neurocristopathy,0.1791044776119403,733,733
B1_proto_cetrain,pointnet2,proto,subject,1,f1_class::Peroxisome,0.42105263157894735,733,733
B1_proto_cetrain,pointnet2,proto,subject,1,f1_class::Primary Palate,0.35294117647058826,733,733
B1_proto_cetrain,pointnet2,proto,subject,1,f1_class::Rasopathy,0.3958333333333333,733,733
B1_proto_cetrain,pointnet2,proto,subject,1,f1_class::Sex Chromosome,0.275,733,733
B1_proto_cetrain,pointnet2,proto,subject,1,f1_class::Trisomy,0.4230769230769231,733,733
B1_proto_cetrain,pointnet2,proto,subject,1,f1_class::Uncategorized,0.20606060606060606,733,733
B1_proto_cetrain,pointnet2,proto,subject,2,accuracy,0.3424283765347885,733,733
B1_proto_cetrain,pointnet2,proto,subject,2,macro_f1,0.3330308393761965,733,733
B1_proto_cetrain,pointnet2,proto,subject,2,macro_auc,0.8154064550641679,733,733
B1_proto_cetrain,pointnet2,proto,subject,2,f1_class::Cartilage,0.29508196721311475,733,733
B1_proto_cetrain,pointnet2,proto,subject,2,f1_class::Ciliopathy,0.42105263157894735,733,733
B1_proto_cetrain,pointnet2,proto,subject,2,f1_class::Cohesinopathy,0.36363636363636365,733,733
B1_proto_cetrain,pointnet2,proto,subject,2,f1_class::Connective Tissue,0.2894736842105263,733,733
B1_proto_cetrain,pointnet2,proto,subject,2,f1_class::Control,0.552,733,733
B1_proto_cetrain,pointnet2,proto,subject,2,f1_class::DNA Repair,0.35294117647058826,733,733
B1_proto_cetrain,pointnet2,proto,subject,2,f1_class::Deletion,0.3111111111111111,733,733
B1_proto_cetrain,pointnet2,proto,subject,2,f1_class::Duplication,0.25806451612903225,733,733
B1_proto_cetrain,pointnet2,proto,subject,2,f1_class::Ectodermal,0.22641509433962265,733,733
B1_proto_cetrain,pointnet2,proto,subject,2,f1_class::Growth,0.3157894736842105,733,733
B1_proto_cetrain,pointnet2,proto,subject,2,f1_class::Imprinting,0.24444444444444444,733,733
B1_proto_cetrain,pointnet2,proto,subject,2,f1_class::Lysozome,0.4827586206896552,733,733
B1_proto_cetrain,pointnet2,proto,subject,2,f1_class::Neurocristopathy,0.1791044776119403,733,733
B1_proto_cetrain,pointnet2,proto,subject,2,f1_class::Peroxisome,0.3157894736842105,733,733
B1_proto_cetrain,pointnet2,proto,subject,2,f1_class::Primary Palate,0.375,733,733
B1_proto_cetrain,pointnet2,proto,subject,2,f1_class::Rasopathy,0.3368421052631579,733,733
B1_proto_cetrain,pointnet2,proto,subject,2,f1_class::Sex Chromosome,0.2962962962962963,733,733
B1_proto_cetrain,pointnet2,proto,subject,2,f1_class::Trisomy,0.48148148148148145,733,733
B1_proto_cetrain,pointnet2,proto,subject,2,f1_class::Uncategorized,0.23030303030303031,733,733
B1_proto_cetrain,pointnet2,proto,subject,3,accuracy,0.32878581173260574,733,733
B1_proto_cetrain,pointnet2,proto,subject,3,macro_f1,0.3201557643588466,733,733
B1_proto_cetrain,pointnet2,proto,subject,3,macro_auc,0.8175963562076053,733,733
B1_proto_cetrain,pointnet2,proto,subject,3,f1_class::Cartilage,0.24615384615384617,733,733
B1_proto_cetrain,pointnet2,proto,subject,3,f1_class::Ciliopathy,0.42105263157894735,733,733
B1_proto_cetrain,pointnet2,proto,subject,3,f1_class::Cohesinopathy,0.25,733,733
B1_proto_cetrain,pointnet2,proto,subject,3,f1_class::Connective Tissue,0.2482758620689655,733,733
B1_proto_cetrain,pointnet2,proto,subject,3,f1_class::Control,0.5433962264150943,733,733
B1_proto_cetrain,pointnet2,proto,subject,3,f1_class::DNA Repair,0.4,733,733
B1_proto_cetrain,pointnet2,proto,subject,3,f1_class::Deletion,0.29508196721311475,733,733
B1_proto_cetrain,pointnet2,proto,subject,3,f1_class::Duplication,0.2222222222222222,733,733
B1_proto_cetrain,pointnet2,proto,subject,3,f1_class::Ectodermal,0.2127659574468085,733,733
B1_proto_cetrain,pointnet2,proto,subject,3,f1_class::Growth,0.1111111111111111,733,733
B1_proto_cetrain,pointnet2,proto,subject,3,f1_class::Imprinting,0.2826086956521739,733,733
B1_proto_cetrain,pointnet2,proto,subject,3,f1_class::Lysozome,0.6153846153846154,733,733
B1_proto_cetrain,pointnet2,proto,subject,3,f1_class::Neurocristopathy,0.2153846153846154,733,733
B1_proto_cetrain,pointnet2,proto,subject,3,f1_class::Peroxisome,0.4,733,733
B1_proto_cetrain,pointnet2,proto,subject,3,f1_class::Primary Palate,0.36363636363636365,733,733
B1_proto_cetrain,pointnet2,proto,subject,3,f1_class::Rasopathy,0.3695652173913043,733,733
B1_proto_cetrain,pointnet2,proto,subject,3,f1_class::Sex Chromosome,0.25,733,733
B1_proto_cetrain,pointnet2,proto,subject,3,f1_class::Trisomy,0.48148148148148145,733,733
B1_proto_cetrain,pointnet2,proto,subject,3,f1_class::Uncategorized,0.15483870967741936,733,733
B1_proto_cetrain,pointnet2,proto,subject,4,accuracy,0.33560709413369716,733,733
B1_proto_cetrain,pointnet2,proto,subject,4,macro_f1,0.32776177270334733,733,733
B1_proto_cetrain,pointnet2,proto,subject,4,macro_auc,0.8158814748833046,733,733
B1_proto_cetrain,pointnet2,proto,subject,4,f1_class::Cartilage,0.22580645161290322,733,733
B1_proto_cetrain,pointnet2,proto,subject,4,f1_class::Ciliopathy,0.32432432432432434,733,733
B1_proto_cetrain,pointnet2,proto,subject,4,f1_class::Cohesinopathy,0.35714285714285715,733,733
B1_proto_cetrain,pointnet2,proto,subject,4,f1_class::Connective Tissue,0.28187919463087246,733,733
B1_proto_cetrain,pointnet2,proto,subject,4,f1_class::Control,0.5945945945945946,733,733
B1_proto_cetrain,pointnet2,proto,subject,4,f1_class::DNA Repair,0.5,733,733
B1_proto_cetrain,pointnet2,proto,subject,4,f1_class::Deletion,0.2681564245810056,733,733
B1_proto_cetrain,pointnet2,proto,subject,4,f1_class::Duplication,0.2631578947368421,733,733
B1_proto_cetrain,pointnet2,proto,subject,4,f1_class::Ectodermal,0.23076923076923078,733,733
B1_proto_cetrain,pointnet2,proto,subject,4,f1_class::Growth,0.26666666666666666,733,733
B1_proto_cetrain,pointnet2,proto,subject,4,f1_class::Imprinting,0.2553191489361702,733,733
B1_proto_cetrain,pointnet2,proto,subject,4,f1_class::Lysozome,0.5384615384615384,733,733
B1_proto_cetrain,pointnet2,proto,subject,4,f1_class::Neurocristopathy,0.2153846153846154,733,733
B1_proto_cetrain,pointnet2,proto,subject,4,f1_class::Peroxisome,0.3,733,733
B1_proto_cetrain,pointnet2,proto,subject,4,f1_class::Primary Palate,0.3333333333333333,733,733
B1_proto_cetrain,pointnet2,proto,subject,4,f1_class::Rasopathy,0.34408602150537637,733,733
B1_proto_cetrain,pointnet2,proto,subject,4,f1_class::Sex Chromosome,0.2823529411764706,733,733
B1_proto_cetrain,pointnet2,proto,subject,4,f1_class::Trisomy,0.48148148148148145,733,733
B1_proto_cetrain,pointnet2,proto,subject,4,f1_class::Uncategorized,0.16455696202531644,733,733
B1_proto_cetrain,pointnet2,knn11,scan,0,accuracy,0.27119565217391306,1840,733
B1_proto_cetrain,pointnet2,knn11,scan,0,macro_f1,0.16663548185508317,1840,733
B1_proto_cetrain,pointnet2,knn11,scan,0,macro_auc,0.7388200596335841,1840,733
B1_proto_cetrain,pointnet2,knn11,scan,0,f1_class::Cartilage,0.14705882352941177,1840,733
B1_proto_cetrain,pointnet2,knn11,scan,0,f1_class::Ciliopathy,0.1702127659574468,1840,733
B1_proto_cetrain,pointnet2,knn11,scan,0,f1_class::Cohesinopathy,0.15789473684210525,1840,733
B1_proto_cetrain,pointnet2,knn11,scan,0,f1_class::Connective Tissue,0.21686746987951808,1840,733
B1_proto_cetrain,pointnet2,knn11,scan,0,f1_class::Control,0.5022123893805309,1840,733
B1_proto_cetrain,pointnet2,knn11,scan,0,f1_class::DNA Repair,0.18604651162790697,1840,733
B1_proto_cetrain,pointnet2,knn11,scan,0,f1_class::Deletion,0.270516717325228,1840,733
B1_proto_cetrain,pointnet2,knn11,scan,0,f1_class::Duplication,0.05714285714285714,1840,733
B1_proto_cetrain,pointnet2,knn11,scan,0,f1_class::Ectodermal,0.05555555555555555,1840,733
B1_proto_cetrain,pointnet2,knn11,scan,0,f1_class::Growth,0.0,1840,733
B1_proto_cetrain,pointnet2,knn11,scan,0,f1_class::Imprinting,0.12643678160919541,1840,733
B1_proto_cetrain,pointnet2,knn11,scan,0,f1_class::Lysozome,0.13157894736842105,1840,733
B1_proto_cetrain,pointnet2,knn11,scan,0,f1_class::Neurocristopathy,0.06896551724137931,1840,733
B1_proto_cetrain,pointnet2,knn11,scan,0,f1_class::Peroxisome,0.2631578947368421,1840,733
B1_proto_cetrain,pointnet2,knn11,scan,0,f1_class::Primary Palate,0.1875,1840,733
B1_proto_cetrain,pointnet2,knn11,scan,0,f1_class::Rasopathy,0.24096385542168675,1840,733
B1_proto_cetrain,pointnet2,knn11,scan,0,f1_class::Sex Chromosome,0.038834951456310676,1840,733
B1_proto_cetrain,pointnet2,knn11,scan,0,f1_class::Trisomy,0.1276595744680851,1840,733
B1_proto_cetrain,pointnet2,knn11,scan,0,f1_class::Uncategorized,0.21746880570409982,1840,733
B1_proto_cetrain,pointnet2,knn11,scan,1,accuracy,0.27119565217391306,1840,733
B1_proto_cetrain,pointnet2,knn11,scan,1,macro_f1,0.18308563147663437,1840,733
B1_proto_cetrain,pointnet2,knn11,scan,1,macro_auc,0.7404473574482848,1840,733
B1_proto_cetrain,pointnet2,knn11,scan,1,f1_class::Cartilage,0.14492753623188406,1840,733
B1_proto_cetrain,pointnet2,knn11,scan,1,f1_class::Ciliopathy,0.2608695652173913,1840,733
B1_proto_cetrain,pointnet2,knn11,scan,1,f1_class::Cohesinopathy,0.06349206349206349,1840,733
B1_proto_cetrain,pointnet2,knn11,scan,1,f1_class::Connective Tissue,0.2289156626506024,1840,733
B1_proto_cetrain,pointnet2,knn11,scan,1,f1_class::Control,0.5099778270509978,1840,733
B1_proto_cetrain,pointnet2,knn11,scan,1,f1_class::DNA Repair,0.2916666666666667,1840,733
B1_proto_cetrain,pointnet2,knn11,scan,1,f1_class::Deletion,0.23076923076923078,1840,733
B1_proto_cetrain,pointnet2,knn11,scan,1,f1_class::Duplication,0.029850746268656716,1840,733
B1_proto_cetrain,pointnet2,knn11,scan,1,f1_class::Ectodermal,0.05263157894736842,1840,733
B1_proto_cetrain,pointnet2,knn11,scan,1,f1_class::Growth,0.08333333333333333,1840,733
B1_proto_cetrain,pointnet2,knn11,scan,1,f1_class::Imprinting,0.13559322033898305,1840,733
B1_proto_cetrain,pointnet2,knn11,scan,1,f1_class::Lysozome,0.23684210526315788,1840,733
B1_proto_cetrain,pointnet2,knn11,scan,1,f1_class::Neurocristopathy,0.028169014084507043,1840,733
B1_proto_cetrain,pointnet2,knn11,scan,1,f1_class::Peroxisome,0.2564102564102564,1840,733
B1_proto_cetrain,pointnet2,knn11,scan,1,f1_class::Primary Palate,0.24242424242424243,1840,733
B1_proto_cetrain,pointnet2,knn11,scan,1,f1_class::Rasopathy,0.2462686567164179,1840,733
B1_proto_cetrain,pointnet2,knn11,scan,1,f1_class::Sex Chromosome,0.0594059405940594,1840,733
B1_proto_cetrain,pointnet2,knn11,scan,1,f1_class::Trisomy,0.1568627450980392,1840,733
B1_proto_cetrain,pointnet2,knn11,scan,1,f1_class::Uncategorized,0.22021660649819494,1840,733
B1_proto_cetrain,pointnet2,knn11,scan,2,accuracy,0.26304347826086955,1840,733
B1_proto_cetrain,pointnet2,knn11,scan,2,macro_f1,0.17593049092259952,1840,733
B1_proto_cetrain,pointnet2,knn11,scan,2,macro_auc,0.7368978071342922,1840,733
B1_proto_cetrain,pointnet2,knn11,scan,2,f1_class::Cartilage,0.15151515151515152,1840,733
B1_proto_cetrain,pointnet2,knn11,scan,2,f1_class::Ciliopathy,0.21739130434782608,1840,733
B1_proto_cetrain,pointnet2,knn11,scan,2,f1_class::Cohesinopathy,0.08823529411764706,1840,733
B1_proto_cetrain,pointnet2,knn11,scan,2,f1_class::Connective Tissue,0.21700879765395895,1840,733
B1_proto_cetrain,pointnet2,knn11,scan,2,f1_class::Control,0.5027808676307007,1840,733
B1_proto_cetrain,pointnet2,knn11,scan,2,f1_class::DNA Repair,0.26666666666666666,1840,733
B1_proto_cetrain,pointnet2,knn11,scan,2,f1_class::Deletion,0.25157232704402516,1840,733
B1_proto_cetrain,pointnet2,knn11,scan,2,f1_class::Duplication,0.02702702702702703,1840,733
B1_proto_cetrain,pointnet2,knn11,scan,2,f1_class::Ectodermal,0.14285714285714285,1840,733
B1_proto_cetrain,pointnet2,knn11,scan,2,f1_class::Growth,0.0,1840,733
B1_proto_cetrain,pointnet2,knn11,scan,2,f1_class::Imprinting,0.07909604519774012,1840,733
B1_proto_cetrain,pointnet2,knn11,scan,2,f1_class::Lysozome,0.16666666666666666,1840,733
B1_proto_cetrain,pointnet2,knn11,scan,2,f1_class::Neurocristopathy,0.04285714285714286,1840,733
B1_proto_cetrain,pointnet2,knn11,scan,2,f1_class::Peroxisome,0.2926829268292683,1840,733
B1_proto_cetrain,pointnet2,knn11,scan,2,f1_class::Primary Palate,0.25,1840,733
B1_proto_cetrain,pointnet2,knn11,scan,2,f1_class::Rasopathy,0.22727272727272727,1840,733
B1_proto_cetrain,pointnet2,knn11,scan,2,f1_class::Sex Chromosome,0.057692307692307696,1840,733
B1_proto_cetrain,pointnet2,knn11,scan,2,f1_class::Trisomy,0.16666666666666666,1840,733
B1_proto_cetrain,pointnet2,knn11,scan,2,f1_class::Uncategorized,0.19469026548672566,1840,733
B1_proto_cetrain,pointnet2,knn11,scan,3,accuracy,0.27554347826086956,1840,733
B1_proto_cetrain,pointnet2,knn11,scan,3,macro_f1,0.1781946880867338,1840,733
B1_proto_cetrain,pointnet2,knn11,scan,3,macro_auc,0.7386969683125857,1840,733
B1_proto_cetrain,pointnet2,knn11,scan,3,f1_class::Cartilage,0.1643835616438356,1840,733
B1_proto_cetrain,pointnet2,knn11,scan,3,f1_class::Ciliopathy,0.22727272727272727,1840,733
B1_proto_cetrain,pointnet2,knn11,scan,3,f1_class::Cohesinopathy,0.13333333333333333,1840,733
B1_proto_cetrain,pointnet2,knn11,scan,3,f1_class::Connective Tissue,0.24169184290030213,1840,733
B1_proto_cetrain,pointnet2,knn11,scan,3,f1_class::Control,0.5143487858719646,1840,733
B1_proto_cetrain,pointnet2,knn11,scan,3,f1_class::DNA Repair,0.15384615384615385,1840,733
B1_proto_cetrain,pointnet2,knn11,scan,3,f1_class::Deletion,0.2546583850931677,1840,733
B1_proto_cetrain,pointnet2,knn11,scan,3,f1_class::Duplication,0.10256410256410256,1840,733
B1_proto_cetrain,pointnet2,knn11,scan,3,f1_class::Ectodermal,0.0,1840,733
B1_proto_cetrain,pointnet2,knn11,scan,3,f1_class::Growth,0.0,1840,733
B1_proto_cetrain,pointnet2,knn11,scan,3,f1_class::Imprinting,0.07734806629834254,1840,733
B1_proto_cetrain,pointnet2,knn11,scan,3,f1_class::Lysozome,0.3037974683544304,1840,733
B1_proto_cetrain,pointnet2,knn11,scan,3,f1_class::Neurocristopathy,0.05714285714285714,1840,733
B1_proto_cetrain,pointnet2,knn11,scan,3,f1_class::Peroxisome,0.23809523809523808,1840,733
B1_proto_cetrain,pointnet2,knn11,scan,3,f1_class::Primary Palate,0.26666666666666666,1840,733
B1_proto_cetrain,pointnet2,knn11,scan,3,f1_class::Rasopathy,0.23220973782771537,1840,733
B1_proto_cetrain,pointnet2,knn11,scan,3,f1_class::Sex Chromosome,0.07407407407407407,1840,733
B1_proto_cetrain,pointnet2,knn11,scan,3,f1_class::Trisomy,0.1276595744680851,1840,733
B1_proto_cetrain,pointnet2,knn11,scan,3,f1_class::Uncategorized,0.21660649819494585,1840,733
B1_proto_cetrain,pointnet2,knn11,scan,4,accuracy,0.2733695652173913,1840,733
B1_proto_cetrain,pointnet2,knn11,scan,4,macro_f1,0.18492362926967926,1840,733
B1_proto_cetrain,pointnet2,knn11,scan,4,macro_auc,0.7367694357128071,1840,733
B1_proto_cetrain,pointnet2,knn11,scan,4,f1_class::Cartilage,0.14492753623188406,1840,733
B1_proto_cetrain,pointnet2,knn11,scan,4,f1_class::Ciliopathy,0.2222222222222222,1840,733
B1_proto_cetrain,pointnet2,knn11,scan,4,f1_class::Cohesinopathy,0.12121212121212122,1840,733
B1_proto_cetrain,pointnet2,knn11,scan,4,f1_class::Connective Tissue,0.23529411764705882,1840,733
B1_proto_cetrain,pointnet2,knn11,scan,4,f1_class::Control,0.5077605321507761,1840,733
B1_proto_cetrain,pointnet2,knn11,scan,4,f1_class::DNA Repair,0.19047619047619047,1840,733
B1_proto_cetrain,pointnet2,knn11,scan,4,f1_class::Deletion,0.2623456790123457,1840,733
B1_proto_cetrain,pointnet2,knn11,scan,4,f1_class::Duplication,0.07894736842105263,1840,733
B1_proto_cetrain,pointnet2,knn11,scan,4,f1_class::Ectodermal,0.11428571428571428,1840,733
B1_proto_cetrain,pointnet2,knn11,scan,4,f1_class::Growth,0.0,1840,733
B1_proto_cetrain,pointnet2,knn11,scan,4,f1_class::Imprinting,0.06818181818181818,1840,733
B1_proto_cetrain,pointnet2,knn11,scan,4,f1_class::Lysozome,0.26666666666666666,1840,733
B1_proto_cetrain,pointnet2,knn11,scan,4,f1_class::Neurocristopathy,0.013793103448275862,1840,733
B1_proto_cetrain,pointnet2,knn11,scan,4,f1_class::Peroxisome,0.32432432432432434,1840,733
B1_proto_cetrain,pointnet2,knn11,scan,4,f1_class::Primary Palate,0.25806451612903225,1840,733
B1_proto_cetrain,pointnet2,knn11,scan,4,f1_class::Rasopathy,0.24806201550387597,1840,733
B1_proto_cetrain,pointnet2,knn11,scan,4,f1_class::Sex Chromosome,0.03773584905660377,1840,733
B1_proto_cetrain,pointnet2,knn11,scan,4,f1_class::Trisomy,0.20408163265306123,1840,733
B1_proto_cetrain,pointnet2,knn11,scan,4,f1_class::Uncategorized,0.21516754850088182,1840,733
B1_proto_cetrain,pointnet2,knn11,subject,0,accuracy,0.27967257844474763,733,733
B1_proto_cetrain,pointnet2,knn11,subject,0,macro_f1,0.17905274085070816,733,733
B1_proto_cetrain,pointnet2,knn11,subject,0,macro_auc,0.7700863543502391,733,733
B1_proto_cetrain,pointnet2,knn11,subject,0,f1_class::Cartilage,0.1951219512195122,733,733
B1_proto_cetrain,pointnet2,knn11,subject,0,f1_class::Ciliopathy,0.3333333333333333,733,733
B1_proto_cetrain,pointnet2,knn11,subject,0,f1_class::Cohesinopathy,0.0,733,733
B1_proto_cetrain,pointnet2,knn11,subject,0,f1_class::Connective Tissue,0.24836601307189543,733,733
B1_proto_cetrain,pointnet2,knn11,subject,0,f1_class::Control,0.5179856115107914,733,733
B1_proto_cetrain,pointnet2,knn11,subject,0,f1_class::DNA Repair,0.18181818181818182,733,733
B1_proto_cetrain,pointnet2,knn11,subject,0,f1_class::Deletion,0.2311111111111111,733,733
B1_proto_cetrain,pointnet2,knn11,subject,0,f1_class::Duplication,0.06451612903225806,733,733
B1_proto_cetrain,pointnet2,knn11,subject,0,f1_class::Ectodermal,0.10526315789473684,733,733
B1_proto_cetrain,pointnet2,knn11,subject,0,f1_class::Growth,0.0,733,733
B1_proto_cetrain,pointnet2,knn11,subject,0,f1_class::Imprinting,0.0,733,733
B1_proto_cetrain,pointnet2,knn11,subject,0,f1_class::Lysozome,0.14285714285714285,733,733
B1_proto_cetrain,pointnet2,knn11,subject,0,f1_class::Neurocristopathy,0.08163265306122448,733,733
B1_proto_cetrain,pointnet2,knn11,subject,0,f1_class::Peroxisome,0.36363636363636365,733,733
B1_proto_cetrain,pointnet2,knn11,subject,0,f1_class::Primary Palate,0.2857142857142857,733,733
B1_proto_cetrain,pointnet2,knn11,subject,0,f1_class::Rasopathy,0.1875,733,733
B1_proto_cetrain,pointnet2,knn11,subject,0,f1_class::Sex Chromosome,0.07407407407407407,733,733
B1_proto_cetrain,pointnet2,knn11,subject,0,f1_class::Trisomy,0.18181818181818182,733,733
B1_proto_cetrain,pointnet2,knn11,subject,0,f1_class::Uncategorized,0.20725388601036268,733,733
B1_proto_cetrain,pointnet2,knn11,subject,1,accuracy,0.27967257844474763,733,733
B1_proto_cetrain,pointnet2,knn11,subject,1,macro_f1,0.19923600291061577,733,733
B1_proto_cetrain,pointnet2,knn11,subject,1,macro_auc,0.7704467936438618,733,733
B1_proto_cetrain,pointnet2,knn11,subject,1,f1_class::Cartilage,0.1951219512195122,733,733
B1_proto_cetrain,pointnet2,knn11,subject,1,f1_class::Ciliopathy,0.3,733,733
B1_proto_cetrain,pointnet2,knn11,subject,1,f1_class::Cohesinopathy,0.0,733,733
B1_proto_cetrain,pointnet2,knn11,subject,1,f1_class::Connective Tissue,0.28205128205128205,733,733
B1_proto_cetrain,pointnet2,knn11,subject,1,f1_class::Control,0.5154639175257731,733,733
B1_proto_cetrain,pointnet2,knn11,subject,1,f1_class::DNA Repair,0.3076923076923077,733,733
B1_proto_cetrain,pointnet2,knn11,subject,1,f1_class::Deletion,0.19469026548672566,733,733
B1_proto_cetrain,pointnet2,knn11,subject,1,f1_class::Duplication,0.12121212121212122,733,733
B1_proto_cetrain,pointnet2,knn11,subject,1,f1_class::Ectodermal,0.1,733,733
B1_proto_cetrain,pointnet2,knn11,subject,1,f1_class::Growth,0.0,733,733
B1_proto_cetrain,pointnet2,knn11,subject,1,f1_class::Imprinting,0.0,733,733
B1_proto_cetrain,pointnet2,knn11,subject,1,f1_class::Lysozome,0.26666666666666666,733,733
B1_proto_cetrain,pointnet2,knn11,subject,1,f1_class::Neurocristopathy,0.08163265306122448,733,733
B1_proto_cetrain,pointnet2,knn11,subject,1,f1_class::Peroxisome,0.3333333333333333,733,733
B1_proto_cetrain,pointnet2,knn11,subject,1,f1_class::Primary Palate,0.34782608695652173,733,733
B1_proto_cetrain,pointnet2,knn11,subject,1,f1_class::Rasopathy,0.1941747572815534,733,733
B1_proto_cetrain,pointnet2,knn11,subject,1,f1_class::Sex Chromosome,0.07547169811320754,733,733
B1_proto_cetrain,pointnet2,knn11,subject,1,f1_class::Trisomy,0.24242424242424243,733,733
B1_proto_cetrain,pointnet2,knn11,subject,1,f1_class::Uncategorized,0.22772277227722773,733,733
B1_proto_cetrain,pointnet2,knn11,subject,2,accuracy,0.27694406548431105,733,733
B1_proto_cetrain,pointnet2,knn11,subject,2,macro_f1,0.20908485741850072,733,733
B1_proto_cetrain,pointnet2,knn11,subject,2,macro_auc,0.7664902040863095,733,733
B1_proto_cetrain,pointnet2,knn11,subject,2,f1_class::Cartilage,0.23809523809523808,733,733
B1_proto_cetrain,pointnet2,knn11,subject,2,f1_class::Ciliopathy,0.21052631578947367,733,733
B1_proto_cetrain,pointnet2,knn11,subject,2,f1_class::Cohesinopathy,0.08695652173913043,733,733
B1_proto_cetrain,pointnet2,knn11,subject,2,f1_class::Connective Tissue,0.25316455696202533,733,733
B1_proto_cetrain,pointnet2,knn11,subject,2,f1_class::Control,0.5162907268170426,733,733
B1_proto_cetrain,pointnet2,knn11,subject,2,f1_class::DNA Repair,0.2857142857142857,733,733
B1_proto_cetrain,pointnet2,knn11,subject,2,f1_class::Deletion,0.2222222222222222,733,733
B1_proto_cetrain,pointnet2,knn11,subject,2,f1_class::Duplication,0.12903225806451613,733,733
B1_proto_cetrain,pointnet2,knn11,subject,2,f1_class::Ectodermal,0.24,733,733
B1_proto_cetrain,pointnet2,knn11,subject,2,f1_class::Growth,0.0,733,733
B1_proto_cetrain,pointnet2,knn11,subject,2,f1_class::Imprinting,0.07407407407407407,733,733
B1_proto_cetrain,pointnet2,knn11,subject,2,f1_class::Lysozome,0.2857142857142857,733,733
B1_proto_cetrain,pointnet2,knn11,subject,2,f1_class::Neurocristopathy,0.0851063829787234,733,733
B1_proto_cetrain,pointnet2,knn11,subject,2,f1_class::Peroxisome,0.3333333333333333,733,733
B1_proto_cetrain,pointnet2,knn11,subject,2,f1_class::Primary Palate,0.36363636363636365,733,733
B1_proto_cetrain,pointnet2,knn11,subject,2,f1_class::Rasopathy,0.1188118811881188,733,733
B1_proto_cetrain,pointnet2,knn11,subject,2,f1_class::Sex Chromosome,0.10344827586206896,733,733
B1_proto_cetrain,pointnet2,knn11,subject,2,f1_class::Trisomy,0.25806451612903225,733,733
B1_proto_cetrain,pointnet2,knn11,subject,2,f1_class::Uncategorized,0.16842105263157894,733,733
B1_proto_cetrain,pointnet2,knn11,subject,3,accuracy,0.29058663028649384,733,733
B1_proto_cetrain,pointnet2,knn11,subject,3,macro_f1,0.18978149571767466,733,733
B1_proto_cetrain,pointnet2,knn11,subject,3,macro_auc,0.7694387106453123,733,733
B1_proto_cetrain,pointnet2,knn11,subject,3,f1_class::Cartilage,0.26666666666666666,733,733
B1_proto_cetrain,pointnet2,knn11,subject,3,f1_class::Ciliopathy,0.2857142857142857,733,733
B1_proto_cetrain,pointnet2,knn11,subject,3,f1_class::Cohesinopathy,0.0,733,733
B1_proto_cetrain,pointnet2,knn11,subject,3,f1_class::Connective Tissue,0.2692307692307692,733,733
B1_proto_cetrain,pointnet2,knn11,subject,3,f1_class::Control,0.5198019801980198,733,733
B1_proto_cetrain,pointnet2,knn11,subject,3,f1_class::DNA Repair,0.16666666666666666,733,733
B1_proto_cetrain,pointnet2,knn11,subject,3,f1_class::Deletion,0.25327510917030566,733,733
B1_proto_cetrain,pointnet2,knn11,subject,3,f1_class::Duplication,0.0625,733,733
B1_proto_cetrain,pointnet2,knn11,subject,3,f1_class::Ectodermal,0.0,733,733
B1_proto_cetrain,pointnet2,knn11,subject,3,f1_class::Growth,0.0,733,733
B1_proto_cetrain,pointnet2,knn11,subject,3,f1_class::Imprinting,0.0,733,733
B1_proto_cetrain,pointnet2,knn11,subject,3,f1_class::Lysozome,0.3333333333333333,733,733
B1_proto_cetrain,pointnet2,knn11,subject,3,f1_class::Neurocristopathy,0.0784313725490196,733,733
B1_proto_cetrain,pointnet2,knn11,subject,3,f1_class::Peroxisome,0.3076923076923077,733,733
B1_proto_cetrain,pointnet2,knn11,subject,3,f1_class::Primary Palate,0.38095238095238093,733,733
B1_proto_cetrain,pointnet2,knn11,subject,3,f1_class::Rasopathy,0.1956521739130435,733,733
B1_proto_cetrain,pointnet2,knn11,subject,3,f1_class::Sex Chromosome,0.0784313725490196,733,733
B1_proto_cetrain,pointnet2,knn11,subject,3,f1_class::Trisomy,0.1875,733,733
B1_proto_cetrain,pointnet2,knn11,subject,3,f1_class::Uncategorized,0.22,733,733
B1_proto_cetrain,pointnet2,knn11,subject,4,accuracy,0.28512960436562074,733,733
B1_proto_cetrain,pointnet2,knn11,subject,4,macro_f1,0.20236891234322082,733,733
B1_proto_cetrain,pointnet2,knn11,subject,4,macro_auc,0.7666549003836538,733,733
B1_proto_cetrain,pointnet2,knn11,subject,4,f1_class::Cartilage,0.22727272727272727,733,733
B1_proto_cetrain,pointnet2,knn11,subject,4,f1_class::Ciliopathy,0.2857142857142857,733,733
B1_proto_cetrain,pointnet2,knn11,subject,4,f1_class::Cohesinopathy,0.0,733,733
B1_proto_cetrain,pointnet2,knn11,subject,4,f1_class::Connective Tissue,0.25806451612903225,733,733
B1_proto_cetrain,pointnet2,knn11,subject,4,f1_class::Control,0.5234567901234568,733,733
B1_proto_cetrain,pointnet2,knn11,subject,4,f1_class::DNA Repair,0.4,733,733
B1_proto_cetrain,pointnet2,knn11,subject,4,f1_class::Deletion,0.2184873949579832,733,733
B1_proto_cetrain,pointnet2,knn11,subject,4,f1_class::Duplication,0.13333333333333333,733,733
B1_proto_cetrain,pointnet2,knn11,subject,4,f1_class::Ectodermal,0.0,733,733
B1_proto_cetrain,pointnet2,knn11,subject,4,f1_class::Growth,0.0,733,733
B1_proto_cetrain,pointnet2,knn11,subject,4,f1_class::Imprinting,0.0,733,733
B1_proto_cetrain,pointnet2,knn11,subject,4,f1_class::Lysozome,0.25,733,733
B1_proto_cetrain,pointnet2,knn11,subject,4,f1_class::Neurocristopathy,0.043478260869565216,733,733
B1_proto_cetrain,pointnet2,knn11,subject,4,f1_class::Peroxisome,0.36363636363636365,733,733
B1_proto_cetrain,pointnet2,knn11,subject,4,f1_class::Primary Palate,0.36363636363636365,733,733
B1_proto_cetrain,pointnet2,knn11,subject,4,f1_class::Rasopathy,0.16161616161616163,733,733
B1_proto_cetrain,pointnet2,knn11,subject,4,f1_class::Sex Chromosome,0.11320754716981132,733,733
B1_proto_cetrain,pointnet2,knn11,subject,4,f1_class::Trisomy,0.2857142857142857,733,733
B1_proto_cetrain,pointnet2,knn11,subject,4,f1_class::Uncategorized,0.21739130434782608,733,733
B2_proto_cetrain,pointnet2,softmax,scan,0,accuracy,0.3094736842105263,475,169
B2_proto_cetrain,pointnet2,softmax,scan,0,macro_f1,0.24273233423073678,475,169
B2_proto_cetrain,pointnet2,softmax,scan,0,macro_auc,0.836225726106932,475,169
B2_proto_cetrain,pointnet2,softmax,scan,0,f1_class::4p Deletion Wolff-Hirschhorn Syndrome,0.0,475,169
B2_proto_cetrain,pointnet2,softmax,scan,0,f1_class::5p-,0.375,475,169
B2_proto_cetrain,pointnet2,softmax,scan,0,f1_class::Achondroplasia,0.42857142857142855,475,169
B2_proto_cetrain,pointnet2,softmax,scan,0,f1_class::Angelman Syndrome,0.0,475,169
B2_proto_cetrain,pointnet2,softmax,scan,0,f1_class::Apert Syndrome,0.0,475,169
B2_proto_cetrain,pointnet2,softmax,scan,0,f1_class::Bohring-Opitz Syndrome,0.0,475,169
B2_proto_cetrain,pointnet2,softmax,scan,0,f1_class::CDKL5,0.0,475,169
B2_proto_cetrain,pointnet2,softmax,scan,0,f1_class::CFC,0.16666666666666666,475,169
B2_proto_cetrain,pointnet2,softmax,scan,0,f1_class::CHARGE Syndrome,0.14634146341463414,475,169
B2_proto_cetrain,pointnet2,softmax,scan,0,f1_class::CdLS,0.07142857142857142,475,169
B2_proto_cetrain,pointnet2,softmax,scan,0,f1_class::Cockayne Syndrome,0.5517241379310345,475,169
B2_proto_cetrain,pointnet2,softmax,scan,0,f1_class::Cohen Syndrome,0.48,475,169
B2_proto_cetrain,pointnet2,softmax,scan,0,f1_class::Costello Syndrome,0.4,475,169
B2_proto_cetrain,pointnet2,softmax,scan,0,f1_class::Crouzon Syndrome,0.0,475,169
B2_proto_cetrain,pointnet2,softmax,scan,0,f1_class::Down Syndrome,0.45901639344262296,475,169
B2_proto_cetrain,pointnet2,softmax,scan,0,f1_class::Ehlers-Danlos Syndrome,0.3,475,169
B2_proto_cetrain,pointnet2,softmax,scan,0,"f1_class::Facial Dysmorphia, possibly genetic",0.1875,475,169
B2_proto_cetrain,pointnet2,softmax,scan,0,f1_class::Jacobsen Syndrome,0.32727272727272727,475,169
B2_proto_cetrain,pointnet2,softmax,scan,0,f1_class::Joubert Syndrome,0.1,475,169
B2_proto_cetrain,pointnet2,softmax,scan,0,f1_class::Loeys-Dietz Syndrome,0.3125,475,169
B2_proto_cetrain,pointnet2,softmax,scan,0,f1_class::Marfan Syndrome,0.4375,475,169
B2_proto_cetrain,pointnet2,softmax,scan,0,f1_class::Mucopolysaccharidosis type IIIB (Sanfilippo B),0.25,475,169
B2_proto_cetrain,pointnet2,softmax,scan,0,f1_class::Noonan Syndrome,0.25806451612903225,475,169
B2_proto_cetrain,pointnet2,softmax,scan,0,f1_class::Pallister-Killian Syndrome,0.45,475,169
B2_proto_cetrain,pointnet2,softmax,scan,0,f1_class::Phelan McDermid Syndrome,0.48717948717948717,475,169
B2_proto_cetrain,pointnet2,softmax,scan,0,f1_class::Pitt Hopkins,0.3076923076923077,475,169
B2_proto_cetrain,pointnet2,softmax,scan,0,f1_class::Rett Syndrome,0.19047619047619047,475,169
B2_proto_cetrain,pointnet2,softmax,scan,0,f1_class::Rubinstein-Taybi Syndrome,0.11764705882352941,475,169
B2_proto_cetrain,pointnet2,softmax,scan,0,f1_class::Smith-Lemli-Opitz,0.0,475,169
B2_proto_cetrain,pointnet2,softmax,scan,0,f1_class::Tetrasomy 18p,0.41025641025641024,475,169
B2_proto_cetrain,pointnet2,softmax,scan,0,f1_class::Trisomy 18,0.2857142857142857,475,169
B2_proto_cetrain,pointnet2,softmax,scan,0,f1_class::Turner Syndrome,0.125,475,169
B2_proto_cetrain,pointnet2,softmax,scan,0,f1_class::Williams Syndrome,0.38461538461538464,475,169
B2_proto_cetrain,pointnet2,softmax,scan,1,accuracy,0.3136842105263158,475,169
B2_proto_cetrain,pointnet2,softmax,scan,1,macro_f1,0.24921969482926076,475,169
B2_proto_cetrain,pointnet2,softmax,scan,1,macro_auc,0.8307617634426226,475,169
B2_proto_cetrain,pointnet2,softmax,scan,1,f1_class::4p Deletion Wolff-Hirschhorn Syndrome,0.0,475,169
B2_proto_cetrain,pointnet2,softmax,scan,1,f1_class::5p-,0.47058823529411764,475,169
B2_proto_cetrain,pointnet2,softmax,scan,1,f1_class::Achondroplasia,0.45614035087719296,475,169
B2_proto_cetrain,pointnet2,softmax,scan,1,f1_class::Angelman Syndrome,0.0,475,169
B2_proto_cetrain,pointnet2,softmax,scan,1,f1_class::Apert Syndrome,0.0,475,169
B2_proto_cetrain,pointnet2,softmax,scan,1,f1_class::Bohring-Opitz Syndrome,0.0,475,169
B2_proto_cetrain,pointnet2,softmax,scan,1,f1_class::CDKL5,0.0,475,169
B2_proto_cetrain,pointnet2,softmax,scan,1,f1_class::CFC,0.14285714285714285,475,169
B2_proto_cetrain,pointnet2,softmax,scan,1,f1_class::CHARGE Syndrome,0.15789473684210525,475,169
B2_proto_cetrain,pointnet2,softmax,scan,1,f1_class::CdLS,0.11428571428571428,475,169
B2_proto_cetrain,pointnet2,softmax,scan,1,f1_class::Cockayne Syndrome,0.7142857142857143,475,169
B2_proto_cetrain,pointnet2,softmax,scan,1,f1_class::Cohen Syndrome,0.4166666666666667,475,169
B2_proto_cetrain,pointnet2,softmax,scan,1,f1_class::Costello Syndrome,0.3076923076923077,475,169
B2_proto_cetrain,pointnet2,softmax,scan,1,f1_class::Crouzon Syndrome,0.0,475,169
B2_proto_cetrain,pointnet2,softmax,scan,1,f1_class::Down Syndrome,0.4307692307692308,475,169
B2_proto_cetrain,pointnet2,softmax,scan,1,f1_class::Ehlers-Danlos Syndrome,0.3333333333333333,475,169
B2_proto_cetrain,pointnet2,softmax,scan,1,"f1_class::Facial Dysmorphia, possibly genetic",0.17647058823529413,475,169
B2_proto_cetrain,pointnet2,softmax,scan,1,f1_class::Jacobsen Syndrome,0.3018867924528302,475,169
B2_proto_cetrain,pointnet2,softmax,scan,1,f1_class::Joubert Syndrome,0.13114754098360656,475,169
B2_proto_cetrain,pointnet2,softmax,scan,1,f1_class::Loeys-Dietz Syndrome,0.27586206896551724,475,169
B2_proto_cetrain,pointnet2,softmax,scan,1,f1_class::Marfan Syndrome,0.42424242424242425,475,169
B2_proto_cetrain,pointnet2,softmax,scan,1,f1_class::Mucopolysaccharidosis type IIIB (Sanfilippo B),0.18181818181818182,475,169
B2_proto_cetrain,pointnet2,softmax,scan,1,f1_class::Noonan Syndrome,0.3225806451612903,475,169
B2_proto_cetrain,pointnet2,softmax,scan,1,f1_class::Pallister-Killian Syndrome,0.5641025641025641,475,169
B2_proto_cetrain,pointnet2,softmax,scan,1,f1_class::Phelan McDermid Syndrome,0.4594594594594595,475,169
B2_proto_cetrain,pointnet2,softmax,scan,1,f1_class::Pitt Hopkins,0.38461538461538464,475,169
B2_proto_cetrain,pointnet2,softmax,scan,1,f1_class::Rett Syndrome,0.1,475,169
B2_proto_cetrain,pointnet2,softmax,scan,1,f1_class::Rubinstein-Taybi Syndrome,0.23529411764705882,475,169
B2_proto_cetrain,pointnet2,softmax,scan,1,f1_class::Smith-Lemli-Opitz,0.0,475,169
B2_proto_cetrain,pointnet2,softmax,scan,1,f1_class::Tetrasomy 18p,0.38095238095238093,475,169
B2_proto_cetrain,pointnet2,softmax,scan,1,f1_class::Trisomy 18,0.25,475,169
B2_proto_cetrain,pointnet2,softmax,scan,1,f1_class::Turner Syndrome,0.1,475,169
B2_proto_cetrain,pointnet2,softmax,scan,1,f1_class::Williams Syndrome,0.391304347826087,475,169
B2_proto_cetrain,pointnet2,softmax,scan,2,accuracy,0.30526315789473685,475,169
B2_proto_cetrain,pointnet2,softmax,scan,2,macro_f1,0.23639010935195204,475,169
B2_proto_cetrain,pointnet2,softmax,scan,2,macro_auc,0.8282979937637004,475,169
B2_proto_cetrain,pointnet2,softmax,scan,2,f1_class::4p Deletion Wolff-Hirschhorn Syndrome,0.0,475,169
B2_proto_cetrain,pointnet2,softmax,scan,2,f1_class::5p-,0.4,475,169
B2_proto_cetrain,pointnet2,softmax,scan,2,f1_class::Achondroplasia,0.43333333333333335,475,169
B2_proto_cetrain,pointnet2,softmax,scan,2,f1_class::Angelman Syndrome,0.0,475,169
B2_proto_cetrain,pointnet2,softmax,scan,2,f1_class::Apert Syndrome,0.0,475,169
B2_proto_cetrain,pointnet2,softmax,scan,2,f1_class::Bohring-Opitz Syndrome,0.0,475,169
B2_proto_cetrain,pointnet2,softmax,scan,2,f1_class::CDKL5,0.0,475,169
B2_proto_cetrain,pointnet2,softmax,scan,2,f1_class::CFC,0.16666666666666666,475,169
B2_proto_cetrain,pointnet2,softmax,scan,2,f1_class::CHARGE Syndrome,0.10526315789473684,475,169
B2_proto_cetrain,pointnet2,softmax,scan,2,f1_class::CdLS,0.125,475,169
B2_proto_cetrain,pointnet2,softmax,scan,2,f1_class::Cockayne Syndrome,0.6285714285714286,475,169
B2_proto_cetrain,pointnet2,softmax,scan,2,f1_class::Cohen Syndrome,0.4166666666666667,475,169
B2_proto_cetrain,pointnet2,softmax,scan,2,f1_class::Costello Syndrome,0.45,475,169
B2_proto_cetrain,pointnet2,softmax,scan,2,f1_class::Crouzon Syndrome,0.0,475,169
B2_proto_cetrain,pointnet2,softmax,scan,2,f1_class::Down Syndrome,0.4482758620689655,475,169
B2_proto_cetrain,pointnet2,softmax,scan,2,f1_class::Ehlers-Danlos Syndrome,0.2857142857142857,475,169
B2_proto_cetrain,pointnet2,softmax,scan,2,"f1_class::Facial Dysmorphia, possibly genetic",0.22857142857142856,475,169
B2_proto_cetrain,pointnet2,softmax,scan,2,f1_class::Jacobsen Syndrome,0.2909090909090909,475,169
B2_proto_cetrain,pointnet2,softmax,scan,2,f1_class::Joubert Syndrome,0.11764705882352941,475,169
B2_proto_cetrain,pointnet2,softmax,scan,2,f1_class::Loeys-Dietz Syndrome,0.25806451612903225,475,169
B2_proto_cetrain,pointnet2,softmax,scan,2,f1_class::Marfan Syndrome,0.4375,475,169
B2_proto_cetrain,pointnet2,softmax,scan,2,f1_class::Mucopolysaccharidosis type IIIB (Sanfilippo B),0.2222222222222222,475,169
B2_proto_cetrain,pointnet2,softmax,scan,2,f1_class::Noonan Syndrome,0.26666666666666666,475,169
B2_proto_cetrain,pointnet2,softmax,scan,2,f1_class::Pallister-Killian Syndrome,0.47368421052631576,475,169
B2_proto_cetrain,pointnet2,softmax,scan,2,f1_class::Phelan McDermid Syndrome,0.4473684210526316,475,169
B2_proto_cetrain,pointnet2,softmax,scan,2,f1_class::Pitt Hopkins,0.2608695652173913,475,169
B2_proto_cetrain,pointnet2,softmax,scan,2,f1_class::Rett Syndrome,0.1111111111111111,475,169
B2_proto_cetrain,pointnet2,softmax,scan,2,f1_class::Rubinstein-Taybi Syndrome,0.0,475,169
B2_proto_cetrain,pointnet2,softmax,scan,2,f1_class::Smith-Lemli-Opitz,0.0,475,169
B2_proto_cetrain,pointnet2,softmax,scan,2,f1_class::Tetrasomy 18p,0.4186046511627907,475,169
B2_proto_cetrain,pointnet2,softmax,scan,2,f1_class::Trisomy 18,0.4,475,169
B2_proto_cetrain,pointnet2,softmax,scan,2,f1_class::Turner Syndrome,0.0,475,169
B2_proto_cetrain,pointnet2,softmax,scan,2,f1_class::Williams Syndrome,0.40816326530612246,475,169
B2_proto_cetrain,pointnet2,softmax,scan,3,accuracy,0.3094736842105263,475,169
B2_proto_cetrain,pointnet2,softmax,scan,3,macro_f1,0.23833885229784274,475,169
B2_proto_cetrain,pointnet2,softmax,scan,3,macro_auc,0.8335826819037682,475,169
B2_proto_cetrain,pointnet2,softmax,scan,3,f1_class::4p Deletion Wolff-Hirschhorn Syndrome,0.0,475,169
B2_proto_cetrain,pointnet2,softmax,scan,3,f1_class::5p-,0.26666666666666666,475,169
B2_proto_cetrain,pointnet2,softmax,scan,3,f1_class::Achondroplasia,0.42857142857142855,475,169
B2_proto_cetrain,pointnet2,softmax,scan,3,f1_class::Angelman Syndrome,0.0,475,169
B2_proto_cetrain,pointnet2,softmax,scan,3,f1_class::Apert Syndrome,0.0,475,169
B2_proto_cetrain,pointnet2,softmax,scan,3,f1_class::Bohring-Opitz Syndrome,0.0,475,169
B2_proto_cetrain,pointnet2,softmax,scan,3,f1_class::CDKL5,0.0,475,169
B2_proto_cetrain,pointnet2,softmax,scan,3,f1_class::CFC,0.0,475,169
B2_proto_cetrain,pointnet2,softmax,scan,3,f1_class::CHARGE Syndrome,0.2564102564102564,475,169
B2_proto_cetrain,pointnet2,softmax,scan,3,f1_class::CdLS,0.0625,475,169
B2_proto_cetrain,pointnet2,softmax,scan,3,f1_class::Cockayne Syndrome,0.6875,475,169
B2_proto_cetrain,pointnet2,softmax,scan,3,f1_class::Cohen Syndrome,0.48,475,169
B2_proto_cetrain,pointnet2,softmax,scan,3,f1_class::Costello Syndrome,0.35,475,169
B2_proto_cetrain,pointnet2,softmax,scan,3,f1_class::Crouzon Syndrome,0.0,475,169
B2_proto_cetrain,pointnet2,softmax,scan,3,f1_class::Down Syndrome,0.49122807017543857,475,169
B2_proto_cetrain,pointnet2,softmax,scan,3,f1_class::Ehlers-Danlos Syndrome,0.21052631578947367,475,169
B2_proto_cetrain,pointnet2,softmax,scan,3,"f1_class::Facial Dysmorphia, possibly genetic",0.18181818181818182,475,169
B2_proto_cetrain,pointnet2,softmax,scan,3,f1_class::Jacobsen Syndrome,0.3103448275862069,475,169
B2_proto_cetrain,pointnet2,softmax,scan,3,f1_class::Joubert Syndrome,0.14285714285714285,475,169
B2_proto_cetrain,pointnet2,softmax,scan,3,f1_class::Loeys-Dietz Syndrome,0.3125,475,169
B2_proto_cetrain,pointnet2,softmax,scan,3,f1_class::Marfan Syndrome,0.4117647058823529,475,169
B2_proto_cetrain,pointnet2,softmax,scan,3,f1_class::Mucopolysaccharidosis type IIIB (Sanfilippo B),0.25,475,169
B2_proto_cetrain,pointnet2,softmax,scan,3,f1_class::Noonan Syndrome,0.27586206896551724,475,169
B2_proto_cetrain,pointnet2,softmax,scan,3,f1_class::Pallister-Killian Syndrome,0.47368421052631576,475,169
B2_proto_cetrain,pointnet2,softmax,scan,3,f1_class::Phelan McDermid Syndrome,0.46153846153846156,475,169
B2_proto_cetrain,pointnet2,softmax,scan,3,f1_class::Pitt Hopkins,0.2,475,169
B2_proto_cetrain,pointnet2,softmax,scan,3,f1_class::Rett Syndrome,0.18181818181818182,475,169
B2_proto_cetrain,pointnet2,softmax,scan,3,f1_class::Rubinstein-Taybi Syndrome,0.10526315789473684,475,169
B2_proto_cetrain,pointnet2,softmax,scan,3,f1_class::Smith-Lemli-Opitz,0.0,475,169
B2_proto_cetrain,pointnet2,softmax,scan,3,f1_class::Tetrasomy 18p,0.38095238095238093,475,169
B2_proto_cetrain,pointnet2,softmax,scan,3,f1_class::Trisomy 18,0.375,475,169
B2_proto_cetrain,pointnet2,softmax,scan,3,f1_class::Turner Syndrome,0.2222222222222222,475,169
B2_proto_cetrain,pointnet2,softmax,scan,3,f1_class::Williams Syndrome,0.34615384615384615,475,169
B2_proto_cetrain,pointnet2,softmax,scan,4,accuracy,0.2905263157894737,475,169
B2_proto_cetrain,pointnet2,softmax,scan,4,macro_f1,0.22186639716334125,475,169
B2_proto_cetrain,pointnet2,softmax,scan,4,macro_auc,0.828735328477508,475,169
B2_proto_cetrain,pointnet2,softmax,scan,4,f1_class::4p Deletion Wolff-Hirschhorn Syndrome,0.0,475,169
B2_proto_cetrain,pointnet2,softmax,scan,4,f1_class::5p-,0.3333333333333333,475,169
B2_proto_cetrain,pointnet2,softmax,scan,4,f1_class::Achondroplasia,0.4067796610169492,475,169
B2_proto_cetrain,pointnet2,softmax,scan,4,f1_class::Angelman Syndrome,0.0,475,169
B2_proto_cetrain,pointnet2,softmax,scan,4,f1_class::Apert Syndrome,0.0,475,169
B2_proto_cetrain,pointnet2,softmax,scan,4,f1_class::Bohring-Opitz Syndrome,0.14285714285714285,475,169
B2_proto_cetrain,pointnet2,softmax,scan,4,f1_class::CDKL5,0.0,475,169
B2_proto_cetrain,pointnet2,softmax,scan,4,f1_class::CFC,0.0,475,169
B2_proto_cetrain,pointnet2,softmax,scan,4,f1_class::CHARGE Syndrome,0.16216216216216217,475,169
B2_proto_cetrain,pointnet2,softmax,scan,4,f1_class::CdLS,0.0625,475,169
B2_proto_cetrain,pointnet2,softmax,scan,4,f1_class::Cockayne Syndrome,0.5625,475,169
B2_proto_cetrain,pointnet2,softmax,scan,4,f1_class::Cohen Syndrome,0.46153846153846156,475,169
B2_proto_cetrain,pointnet2,softmax,scan,4,f1_class::Costello Syndrome,0.2222222222222222,475,169
B2_proto_cetrain,pointnet2,softmax,scan,4,f1_class::Crouzon Syndrome,0.0,475,169
B2_proto_cetrain,pointnet2,softmax,scan,4,f1_class::Down Syndrome,0.5,475,169
B2_proto_cetrain,pointnet2,softmax,scan,4,f1_class::Ehlers-Danlos Syndrome,0.21052631578947367,475,169
B2_proto_cetrain,pointnet2,softmax,scan,4,"f1_class::Facial Dysmorphia, possibly genetic",0.17647058823529413,475,169
B2_proto_cetrain,pointnet2,softmax,scan,4,f1_class::Jacobsen Syndrome,0.25925925925925924,475,169
B2_proto_cetrain,pointnet2,softmax,scan,4,f1_class::Joubert Syndrome,0.13114754098360656,475,169
B2_proto_cetrain,pointnet2,softmax,scan,4,f1_class::Loeys-Dietz Syndrome,0.3333333333333333,475,169
B2_proto_cetrain,pointnet2,softmax,scan,4,f1_class::Marfan Syndrome,0.47058823529411764,475,169
B2_proto_cetrain,pointnet2,softmax,scan,4,f1_class::Mucopolysaccharidosis type IIIB (Sanfilippo B),0.0,475,169
B2_proto_cetrain,pointnet2,softmax,scan,4,f1_class::Noonan Syndrome,0.35714285714285715,475,169
B2_proto_cetrain,pointnet2,softmax,scan,4,f1_class::Pallister-Killian Syndrome,0.47368421052631576,475,169
B2_proto_cetrain,pointnet2,softmax,scan,4,f1_class::Phelan McDermid Syndrome,0.4533333333333333,475,169
B2_proto_cetrain,pointnet2,softmax,scan,4,f1_class::Pitt Hopkins,0.16,475,169
B2_proto_cetrain,pointnet2,softmax,scan,4,f1_class::Rett Syndrome,0.1111111111111111,475,169
B2_proto_cetrain,pointnet2,softmax,scan,4,f1_class::Rubinstein-Taybi Syndrome,0.21052631578947367,475,169
B2_proto_cetrain,pointnet2,softmax,scan,4,f1_class::Smith-Lemli-Opitz,0.0,475,169
B2_proto_cetrain,pointnet2,softmax,scan,4,f1_class::Tetrasomy 18p,0.38095238095238093,475,169
B2_proto_cetrain,pointnet2,softmax,scan,4,f1_class::Trisomy 18,0.4,475,169
B2_proto_cetrain,pointnet2,softmax,scan,4,f1_class::Turner Syndrome,0.0,475,169
B2_proto_cetrain,pointnet2,softmax,scan,4,f1_class::Williams Syndrome,0.33962264150943394,475,169
B2_proto_cetrain,pointnet2,softmax,subject,0,accuracy,0.40828402366863903,169,169
B2_proto_cetrain,pointnet2,softmax,subject,0,macro_f1,0.28215581277251106,169,169
B2_proto_cetrain,pointnet2,softmax,subject,0,macro_auc,0.8909474691380711,169,169
B2_proto_cetrain,pointnet2,softmax,subject,0,f1_class::4p Deletion Wolff-Hirschhorn Syndrome,0.0,169,169
B2_proto_cetrain,pointnet2,softmax,subject,0,f1_class::5p-,0.5,169,169
B2_proto_cetrain,pointnet2,softmax,subject,0,f1_class::Achondroplasia,0.5806451612903226,169,169
B2_proto_cetrain,pointnet2,softmax,subject,0,f1_class::Angelman Syndrome,0.0,169,169
B2_proto_cetrain,pointnet2,softmax,subject,0,f1_class::Apert Syndrome,0.0,169,169
B2_proto_cetrain,pointnet2,softmax,subject,0,f1_class::Bohring-Opitz Syndrome,0.0,169,169
B2_proto_cetrain,pointnet2,softmax,subject,0,f1_class::CDKL5,0.0,169,169
B2_proto_cetrain,pointnet2,softmax,subject,0,f1_class::CFC,0.0,169,169
B2_proto_cetrain,pointnet2,softmax,subject,0,f1_class::CHARGE Syndrome,0.16666666666666666,169,169
B2_proto_cetrain,pointnet2,softmax,subject,0,f1_class::CdLS,0.0,169,169
B2_proto_cetrain,pointnet2,softmax,subject,0,f1_class::Cockayne Syndrome,0.8571428571428571,169,169
B2_proto_cetrain,pointnet2,softmax,subject,0,f1_class::Cohen Syndrome,0.75,169,169
B2_proto_cetrain,pointnet2,softmax,subject,0,f1_class::Costello Syndrome,0.6153846153846154,169,169
B2_proto_cetrain,pointnet2,softmax,subject,0,f1_class::Crouzon Syndrome,0.0,169,169
B2_proto_cetrain,pointnet2,softmax,subject,0,f1_class::Down Syndrome,0.6666666666666666,169,169
B2_proto_cetrain,pointnet2,softmax,subject,0,f1_class::Ehlers-Danlos Syndrome,0.25,169,169
B2_proto_cetrain,pointnet2,softmax,subject,0,"f1_class::Facial Dysmorphia, possibly genetic",0.16666666666666666,169,169
B2_proto_cetrain,pointnet2,softmax,subject,0,f1_class::Jacobsen Syndrome,0.375,169,169
B2_proto_cetrain,pointnet2,softmax,subject,0,f1_class::Joubert Syndrome,0.16,169,169
B2_proto_cetrain,pointnet2,softmax,subject,0,f1_class::Loeys-Dietz Syndrome,0.4444444444444444,169,169
B2_proto_cetrain,pointnet2,softmax,subject,0,f1_class::Marfan Syndrome,0.4,169,169
B2_proto_cetrain,pointnet2,softmax,subject,0,f1_class::Mucopolysaccharidosis type IIIB (Sanfilippo B),0.0,169,169
B2_proto_cetrain,pointnet2,softmax,subject,0,f1_class::Noonan Syndrome,0.25,169,169
B2_proto_cetrain,pointnet2,softmax,subject,0,f1_class::Pallister-Killian Syndrome,0.4,169,169
B2_proto_cetrain,pointnet2,softmax,subject,0,f1_class::Phelan McDermid Syndrome,0.7777777777777778,169,169
B2_proto_cetrain,pointnet2,softmax,subject,0,f1_class::Pitt Hopkins,0.25,169,169
B2_proto_cetrain,pointnet2,softmax,subject,0,f1_class::Rett Syndrome,0.0,169,169
B2_proto_cetrain,pointnet2,softmax,subject,0,f1_class::Rubinstein-Taybi Syndrome,0.2857142857142857,169,169
B2_proto_cetrain,pointnet2,softmax,subject,0,f1_class::Smith-Lemli-Opitz,0.0,169,169
B2_proto_cetrain,pointnet2,softmax,subject,0,f1_class::Tetrasomy 18p,0.4444444444444444,169,169
B2_proto_cetrain,pointnet2,softmax,subject,0,f1_class::Trisomy 18,0.5,169,169
B2_proto_cetrain,pointnet2,softmax,subject,0,f1_class::Turner Syndrome,0.0,169,169
B2_proto_cetrain,pointnet2,softmax,subject,0,f1_class::Williams Syndrome,0.47058823529411764,169,169
B2_proto_cetrain,pointnet2,softmax,subject,1,accuracy,0.4378698224852071,169,169
B2_proto_cetrain,pointnet2,softmax,subject,1,macro_f1,0.3178119038584155,169,169
B2_proto_cetrain,pointnet2,softmax,subject,1,macro_auc,0.8882881762789175,169,169
B2_proto_cetrain,pointnet2,softmax,subject,1,f1_class::4p Deletion Wolff-Hirschhorn Syndrome,0.0,169,169
B2_proto_cetrain,pointnet2,softmax,subject,1,f1_class::5p-,0.5,169,169
B2_proto_cetrain,pointnet2,softmax,subject,1,f1_class::Achondroplasia,0.6666666666666666,169,169
B2_proto_cetrain,pointnet2,softmax,subject,1,f1_class::Angelman Syndrome,0.0,169,169
B2_proto_cetrain,pointnet2,softmax,subject,1,f1_class::Apert Syndrome,0.0,169,169
B2_proto_cetrain,pointnet2,softmax,subject,1,f1_class::Bohring-Opitz Syndrome,0.0,169,169
B2_proto_cetrain,pointnet2,softmax,subject,1,f1_class::CDKL5,0.0,169,169
B2_proto_cetrain,pointnet2,softmax,subject,1,f1_class::CFC,0.0,169,169
B2_proto_cetrain,pointnet2,softmax,subject,1,f1_class::CHARGE Syndrome,0.13333333333333333,169,169
B2_proto_cetrain,pointnet2,softmax,subject,1,f1_class::CdLS,0.14285714285714285,169,169
B2_proto_cetrain,pointnet2,softmax,subject,1,f1_class::Cockayne Syndrome,0.8571428571428571,169,169
B2_proto_cetrain,pointnet2,softmax,subject,1,f1_class::Cohen Syndrome,0.8571428571428571,169,169
B2_proto_cetrain,pointnet2,softmax,subject,1,f1_class::Costello Syndrome,0.6153846153846154,169,169
B2_proto_cetrain,pointnet2,softmax,subject,1,f1_class::Crouzon Syndrome,0.0,169,169
B2_proto_cetrain,pointnet2,softmax,subject,1,f1_class::Down Syndrome,0.6511627906976745,169,169
B2_proto_cetrain,pointnet2,softmax,subject,1,f1_class::Ehlers-Danlos Syndrome,0.25,169,169
B2_proto_cetrain,pointnet2,softmax,subject,1,"f1_class::Facial Dysmorphia, possibly genetic",0.14285714285714285,169,169
B2_proto_cetrain,pointnet2,softmax,subject,1,f1_class::Jacobsen Syndrome,0.42857142857142855,169,169
B2_proto_cetrain,pointnet2,softmax,subject,1,f1_class::Joubert Syndrome,0.23076923076923078,169,169
B2_proto_cetrain,pointnet2,softmax,subject,1,f1_class::Loeys-Dietz Syndrome,0.42857142857142855,169,169
B2_proto_cetrain,pointnet2,softmax,subject,1,f1_class::Marfan Syndrome,0.5,169,169
B2_proto_cetrain,pointnet2,softmax,subject,1,f1_class::Mucopolysaccharidosis type IIIB (Sanfilippo B),0.0,169,169
B2_proto_cetrain,pointnet2,softmax,subject,1,f1_class::Noonan Syndrome,0.2222222222222222,169,169
B2_proto_cetrain,pointnet2,softmax,subject,1,f1_class::Pallister-Killian Syndrome,0.6666666666666666,169,169
B2_proto_cetrain,pointnet2,softmax,subject,1,f1_class::Phelan McDermid Syndrome,0.7777777777777778,169,169
B2_proto_cetrain,pointnet2,softmax,subject,1,f1_class::Pitt Hopkins,0.5,169,169
B2_proto_cetrain,pointnet2,softmax,subject,1,f1_class::Rett Syndrome,0.3333333333333333,169,169
B2_proto_cetrain,pointnet2,softmax,subject,1,f1_class::Rubinstein-Taybi Syndrome,0.3333333333333333,169,169
B2_proto_cetrain,pointnet2,softmax,subject,1,f1_class::Smith-Lemli-Opitz,0.0,169,169
B2_proto_cetrain,pointnet2,softmax,subject,1,f1_class::Tetrasomy 18p,0.25,169,169
B2_proto_cetrain,pointnet2,softmax,subject,1,f1_class::Trisomy 18,0.5,169,169
B2_proto_cetrain,pointnet2,softmax,subject,1,f1_class::Turner Syndrome,0.0,169,169
B2_proto_cetrain,pointnet2,softmax,subject,1,f1_class::Williams Syndrome,0.5,169,169
B2_proto_cetrain,pointnet2,softmax,subject,2,accuracy,0.3905325443786982,169,169
B2_proto_cetrain,pointnet2,softmax,subject,2,macro_f1,0.2722863153240935,169,169
B2_proto_cetrain,pointnet2,softmax,subject,2,macro_auc,0.8854040177752649,169,169
B2_proto_cetrain,pointnet2,softmax,subject,2,f1_class::4p Deletion Wolff-Hirschhorn Syndrome,0.0,169,169
B2_proto_cetrain,pointnet2,softmax,subject,2,f1_class::5p-,0.5714285714285714,169,169
B2_proto_cetrain,pointnet2,softmax,subject,2,f1_class::Achondroplasia,0.5161290322580645,169,169
B2_proto_cetrain,pointnet2,softmax,subject,2,f1_class::Angelman Syndrome,0.0,169,169
B2_proto_cetrain,pointnet2,softmax,subject,2,f1_class::Apert Syndrome,0.0,169,169
B2_proto_cetrain,pointnet2,softmax,subject,2,f1_class::Bohring-Opitz Syndrome,0.0,169,169
B2_proto_cetrain,pointnet2,softmax,subject,2,f1_class::CDKL5,0.0,169,169
B2_proto_cetrain,pointnet2,softmax,subject,2,f1_class::CFC,0.0,169,169
B2_proto_cetrain,pointnet2,softmax,subject,2,f1_class::CHARGE Syndrome,0.0,169,169
B2_proto_cetrain,pointnet2,softmax,subject,2,f1_class::CdLS,0.15384615384615385,169,169
B2_proto_cetrain,pointnet2,softmax,subject,2,f1_class::Cockayne Syndrome,0.75,169,169
B2_proto_cetrain,pointnet2,softmax,subject,2,f1_class::Cohen Syndrome,0.8571428571428571,169,169
B2_proto_cetrain,pointnet2,softmax,subject,2,f1_class::Costello Syndrome,0.5,169,169
B2_proto_cetrain,pointnet2,softmax,subject,2,f1_class::Crouzon Syndrome,0.0,169,169
B2_proto_cetrain,pointnet2,softmax,subject,2,f1_class::Down Syndrome,0.6666666666666666,169,169
B2_proto_cetrain,pointnet2,softmax,subject,2,f1_class::Ehlers-Danlos Syndrome,0.25,169,169
B2_proto_cetrain,pointnet2,softmax,subject,2,"f1_class::Facial Dysmorphia, possibly genetic",0.14285714285714285,169,169
B2_proto_cetrain,pointnet2,softmax,subject,2,f1_class::Jacobsen Syndrome,0.23529411764705882,169,169
B2_proto_cetrain,pointnet2,softmax,subject,2,f1_class::Joubert Syndrome,0.24,169,169
B2_proto_cetrain,pointnet2,softmax,subject,2,f1_class::Loeys-Dietz Syndrome,0.4444444444444444,169,169
B2_proto_cetrain,pointnet2,softmax,subject,2,f1_class::Marfan Syndrome,0.5,169,169
B2_proto_cetrain,pointnet2,softmax,subject,2,f1_class::Mucopolysaccharidosis type IIIB (Sanfilippo B),0.0,169,169
B2_proto_cetrain,pointnet2,softmax,subject,2,f1_class::Noonan Syndrome,0.25,169,169
B2_proto_cetrain,pointnet2,softmax,subject,2,f1_class::Pallister-Killian Syndrome,0.5454545454545454,169,169
B2_proto_cetrain,pointnet2,softmax,subject,2,f1_class::Phelan McDermid Syndrome,0.7058823529411765,169,169
B2_proto_cetrain,pointnet2,softmax,subject,2,f1_class::Pitt Hopkins,0.2857142857142857,169,169
B2_proto_cetrain,pointnet2,softmax,subject,2,f1_class::Rett Syndrome,0.0,169,169
B2_proto_cetrain,pointnet2,softmax,subject,2,f1_class::Rubinstein-Taybi Syndrome,0.0,169,169
B2_proto_cetrain,pointnet2,softmax,subject,2,f1_class::Smith-Lemli-Opitz,0.0,169,169
B2_proto_cetrain,pointnet2,softmax,subject,2,f1_class::Tetrasomy 18p,0.4,169,169
B2_proto_cetrain,pointnet2,softmax,subject,2,f1_class::Trisomy 18,0.5,169,169
B2_proto_cetrain,pointnet2,softmax,subject,2,f1_class::Turner Syndrome,0.0,169,169
B2_proto_cetrain,pointnet2,softmax,subject,2,f1_class::Williams Syndrome,0.47058823529411764,169,169
B2_proto_cetrain,pointnet2,softmax,subject,3,accuracy,0.4260355029585799,169,169
B2_proto_cetrain,pointnet2,softmax,subject,3,macro_f1,0.2945180092238916,169,169
B2_proto_cetrain,pointnet2,softmax,subject,3,macro_auc,0.8857587534296774,169,169
B2_proto_cetrain,pointnet2,softmax,subject,3,f1_class::4p Deletion Wolff-Hirschhorn Syndrome,0.0,169,169
B2_proto_cetrain,pointnet2,softmax,subject,3,f1_class::5p-,0.4,169,169
B2_proto_cetrain,pointnet2,softmax,subject,3,f1_class::Achondroplasia,0.6,169,169
B2_proto_cetrain,pointnet2,softmax,subject,3,f1_class::Angelman Syndrome,0.0,169,169
B2_proto_cetrain,pointnet2,softmax,subject,3,f1_class::Apert Syndrome,0.0,169,169
B2_proto_cetrain,pointnet2,softmax,subject,3,f1_class::Bohring-Opitz Syndrome,0.0,169,169
B2_proto_cetrain,pointnet2,softmax,subject,3,f1_class::CDKL5,0.0,169,169
B2_proto_cetrain,pointnet2,softmax,subject,3,f1_class::CFC,0.0,169,169
B2_proto_cetrain,pointnet2,softmax,subject,3,f1_class::CHARGE Syndrome,0.26666666666666666,169,169
B2_proto_cetrain,pointnet2,softmax,subject,3,f1_class::CdLS,0.0,169,169
B2_proto_cetrain,pointnet2,softmax,subject,3,f1_class::Cockayne Syndrome,0.8571428571428571,169,169
B2_proto_cetrain,pointnet2,softmax,subject,3,f1_class::Cohen Syndrome,0.75,169,169
B2_proto_cetrain,pointnet2,softmax,subject,3,f1_class::Costello Syndrome,0.6666666666666666,169,169
B2_proto_cetrain,pointnet2,softmax,subject,3,f1_class::Crouzon Syndrome,0.0,169,169
B2_proto_cetrain,pointnet2,softmax,subject,3,f1_class::Down Syndrome,0.7,169,169
B2_proto_cetrain,pointnet2,softmax,subject,3,f1_class::Ehlers-Danlos Syndrome,0.25,169,169
B2_proto_cetrain,pointnet2,softmax,subject,3,"f1_class::Facial Dysmorphia, possibly genetic",0.26666666666666666,169,169
B2_proto_cetrain,pointnet2,softmax,subject,3,f1_class::Jacobsen Syndrome,0.35294117647058826,169,169
B2_proto_cetrain,pointnet2,softmax,subject,3,f1_class::Joubert Syndrome,0.2857142857142857,169,169
B2_proto_cetrain,pointnet2,softmax,subject,3,f1_class::Loeys-Dietz Syndrome,0.47058823529411764,169,169
B2_proto_cetrain,pointnet2,softmax,subject,3,f1_class::Marfan Syndrome,0.5,169,169
B2_proto_cetrain,pointnet2,softmax,subject,3,f1_class::Mucopolysaccharidosis type IIIB (Sanfilippo B),0.0,169,169
B2_proto_cetrain,pointnet2,softmax,subject,3,f1_class::Noonan Syndrome,0.25,169,169
B2_proto_cetrain,pointnet2,softmax,subject,3,f1_class::Pallister-Killian Syndrome,0.5,169,169
B2_proto_cetrain,pointnet2,softmax,subject,3,f1_class::Phelan McDermid Syndrome,0.7058823529411765,169,169
B2_proto_cetrain,pointnet2,softmax,subject,3,f1_class::Pitt Hopkins,0.2857142857142857,169,169
B2_proto_cetrain,pointnet2,softmax,subject,3,f1_class::Rett Syndrome,0.3333333333333333,169,169
B2_proto_cetrain,pointnet2,softmax,subject,3,f1_class::Rubinstein-Taybi Syndrome,0.0,169,169
B2_proto_cetrain,pointnet2,softmax,subject,3,f1_class::Smith-Lemli-Opitz,0.0,169,169
B2_proto_cetrain,pointnet2,softmax,subject,3,f1_class::Tetrasomy 18p,0.2222222222222222,169,169
B2_proto_cetrain,pointnet2,softmax,subject,3,f1_class::Trisomy 18,0.5,169,169
B2_proto_cetrain,pointnet2,softmax,subject,3,f1_class::Turner Syndrome,0.0,169,169
B2_proto_cetrain,pointnet2,softmax,subject,3,f1_class::Williams Syndrome,0.5555555555555556,169,169
B2_proto_cetrain,pointnet2,softmax,subject,4,accuracy,0.39644970414201186,169,169
B2_proto_cetrain,pointnet2,softmax,subject,4,macro_f1,0.2783472576042235,169,169
B2_proto_cetrain,pointnet2,softmax,subject,4,macro_auc,0.881884971078705,169,169
B2_proto_cetrain,pointnet2,softmax,subject,4,f1_class::4p Deletion Wolff-Hirschhorn Syndrome,0.0,169,169
B2_proto_cetrain,pointnet2,softmax,subject,4,f1_class::5p-,0.2857142857142857,169,169
B2_proto_cetrain,pointnet2,softmax,subject,4,f1_class::Achondroplasia,0.5333333333333333,169,169
B2_proto_cetrain,pointnet2,softmax,subject,4,f1_class::Angelman Syndrome,0.0,169,169
B2_proto_cetrain,pointnet2,softmax,subject,4,f1_class::Apert Syndrome,0.0,169,169
B2_proto_cetrain,pointnet2,softmax,subject,4,f1_class::Bohring-Opitz Syndrome,0.0,169,169
B2_proto_cetrain,pointnet2,softmax,subject,4,f1_class::CDKL5,0.0,169,169
B2_proto_cetrain,pointnet2,softmax,subject,4,f1_class::CFC,0.0,169,169
B2_proto_cetrain,pointnet2,softmax,subject,4,f1_class::CHARGE Syndrome,0.125,169,169
B2_proto_cetrain,pointnet2,softmax,subject,4,f1_class::CdLS,0.0,169,169
B2_proto_cetrain,pointnet2,softmax,subject,4,f1_class::Cockayne Syndrome,0.8571428571428571,169,169
B2_proto_cetrain,pointnet2,softmax,subject,4,f1_class::Cohen Syndrome,0.5714285714285714,169,169
B2_proto_cetrain,pointnet2,softmax,subject,4,f1_class::Costello Syndrome,0.3333333333333333,169,169
B2_proto_cetrain,pointnet2,softmax,subject,4,f1_class::Crouzon Syndrome,0.0,169,169
B2_proto_cetrain,pointnet2,softmax,subject,4,f1_class::Down Syndrome,0.7368421052631579,169,169
B2_proto_cetrain,pointnet2,softmax,subject,4,f1_class::Ehlers-Danlos Syndrome,0.2222222222222222,169,169
B2_proto_cetrain,pointnet2,softmax,subject,4,"f1_class::Facial Dysmorphia, possibly genetic",0.15384615384615385,169,169
B2_proto_cetrain,pointnet2,softmax,subject,4,f1_class::Jacobsen Syndrome,0.375,169,169
B2_proto_cetrain,pointnet2,softmax,subject,4,f1_class::Joubert Syndrome,0.2222222222222222,169,169
B2_proto_cetrain,pointnet2,softmax,subject,4,f1_class::Loeys-Dietz Syndrome,0.5,169,169
B2_proto_cetrain,pointnet2,softmax,subject,4,f1_class::Marfan Syndrome,0.5,169,169
B2_proto_cetrain,pointnet2,softmax,subject,4,f1_class::Mucopolysaccharidosis type IIIB (Sanfilippo B),0.0,169,169
B2_proto_cetrain,pointnet2,softmax,subject,4,f1_class::Noonan Syndrome,0.25,169,169
B2_proto_cetrain,pointnet2,softmax,subject,4,f1_class::Pallister-Killian Syndrome,0.6666666666666666,169,169
B2_proto_cetrain,pointnet2,softmax,subject,4,f1_class::Phelan McDermid Syndrome,0.7058823529411765,169,169
B2_proto_cetrain,pointnet2,softmax,subject,4,f1_class::Pitt Hopkins,0.3333333333333333,169,169
B2_proto_cetrain,pointnet2,softmax,subject,4,f1_class::Rett Syndrome,0.3333333333333333,169,169
B2_proto_cetrain,pointnet2,softmax,subject,4,f1_class::Rubinstein-Taybi Syndrome,0.25,169,169
B2_proto_cetrain,pointnet2,softmax,subject,4,f1_class::Smith-Lemli-Opitz,0.0,169,169
B2_proto_cetrain,pointnet2,softmax,subject,4,f1_class::Tetrasomy 18p,0.2857142857142857,169,169
B2_proto_cetrain,pointnet2,softmax,subject,4,f1_class::Trisomy 18,0.5,169,169
B2_proto_cetrain,pointnet2,softmax,subject,4,f1_class::Turner Syndrome,0.0,169,169
B2_proto_cetrain,pointnet2,softmax,subject,4,f1_class::Williams Syndrome,0.4444444444444444,169,169
B2_proto_cetrain,pointnet2,proto,scan,0,accuracy,0.30736842105263157,475,169
B2_proto_cetrain,pointnet2,proto,scan,0,macro_f1,0.2505398255780651,475,169
B2_proto_cetrain,pointnet2,proto,scan,0,macro_auc,0.8455729650008419,475,169
B2_proto_cetrain,pointnet2,proto,scan,0,f1_class::4p Deletion Wolff-Hirschhorn Syndrome,0.0,475,169
B2_proto_cetrain,pointnet2,proto,scan,0,f1_class::5p-,0.2222222222222222,475,169
B2_proto_cetrain,pointnet2,proto,scan,0,f1_class::Achondroplasia,0.4888888888888889,475,169
B2_proto_cetrain,pointnet2,proto,scan,0,f1_class::Angelman Syndrome,0.0,475,169
B2_proto_cetrain,pointnet2,proto,scan,0,f1_class::Apert Syndrome,0.0,475,169
B2_proto_cetrain,pointnet2,proto,scan,0,f1_class::Bohring-Opitz Syndrome,0.2608695652173913,475,169
B2_proto_cetrain,pointnet2,proto,scan,0,f1_class::CDKL5,0.0,475,169
B2_proto_cetrain,pointnet2,proto,scan,0,f1_class::CFC,0.14285714285714285,475,169
B2_proto_cetrain,pointnet2,proto,scan,0,f1_class::CHARGE Syndrome,0.2857142857142857,475,169
B2_proto_cetrain,pointnet2,proto,scan,0,f1_class::CdLS,0.05714285714285714,475,169
B2_proto_cetrain,pointnet2,proto,scan,0,f1_class::Cockayne Syndrome,0.5,475,169
B2_proto_cetrain,pointnet2,proto,scan,0,f1_class::Cohen Syndrome,0.4444444444444444,475,169
B2_proto_cetrain,pointnet2,proto,scan,0,f1_class::Costello Syndrome,0.3076923076923077,475,169
B2_proto_cetrain,pointnet2,proto,scan,0,f1_class::Crouzon Syndrome,0.0,475,169
B2_proto_cetrain,pointnet2,proto,scan,0,f1_class::Down Syndrome,0.6046511627906976,475,169
B2_proto_cetrain,pointnet2,proto,scan,0,f1_class::Ehlers-Danlos Syndrome,0.20689655172413793,475,169
B2_proto_cetrain,pointnet2,proto,scan,0,"f1_class::Facial Dysmorphia, possibly genetic",0.2222222222222222,475,169
B2_proto_cetrain,pointnet2,proto,scan,0,f1_class::Jacobsen Syndrome,0.2608695652173913,475,169
B2_proto_cetrain,pointnet2,proto,scan,0,f1_class::Joubert Syndrome,0.1,475,169
B2_proto_cetrain,pointnet2,proto,scan,0,f1_class::Loeys-Dietz Syndrome,0.3448275862068966,475,169
B2_proto_cetrain,pointnet2,proto,scan,0,f1_class::Marfan Syndrome,0.47058823529411764,475,169
B2_proto_cetrain,pointnet2,proto,scan,0,f1_class::Mucopolysaccharidosis type IIIB (Sanfilippo B),0.2222222222222222,475,169
B2_proto_cetrain,pointnet2,proto,scan,0,f1_class::Noonan Syndrome,0.27906976744186046,475,169
B2_proto_cetrain,pointnet2,proto,scan,0,f1_class::Pallister-Killian Syndrome,0.5,475,169
B2_proto_cetrain,pointnet2,proto,scan,0,f1_class::Phelan McDermid Syndrome,0.5432098765432098,475,169
B2_proto_cetrain,pointnet2,proto,scan,0,f1_class::Pitt Hopkins,0.4,475,169
B2_proto_cetrain,pointnet2,proto,scan,0,f1_class::Rett Syndrome,0.16,475,169
B2_proto_cetrain,pointnet2,proto,scan,0,f1_class::Rubinstein-Taybi Syndrome,0.25,475,169
B2_proto_cetrain,pointnet2,proto,scan,0,f1_class::Smith-Lemli-Opitz,0.13333333333333333,475,169
B2_proto_cetrain,pointnet2,proto,scan,0,f1_class::Tetrasomy 18p,0.43243243243243246,475,169
B2_proto_cetrain,pointnet2,proto,scan,0,f1_class::Trisomy 18,0.3,475,169
B2_proto_cetrain,pointnet2,proto,scan,0,f1_class::Turner Syndrome,0.0,475,169
B2_proto_cetrain,pointnet2,proto,scan,0,f1_class::Williams Syndrome,0.1276595744680851,475,169
B2_proto_cetrain,pointnet2,proto,scan,1,accuracy,0.3157894736842105,475,169
B2_proto_cetrain,pointnet2,proto,scan,1,macro_f1,0.25945805503211394,475,169
B2_proto_cetrain,pointnet2,proto,scan,1,macro_auc,0.8407936455318693,475,169
B2_proto_cetrain,pointnet2,proto,scan,1,f1_class::4p Deletion Wolff-Hirschhorn Syndrome,0.0,475,169
B2_proto_cetrain,pointnet2,proto,scan,1,f1_class::5p-,0.3,475,169
B2_proto_cetrain,pointnet2,proto,scan,1,f1_class::Achondroplasia,0.5581395348837209,475,169
B2_proto_cetrain,pointnet2,proto,scan,1,f1_class::Angelman Syndrome,0.0,475,169
B2_proto_cetrain,pointnet2,proto,scan,1,f1_class::Apert Syndrome,0.0,475,169
B2_proto_cetrain,pointnet2,proto,scan,1,f1_class::Bohring-Opitz Syndrome,0.19047619047619047,475,169
B2_proto_cetrain,pointnet2,proto,scan,1,f1_class::CDKL5,0.0,475,169
B2_proto_cetrain,pointnet2,proto,scan,1,f1_class::CFC,0.125,475,169
B2_proto_cetrain,pointnet2,proto,scan,1,f1_class::CHARGE Syndrome,0.17142857142857143,475,169
B2_proto_cetrain,pointnet2,proto,scan,1,f1_class::CdLS,0.11428571428571428,475,169
B2_proto_cetrain,pointnet2,proto,scan,1,f1_class::Cockayne Syndrome,0.5454545454545454,475,169
B2_proto_cetrain,pointnet2,proto,scan,1,f1_class::Cohen Syndrome,0.5517241379310345,475,169
B2_proto_cetrain,pointnet2,proto,scan,1,f1_class::Costello Syndrome,0.3,475,169
B2_proto_cetrain,pointnet2,proto,scan,1,f1_class::Crouzon Syndrome,0.0,475,169
B2_proto_cetrain,pointnet2,proto,scan,1,f1_class::Down Syndrome,0.5714285714285714,475,169
B2_proto_cetrain,pointnet2,proto,scan,1,f1_class::Ehlers-Danlos Syndrome,0.21428571428571427,475,169
B2_proto_cetrain,pointnet2,proto,scan,1,"f1_class::Facial Dysmorphia, possibly genetic",0.1935483870967742,475,169
B2_proto_cetrain,pointnet2,proto,scan,1,f1_class::Jacobsen Syndrome,0.2857142857142857,475,169
B2_proto_cetrain,pointnet2,proto,scan,1,f1_class::Joubert Syndrome,0.15384615384615385,475,169
B2_proto_cetrain,pointnet2,proto,scan,1,f1_class::Loeys-Dietz Syndrome,0.38461538461538464,475,169
B2_proto_cetrain,pointnet2,proto,scan,1,f1_class::Marfan Syndrome,0.5,475,169
B2_proto_cetrain,pointnet2,proto,scan,1,f1_class::Mucopolysaccharidosis type IIIB (Sanfilippo B),0.18181818181818182,475,169
B2_proto_cetrain,pointnet2,proto,scan,1,f1_class::Noonan Syndrome,0.3076923076923077,475,169
B2_proto_cetrain,pointnet2,proto,scan,1,f1_class::Pallister-Killian Syndrome,0.48484848484848486,475,169
B2_proto_cetrain,pointnet2,proto,scan,1,f1_class::Phelan McDermid Syndrome,0.5,475,169
B2_proto_cetrain,pointnet2,proto,scan,1,f1_class::Pitt Hopkins,0.37037037037037035,475,169
B2_proto_cetrain,pointnet2,proto,scan,1,f1_class::Rett Syndrome,0.15384615384615385,475,169
B2_proto_cetrain,pointnet2,proto,scan,1,f1_class::Rubinstein-Taybi Syndrome,0.11764705882352941,475,169
B2_proto_cetrain,pointnet2,proto,scan,1,f1_class::Smith-Lemli-Opitz,0.11764705882352941,475,169
B2_proto_cetrain,pointnet2,proto,scan,1,f1_class::Tetrasomy 18p,0.42105263157894735,475,169
B2_proto_cetrain,pointnet2,proto,scan,1,f1_class::Trisomy 18,0.3333333333333333,475,169
B2_proto_cetrain,pointnet2,proto,scan,1,f1_class::Turner Syndrome,0.17391304347826086,475,169
B2_proto_cetrain,pointnet2,proto,scan,1,f1_class::Williams Syndrome,0.24,475,169
B2_proto_cetrain,pointnet2,proto,scan,2,accuracy,0.32,475,169
B2_proto_cetrain,pointnet2,proto,scan,2,macro_f1,0.26425800792537546,475,169
B2_proto_cetrain,pointnet2,proto,scan,2,macro_auc,0.8443245932978386,475,169
B2_proto_cetrain,pointnet2,proto,scan,2,f1_class::4p Deletion Wolff-Hirschhorn Syndrome,0.0,475,169
B2_proto_cetrain,pointnet2,proto,scan,2,f1_class::5p-,0.4,475,169
B2_proto_cetrain,pointnet2,proto,scan,2,f1_class::Achondroplasia,0.4444444444444444,475,169
B2_proto_cetrain,pointnet2,proto,scan,2,f1_class::Angelman Syndrome,0.0,475,169
B2_proto_cetrain,pointnet2,proto,scan,2,f1_class::Apert Syndrome,0.0,475,169
B2_proto_cetrain,pointnet2,proto,scan,2,f1_class::Bohring-Opitz Syndrome,0.21052631578947367,475,169
B2_proto_cetrain,pointnet2,proto,scan,2,f1_class::CDKL5,0.0,475,169
B2_proto_cetrain,pointnet2,proto,scan,2,f1_class::CFC,0.35294117647058826,475,169
B2_proto_cetrain,pointnet2,proto,scan,2,f1_class::CHARGE Syndrome,0.13793103448275862,475,169
B2_proto_cetrain,pointnet2,proto,scan,2,f1_class::CdLS,0.17142857142857143,475,169
B2_proto_cetrain,pointnet2,proto,scan,2,f1_class::Cockayne Syndrome,0.5405405405405406,475,169
B2_proto_cetrain,pointnet2,proto,scan,2,f1_class::Cohen Syndrome,0.5,475,169
B2_proto_cetrain,pointnet2,proto,scan,2,f1_class::Costello Syndrome,0.358974358974359,475,169
B2_proto_cetrain,pointnet2,proto,scan,2,f1_class::Crouzon Syndrome,0.0,475,169
B2_proto_cetrain,pointnet2,proto,scan,2,f1_class::Down Syndrome,0.6046511627906976,475,169
B2_proto_cetrain,pointnet2,proto,scan,2,f1_class::Ehlers-Danlos Syndrome,0.21428571428571427,475,169
B2_proto_cetrain,pointnet2,proto,scan,2,"f1_class::Facial Dysmorphia, possibly genetic",0.3125,475,169
B2_proto_cetrain,pointnet2,proto,scan,2,f1_class::Jacobsen Syndrome,0.2727272727272727,475,169
B2_proto_cetrain,pointnet2,proto,scan,2,f1_class::Joubert Syndrome,0.17142857142857143,475,169
B2_proto_cetrain,pointnet2,proto,scan,2,f1_class::Loeys-Dietz Syndrome,0.3076923076923077,475,169
B2_proto_cetrain,pointnet2,proto,scan,2,f1_class::Marfan Syndrome,0.42424242424242425,475,169
B2_proto_cetrain,pointnet2,proto,scan,2,f1_class::Mucopolysaccharidosis type IIIB (Sanfilippo B),0.0,475,169
B2_proto_cetrain,pointnet2,proto,scan,2,f1_class::Noonan Syndrome,0.2857142857142857,475,169
B2_proto_cetrain,pointnet2,proto,scan,2,f1_class::Pallister-Killian Syndrome,0.48484848484848486,475,169
B2_proto_cetrain,pointnet2,proto,scan,2,f1_class::Phelan McDermid Syndrome,0.4878048780487805,475,169
B2_proto_cetrain,pointnet2,proto,scan,2,f1_class::Pitt Hopkins,0.43478260869565216,475,169
B2_proto_cetrain,pointnet2,proto,scan,2,f1_class::Rett Syndrome,0.14814814814814814,475,169
B2_proto_cetrain,pointnet2,proto,scan,2,f1_class::Rubinstein-Taybi Syndrome,0.11764705882352941,475,169
B2_proto_cetrain,pointnet2,proto,scan,2,f1_class::Smith-Lemli-Opitz,0.13333333333333333,475,169
B2_proto_cetrain,pointnet2,proto,scan,2,f1_class::Tetrasomy 18p,0.47058823529411764,475,169
B2_proto_cetrain,pointnet2,proto,scan,2,f1_class::Trisomy 18,0.4,475,169
B2_proto_cetrain,pointnet2,proto,scan,2,f1_class::Turner Syndrome,0.0,475,169
B2_proto_cetrain,pointnet2,proto,scan,2,f1_class::Williams Syndrome,0.3333333333333333,475,169
B2_proto_cetrain,pointnet2,proto,scan,3,accuracy,0.3094736842105263,475,169
B2_proto_cetrain,pointnet2,proto,scan,3,macro_f1,0.25617689994115966,475,169
B2_proto_cetrain,pointnet2,proto,scan,3,macro_auc,0.8471722209802879,475,169
B2_proto_cetrain,pointnet2,proto,scan,3,f1_class::4p Deletion Wolff-Hirschhorn Syndrome,0.0,475,169
B2_proto_cetrain,pointnet2,proto,scan,3,f1_class::5p-,0.375,475,169
B2_proto_cetrain,pointnet2,proto,scan,3,f1_class::Achondroplasia,0.5853658536585366,475,169
B2_proto_cetrain,pointnet2,proto,scan,3,f1_class::Angelman Syndrome,0.0,475,169
B2_proto_cetrain,pointnet2,proto,scan,3,f1_class::Apert Syndrome,0.0,475,169
B2_proto_cetrain,pointnet2,proto,scan,3,f1_class::Bohring-Opitz Syndrome,0.18181818181818182,475,169
B2_proto_cetrain,pointnet2,proto,scan,3,f1_class::CDKL5,0.0,475,169
B2_proto_cetrain,pointnet2,proto,scan,3,f1_class::CFC,0.14285714285714285,475,169
B2_proto_cetrain,pointnet2,proto,scan,3,f1_class::CHARGE Syndrome,0.23529411764705882,475,169
B2_proto_cetrain,pointnet2,proto,scan,3,f1_class::CdLS,0.0,475,169
B2_proto_cetrain,pointnet2,proto,scan,3,f1_class::Cockayne Syndrome,0.5,475,169
B2_proto_cetrain,pointnet2,proto,scan,3,f1_class::Cohen Syndrome,0.5806451612903226,475,169
B2_proto_cetrain,pointnet2,proto,scan,3,f1_class::Costello Syndrome,0.32432432432432434,475,169
B2_proto_cetrain,pointnet2,proto,scan,3,f1_class::Crouzon Syndrome,0.0,475,169
B2_proto_cetrain,pointnet2,proto,scan,3,f1_class::Down Syndrome,0.55,475,169
B2_proto_cetrain,pointnet2,proto,scan,3,f1_class::Ehlers-Danlos Syndrome,0.23076923076923078,475,169
B2_proto_cetrain,pointnet2,proto,scan,3,"f1_class::Facial Dysmorphia, possibly genetic",0.24242424242424243,475,169
B2_proto_cetrain,pointnet2,proto,scan,3,f1_class::Jacobsen Syndrome,0.2978723404255319,475,169
B2_proto_cetrain,pointnet2,proto,scan,3,f1_class::Joubert Syndrome,0.1,475,169
B2_proto_cetrain,pointnet2,proto,scan,3,f1_class::Loeys-Dietz Syndrome,0.41379310344827586,475,169
B2_proto_cetrain,pointnet2,proto,scan,3,f1_class::Marfan Syndrome,0.48484848484848486,475,169
B2_proto_cetrain,pointnet2,proto,scan,3,f1_class::Mucopolysaccharidosis type IIIB (Sanfilippo B),0.18181818181818182,475,169
B2_proto_cetrain,pointnet2,proto,scan,3,f1_class::Noonan Syndrome,0.4090909090909091,475,169
B2_proto_cetrain,pointnet2,proto,scan,3,f1_class::Pallister-Killian Syndrome,0.4117647058823529,475,169
B2_proto_cetrain,pointnet2,proto,scan,3,f1_class::Phelan McDermid Syndrome,0.5,475,169
B2_proto_cetrain,pointnet2,proto,scan,3,f1_class::Pitt Hopkins,0.32,475,169
B2_proto_cetrain,pointnet2,proto,scan,3,f1_class::Rett Syndrome,0.14814814814814814,475,169
B2_proto_cetrain,pointnet2,proto,scan,3,f1_class::Rubinstein-Taybi Syndrome,0.125,475,169
B2_proto_cetrain,pointnet2,proto,scan,3,f1_class::Smith-Lemli-Opitz,0.0,475,169
B2_proto_cetrain,pointnet2,proto,scan,3,f1_class::Tetrasomy 18p,0.32432432432432434,475,169
B2_proto_cetrain,pointnet2,proto,scan,3,f1_class::Trisomy 18,0.4,475,169
B2_proto_cetrain,pointnet2,proto,scan,3,f1_class::Turner Syndrome,0.2,475,169
B2_proto_cetrain,pointnet2,proto,scan,3,f1_class::Williams Syndrome,0.18867924528301888,475,169
B2_proto_cetrain,pointnet2,proto,scan,4,accuracy,0.3178947368421053,475,169
B2_proto_cetrain,pointnet2,proto,scan,4,macro_f1,0.2588980601130166,475,169
B2_proto_cetrain,pointnet2,proto,scan,4,macro_auc,0.8451332551258923,475,169
B2_proto_cetrain,pointnet2,proto,scan,4,f1_class::4p Deletion Wolff-Hirschhorn Syndrome,0.0,475,169
B2_proto_cetrain,pointnet2,proto,scan,4,f1_class::5p-,0.2727272727272727,475,169
B2_proto_cetrain,pointnet2,proto,scan,4,f1_class::Achondroplasia,0.55,475,169
B2_proto_cetrain,pointnet2,proto,scan,4,f1_class::Angelman Syndrome,0.0,475,169
B2_proto_cetrain,pointnet2,proto,scan,4,f1_class::Apert Syndrome,0.0,475,169
B2_proto_cetrain,pointnet2,proto,scan,4,f1_class::Bohring-Opitz Syndrome,0.25,475,169
B2_proto_cetrain,pointnet2,proto,scan,4,f1_class::CDKL5,0.0,475,169
B2_proto_cetrain,pointnet2,proto,scan,4,f1_class::CFC,0.13333333333333333,475,169
B2_proto_cetrain,pointnet2,proto,scan,4,f1_class::CHARGE Syndrome,0.2222222222222222,475,169
B2_proto_cetrain,pointnet2,proto,scan,4,f1_class::CdLS,0.125,475,169
B2_proto_cetrain,pointnet2,proto,scan,4,f1_class::Cockayne Syndrome,0.48484848484848486,475,169
B2_proto_cetrain,pointnet2,proto,scan,4,f1_class::Cohen Syndrome,0.6206896551724138,475,169
B2_proto_cetrain,pointnet2,proto,scan,4,f1_class::Costello Syndrome,0.3,475,169
B2_proto_cetrain,pointnet2,proto,scan,4,f1_class::Crouzon Syndrome,0.0,475,169
B2_proto_cetrain,pointnet2,proto,scan,4,f1_class::Down Syndrome,0.5853658536585366,475,169
B2_proto_cetrain,pointnet2,proto,scan,4,f1_class::Ehlers-Danlos Syndrome,0.25,475,169
B2_proto_cetrain,pointnet2,proto,scan,4,"f1_class::Facial Dysmorphia, possibly genetic",0.24242424242424243,475,169
B2_proto_cetrain,pointnet2,proto,scan,4,f1_class::Jacobsen Syndrome,0.2564102564102564,475,169
B2_proto_cetrain,pointnet2,proto,scan,4,f1_class::Joubert Syndrome,0.18181818181818182,475,169
B2_proto_cetrain,pointnet2,proto,scan,4,f1_class::Loeys-Dietz Syndrome,0.3333333333333333,475,169
B2_proto_cetrain,pointnet2,proto,scan,4,f1_class::Marfan Syndrome,0.48484848484848486,475,169
B2_proto_cetrain,pointnet2,proto,scan,4,f1_class::Mucopolysaccharidosis type IIIB (Sanfilippo B),0.0,475,169
B2_proto_cetrain,pointnet2,proto,scan,4,f1_class::Noonan Syndrome,0.4,475,169
B2_proto_cetrain,pointnet2,proto,scan,4,f1_class::Pallister-Killian Syndrome,0.3888888888888889,475,169
B2_proto_cetrain,pointnet2,proto,scan,4,f1_class::Phelan McDermid Syndrome,0.5185185185185185,475,169
B2_proto_cetrain,pointnet2,proto,scan,4,f1_class::Pitt Hopkins,0.34782608695652173,475,169
B2_proto_cetrain,pointnet2,proto,scan,4,f1_class::Rett Syndrome,0.23076923076923078,475,169
B2_proto_cetrain,pointnet2,proto,scan,4,f1_class::Rubinstein-Taybi Syndrome,0.21052631578947367,475,169
B2_proto_cetrain,pointnet2,proto,scan,4,f1_class::Smith-Lemli-Opitz,0.0,475,169
B2_proto_cetrain,pointnet2,proto,scan,4,f1_class::Tetrasomy 18p,0.43243243243243246,475,169
B2_proto_cetrain,pointnet2,proto,scan,4,f1_class::Trisomy 18,0.4,475,169
B2_proto_cetrain,pointnet2,proto,scan,4,f1_class::Turner Syndrome,0.09523809523809523,475,169
B2_proto_cetrain,pointnet2,proto,scan,4,f1_class::Williams Syndrome,0.22641509433962265,475,169
B2_proto_cetrain,pointnet2,proto,subject,0,accuracy,0.46153846153846156,169,169
B2_proto_cetrain,pointnet2,proto,subject,0,macro_f1,0.3763697225729311,169,169
B2_proto_cetrain,pointnet2,proto,subject,0,macro_auc,0.9038085372996533,169,169
B2_proto_cetrain,pointnet2,proto,subject,0,f1_class::4p Deletion Wolff-Hirschhorn Syndrome,0.0,169,169
B2_proto_cetrain,pointnet2,proto,subject,0,f1_class::5p-,0.4444444444444444,169,169
B2_proto_cetrain,pointnet2,proto,subject,0,f1_class::Achondroplasia,0.64,169,169
B2_proto_cetrain,pointnet2,proto,subject,0,f1_class::Angelman Syndrome,0.4,169,169
B2_proto_cetrain,pointnet2,proto,subject,0,f1_class::Apert Syndrome,0.0,169,169
B2_proto_cetrain,pointnet2,proto,subject,0,f1_class::Bohring-Opitz Syndrome,0.6666666666666666,169,169
B2_proto_cetrain,pointnet2,proto,subject,0,f1_class::CDKL5,0.0,169,169
B2_proto_cetrain,pointnet2,proto,subject,0,f1_class::CFC,0.5,169,169
B2_proto_cetrain,pointnet2,proto,subject,0,f1_class::CHARGE Syndrome,0.16666666666666666,169,169
B2_proto_cetrain,pointnet2,proto,subject,0,f1_class::CdLS,0.23529411764705882,169,169
B2_proto_cetrain,pointnet2,proto,subject,0,f1_class::Cockayne Syndrome,0.8571428571428571,169,169
B2_proto_cetrain,pointnet2,proto,subject,0,f1_class::Cohen Syndrome,0.5714285714285714,169,169
B2_proto_cetrain,pointnet2,proto,subject,0,f1_class::Costello Syndrome,0.6153846153846154,169,169
B2_proto_cetrain,pointnet2,proto,subject,0,f1_class::Crouzon Syndrome,0.0,169,169
B2_proto_cetrain,pointnet2,proto,subject,0,f1_class::Down Syndrome,0.7222222222222222,169,169
B2_proto_cetrain,pointnet2,proto,subject,0,f1_class::Ehlers-Danlos Syndrome,0.36363636363636365,169,169
B2_proto_cetrain,pointnet2,proto,subject,0,"f1_class::Facial Dysmorphia, possibly genetic",0.3333333333333333,169,169
B2_proto_cetrain,pointnet2,proto,subject,0,f1_class::Jacobsen Syndrome,0.4444444444444444,169,169
B2_proto_cetrain,pointnet2,proto,subject,0,f1_class::Joubert Syndrome,0.23529411764705882,169,169
B2_proto_cetrain,pointnet2,proto,subject,0,f1_class::Loeys-Dietz Syndrome,0.5,169,169
B2_proto_cetrain,pointnet2,proto,subject,0,f1_class::Marfan Syndrome,0.5,169,169
B2_proto_cetrain,pointnet2,proto,subject,0,f1_class::Mucopolysaccharidosis type IIIB (Sanfilippo B),0.0,169,169
B2_proto_cetrain,pointnet2,proto,subject,0,f1_class::Noonan Syndrome,0.18181818181818182,169,169
B2_proto_cetrain,pointnet2,proto,subject,0,f1_class::Pallister-Killian Syndrome,0.5,169,169
B2_proto_cetrain,pointnet2,proto,subject,0,f1_class::Phelan McDermid Syndrome,0.9090909090909091,169,169
B2_proto_cetrain,pointnet2,proto,subject,0,f1_class::Pitt Hopkins,0.4,169,169
B2_proto_cetrain,pointnet2,proto,subject,0,f1_class::Rett Syndrome,0.25,169,169
B2_proto_cetrain,pointnet2,proto,subject,0,f1_class::Rubinstein-Taybi Syndrome,0.5,169,169
B2_proto_cetrain,pointnet2,proto,subject,0,f1_class::Smith-Lemli-Opitz,0.3333333333333333,169,169
B2_proto_cetrain,pointnet2,proto,subject,0,f1_class::Tetrasomy 18p,0.5,169,169
B2_proto_cetrain,pointnet2,proto,subject,0,f1_class::Trisomy 18,0.4,169,169
B2_proto_cetrain,pointnet2,proto,subject,0,f1_class::Turner Syndrome,0.0,169,169
B2_proto_cetrain,pointnet2,proto,subject,0,f1_class::Williams Syndrome,0.25,169,169
B2_proto_cetrain,pointnet2,proto,subject,1,accuracy,0.46153846153846156,169,169
B2_proto_cetrain,pointnet2,proto,subject,1,macro_f1,0.3793905765714647,169,169
B2_proto_cetrain,pointnet2,proto,subject,1,macro_auc,0.900851414227959,169,169
B2_proto_cetrain,pointnet2,proto,subject,1,f1_class::4p Deletion Wolff-Hirschhorn Syndrome,0.0,169,169
B2_proto_cetrain,pointnet2,proto,subject,1,f1_class::5p-,0.4,169,169
B2_proto_cetrain,pointnet2,proto,subject,1,f1_class::Achondroplasia,0.6956521739130435,169,169
B2_proto_cetrain,pointnet2,proto,subject,1,f1_class::Angelman Syndrome,0.0,169,169
B2_proto_cetrain,pointnet2,proto,subject,1,f1_class::Apert Syndrome,0.0,169,169
B2_proto_cetrain,pointnet2,proto,subject,1,f1_class::Bohring-Opitz Syndrome,0.6666666666666666,169,169
B2_proto_cetrain,pointnet2,proto,subject,1,f1_class::CDKL5,0.0,169,169
B2_proto_cetrain,pointnet2,proto,subject,1,f1_class::CFC,0.5,169,169
B2_proto_cetrain,pointnet2,proto,subject,1,f1_class::CHARGE Syndrome,0.15384615384615385,169,169
B2_proto_cetrain,pointnet2,proto,subject,1,f1_class::CdLS,0.35294117647058826,169,169
B2_proto_cetrain,pointnet2,proto,subject,1,f1_class::Cockayne Syndrome,0.8571428571428571,169,169
B2_proto_cetrain,pointnet2,proto,subject,1,f1_class::Cohen Syndrome,0.8888888888888888,169,169
B2_proto_cetrain,pointnet2,proto,subject,1,f1_class::Costello Syndrome,0.5333333333333333,169,169
B2_proto_cetrain,pointnet2,proto,subject,1,f1_class::Crouzon Syndrome,0.0,169,169
B2_proto_cetrain,pointnet2,proto,subject,1,f1_class::Down Syndrome,0.6666666666666666,169,169
B2_proto_cetrain,pointnet2,proto,subject,1,f1_class::Ehlers-Danlos Syndrome,0.3333333333333333,169,169
B2_proto_cetrain,pointnet2,proto,subject,1,"f1_class::Facial Dysmorphia, possibly genetic",0.125,169,169
B2_proto_cetrain,pointnet2,proto,subject,1,f1_class::Jacobsen Syndrome,0.5,169,169
B2_proto_cetrain,pointnet2,proto,subject,1,f1_class::Joubert Syndrome,0.23529411764705882,169,169
B2_proto_cetrain,pointnet2,proto,subject,1,f1_class::Loeys-Dietz Syndrome,0.5,169,169
B2_proto_cetrain,pointnet2,proto,subject,1,f1_class::Marfan Syndrome,0.5,169,169
B2_proto_cetrain,pointnet2,proto,subject,1,f1_class::Mucopolysaccharidosis type IIIB (Sanfilippo B),0.0,169,169
B2_proto_cetrain,pointnet2,proto,subject,1,f1_class::Noonan Syndrome,0.3333333333333333,169,169
B2_proto_cetrain,pointnet2,proto,subject,1,f1_class::Pallister-Killian Syndrome,0.7272727272727273,169,169
B2_proto_cetrain,pointnet2,proto,subject,1,f1_class::Phelan McDermid Syndrome,0.8695652173913043,169,169
B2_proto_cetrain,pointnet2,proto,subject,1,f1_class::Pitt Hopkins,0.4,169,169
B2_proto_cetrain,pointnet2,proto,subject,1,f1_class::Rett Syndrome,0.2857142857142857,169,169
B2_proto_cetrain,pointnet2,proto,subject,1,f1_class::Rubinstein-Taybi Syndrome,0.6666666666666666,169,169
B2_proto_cetrain,pointnet2,proto,subject,1,f1_class::Smith-Lemli-Opitz,0.2857142857142857,169,169
B2_proto_cetrain,pointnet2,proto,subject,1,f1_class::Tetrasomy 18p,0.5,169,169
B2_proto_cetrain,pointnet2,proto,subject,1,f1_class::Trisomy 18,0.4,169,169
B2_proto_cetrain,pointnet2,proto,subject,1,f1_class::Turner Syndrome,0.0,169,169
B2_proto_cetrain,pointnet2,proto,subject,1,f1_class::Williams Syndrome,0.14285714285714285,169,169
B2_proto_cetrain,pointnet2,proto,subject,2,accuracy,0.4378698224852071,169,169
B2_proto_cetrain,pointnet2,proto,subject,2,macro_f1,0.34851930468158027,169,169
B2_proto_cetrain,pointnet2,proto,subject,2,macro_auc,0.9012181373470777,169,169
B2_proto_cetrain,pointnet2,proto,subject,2,f1_class::4p Deletion Wolff-Hirschhorn Syndrome,0.0,169,169
B2_proto_cetrain,pointnet2,proto,subject,2,f1_class::5p-,0.4444444444444444,169,169
B2_proto_cetrain,pointnet2,proto,subject,2,f1_class::Achondroplasia,0.5217391304347826,169,169
B2_proto_cetrain,pointnet2,proto,subject,2,f1_class::Angelman Syndrome,0.0,169,169
B2_proto_cetrain,pointnet2,proto,subject,2,f1_class::Apert Syndrome,0.0,169,169
B2_proto_cetrain,pointnet2,proto,subject,2,f1_class::Bohring-Opitz Syndrome,0.6666666666666666,169,169
B2_proto_cetrain,pointnet2,proto,subject,2,f1_class::CDKL5,0.0,169,169
B2_proto_cetrain,pointnet2,proto,subject,2,f1_class::CFC,0.5,169,169
B2_proto_cetrain,pointnet2,proto,subject,2,f1_class::CHARGE Syndrome,0.0,169,169
B2_proto_cetrain,pointnet2,proto,subject,2,f1_class::CdLS,0.35294117647058826,169,169
B2_proto_cetrain,pointnet2,proto,subject,2,f1_class::Cockayne Syndrome,0.75,169,169
B2_proto_cetrain,pointnet2,proto,subject,2,f1_class::Cohen Syndrome,0.75,169,169
B2_proto_cetrain,pointnet2,proto,subject,2,f1_class::Costello Syndrome,0.6153846153846154,169,169
B2_proto_cetrain,pointnet2,proto,subject,2,f1_class::Crouzon Syndrome,0.0,169,169
B2_proto_cetrain,pointnet2,proto,subject,2,f1_class::Down Syndrome,0.7428571428571429,169,169
B2_proto_cetrain,pointnet2,proto,subject,2,f1_class::Ehlers-Danlos Syndrome,0.4,169,169
B2_proto_cetrain,pointnet2,proto,subject,2,"f1_class::Facial Dysmorphia, possibly genetic",0.4,169,169
B2_proto_cetrain,pointnet2,proto,subject,2,f1_class::Jacobsen Syndrome,0.5,169,169
B2_proto_cetrain,pointnet2,proto,subject,2,f1_class::Joubert Syndrome,0.3157894736842105,169,169
B2_proto_cetrain,pointnet2,proto,subject,2,f1_class::Loeys-Dietz Syndrome,0.35294117647058826,169,169
B2_proto_cetrain,pointnet2,proto,subject,2,f1_class::Marfan Syndrome,0.47058823529411764,169,169
B2_proto_cetrain,pointnet2,proto,subject,2,f1_class::Mucopolysaccharidosis type IIIB (Sanfilippo B),0.0,169,169
B2_proto_cetrain,pointnet2,proto,subject,2,f1_class::Noonan Syndrome,0.26666666666666666,169,169
B2_proto_cetrain,pointnet2,proto,subject,2,f1_class::Pallister-Killian Syndrome,0.6666666666666666,169,169
B2_proto_cetrain,pointnet2,proto,subject,2,f1_class::Phelan McDermid Syndrome,0.8181818181818182,169,169
B2_proto_cetrain,pointnet2,proto,subject,2,f1_class::Pitt Hopkins,0.2222222222222222,169,169
B2_proto_cetrain,pointnet2,proto,subject,2,f1_class::Rett Syndrome,0.2857142857142857,169,169
B2_proto_cetrain,pointnet2,proto,subject,2,f1_class::Rubinstein-Taybi Syndrome,0.0,169,169
B2_proto_cetrain,pointnet2,proto,subject,2,f1_class::Smith-Lemli-Opitz,0.3333333333333333,169,169
B2_proto_cetrain,pointnet2,proto,subject,2,f1_class::Tetrasomy 18p,0.5,169,169
B2_proto_cetrain,pointnet2,proto,subject,2,f1_class::Trisomy 18,0.5,169,169
B2_proto_cetrain,pointnet2,proto,subject,2,f1_class::Turner Syndrome,0.0,169,169
B2_proto_cetrain,pointnet2,proto,subject,2,f1_class::Williams Syndrome,0.125,169,169
B2_proto_cetrain,pointnet2,proto,subject,3,accuracy,0.44970414201183434,169,169
B2_proto_cetrain,pointnet2,proto,subject,3,macro_f1,0.3583577121713908,169,169
B2_proto_cetrain,pointnet2,proto,subject,3,macro_auc,0.9059426968679775,169,169
B2_proto_cetrain,pointnet2,proto,subject,3,f1_class::4p Deletion Wolff-Hirschhorn Syndrome,0.0,169,169
B2_proto_cetrain,pointnet2,proto,subject,3,f1_class::5p-,0.5,169,169
B2_proto_cetrain,pointnet2,proto,subject,3,f1_class::Achondroplasia,0.6153846153846154,169,169
B2_proto_cetrain,pointnet2,proto,subject,3,f1_class::Angelman Syndrome,0.3333333333333333,169,169
B2_proto_cetrain,pointnet2,proto,subject,3,f1_class::Apert Syndrome,0.0,169,169
B2_proto_cetrain,pointnet2,proto,subject,3,f1_class::Bohring-Opitz Syndrome,0.6666666666666666,169,169
B2_proto_cetrain,pointnet2,proto,subject,3,f1_class::CDKL5,0.0,169,169
B2_proto_cetrain,pointnet2,proto,subject,3,f1_class::CFC,0.4,169,169
B2_proto_cetrain,pointnet2,proto,subject,3,f1_class::CHARGE Syndrome,0.0,169,169
B2_proto_cetrain,pointnet2,proto,subject,3,f1_class::CdLS,0.21052631578947367,169,169
B2_proto_cetrain,pointnet2,proto,subject,3,f1_class::Cockayne Syndrome,0.8571428571428571,169,169
B2_proto_cetrain,pointnet2,proto,subject,3,f1_class::Cohen Syndrome,0.8888888888888888,169,169
B2_proto_cetrain,pointnet2,proto,subject,3,f1_class::Costello Syndrome,0.5454545454545454,169,169
B2_proto_cetrain,pointnet2,proto,subject,3,f1_class::Crouzon Syndrome,0.0,169,169
B2_proto_cetrain,pointnet2,proto,subject,3,f1_class::Down Syndrome,0.6666666666666666,169,169
B2_proto_cetrain,pointnet2,proto,subject,3,f1_class::Ehlers-Danlos Syndrome,0.4,169,169
B2_proto_cetrain,pointnet2,proto,subject,3,"f1_class::Facial Dysmorphia, possibly genetic",0.35294117647058826,169,169
B2_proto_cetrain,pointnet2,proto,subject,3,f1_class::Jacobsen Syndrome,0.4,169,169
B2_proto_cetrain,pointnet2,proto,subject,3,f1_class::Joubert Syndrome,0.11764705882352941,169,169
B2_proto_cetrain,pointnet2,proto,subject,3,f1_class::Loeys-Dietz Syndrome,0.5882352941176471,169,169
B2_proto_cetrain,pointnet2,proto,subject,3,f1_class::Marfan Syndrome,0.5,169,169
B2_proto_cetrain,pointnet2,proto,subject,3,f1_class::Mucopolysaccharidosis type IIIB (Sanfilippo B),0.0,169,169
B2_proto_cetrain,pointnet2,proto,subject,3,f1_class::Noonan Syndrome,0.2857142857142857,169,169
B2_proto_cetrain,pointnet2,proto,subject,3,f1_class::Pallister-Killian Syndrome,0.6153846153846154,169,169
B2_proto_cetrain,pointnet2,proto,subject,3,f1_class::Phelan McDermid Syndrome,0.8181818181818182,169,169
B2_proto_cetrain,pointnet2,proto,subject,3,f1_class::Pitt Hopkins,0.36363636363636365,169,169
B2_proto_cetrain,pointnet2,proto,subject,3,f1_class::Rett Syndrome,0.0,169,169
B2_proto_cetrain,pointnet2,proto,subject,3,f1_class::Rubinstein-Taybi Syndrome,0.0,169,169
B2_proto_cetrain,pointnet2,proto,subject,3,f1_class::Smith-Lemli-Opitz,0.4,169,169
B2_proto_cetrain,pointnet2,proto,subject,3,f1_class::Tetrasomy 18p,0.5,169,169
B2_proto_cetrain,pointnet2,proto,subject,3,f1_class::Trisomy 18,0.5,169,169
B2_proto_cetrain,pointnet2,proto,subject,3,f1_class::Turner Syndrome,0.0,169,169
B2_proto_cetrain,pointnet2,proto,subject,3,f1_class::Williams Syndrome,0.3,169,169
B2_proto_cetrain,pointnet2,proto,subject,4,accuracy,0.44970414201183434,169,169
B2_proto_cetrain,pointnet2,proto,subject,4,macro_f1,0.36817645159401663,169,169
B2_proto_cetrain,pointnet2,proto,subject,4,macro_auc,0.9014246171687039,169,169
B2_proto_cetrain,pointnet2,proto,subject,4,f1_class::4p Deletion Wolff-Hirschhorn Syndrome,0.0,169,169
B2_proto_cetrain,pointnet2,proto,subject,4,f1_class::5p-,0.4444444444444444,169,169
B2_proto_cetrain,pointnet2,proto,subject,4,f1_class::Achondroplasia,0.6363636363636364,169,169
B2_proto_cetrain,pointnet2,proto,subject,4,f1_class::Angelman Syndrome,0.4,169,169
B2_proto_cetrain,pointnet2,proto,subject,4,f1_class::Apert Syndrome,0.0,169,169
B2_proto_cetrain,pointnet2,proto,subject,4,f1_class::Bohring-Opitz Syndrome,0.6666666666666666,169,169
B2_proto_cetrain,pointnet2,proto,subject,4,f1_class::CDKL5,0.0,169,169
B2_proto_cetrain,pointnet2,proto,subject,4,f1_class::CFC,0.5,169,169
B2_proto_cetrain,pointnet2,proto,subject,4,f1_class::CHARGE Syndrome,0.0,169,169
B2_proto_cetrain,pointnet2,proto,subject,4,f1_class::CdLS,0.23529411764705882,169,169
B2_proto_cetrain,pointnet2,proto,subject,4,f1_class::Cockayne Syndrome,0.8571428571428571,169,169
B2_proto_cetrain,pointnet2,proto,subject,4,f1_class::Cohen Syndrome,0.75,169,169
B2_proto_cetrain,pointnet2,proto,subject,4,f1_class::Costello Syndrome,0.5454545454545454,169,169
B2_proto_cetrain,pointnet2,proto,subject,4,f1_class::Crouzon Syndrome,0.0,169,169
B2_proto_cetrain,pointnet2,proto,subject,4,f1_class::Down Syndrome,0.7272727272727273,169,169
B2_proto_cetrain,pointnet2,proto,subject,4,f1_class::Ehlers-Danlos Syndrome,0.4,169,169
B2_proto_cetrain,pointnet2,proto,subject,4,"f1_class::Facial Dysmorphia, possibly genetic",0.2222222222222222,169,169
B2_proto_cetrain,pointnet2,proto,subject,4,f1_class::Jacobsen Syndrome,0.5,169,169
B2_proto_cetrain,pointnet2,proto,subject,4,f1_class::Joubert Syndrome,0.3157894736842105,169,169
B2_proto_cetrain,pointnet2,proto,subject,4,f1_class::Loeys-Dietz Syndrome,0.5714285714285714,169,169
B2_proto_cetrain,pointnet2,proto,subject,4,f1_class::Marfan Syndrome,0.47058823529411764,169,169
B2_proto_cetrain,pointnet2,proto,subject,4,f1_class::Mucopolysaccharidosis type IIIB (Sanfilippo B),0.0,169,169
B2_proto_cetrain,pointnet2,proto,subject,4,f1_class::Noonan Syndrome,0.2857142857142857,169,169
B2_proto_cetrain,pointnet2,proto,subject,4,f1_class::Pallister-Killian Syndrome,0.7272727272727273,169,169
B2_proto_cetrain,pointnet2,proto,subject,4,f1_class::Phelan McDermid Syndrome,0.8695652173913043,169,169
B2_proto_cetrain,pointnet2,proto,subject,4,f1_class::Pitt Hopkins,0.2222222222222222,169,169
B2_proto_cetrain,pointnet2,proto,subject,4,f1_class::Rett Syndrome,0.25,169,169
B2_proto_cetrain,pointnet2,proto,subject,4,f1_class::Rubinstein-Taybi Syndrome,0.0,169,169
B2_proto_cetrain,pointnet2,proto,subject,4,f1_class::Smith-Lemli-Opitz,0.2857142857142857,169,169
B2_proto_cetrain,pointnet2,proto,subject,4,f1_class::Tetrasomy 18p,0.4,169,169
B2_proto_cetrain,pointnet2,proto,subject,4,f1_class::Trisomy 18,0.6666666666666666,169,169
B2_proto_cetrain,pointnet2,proto,subject,4,f1_class::Turner Syndrome,0.0,169,169
B2_proto_cetrain,pointnet2,proto,subject,4,f1_class::Williams Syndrome,0.2,169,169
B2_proto_cetrain,pointnet2,knn11,scan,0,accuracy,0.28421052631578947,475,169
B2_proto_cetrain,pointnet2,knn11,scan,0,macro_f1,0.2189003399044885,475,169
B2_proto_cetrain,pointnet2,knn11,scan,0,macro_auc,0.7772029713129801,475,169
B2_proto_cetrain,pointnet2,knn11,scan,0,f1_class::4p Deletion Wolff-Hirschhorn Syndrome,0.25,475,169
B2_proto_cetrain,pointnet2,knn11,scan,0,f1_class::5p-,0.24,475,169
B2_proto_cetrain,pointnet2,knn11,scan,0,f1_class::Achondroplasia,0.25806451612903225,475,169
B2_proto_cetrain,pointnet2,knn11,scan,0,f1_class::Angelman Syndrome,0.0,475,169
B2_proto_cetrain,pointnet2,knn11,scan,0,f1_class::Apert Syndrome,0.0,475,169
B2_proto_cetrain,pointnet2,knn11,scan,0,f1_class::Bohring-Opitz Syndrome,0.4,475,169
B2_proto_cetrain,pointnet2,knn11,scan,0,f1_class::CDKL5,0.0,475,169
B2_proto_cetrain,pointnet2,knn11,scan,0,f1_class::CFC,0.09523809523809523,475,169
B2_proto_cetrain,pointnet2,knn11,scan,0,f1_class::CHARGE Syndrome,0.0,475,169
B2_proto_cetrain,pointnet2,knn11,scan,0,f1_class::CdLS,0.17391304347826086,475,169
B2_proto_cetrain,pointnet2,knn11,scan,0,f1_class::Cockayne Syndrome,0.47619047619047616,475,169
B2_proto_cetrain,pointnet2,knn11,scan,0,f1_class::Cohen Syndrome,0.2962962962962963,475,169
B2_proto_cetrain,pointnet2,knn11,scan,0,f1_class::Costello Syndrome,0.2641509433962264,475,169
B2_proto_cetrain,pointnet2,knn11,scan,0,f1_class::Crouzon Syndrome,0.0,475,169
B2_proto_cetrain,pointnet2,knn11,scan,0,f1_class::Down Syndrome,0.6470588235294118,475,169
B2_proto_cetrain,pointnet2,knn11,scan,0,f1_class::Ehlers-Danlos Syndrome,0.34782608695652173,475,169
B2_proto_cetrain,pointnet2,knn11,scan,0,"f1_class::Facial Dysmorphia, possibly genetic",0.09523809523809523,475,169
B2_proto_cetrain,pointnet2,knn11,scan,0,f1_class::Jacobsen Syndrome,0.3333333333333333,475,169
B2_proto_cetrain,pointnet2,knn11,scan,0,f1_class::Joubert Syndrome,0.13793103448275862,475,169
B2_proto_cetrain,pointnet2,knn11,scan,0,f1_class::Loeys-Dietz Syndrome,0.2,475,169
B2_proto_cetrain,pointnet2,knn11,scan,0,f1_class::Marfan Syndrome,0.25806451612903225,475,169
B2_proto_cetrain,pointnet2,knn11,scan,0,f1_class::Mucopolysaccharidosis type IIIB (Sanfilippo B),0.0,475,169
B2_proto_cetrain,pointnet2,knn11,scan,0,f1_class::Noonan Syndrome,0.24,475,169
B2_proto_cetrain,pointnet2,knn11,scan,0,f1_class::Pallister-Killian Syndrome,0.29411764705882354,475,169
B2_proto_cetrain,pointnet2,knn11,scan,0,f1_class::Phelan McDermid Syndrome,0.5614035087719298,475,169
B2_proto_cetrain,pointnet2,knn11,scan,0,f1_class::Pitt Hopkins,0.38095238095238093,475,169
B2_proto_cetrain,pointnet2,knn11,scan,0,f1_class::Rett Syndrome,0.10526315789473684,475,169
B2_proto_cetrain,pointnet2,knn11,scan,0,f1_class::Rubinstein-Taybi Syndrome,0.0,475,169
B2_proto_cetrain,pointnet2,knn11,scan,0,f1_class::Smith-Lemli-Opitz,0.2,475,169
B2_proto_cetrain,pointnet2,knn11,scan,0,f1_class::Tetrasomy 18p,0.35714285714285715,475,169
B2_proto_cetrain,pointnet2,knn11,scan,0,f1_class::Trisomy 18,0.18181818181818182,475,169
B2_proto_cetrain,pointnet2,knn11,scan,0,f1_class::Turner Syndrome,0.15384615384615385,475,169
B2_proto_cetrain,pointnet2,knn11,scan,0,f1_class::Williams Syndrome,0.27586206896551724,475,169
B2_proto_cetrain,pointnet2,knn11,scan,1,accuracy,0.2673684210526316,475,169
B2_proto_cetrain,pointnet2,knn11,scan,1,macro_f1,0.1985252749174228,475,169
B2_proto_cetrain,pointnet2,knn11,scan,1,macro_auc,0.7793268205995407,475,169
B2_proto_cetrain,pointnet2,knn11,scan,1,f1_class::4p Deletion Wolff-Hirschhorn Syndrome,0.16666666666666666,475,169
B2_proto_cetrain,pointnet2,knn11,scan,1,f1_class::5p-,0.3157894736842105,475,169
B2_proto_cetrain,pointnet2,knn11,scan,1,f1_class::Achondroplasia,0.3225806451612903,475,169
B2_proto_cetrain,pointnet2,knn11,scan,1,f1_class::Angelman Syndrome,0.0,475,169
B2_proto_cetrain,pointnet2,knn11,scan,1,f1_class::Apert Syndrome,0.0,475,169
B2_proto_cetrain,pointnet2,knn11,scan,1,f1_class::Bohring-Opitz Syndrome,0.25,475,169
B2_proto_cetrain,pointnet2,knn11,scan,1,f1_class::CDKL5,0.0,475,169
B2_proto_cetrain,pointnet2,knn11,scan,1,f1_class::CFC,0.0,475,169
B2_proto_cetrain,pointnet2,knn11,scan,1,f1_class::CHARGE Syndrome,0.125,475,169
B2_proto_cetrain,pointnet2,knn11,scan,1,f1_class::CdLS,0.09090909090909091,475,169
B2_proto_cetrain,pointnet2,knn11,scan,1,f1_class::Cockayne Syndrome,0.47058823529411764,475,169
B2_proto_cetrain,pointnet2,knn11,scan,1,f1_class::Cohen Syndrome,0.3448275862068966,475,169
B2_proto_cetrain,pointnet2,knn11,scan,1,f1_class::Costello Syndrome,0.25396825396825395,475,169
B2_proto_cetrain,pointnet2,knn11,scan,1,f1_class::Crouzon Syndrome,0.0,475,169
B2_proto_cetrain,pointnet2,knn11,scan,1,f1_class::Down Syndrome,0.625,475,169
B2_proto_cetrain,pointnet2,knn11,scan,1,f1_class::Ehlers-Danlos Syndrome,0.3111111111111111,475,169
B2_proto_cetrain,pointnet2,knn11,scan,1,"f1_class::Facial Dysmorphia, possibly genetic",0.05263157894736842,475,169
B2_proto_cetrain,pointnet2,knn11,scan,1,f1_class::Jacobsen Syndrome,0.25,475,169
B2_proto_cetrain,pointnet2,knn11,scan,1,f1_class::Joubert Syndrome,0.07142857142857142,475,169
B2_proto_cetrain,pointnet2,knn11,scan,1,f1_class::Loeys-Dietz Syndrome,0.1,475,169
B2_proto_cetrain,pointnet2,knn11,scan,1,f1_class::Marfan Syndrome,0.25,475,169
B2_proto_cetrain,pointnet2,knn11,scan,1,f1_class::Mucopolysaccharidosis type IIIB (Sanfilippo B),0.0,475,169
B2_proto_cetrain,pointnet2,knn11,scan,1,f1_class::Noonan Syndrome,0.23076923076923078,475,169
B2_proto_cetrain,pointnet2,knn11,scan,1,f1_class::Pallister-Killian Syndrome,0.36363636363636365,475,169
B2_proto_cetrain,pointnet2,knn11,scan,1,f1_class::Phelan McDermid Syndrome,0.55,475,169
B2_proto_cetrain,pointnet2,knn11,scan,1,f1_class::Pitt Hopkins,0.4,475,169
B2_proto_cetrain,pointnet2,knn11,scan,1,f1_class::Rett Syndrome,0.19047619047619047,475,169
B2_proto_cetrain,pointnet2,knn11,scan,1,f1_class::Rubinstein-Taybi Syndrome,0.0,475,169
B2_proto_cetrain,pointnet2,knn11,scan,1,f1_class::Smith-Lemli-Opitz,0.0,475,169
B2_proto_cetrain,pointnet2,knn11,scan,1,f1_class::Tetrasomy 18p,0.25806451612903225,475,169
B2_proto_cetrain,pointnet2,knn11,scan,1,f1_class::Trisomy 18,0.18181818181818182,475,169
B2_proto_cetrain,pointnet2,knn11,scan,1,f1_class::Turner Syndrome,0.15384615384615385,475,169
B2_proto_cetrain,pointnet2,knn11,scan,1,f1_class::Williams Syndrome,0.2222222222222222,475,169
B2_proto_cetrain,pointnet2,knn11,scan,2,accuracy,0.28842105263157897,475,169
B2_proto_cetrain,pointnet2,knn11,scan,2,macro_f1,0.22330682526818235,475,169
B2_proto_cetrain,pointnet2,knn11,scan,2,macro_auc,0.7790204195705909,475,169
B2_proto_cetrain,pointnet2,knn11,scan,2,f1_class::4p Deletion Wolff-Hirschhorn Syndrome,0.16666666666666666,475,169
B2_proto_cetrain,pointnet2,knn11,scan,2,f1_class::5p-,0.19047619047619047,475,169
B2_proto_cetrain,pointnet2,knn11,scan,2,f1_class::Achondroplasia,0.30303030303030304,475,169
B2_proto_cetrain,pointnet2,knn11,scan,2,f1_class::Angelman Syndrome,0.06666666666666667,475,169
B2_proto_cetrain,pointnet2,knn11,scan,2,f1_class::Apert Syndrome,0.3333333333333333,475,169
B2_proto_cetrain,pointnet2,knn11,scan,2,f1_class::Bohring-Opitz Syndrome,0.375,475,169
B2_proto_cetrain,pointnet2,knn11,scan,2,f1_class::CDKL5,0.0,475,169
B2_proto_cetrain,pointnet2,knn11,scan,2,f1_class::CFC,0.0,475,169
B2_proto_cetrain,pointnet2,knn11,scan,2,f1_class::CHARGE Syndrome,0.125,475,169
B2_proto_cetrain,pointnet2,knn11,scan,2,f1_class::CdLS,0.13953488372093023,475,169
B2_proto_cetrain,pointnet2,knn11,scan,2,f1_class::Cockayne Syndrome,0.46153846153846156,475,169
B2_proto_cetrain,pointnet2,knn11,scan,2,f1_class::Cohen Syndrome,0.4,475,169
B2_proto_cetrain,pointnet2,knn11,scan,2,f1_class::Costello Syndrome,0.2413793103448276,475,169
B2_proto_cetrain,pointnet2,knn11,scan,2,f1_class::Crouzon Syndrome,0.0,475,169
B2_proto_cetrain,pointnet2,knn11,scan,2,f1_class::Down Syndrome,0.6470588235294118,475,169
B2_proto_cetrain,pointnet2,knn11,scan,2,f1_class::Ehlers-Danlos Syndrome,0.38095238095238093,475,169
B2_proto_cetrain,pointnet2,knn11,scan,2,"f1_class::Facial Dysmorphia, possibly genetic",0.1702127659574468,475,169
B2_proto_cetrain,pointnet2,knn11,scan,2,f1_class::Jacobsen Syndrome,0.38461538461538464,475,169
B2_proto_cetrain,pointnet2,knn11,scan,2,f1_class::Joubert Syndrome,0.07407407407407407,475,169
B2_proto_cetrain,pointnet2,knn11,scan,2,f1_class::Loeys-Dietz Syndrome,0.17391304347826086,475,169
B2_proto_cetrain,pointnet2,knn11,scan,2,f1_class::Marfan Syndrome,0.0625,475,169
B2_proto_cetrain,pointnet2,knn11,scan,2,f1_class::Mucopolysaccharidosis type IIIB (Sanfilippo B),0.0,475,169
B2_proto_cetrain,pointnet2,knn11,scan,2,f1_class::Noonan Syndrome,0.32653061224489793,475,169
B2_proto_cetrain,pointnet2,knn11,scan,2,f1_class::Pallister-Killian Syndrome,0.25806451612903225,475,169
B2_proto_cetrain,pointnet2,knn11,scan,2,f1_class::Phelan McDermid Syndrome,0.5833333333333334,475,169
B2_proto_cetrain,pointnet2,knn11,scan,2,f1_class::Pitt Hopkins,0.5882352941176471,475,169
B2_proto_cetrain,pointnet2,knn11,scan,2,f1_class::Rett Syndrome,0.10526315789473684,475,169
B2_proto_cetrain,pointnet2,knn11,scan,2,f1_class::Rubinstein-Taybi Syndrome,0.0,475,169
B2_proto_cetrain,pointnet2,knn11,scan,2,f1_class::Smith-Lemli-Opitz,0.0,475,169
B2_proto_cetrain,pointnet2,knn11,scan,2,f1_class::Tetrasomy 18p,0.2222222222222222,475,169
B2_proto_cetrain,pointnet2,knn11,scan,2,f1_class::Trisomy 18,0.16666666666666666,475,169
B2_proto_cetrain,pointnet2,knn11,scan,2,f1_class::Turner Syndrome,0.14285714285714285,475,169
B2_proto_cetrain,pointnet2,knn11,scan,2,f1_class::Williams Syndrome,0.28,475,169
B2_proto_cetrain,pointnet2,knn11,scan,3,accuracy,0.28,475,169
B2_proto_cetrain,pointnet2,knn11,scan,3,macro_f1,0.21013979081239048,475,169
B2_proto_cetrain,pointnet2,knn11,scan,3,macro_auc,0.7799165855262599,475,169
B2_proto_cetrain,pointnet2,knn11,scan,3,f1_class::4p Deletion Wolff-Hirschhorn Syndrome,0.18181818181818182,475,169
B2_proto_cetrain,pointnet2,knn11,scan,3,f1_class::5p-,0.2857142857142857,475,169
B2_proto_cetrain,pointnet2,knn11,scan,3,f1_class::Achondroplasia,0.2962962962962963,475,169
B2_proto_cetrain,pointnet2,knn11,scan,3,f1_class::Angelman Syndrome,0.0,475,169
B2_proto_cetrain,pointnet2,knn11,scan,3,f1_class::Apert Syndrome,0.0,475,169
B2_proto_cetrain,pointnet2,knn11,scan,3,f1_class::Bohring-Opitz Syndrome,0.3333333333333333,475,169
B2_proto_cetrain,pointnet2,knn11,scan,3,f1_class::CDKL5,0.0,475,169
B2_proto_cetrain,pointnet2,knn11,scan,3,f1_class::CFC,0.0,475,169
B2_proto_cetrain,pointnet2,knn11,scan,3,f1_class::CHARGE Syndrome,0.125,475,169
B2_proto_cetrain,pointnet2,knn11,scan,3,f1_class::CdLS,0.24,475,169
B2_proto_cetrain,pointnet2,knn11,scan,3,f1_class::Cockayne Syndrome,0.32432432432432434,475,169
B2_proto_cetrain,pointnet2,knn11,scan,3,f1_class::Cohen Syndrome,0.42857142857142855,475,169
B2_proto_cetrain,pointnet2,knn11,scan,3,f1_class::Costello Syndrome,0.22950819672131148,475,169
B2_proto_cetrain,pointnet2,knn11,scan,3,f1_class::Crouzon Syndrome,0.0,475,169
B2_proto_cetrain,pointnet2,knn11,scan,3,f1_class::Down Syndrome,0.5555555555555556,475,169
B2_proto_cetrain,pointnet2,knn11,scan,3,f1_class::Ehlers-Danlos Syndrome,0.3111111111111111,475,169
B2_proto_cetrain,pointnet2,knn11,scan,3,"f1_class::Facial Dysmorphia, possibly genetic",0.09523809523809523,475,169
B2_proto_cetrain,pointnet2,knn11,scan,3,f1_class::Jacobsen Syndrome,0.2,475,169
B2_proto_cetrain,pointnet2,knn11,scan,3,f1_class::Joubert Syndrome,0.06060606060606061,475,169
B2_proto_cetrain,pointnet2,knn11,scan,3,f1_class::Loeys-Dietz Syndrome,0.125,475,169
B2_proto_cetrain,pointnet2,knn11,scan,3,f1_class::Marfan Syndrome,0.25806451612903225,475,169
B2_proto_cetrain,pointnet2,knn11,scan,3,f1_class::Mucopolysaccharidosis type IIIB (Sanfilippo B),0.0,475,169
B2_proto_cetrain,pointnet2,knn11,scan,3,f1_class::Noonan Syndrome,0.2916666666666667,475,169
B2_proto_cetrain,pointnet2,knn11,scan,3,f1_class::Pallister-Killian Syndrome,0.2222222222222222,475,169
B2_proto_cetrain,pointnet2,knn11,scan,3,f1_class::Phelan McDermid Syndrome,0.5739130434782609,475,169
B2_proto_cetrain,pointnet2,knn11,scan,3,f1_class::Pitt Hopkins,0.5,475,169
B2_proto_cetrain,pointnet2,knn11,scan,3,f1_class::Rett Syndrome,0.23529411764705882,475,169
B2_proto_cetrain,pointnet2,knn11,scan,3,f1_class::Rubinstein-Taybi Syndrome,0.0,475,169
B2_proto_cetrain,pointnet2,knn11,scan,3,f1_class::Smith-Lemli-Opitz,0.0,475,169
B2_proto_cetrain,pointnet2,knn11,scan,3,f1_class::Tetrasomy 18p,0.14814814814814814,475,169
B2_proto_cetrain,pointnet2,knn11,scan,3,f1_class::Trisomy 18,0.14285714285714285,475,169
B2_proto_cetrain,pointnet2,knn11,scan,3,f1_class::Turner Syndrome,0.4,475,169
B2_proto_cetrain,pointnet2,knn11,scan,3,f1_class::Williams Syndrome,0.37037037037037035,475,169
B2_proto_cetrain,pointnet2,knn11,scan,4,accuracy,0.27578947368421053,475,169
B2_proto_cetrain,pointnet2,knn11,scan,4,macro_f1,0.1993517406064685,475,169
B2_proto_cetrain,pointnet2,knn11,scan,4,macro_auc,0.781586779845418,475,169
B2_proto_cetrain,pointnet2,knn11,scan,4,f1_class::4p Deletion Wolff-Hirschhorn Syndrome,0.2222222222222222,475,169
B2_proto_cetrain,pointnet2,knn11,scan,4,f1_class::5p-,0.23529411764705882,475,169
B2_proto_cetrain,pointnet2,knn11,scan,4,f1_class::Achondroplasia,0.29411764705882354,475,169
B2_proto_cetrain,pointnet2,knn11,scan,4,f1_class::Angelman Syndrome,0.0,475,169
B2_proto_cetrain,pointnet2,knn11,scan,4,f1_class::Apert Syndrome,0.0,475,169
B2_proto_cetrain,pointnet2,knn11,scan,4,f1_class::Bohring-Opitz Syndrome,0.26666666666666666,475,169
B2_proto_cetrain,pointnet2,knn11,scan,4,f1_class::CDKL5,0.0,475,169
B2_proto_cetrain,pointnet2,knn11,scan,4,f1_class::CFC,0.08695652173913043,475,169
B2_proto_cetrain,pointnet2,knn11,scan,4,f1_class::CHARGE Syndrome,0.0,475,169
B2_proto_cetrain,pointnet2,knn11,scan,4,f1_class::CdLS,0.14285714285714285,475,169
B2_proto_cetrain,pointnet2,knn11,scan,4,f1_class::Cockayne Syndrome,0.43902439024390244,475,169
B2_proto_cetrain,pointnet2,knn11,scan,4,f1_class::Cohen Syndrome,0.36363636363636365,475,169
B2_proto_cetrain,pointnet2,knn11,scan,4,f1_class::Costello Syndrome,0.24561403508771928,475,169
B2_proto_cetrain,pointnet2,knn11,scan,4,f1_class::Crouzon Syndrome,0.0,475,169
B2_proto_cetrain,pointnet2,knn11,scan,4,f1_class::Down Syndrome,0.5625,475,169
B2_proto_cetrain,pointnet2,knn11,scan,4,f1_class::Ehlers-Danlos Syndrome,0.3902439024390244,475,169
B2_proto_cetrain,pointnet2,knn11,scan,4,"f1_class::Facial Dysmorphia, possibly genetic",0.10526315789473684,475,169
B2_proto_cetrain,pointnet2,knn11,scan,4,f1_class::Jacobsen Syndrome,0.26666666666666666,475,169
B2_proto_cetrain,pointnet2,knn11,scan,4,f1_class::Joubert Syndrome,0.125,475,169
B2_proto_cetrain,pointnet2,knn11,scan,4,f1_class::Loeys-Dietz Syndrome,0.2222222222222222,475,169
B2_proto_cetrain,pointnet2,knn11,scan,4,f1_class::Marfan Syndrome,0.16666666666666666,475,169
B2_proto_cetrain,pointnet2,knn11,scan,4,f1_class::Mucopolysaccharidosis type IIIB (Sanfilippo B),0.0,475,169
B2_proto_cetrain,pointnet2,knn11,scan,4,f1_class::Noonan Syndrome,0.2857142857142857,475,169
B2_proto_cetrain,pointnet2,knn11,scan,4,f1_class::Pallister-Killian Syndrome,0.2857142857142857,475,169
B2_proto_cetrain,pointnet2,knn11,scan,4,f1_class::Phelan McDermid Syndrome,0.591304347826087,475,169
B2_proto_cetrain,pointnet2,knn11,scan,4,f1_class::Pitt Hopkins,0.4166666666666667,475,169
B2_proto_cetrain,pointnet2,knn11,scan,4,f1_class::Rett Syndrome,0.0,475,169
B2_proto_cetrain,pointnet2,knn11,scan,4,f1_class::Rubinstein-Taybi Syndrome,0.0,475,169
B2_proto_cetrain,pointnet2,knn11,scan,4,f1_class::Smith-Lemli-Opitz,0.0,475,169
B2_proto_cetrain,pointnet2,knn11,scan,4,f1_class::Tetrasomy 18p,0.27586206896551724,475,169
B2_proto_cetrain,pointnet2,knn11,scan,4,f1_class::Trisomy 18,0.15384615384615385,475,169
B2_proto_cetrain,pointnet2,knn11,scan,4,f1_class::Turner Syndrome,0.15384615384615385,475,169
B2_proto_cetrain,pointnet2,knn11,scan,4,f1_class::Williams Syndrome,0.2807017543859649,475,169
B2_proto_cetrain,pointnet2,knn11,subject,0,accuracy,0.31952662721893493,169,169
B2_proto_cetrain,pointnet2,knn11,subject,0,macro_f1,0.2228508480638893,169,169
B2_proto_cetrain,pointnet2,knn11,subject,0,macro_auc,0.8293956353329305,169,169
B2_proto_cetrain,pointnet2,knn11,subject,0,f1_class::4p Deletion Wolff-Hirschhorn Syndrome,0.2857142857142857,169,169
B2_proto_cetrain,pointnet2,knn11,subject,0,f1_class::5p-,0.6666666666666666,169,169
B2_proto_cetrain,pointnet2,knn11,subject,0,f1_class::Achondroplasia,0.3333333333333333,169,169
B2_proto_cetrain,pointnet2,knn11,subject,0,f1_class::Angelman Syndrome,0.0,169,169
B2_proto_cetrain,pointnet2,knn11,subject,0,f1_class::Apert Syndrome,0.0,169,169
B2_proto_cetrain,pointnet2,knn11,subject,0,f1_class::Bohring-Opitz Syndrome,0.6666666666666666,169,169
B2_proto_cetrain,pointnet2,knn11,subject,0,f1_class::CDKL5,0.0,169,169
B2_proto_cetrain,pointnet2,knn11,subject,0,f1_class::CFC,0.0,169,169
B2_proto_cetrain,pointnet2,knn11,subject,0,f1_class::CHARGE Syndrome,0.0,169,169
B2_proto_cetrain,pointnet2,knn11,subject,0,f1_class::CdLS,0.23529411764705882,169,169
B2_proto_cetrain,pointnet2,knn11,subject,0,f1_class::Cockayne Syndrome,0.36363636363636365,169,169
B2_proto_cetrain,pointnet2,knn11,subject,0,f1_class::Cohen Syndrome,0.0,169,169
B2_proto_cetrain,pointnet2,knn11,subject,0,f1_class::Costello Syndrome,0.4,169,169
B2_proto_cetrain,pointnet2,knn11,subject,0,f1_class::Crouzon Syndrome,0.0,169,169
B2_proto_cetrain,pointnet2,knn11,subject,0,f1_class::Down Syndrome,0.7096774193548387,169,169
B2_proto_cetrain,pointnet2,knn11,subject,0,f1_class::Ehlers-Danlos Syndrome,0.5,169,169
B2_proto_cetrain,pointnet2,knn11,subject,0,"f1_class::Facial Dysmorphia, possibly genetic",0.1111111111111111,169,169
B2_proto_cetrain,pointnet2,knn11,subject,0,f1_class::Jacobsen Syndrome,0.3333333333333333,169,169
B2_proto_cetrain,pointnet2,knn11,subject,0,f1_class::Joubert Syndrome,0.0,169,169
B2_proto_cetrain,pointnet2,knn11,subject,0,f1_class::Loeys-Dietz Syndrome,0.2,169,169
B2_proto_cetrain,pointnet2,knn11,subject,0,f1_class::Marfan Syndrome,0.25,169,169
B2_proto_cetrain,pointnet2,knn11,subject,0,f1_class::Mucopolysaccharidosis type IIIB (Sanfilippo B),0.0,169,169
B2_proto_cetrain,pointnet2,knn11,subject,0,f1_class::Noonan Syndrome,0.4,169,169
B2_proto_cetrain,pointnet2,knn11,subject,0,f1_class::Pallister-Killian Syndrome,0.3076923076923077,169,169
B2_proto_cetrain,pointnet2,knn11,subject,0,f1_class::Phelan McDermid Syndrome,0.56,169,169
B2_proto_cetrain,pointnet2,knn11,subject,0,f1_class::Pitt Hopkins,0.25,169,169
B2_proto_cetrain,pointnet2,knn11,subject,0,f1_class::Rett Syndrome,0.0,169,169
B2_proto_cetrain,pointnet2,knn11,subject,0,f1_class::Rubinstein-Taybi Syndrome,0.0,169,169
B2_proto_cetrain,pointnet2,knn11,subject,0,f1_class::Smith-Lemli-Opitz,0.0,169,169
B2_proto_cetrain,pointnet2,knn11,subject,0,f1_class::Tetrasomy 18p,0.4,169,169
B2_proto_cetrain,pointnet2,knn11,subject,0,f1_class::Trisomy 18,0.0,169,169
B2_proto_cetrain,pointnet2,knn11,subject,0,f1_class::Turner Syndrome,0.0,169,169
B2_proto_cetrain,pointnet2,knn11,subject,0,f1_class::Williams Syndrome,0.38095238095238093,169,169
B2_proto_cetrain,pointnet2,knn11,subject,1,accuracy,0.33136094674556216,169,169
B2_proto_cetrain,pointnet2,knn11,subject,1,macro_f1,0.24651723661058003,169,169
B2_proto_cetrain,pointnet2,knn11,subject,1,macro_auc,0.831894657417668,169,169
B2_proto_cetrain,pointnet2,knn11,subject,1,f1_class::4p Deletion Wolff-Hirschhorn Syndrome,0.2857142857142857,169,169
B2_proto_cetrain,pointnet2,knn11,subject,1,f1_class::5p-,0.4,169,169
B2_proto_cetrain,pointnet2,knn11,subject,1,f1_class::Achondroplasia,0.43478260869565216,169,169
B2_proto_cetrain,pointnet2,knn11,subject,1,f1_class::Angelman Syndrome,0.0,169,169
B2_proto_cetrain,pointnet2,knn11,subject,1,f1_class::Apert Syndrome,0.0,169,169
B2_proto_cetrain,pointnet2,knn11,subject,1,f1_class::Bohring-Opitz Syndrome,0.6666666666666666,169,169
B2_proto_cetrain,pointnet2,knn11,subject,1,f1_class::CDKL5,0.0,169,169
B2_proto_cetrain,pointnet2,knn11,subject,1,f1_class::CFC,0.3333333333333333,169,169
B2_proto_cetrain,pointnet2,knn11,subject,1,f1_class::CHARGE Syndrome,0.16666666666666666,169,169
B2_proto_cetrain,pointnet2,knn11,subject,1,f1_class::CdLS,0.0,169,169
B2_proto_cetrain,pointnet2,knn11,subject,1,f1_class::Cockayne Syndrome,0.4444444444444444,169,169
B2_proto_cetrain,pointnet2,knn11,subject,1,f1_class::Cohen Syndrome,0.0,169,169
B2_proto_cetrain,pointnet2,knn11,subject,1,f1_class::Costello Syndrome,0.4,169,169
B2_proto_cetrain,pointnet2,knn11,subject,1,f1_class::Crouzon Syndrome,0.0,169,169
B2_proto_cetrain,pointnet2,knn11,subject,1,f1_class::Down Syndrome,0.6896551724137931,169,169
B2_proto_cetrain,pointnet2,knn11,subject,1,f1_class::Ehlers-Danlos Syndrome,0.47058823529411764,169,169
B2_proto_cetrain,pointnet2,knn11,subject,1,"f1_class::Facial Dysmorphia, possibly genetic",0.11764705882352941,169,169
B2_proto_cetrain,pointnet2,knn11,subject,1,f1_class::Jacobsen Syndrome,0.0,169,169
B2_proto_cetrain,pointnet2,knn11,subject,1,f1_class::Joubert Syndrome,0.0,169,169
B2_proto_cetrain,pointnet2,knn11,subject,1,f1_class::Loeys-Dietz Syndrome,0.3076923076923077,169,169
B2_proto_cetrain,pointnet2,knn11,subject,1,f1_class::Marfan Syndrome,0.13333333333333333,169,169
B2_proto_cetrain,pointnet2,knn11,subject,1,f1_class::Mucopolysaccharidosis type IIIB (Sanfilippo B),0.0,169,169
B2_proto_cetrain,pointnet2,knn11,subject,1,f1_class::Noonan Syndrome,0.2222222222222222,169,169
B2_proto_cetrain,pointnet2,knn11,subject,1,f1_class::Pallister-Killian Syndrome,0.4,169,169
B2_proto_cetrain,pointnet2,knn11,subject,1,f1_class::Phelan McDermid Syndrome,0.6666666666666666,169,169
B2_proto_cetrain,pointnet2,knn11,subject,1,f1_class::Pitt Hopkins,0.2222222222222222,169,169
B2_proto_cetrain,pointnet2,knn11,subject,1,f1_class::Rett Syndrome,0.4,169,169
B2_proto_cetrain,pointnet2,knn11,subject,1,f1_class::Rubinstein-Taybi Syndrome,0.0,169,169
B2_proto_cetrain,pointnet2,knn11,subject,1,f1_class::Smith-Lemli-Opitz,0.2857142857142857,169,169
B2_proto_cetrain,pointnet2,knn11,subject,1,f1_class::Tetrasomy 18p,0.6666666666666666,169,169
B2_proto_cetrain,pointnet2,knn11,subject,1,f1_class::Trisomy 18,0.0,169,169
B2_proto_cetrain,pointnet2,knn11,subject,1,f1_class::Turner Syndrome,0.0,169,169
B2_proto_cetrain,pointnet2,knn11,subject,1,f1_class::Williams Syndrome,0.42105263157894735,169,169
B2_proto_cetrain,pointnet2,knn11,subject,2,accuracy,0.34911242603550297,169,169
B2_proto_cetrain,pointnet2,knn11,subject,2,macro_f1,0.25984725055932484,169,169
B2_proto_cetrain,pointnet2,knn11,subject,2,macro_auc,0.8322676394351267,169,169
B2_proto_cetrain,pointnet2,knn11,subject,2,f1_class::4p Deletion Wolff-Hirschhorn Syndrome,0.2857142857142857,169,169
B2_proto_cetrain,pointnet2,knn11,subject,2,f1_class::5p-,0.3333333333333333,169,169
B2_proto_cetrain,pointnet2,knn11,subject,2,f1_class::Achondroplasia,0.4,169,169
B2_proto_cetrain,pointnet2,knn11,subject,2,f1_class::Angelman Syndrome,0.0,169,169
B2_proto_cetrain,pointnet2,knn11,subject,2,f1_class::Apert Syndrome,0.0,169,169
B2_proto_cetrain,pointnet2,knn11,subject,2,f1_class::Bohring-Opitz Syndrome,0.6666666666666666,169,169
B2_proto_cetrain,pointnet2,knn11,subject,2,f1_class::CDKL5,0.0,169,169
B2_proto_cetrain,pointnet2,knn11,subject,2,f1_class::CFC,0.3333333333333333,169,169
B2_proto_cetrain,pointnet2,knn11,subject,2,f1_class::CHARGE Syndrome,0.2857142857142857,169,169
B2_proto_cetrain,pointnet2,knn11,subject,2,f1_class::CdLS,0.14285714285714285,169,169
B2_proto_cetrain,pointnet2,knn11,subject,2,f1_class::Cockayne Syndrome,0.2857142857142857,169,169
B2_proto_cetrain,pointnet2,knn11,subject,2,f1_class::Cohen Syndrome,0.3333333333333333,169,169
B2_proto_cetrain,pointnet2,knn11,subject,2,f1_class::Costello Syndrome,0.38095238095238093,169,169
B2_proto_cetrain,pointnet2,knn11,subject,2,f1_class::Crouzon Syndrome,0.0,169,169
B2_proto_cetrain,pointnet2,knn11,subject,2,f1_class::Down Syndrome,0.7333333333333333,169,169
B2_proto_cetrain,pointnet2,knn11,subject,2,f1_class::Ehlers-Danlos Syndrome,0.47058823529411764,169,169
B2_proto_cetrain,pointnet2,knn11,subject,2,"f1_class::Facial Dysmorphia, possibly genetic",0.2222222222222222,169,169
B2_proto_cetrain,pointnet2,knn11,subject,2,f1_class::Jacobsen Syndrome,0.4,169,169
B2_proto_cetrain,pointnet2,knn11,subject,2,f1_class::Joubert Syndrome,0.0,169,169
B2_proto_cetrain,pointnet2,knn11,subject,2,f1_class::Loeys-Dietz Syndrome,0.3076923076923077,169,169
B2_proto_cetrain,pointnet2,knn11,subject,2,f1_class::Marfan Syndrome,0.21052631578947367,169,169
B2_proto_cetrain,pointnet2,knn11,subject,2,f1_class::Mucopolysaccharidosis type IIIB (Sanfilippo B),0.0,169,169
B2_proto_cetrain,pointnet2,knn11,subject,2,f1_class::Noonan Syndrome,0.35294117647058826,169,169
B2_proto_cetrain,pointnet2,knn11,subject,2,f1_class::Pallister-Killian Syndrome,0.15384615384615385,169,169
B2_proto_cetrain,pointnet2,knn11,subject,2,f1_class::Phelan McDermid Syndrome,0.6428571428571429,169,169
B2_proto_cetrain,pointnet2,knn11,subject,2,f1_class::Pitt Hopkins,0.5,169,169
B2_proto_cetrain,pointnet2,knn11,subject,2,f1_class::Rett Syndrome,0.4,169,169
B2_proto_cetrain,pointnet2,knn11,subject,2,f1_class::Rubinstein-Taybi Syndrome,0.0,169,169
B2_proto_cetrain,pointnet2,knn11,subject,2,f1_class::Smith-Lemli-Opitz,0.0,169,169
B2_proto_cetrain,pointnet2,knn11,subject,2,f1_class::Tetrasomy 18p,0.4,169,169
B2_proto_cetrain,pointnet2,knn11,subject,2,f1_class::Trisomy 18,0.0,169,169
B2_proto_cetrain,pointnet2,knn11,subject,2,f1_class::Turner Syndrome,0.0,169,169
B2_proto_cetrain,pointnet2,knn11,subject,2,f1_class::Williams Syndrome,0.3333333333333333,169,169
B2_proto_cetrain,pointnet2,knn11,subject,3,accuracy,0.33136094674556216,169,169
B2_proto_cetrain,pointnet2,knn11,subject,3,macro_f1,0.24783669961214877,169,169
B2_proto_cetrain,pointnet2,knn11,subject,3,macro_auc,0.8345948953785023,169,169
B2_proto_cetrain,pointnet2,knn11,subject,3,f1_class::4p Deletion Wolff-Hirschhorn Syndrome,0.4,169,169
B2_proto_cetrain,pointnet2,knn11,subject,3,f1_class::5p-,0.2857142857142857,169,169
B2_proto_cetrain,pointnet2,knn11,subject,3,f1_class::Achondroplasia,0.3,169,169
B2_proto_cetrain,pointnet2,knn11,subject,3,f1_class::Angelman Syndrome,0.0,169,169
B2_proto_cetrain,pointnet2,knn11,subject,3,f1_class::Apert Syndrome,0.0,169,169
B2_proto_cetrain,pointnet2,knn11,subject,3,f1_class::Bohring-Opitz Syndrome,0.6666666666666666,169,169
B2_proto_cetrain,pointnet2,knn11,subject,3,f1_class::CDKL5,0.0,169,169
B2_proto_cetrain,pointnet2,knn11,subject,3,f1_class::CFC,0.3333333333333333,169,169
B2_proto_cetrain,pointnet2,knn11,subject,3,f1_class::CHARGE Syndrome,0.16666666666666666,169,169
B2_proto_cetrain,pointnet2,knn11,subject,3,f1_class::CdLS,0.23529411764705882,169,169
B2_proto_cetrain,pointnet2,knn11,subject,3,f1_class::Cockayne Syndrome,0.3076923076923077,169,169
B2_proto_cetrain,pointnet2,knn11,subject,3,f1_class::Cohen Syndrome,0.6666666666666666,169,169
B2_proto_cetrain,pointnet2,knn11,subject,3,f1_class::Costello Syndrome,0.36363636363636365,169,169
B2_proto_cetrain,pointnet2,knn11,subject,3,f1_class::Crouzon Syndrome,0.0,169,169
B2_proto_cetrain,pointnet2,knn11,subject,3,f1_class::Down Syndrome,0.6896551724137931,169,169
B2_proto_cetrain,pointnet2,knn11,subject,3,f1_class::Ehlers-Danlos Syndrome,0.4444444444444444,169,169
B2_proto_cetrain,pointnet2,knn11,subject,3,"f1_class::Facial Dysmorphia, possibly genetic",0.125,169,169
B2_proto_cetrain,pointnet2,knn11,subject,3,f1_class::Jacobsen Syndrome,0.25,169,169
B2_proto_cetrain,pointnet2,knn11,subject,3,f1_class::Joubert Syndrome,0.0,169,169
B2_proto_cetrain,pointnet2,knn11,subject,3,f1_class::Loeys-Dietz Syndrome,0.3076923076923077,169,169
B2_proto_cetrain,pointnet2,knn11,subject,3,f1_class::Marfan Syndrome,0.125,169,169
B2_proto_cetrain,pointnet2,knn11,subject,3,f1_class::Mucopolysaccharidosis type IIIB (Sanfilippo B),0.0,169,169
B2_proto_cetrain,pointnet2,knn11,subject,3,f1_class::Noonan Syndrome,0.18181818181818182,169,169
B2_proto_cetrain,pointnet2,knn11,subject,3,f1_class::Pallister-Killian Syndrome,0.4,169,169
B2_proto_cetrain,pointnet2,knn11,subject,3,f1_class::Phelan McDermid Syndrome,0.6086956521739131,169,169
B2_proto_cetrain,pointnet2,knn11,subject,3,f1_class::Pitt Hopkins,0.4444444444444444,169,169
B2_proto_cetrain,pointnet2,knn11,subject,3,f1_class::Rett Syndrome,0.0,169,169
B2_proto_cetrain,pointnet2,knn11,subject,3,f1_class::Rubinstein-Taybi Syndrome,0.0,169,169
B2_proto_cetrain,pointnet2,knn11,subject,3,f1_class::Smith-Lemli-Opitz,0.0,169,169
B2_proto_cetrain,pointnet2,knn11,subject,3,f1_class::Tetrasomy 18p,0.4,169,169
B2_proto_cetrain,pointnet2,knn11,subject,3,f1_class::Trisomy 18,0.0,169,169
B2_proto_cetrain,pointnet2,knn11,subject,3,f1_class::Turner Syndrome,0.0,169,169
B2_proto_cetrain,pointnet2,knn11,subject,3,f1_class::Williams Syndrome,0.47619047619047616,169,169
B2_proto_cetrain,pointnet2,knn11,subject,4,accuracy,0.30177514792899407,169,169
B2_proto_cetrain,pointnet2,knn11,subject,4,macro_f1,0.21988329727227657,169,169
B2_proto_cetrain,pointnet2,knn11,subject,4,macro_auc,0.8367594171086753,169,169
B2_proto_cetrain,pointnet2,knn11,subject,4,f1_class::4p Deletion Wolff-Hirschhorn Syndrome,0.0,169,169
B2_proto_cetrain,pointnet2,knn11,subject,4,f1_class::5p-,0.25,169,169
B2_proto_cetrain,pointnet2,knn11,subject,4,f1_class::Achondroplasia,0.5,169,169
B2_proto_cetrain,pointnet2,knn11,subject,4,f1_class::Angelman Syndrome,0.25,169,169
B2_proto_cetrain,pointnet2,knn11,subject,4,f1_class::Apert Syndrome,0.0,169,169
B2_proto_cetrain,pointnet2,knn11,subject,4,f1_class::Bohring-Opitz Syndrome,0.0,169,169
B2_proto_cetrain,pointnet2,knn11,subject,4,f1_class::CDKL5,0.0,169,169
B2_proto_cetrain,pointnet2,knn11,subject,4,f1_class::CFC,0.4,169,169
B2_proto_cetrain,pointnet2,knn11,subject,4,f1_class::CHARGE Syndrome,0.18181818181818182,169,169
B2_proto_cetrain,pointnet2,knn11,subject,4,f1_class::CdLS,0.0,169,169
B2_proto_cetrain,pointnet2,knn11,subject,4,f1_class::Cockayne Syndrome,0.4444444444444444,169,169
B2_proto_cetrain,pointnet2,knn11,subject,4,f1_class::Cohen Syndrome,0.3333333333333333,169,169
B2_proto_cetrain,pointnet2,knn11,subject,4,f1_class::Costello Syndrome,0.34782608695652173,169,169
B2_proto_cetrain,pointnet2,knn11,subject,4,f1_class::Crouzon Syndrome,0.0,169,169
B2_proto_cetrain,pointnet2,knn11,subject,4,f1_class::Down Syndrome,0.6428571428571429,169,169
B2_proto_cetrain,pointnet2,knn11,subject,4,f1_class::Ehlers-Danlos Syndrome,0.47058823529411764,169,169
B2_proto_cetrain,pointnet2,knn11,subject,4,"f1_class::Facial Dysmorphia, possibly genetic",0.0,169,169
B2_proto_cetrain,pointnet2,knn11,subject,4,f1_class::Jacobsen Syndrome,0.2857142857142857,169,169
B2_proto_cetrain,pointnet2,knn11,subject,4,f1_class::Joubert Syndrome,0.0,169,169
B2_proto_cetrain,pointnet2,knn11,subject,4,f1_class::Loeys-Dietz Syndrome,0.36363636363636365,169,169
B2_proto_cetrain,pointnet2,knn11,subject,4,f1_class::Marfan Syndrome,0.2727272727272727,169,169
B2_proto_cetrain,pointnet2,knn11,subject,4,f1_class::Mucopolysaccharidosis type IIIB (Sanfilippo B),0.0,169,169
B2_proto_cetrain,pointnet2,knn11,subject,4,f1_class::Noonan Syndrome,0.13333333333333333,169,169
B2_proto_cetrain,pointnet2,knn11,subject,4,f1_class::Pallister-Killian Syndrome,0.2857142857142857,169,169
B2_proto_cetrain,pointnet2,knn11,subject,4,f1_class::Phelan McDermid Syndrome,0.5714285714285714,169,169
B2_proto_cetrain,pointnet2,knn11,subject,4,f1_class::Pitt Hopkins,0.25,169,169
B2_proto_cetrain,pointnet2,knn11,subject,4,f1_class::Rett Syndrome,0.0,169,169
B2_proto_cetrain,pointnet2,knn11,subject,4,f1_class::Rubinstein-Taybi Syndrome,0.0,169,169
B2_proto_cetrain,pointnet2,knn11,subject,4,f1_class::Smith-Lemli-Opitz,0.0,169,169
B2_proto_cetrain,pointnet2,knn11,subject,4,f1_class::Tetrasomy 18p,0.6666666666666666,169,169
B2_proto_cetrain,pointnet2,knn11,subject,4,f1_class::Trisomy 18,0.0,169,169
B2_proto_cetrain,pointnet2,knn11,subject,4,f1_class::Turner Syndrome,0.3333333333333333,169,169
B2_proto_cetrain,pointnet2,knn11,subject,4,f1_class::Williams Syndrome,0.2727272727272727,169,169
A1,geommlp,softmax,scan,0,accuracy,0.565597667638484,1029,1029
A1,geommlp,softmax,scan,0,macro_f1,0.2772093751769742,1029,1029
A1,geommlp,softmax,scan,0,macro_auc,0.5987632422239528,1029,1029
A1,geommlp,softmax,scan,0,f1_class::Unaffected,0.7313738892686261,1029,1029
A1,geommlp,softmax,scan,0,f1_class::Cleft Lip,0.09615384615384616,1029,1029
A1,geommlp,softmax,scan,0,f1_class::Cleft Palate,0.09411764705882353,1029,1029
A1,geommlp,softmax,scan,0,f1_class::Cleft Lip and Palate,0.18719211822660098,1029,1029
A1,pointnet,softmax,scan,0,accuracy,0.7473275024295433,1029,1029
A1,pointnet,softmax,scan,0,macro_f1,0.23480894354616305,1029,1029
A1,pointnet,softmax,scan,0,macro_auc,0.5051097463777534,1029,1029
A1,pointnet,softmax,scan,0,f1_class::Unaffected,0.8577878103837472,1029,1029
A1,pointnet,softmax,scan,0,f1_class::Cleft Lip,0.0,1029,1029
A1,pointnet,softmax,scan,0,f1_class::Cleft Palate,0.0,1029,1029
A1,pointnet,softmax,scan,0,f1_class::Cleft Lip and Palate,0.08144796380090498,1029,1029
A1,dgcnn,softmax,scan,0,accuracy,0.7677356656948494,1029,1029
A1,dgcnn,softmax,scan,0,macro_f1,0.2607658137016918,1029,1029
A1,dgcnn,softmax,scan,0,macro_auc,0.5509136999136456,1029,1029
A1,dgcnn,softmax,scan,0,f1_class::Unaffected,0.8712206047032475,1029,1029
A1,dgcnn,softmax,scan,0,f1_class::Cleft Lip,0.047619047619047616,1029,1029
A1,dgcnn,softmax,scan,0,f1_class::Cleft Palate,0.0,1029,1029
A1,dgcnn,softmax,scan,0,f1_class::Cleft Lip and Palate,0.12422360248447205,1029,1029
A1,pointnet2,softmax,scan,0,accuracy,0.7356656948493683,1029,1029
A1,pointnet2,softmax,scan,0,macro_f1,0.25283283555072855,1029,1029
A1,pointnet2,softmax,scan,0,macro_auc,0.5742079215500216,1029,1029
A1,pointnet2,softmax,scan,0,f1_class::Unaffected,0.8459770114942529,1029,1029
A1,pointnet2,softmax,scan,0,f1_class::Cleft Lip,0.0,1029,1029
A1,pointnet2,softmax,scan,0,f1_class::Cleft Palate,0.0,1029,1029
A1,pointnet2,softmax,scan,0,f1_class::Cleft Lip and Palate,0.16535433070866143,1029,1029
A1,pointnet2,softmax,scan,1,accuracy,0.7259475218658892,1029,1029
A1,pointnet2,softmax,scan,1,macro_f1,0.2583513608693465,1029,1029
A1,pointnet2,softmax,scan,1,macro_auc,0.580416407326952,1029,1029
A1,pointnet2,softmax,scan,1,f1_class::Unaffected,0.8391608391608392,1029,1029
A1,pointnet2,softmax,scan,1,f1_class::Cleft Lip,0.0,1029,1029
A1,pointnet2,softmax,scan,1,f1_class::Cleft Palate,0.0,1029,1029
A1,pointnet2,softmax,scan,1,f1_class::Cleft Lip and Palate,0.19424460431654678,1029,1029
A1,pointnet2,softmax,scan,2,accuracy,0.7259475218658892,1029,1029
A1,pointnet2,softmax,scan,2,macro_f1,0.25408891639699915,1029,1029
A1,pointnet2,softmax,scan,2,macro_auc,0.5782832349356637,1029,1029
A1,pointnet2,softmax,scan,2,f1_class::Unaffected,0.8392338943702844,1029,1029
A1,pointnet2,softmax,scan,2,f1_class::Cleft Lip,0.0,1029,1029
A1,pointnet2,softmax,scan,2,f1_class::Cleft Palate,0.0,1029,1029
A1,pointnet2,softmax,scan,2,f1_class::Cleft Lip and Palate,0.17712177121771217,1029,1029
A1,pointnet2,softmax,scan,3,accuracy,0.7346938775510204,1029,1029
A1,pointnet2,softmax,scan,3,macro_f1,0.25399841999265627,1029,1029
A1,pointnet2,softmax,scan,3,macro_auc,0.5506229567642256,1029,1029
A1,pointnet2,softmax,scan,3,f1_class::Unaffected,0.8461095100864553,1029,1029
A1,pointnet2,softmax,scan,3,f1_class::Cleft Lip,0.0,1029,1029
A1,pointnet2,softmax,scan,3,f1_class::Cleft Palate,0.0,1029,1029
A1,pointnet2,softmax,scan,3,f1_class::Cleft Lip and Palate,0.16988416988416988,1029,1029
A1,pointnet2,softmax,scan,4,accuracy,0.7308066083576288,1029,1029
A1,pointnet2,softmax,scan,4,macro_f1,0.25709470095281334,1029,1029
A1,pointnet2,softmax,scan,4,macro_auc,0.5815674216230599,1029,1029
A1,pointnet2,softmax,scan,4,f1_class::Unaffected,0.8438769587928032,1029,1029
A1,pointnet2,softmax,scan,4,f1_class::Cleft Lip,0.0,1029,1029
A1,pointnet2,softmax,scan,4,f1_class::Cleft Palate,0.0,1029,1029
A1,pointnet2,softmax,scan,4,f1_class::Cleft Lip and Palate,0.18450184501845018,1029,1029
A1_S1,geommlp,softmax,scan,0,accuracy,0.05344995140913508,1029,1029
A1_S1,geommlp,softmax,scan,0,macro_f1,0.07100663127395326,1029,1029
A1_S1,geommlp,softmax,scan,0,macro_auc,0.5245231291466333,1029,1029
A1_S1,geommlp,softmax,scan,0,f1_class::Unaffected,0.0,1029,1029
A1_S1,geommlp,softmax,scan,0,f1_class::Cleft Lip,0.07484407484407485,1029,1029
A1_S1,geommlp,softmax,scan,0,f1_class::Cleft Palate,0.04639175257731959,1029,1029
A1_S1,geommlp,softmax,scan,0,f1_class::Cleft Lip and Palate,0.16279069767441862,1029,1029
A1_S1,pointnet,softmax,scan,0,accuracy,0.042759961127308066,1029,1029
A1_S1,pointnet,softmax,scan,0,macro_f1,0.056095697845758866,1029,1029
A1_S1,pointnet,softmax,scan,0,macro_auc,0.4863914661471924,1029,1029
A1_S1,pointnet,softmax,scan,0,f1_class::Unaffected,0.0,1029,1029
A1_S1,pointnet,softmax,scan,0,f1_class::Cleft Lip,0.0,1029,1029
A1_S1,pointnet,softmax,scan,0,f1_class::Cleft Palate,0.05010893246187364,1029,1029
A1_S1,pointnet,softmax,scan,0,f1_class::Cleft Lip and Palate,0.17427385892116182,1029,1029
A1_S1,dgcnn,softmax,scan,0,accuracy,0.027210884353741496,1029,1029
A1_S1,dgcnn,softmax,scan,0,macro_f1,0.020848288205511052,1029,1029
A1_S1,dgcnn,softmax,scan,0,macro_auc,0.4908951526395585,1029,1029
A1_S1,dgcnn,softmax,scan,0,f1_class::Unaffected,0.0,1029,1029
A1_S1,dgcnn,softmax,scan,0,f1_class::Cleft Lip,0.024291497975708502,1029,1029
A1_S1,dgcnn,softmax,scan,0,f1_class::Cleft Palate,0.0591016548463357,1029,1029
A1_S1,dgcnn,softmax,scan,0,f1_class::Cleft Lip and Palate,0.0,1029,1029
A1_S1,pointnet2,softmax,scan,0,accuracy,0.023323615160349854,1029,1029
A1_S1,pointnet2,softmax,scan,0,macro_f1,0.015471181459961264,1029,1029
A1_S1,pointnet2,softmax,scan,0,macro_auc,0.4853604063872182,1029,1029
A1_S1,pointnet2,softmax,scan,0,f1_class::Unaffected,0.0,1029,1029
A1_S1,pointnet2,softmax,scan,0,f1_class::Cleft Lip,0.012422360248447204,1029,1029
A1_S1,pointnet2,softmax,scan,0,f1_class::Cleft Palate,0.04946236559139785,1029,1029
A1_S1,pointnet2,softmax,scan,0,f1_class::Cleft Lip and Palate,0.0,1029,1029
A1_S1,pointnet2,softmax,scan,1,accuracy,0.024295432458697766,1029,1029
A1_S1,pointnet2,softmax,scan,1,macro_f1,0.01895187870797627,1029,1029
A1_S1,pointnet2,softmax,scan,1,macro_auc,0.48434869077038634,1029,1029
A1_S1,pointnet2,softmax,scan,1,f1_class::Unaffected,0.0,1029,1029
A1_S1,pointnet2,softmax,scan,1,f1_class::Cleft Lip,0.02702702702702703,1029,1029
A1_S1,pointnet2,softmax,scan,1,f1_class::Cleft Palate,0.04878048780487805,1029,1029
A1_S1,pointnet2,softmax,scan,1,f1_class::Cleft Lip and Palate,0.0,1029,1029
A1_S1,pointnet2,softmax,scan,2,accuracy,0.025267249757045675,1029,1029
A1_S1,pointnet2,softmax,scan,2,macro_f1,0.022167817387628574,1029,1029
A1_S1,pointnet2,softmax,scan,2,macro_auc,0.509334584293814,1029,1029
A1_S1,pointnet2,softmax,scan,2,f1_class::Unaffected,0.0,1029,1029
A1_S1,pointnet2,softmax,scan,2,f1_class::Cleft Lip,0.039735099337748346,1029,1029
A1_S1,pointnet2,softmax,scan,2,f1_class::Cleft Palate,0.04893617021276596,1029,1029
A1_S1,pointnet2,softmax,scan,2,f1_class::Cleft Lip and Palate,0.0,1029,1029
A1_S1,pointnet2,softmax,scan,3,accuracy,0.025267249757045675,1029,1029
A1_S1,pointnet2,softmax,scan,3,macro_f1,0.021853605368030243,1029,1029
A1_S1,pointnet2,softmax,scan,3,macro_auc,0.5112240865371824,1029,1029
A1_S1,pointnet2,softmax,scan,3,f1_class::Unaffected,0.0,1029,1029
A1_S1,pointnet2,softmax,scan,3,f1_class::Cleft Lip,0.03821656050955414,1029,1029
A1_S1,pointnet2,softmax,scan,3,f1_class::Cleft Palate,0.04919786096256684,1029,1029
A1_S1,pointnet2,softmax,scan,3,f1_class::Cleft Lip and Palate,0.0,1029,1029
A1_S1,pointnet2,softmax,scan,4,accuracy,0.023323615160349854,1029,1029
A1_S1,pointnet2,softmax,scan,4,macro_f1,0.01801352841898231,1029,1029
A1_S1,pointnet2,softmax,scan,4,macro_auc,0.4869166858307511,1029,1029
A1_S1,pointnet2,softmax,scan,4,f1_class::Unaffected,0.0,1029,1029
A1_S1,pointnet2,softmax,scan,4,f1_class::Cleft Lip,0.024691358024691357,1029,1029
A1_S1,pointnet2,softmax,scan,4,f1_class::Cleft Palate,0.04736275565123789,1029,1029
A1_S1,pointnet2,softmax,scan,4,f1_class::Cleft Lip and Palate,0.0,1029,1029
A1_S2,geommlp,softmax,scan,0,accuracy,0.6122448979591837,1029,1029
A1_S2,geommlp,softmax,scan,0,macro_f1,0.2859626281521487,1029,1029
A1_S2,geommlp,softmax,scan,0,macro_auc,0.5881345449102399,1029,1029
A1_S2,geommlp,softmax,scan,0,f1_class::Unaffected,0.7746199603436881,1029,1029
A1_S2,geommlp,softmax,scan,0,f1_class::Cleft Lip,0.08771929824561403,1029,1029
A1_S2,geommlp,softmax,scan,0,f1_class::Cleft Palate,0.05,1029,1029
A1_S2,geommlp,softmax,scan,0,f1_class::Cleft Lip and Palate,0.2315112540192926,1029,1029
A1_S2,pointnet,softmax,scan,0,accuracy,0.7298347910592808,1029,1029
A1_S2,pointnet,softmax,scan,0,macro_f1,0.25075538623226484,1029,1029
A1_S2,pointnet,softmax,scan,0,macro_auc,0.5057273967874045,1029,1029
A1_S2,pointnet,softmax,scan,0,f1_class::Unaffected,0.8439306358381503,1029,1029
A1_S2,pointnet,softmax,scan,0,f1_class::Cleft Lip,0.0,1029,1029
A1_S2,pointnet,softmax,scan,0,f1_class::Cleft Palate,0.0,1029,1029
A1_S2,pointnet,softmax,scan,0,f1_class::Cleft Lip and Palate,0.1590909090909091,1029,1029
A1_S2,dgcnn,softmax,scan,0,accuracy,0.5267249757045676,1029,1029
A1_S2,dgcnn,softmax,scan,0,macro_f1,0.24786659673890354,1029,1029
A1_S2,dgcnn,softmax,scan,0,macro_auc,0.5531005583053721,1029,1029
A1_S2,dgcnn,softmax,scan,0,f1_class::Unaffected,0.6861209964412811,1029,1029
A1_S2,dgcnn,softmax,scan,0,f1_class::Cleft Lip,0.030303030303030304,1029,1029
A1_S2,dgcnn,softmax,scan,0,f1_class::Cleft Palate,0.05063291139240506,1029,1029
A1_S2,dgcnn,softmax,scan,0,f1_class::Cleft Lip and Palate,0.22440944881889763,1029,1029
A1_S2,pointnet2,softmax,scan,0,accuracy,0.6365403304178814,1029,1029
A1_S2,pointnet2,softmax,scan,0,macro_f1,0.2623998321100563,1029,1029
A1_S2,pointnet2,softmax,scan,0,macro_auc,0.5151124021219358,1029,1029
A1_S2,pointnet2,softmax,scan,0,f1_class::Unaffected,0.775894538606403,1029,1029
A1_S2,pointnet2,softmax,scan,0,f1_class::Cleft Lip,0.09090909090909091,1029,1029
A1_S2,pointnet2,softmax,scan,0,f1_class::Cleft Palate,0.0,1029,1029
A1_S2,pointnet2,softmax,scan,0,f1_class::Cleft Lip and Palate,0.1827956989247312,1029,1029
A1_S2,pointnet2,softmax,scan,1,accuracy,0.620019436345967,1029,1029
A1_S2,pointnet2,softmax,scan,1,macro_f1,0.2469474509300401,1029,1029
A1_S2,pointnet2,softmax,scan,1,macro_auc,0.49140791347493457,1029,1029
A1_S2,pointnet2,softmax,scan,1,f1_class::Unaffected,0.7643714466203412,1029,1029
A1_S2,pointnet2,softmax,scan,1,f1_class::Cleft Lip,0.06153846153846154,1029,1029
A1_S2,pointnet2,softmax,scan,1,f1_class::Cleft Palate,0.0,1029,1029
A1_S2,pointnet2,softmax,scan,1,f1_class::Cleft Lip and Palate,0.1618798955613577,1029,1029
A1_S2,pointnet2,softmax,scan,2,accuracy,0.6239067055393586,1029,1029
A1_S2,pointnet2,softmax,scan,2,macro_f1,0.2296892230576441,1029,1029
A1_S2,pointnet2,softmax,scan,2,macro_auc,0.5058364537104857,1029,1029
A1_S2,pointnet2,softmax,scan,2,f1_class::Unaffected,0.7694235588972431,1029,1029
A1_S2,pointnet2,softmax,scan,2,f1_class::Cleft Lip,0.0,1029,1029
A1_S2,pointnet2,softmax,scan,2,f1_class::Cleft Palate,0.0,1029,1029
A1_S2,pointnet2,softmax,scan,2,f1_class::Cleft Lip and Palate,0.14933333333333335,1029,1029
A1_S2,pointnet2,softmax,scan,3,accuracy,0.630709426627794,1029,1029
A1_S2,pointnet2,softmax,scan,3,macro_f1,0.25498132863509876,1029,1029
A1_S2,pointnet2,softmax,scan,3,macro_auc,0.5159228770554709,1029,1029
A1_S2,pointnet2,softmax,scan,3,f1_class::Unaffected,0.7728983688833124,1029,1029
A1_S2,pointnet2,softmax,scan,3,f1_class::Cleft Lip,0.0821917808219178,1029,1029
A1_S2,pointnet2,softmax,scan,3,f1_class::Cleft Palate,0.0,1029,1029
A1_S2,pointnet2,softmax,scan,3,f1_class::Cleft Lip and Palate,0.16483516483516483,1029,1029
A1_S2,pointnet2,softmax,scan,4,accuracy,0.6375121477162293,1029,1029
A1_S2,pointnet2,softmax,scan,4,macro_f1,0.2710058025120901,1029,1029
A1_S2,pointnet2,softmax,scan,4,macro_auc,0.5107411200621977,1029,1029
A1_S2,pointnet2,softmax,scan,4,f1_class::Unaffected,0.7746390458254865,1029,1029
A1_S2,pointnet2,softmax,scan,4,f1_class::Cleft Lip,0.12121212121212122,1029,1029
A1_S2,pointnet2,softmax,scan,4,f1_class::Cleft Palate,0.0,1029,1029
A1_S2,pointnet2,softmax,scan,4,f1_class::Cleft Lip and Palate,0.1881720430107527,1029,1029
A1_S3,geommlp,softmax,scan,0,accuracy,0.04956268221574344,1029,1029
A1_S3,geommlp,softmax,scan,0,macro_f1,0.06687905797667718,1029,1029
A1_S3,geommlp,softmax,scan,0,macro_auc,0.524832678351045,1029,1029
A1_S3,geommlp,softmax,scan,0,f1_class::Unaffected,0.0,1029,1029
A1_S3,geommlp,softmax,scan,0,f1_class::Cleft Lip,0.07068607068607069,1029,1029
A1_S3,geommlp,softmax,scan,0,f1_class::Cleft Palate,0.0535279805352798,1029,1029
A1_S3,geommlp,softmax,scan,0,f1_class::Cleft Lip and Palate,0.14330218068535824,1029,1029
A1_S3,pointnet,softmax,scan,0,accuracy,0.03012633624878523,1029,1029
A1_S3,pointnet,softmax,scan,0,macro_f1,0.030055722963600706,1029,1029
A1_S3,pointnet,softmax,scan,0,macro_auc,0.5155512472253085,1029,1029
A1_S3,pointnet,softmax,scan,0,f1_class::Unaffected,0.0,1029,1029
A1_S3,pointnet,softmax,scan,0,f1_class::Cleft Lip,0.06521739130434782,1029,1029
A1_S3,pointnet,softmax,scan,0,f1_class::Cleft Palate,0.05500550055005501,1029,1029
A1_S3,pointnet,softmax,scan,0,f1_class::Cleft Lip and Palate,0.0,1029,1029
A1_S3,dgcnn,softmax,scan,0,accuracy,0.027210884353741496,1029,1029
A1_S3,dgcnn,softmax,scan,0,macro_f1,0.022136168152961107,1029,1029
A1_S3,dgcnn,softmax,scan,0,macro_auc,0.4876045627743366,1029,1029
A1_S3,dgcnn,softmax,scan,0,f1_class::Unaffected,0.0,1029,1029
A1_S3,dgcnn,softmax,scan,0,f1_class::Cleft Lip,0.0311284046692607,1029,1029
A1_S3,dgcnn,softmax,scan,0,f1_class::Cleft Palate,0.05741626794258373,1029,1029
A1_S3,dgcnn,softmax,scan,0,f1_class::Cleft Lip and Palate,0.0,1029,1029
A1_S3,pointnet2,softmax,scan,0,accuracy,0.022351797862001945,1029,1029
A1_S3,pointnet2,softmax,scan,0,macro_f1,0.015895508000771157,1029,1029
A1_S3,pointnet2,softmax,scan,0,macro_auc,0.5161172260865515,1029,1029
A1_S3,pointnet2,softmax,scan,0,f1_class::Unaffected,0.0,1029,1029
A1_S3,pointnet2,softmax,scan,0,f1_class::Cleft Lip,0.01904761904761905,1029,1029
A1_S3,pointnet2,softmax,scan,0,f1_class::Cleft Palate,0.044534412955465584,1029,1029
A1_S3,pointnet2,softmax,scan,0,f1_class::Cleft Lip and Palate,0.0,1029,1029
A1_S3,pointnet2,softmax,scan,1,accuracy,0.026239067055393587,1029,1029
A1_S3,pointnet2,softmax,scan,1,macro_f1,0.023051365889674085,1029,1029
A1_S3,pointnet2,softmax,scan,1,macro_auc,0.519961372163135,1029,1029
A1_S3,pointnet2,softmax,scan,1,f1_class::Unaffected,0.0,1029,1029
A1_S3,pointnet2,softmax,scan,1,f1_class::Cleft Lip,0.042105263157894736,1029,1029
A1_S3,pointnet2,softmax,scan,1,f1_class::Cleft Palate,0.050100200400801605,1029,1029
A1_S3,pointnet2,softmax,scan,1,f1_class::Cleft Lip and Palate,0.0,1029,1029
A1_S3,pointnet2,softmax,scan,2,accuracy,0.027210884353741496,1029,1029
A1_S3,pointnet2,softmax,scan,2,macro_f1,0.022921984131695057,1029,1029
A1_S3,pointnet2,softmax,scan,2,macro_auc,0.5042993303549858,1029,1029
A1_S3,pointnet2,softmax,scan,2,f1_class::Unaffected,0.0,1029,1029
A1_S3,pointnet2,softmax,scan,2,f1_class::Cleft Lip,0.0392156862745098,1029,1029
A1_S3,pointnet2,softmax,scan,2,f1_class::Cleft Palate,0.05247225025227043,1029,1029
A1_S3,pointnet2,softmax,scan,2,f1_class::Cleft Lip and Palate,0.0,1029,1029
A1_S3,pointnet2,softmax,scan,3,accuracy,0.026239067055393587,1029,1029
A1_S3,pointnet2,softmax,scan,3,macro_f1,0.02276689570300482,1029,1029
A1_S3,pointnet2,softmax,scan,3,macro_auc,0.5001959521007932,1029,1029
A1_S3,pointnet2,softmax,scan,3,f1_class::Unaffected,0.0,1029,1029
A1_S3,pointnet2,softmax,scan,3,f1_class::Cleft Lip,0.04081632653061224,1029,1029
A1_S3,pointnet2,softmax,scan,3,f1_class::Cleft Palate,0.05025125628140704,1029,1029
A1_S3,pointnet2,softmax,scan,3,f1_class::Cleft Lip and Palate,0.0,1029,1029
A1_S3,pointnet2,softmax,scan,4,accuracy,0.026239067055393587,1029,1029
A1_S3,pointnet2,softmax,scan,4,macro_f1,0.023252688172043012,1029,1029
A1_S3,pointnet2,softmax,scan,4,macro_auc,0.5077347424047619,1029,1029
A1_S3,pointnet2,softmax,scan,4,f1_class::Unaffected,0.0,1029,1029
A1_S3,pointnet2,softmax,scan,4,f1_class::Cleft Lip,0.043010752688172046,1029,1029
A1_S3,pointnet2,softmax,scan,4,f1_class::Cleft Palate,0.05,1029,1029
A1_S3,pointnet2,softmax,scan,4,f1_class::Cleft Lip and Palate,0.0,1029,1029
A2,geommlp,softmax,scan,0,accuracy,0.6854368932038835,1030,1030
A2,geommlp,softmax,scan,0,macro_f1,0.5507293983338808,1030,1030
A2,geommlp,softmax,scan,0,macro_auc,0.6488149688149688,1030,1030
A2,geommlp,softmax,scan,0,f1_class::Unaffected,0.7967377666248432,1030,1030
A2,geommlp,softmax,scan,0,f1_class::Affected,0.30472103004291845,1030,1030
A2,pointnet,softmax,scan,0,accuracy,0.7737864077669903,1030,1030
A2,pointnet,softmax,scan,0,macro_f1,0.5110975299210594,1030,1030
A2,pointnet,softmax,scan,0,macro_auc,0.5430993123300816,1030,1030
A2,pointnet,softmax,scan,0,f1_class::Unaffected,0.869467787114846,1030,1030
A2,pointnet,softmax,scan,0,f1_class::Affected,0.15272727272727274,1030,1030
A2,dgcnn,softmax,scan,0,accuracy,0.8116504854368932,1030,1030
A2,dgcnn,softmax,scan,0,macro_f1,0.6979179894659822,1030,1030
A2,dgcnn,softmax,scan,0,macro_auc,0.805117543579082,1030,1030
A2,dgcnn,softmax,scan,0,f1_class::Unaffected,0.8832731648616126,1030,1030
A2,dgcnn,softmax,scan,0,f1_class::Affected,0.5125628140703518,1030,1030
A2,pointnet2,softmax,scan,0,accuracy,0.8213592233009709,1030,1030
A2,pointnet2,softmax,scan,0,macro_f1,0.7286741799523547,1030,1030
A2,pointnet2,softmax,scan,0,macro_auc,0.8516360147129378,1030,1030
A2,pointnet2,softmax,scan,0,f1_class::Unaffected,0.8872549019607843,1030,1030
A2,pointnet2,softmax,scan,0,f1_class::Affected,0.5700934579439252,1030,1030
A2,pointnet2,softmax,scan,1,accuracy,0.829126213592233,1030,1030
A2,pointnet2,softmax,scan,1,macro_f1,0.7349335579262586,1030,1030
A2,pointnet2,softmax,scan,1,macro_auc,0.8473948504717735,1030,1030
A2,pointnet2,softmax,scan,1,f1_class::Unaffected,0.8929440389294404,1030,1030
A2,pointnet2,softmax,scan,1,f1_class::Affected,0.5769230769230769,1030,1030
A2,pointnet2,softmax,scan,2,accuracy,0.8271844660194175,1030,1030
A2,pointnet2,softmax,scan,2,macro_f1,0.7338269454123112,1030,1030
A2,pointnet2,softmax,scan,2,macro_auc,0.8520582120582121,1030,1030
A2,pointnet2,softmax,scan,2,f1_class::Unaffected,0.8914634146341464,1030,1030
A2,pointnet2,softmax,scan,2,f1_class::Affected,0.5761904761904761,1030,1030
A2,pointnet2,softmax,scan,3,accuracy,0.8359223300970874,1030,1030
A2,pointnet2,softmax,scan,3,macro_f1,0.7393268051472736,1030,1030
A2,pointnet2,softmax,scan,3,macro_auc,0.8470366224212378,1030,1030
A2,pointnet2,softmax,scan,3,f1_class::Unaffected,0.8980084490042245,1030,1030
A2,pointnet2,softmax,scan,3,f1_class::Affected,0.5806451612903226,1030,1030
A2,pointnet2,softmax,scan,4,accuracy,0.8339805825242719,1030,1030
A2,pointnet2,softmax,scan,4,macro_f1,0.7391667493509897,1030,1030
A2,pointnet2,softmax,scan,4,macro_auc,0.847465216695986,1030,1030
A2,pointnet2,softmax,scan,4,f1_class::Unaffected,0.8964264082374318,1030,1030
A2,pointnet2,softmax,scan,4,f1_class::Affected,0.5819070904645477,1030,1030
B2_r2,geommlp,softmax,scan,0,accuracy,0.14323607427055704,377,149
B2_r2,geommlp,softmax,scan,0,macro_f1,0.12755961092388426,377,149
B2_r2,geommlp,softmax,scan,0,macro_auc,0.7155326227828186,377,149
B2_r2,geommlp,softmax,scan,0,f1_class::5p-,0.0,377,149
B2_r2,geommlp,softmax,scan,0,f1_class::Achondroplasia,0.23076923076923078,377,149
B2_r2,geommlp,softmax,scan,0,f1_class::Angelman Syndrome,0.0,377,149
B2_r2,geommlp,softmax,scan,0,f1_class::CFC,0.12,377,149
B2_r2,geommlp,softmax,scan,0,f1_class::CHARGE Syndrome,0.0625,377,149
B2_r2,geommlp,softmax,scan,0,f1_class::CdLS,0.0625,377,149
B2_r2,geommlp,softmax,scan,0,f1_class::Cockayne Syndrome,0.2702702702702703,377,149
B2_r2,geommlp,softmax,scan,0,f1_class::Cohen Syndrome,0.07692307692307693,377,149
B2_r2,geommlp,softmax,scan,0,f1_class::Costello Syndrome,0.16666666666666666,377,149
B2_r2,geommlp,softmax,scan,0,f1_class::Down Syndrome,0.06666666666666667,377,149
B2_r2,geommlp,softmax,scan,0,f1_class::Ehlers-Danlos Syndrome,0.47368421052631576,377,149
B2_r2,geommlp,softmax,scan,0,f1_class::Jacobsen Syndrome,0.0,377,149
B2_r2,geommlp,softmax,scan,0,f1_class::Joubert Syndrome,0.05714285714285714,377,149
B2_r2,geommlp,softmax,scan,0,f1_class::Loeys-Dietz Syndrome,0.09090909090909091,377,149
B2_r2,geommlp,softmax,scan,0,f1_class::Marfan Syndrome,0.0,377,149
B2_r2,geommlp,softmax,scan,0,f1_class::Noonan Syndrome,0.0,377,149
B2_r2,geommlp,softmax,scan,0,f1_class::Pallister-Killian Syndrome,0.27586206896551724,377,149
B2_r2,geommlp,softmax,scan,0,f1_class::Phelan McDermid Syndrome,0.21212121212121213,377,149
B2_r2,geommlp,softmax,scan,0,f1_class::Pitt Hopkins,0.13793103448275862,377,149
B2_r2,geommlp,softmax,scan,0,f1_class::Rett Syndrome,0.16,377,149
B2_r2,geommlp,softmax,scan,0,f1_class::Smith-Lemli-Opitz,0.0,377,149
B2_r2,geommlp,softmax,scan,0,f1_class::Trisomy 18,0.2,377,149
B2_r2,geommlp,softmax,scan,0,f1_class::Turner Syndrome,0.13333333333333333,377,149
B2_r2,geommlp,softmax,scan,0,f1_class::Williams Syndrome,0.2641509433962264,377,149
B2_r2,geommlp,softmax,subject,0,accuracy,0.18791946308724833,149,149
B2_r2,geommlp,softmax,subject,0,macro_f1,0.1841342379570943,149,149
B2_r2,geommlp,softmax,subject,0,macro_auc,0.7504038309798168,149,149
B2_r2,geommlp,softmax,subject,0,f1_class::5p-,0.0,149,149
B2_r2,geommlp,softmax,subject,0,f1_class::Achondroplasia,0.2857142857142857,149,149
B2_r2,geommlp,softmax,subject,0,f1_class::Angelman Syndrome,0.0,149,149
B2_r2,geommlp,softmax,subject,0,f1_class::CFC,0.10526315789473684,149,149
B2_r2,geommlp,softmax,subject,0,f1_class::CHARGE Syndrome,0.14285714285714285,149,149
B2_r2,geommlp,softmax,subject,0,f1_class::CdLS,0.0,149,149
B2_r2,geommlp,softmax,subject,0,f1_class::Cockayne Syndrome,0.3333333333333333,149,149
B2_r2,geommlp,softmax,subject,0,f1_class::Cohen Syndrome,0.2,149,149
B2_r2,geommlp,softmax,subject,0,f1_class::Costello Syndrome,0.16666666666666666,149,149
B2_r2,geommlp,softmax,subject,0,f1_class::Down Syndrome,0.08695652173913043,149,149
B2_r2,geommlp,softmax,subject,0,f1_class::Ehlers-Danlos Syndrome,0.5263157894736842,149,149
B2_r2,geommlp,softmax,subject,0,f1_class::Jacobsen Syndrome,0.0,149,149
B2_r2,geommlp,softmax,subject,0,f1_class::Joubert Syndrome,0.11764705882352941,149,149
B2_r2,geommlp,softmax,subject,0,f1_class::Loeys-Dietz Syndrome,0.16666666666666666,149,149
B2_r2,geommlp,softmax,subject,0,f1_class::Marfan Syndrome,0.0,149,149
B2_r2,geommlp,softmax,subject,0,f1_class::Noonan Syndrome,0.0,149,149
B2_r2,geommlp,softmax,subject,0,f1_class::Pallister-Killian Syndrome,0.4,149,149
B2_r2,geommlp,softmax,subject,0,f1_class::Phelan McDermid Syndrome,0.15384615384615385,149,149
B2_r2,geommlp,softmax,subject,0,f1_class::Pitt Hopkins,0.18181818181818182,149,149
B2_r2,geommlp,softmax,subject,0,f1_class::Rett Syndrome,0.4444444444444444,149,149
B2_r2,geommlp,softmax,subject,0,f1_class::Smith-Lemli-Opitz,0.0,149,149
B2_r2,geommlp,softmax,subject,0,f1_class::Trisomy 18,0.5,149,149
B2_r2,geommlp,softmax,subject,0,f1_class::Turner Syndrome,0.3076923076923077,149,149
B2_r2,geommlp,softmax,subject,0,f1_class::Williams Syndrome,0.3,149,149
B2_r2,geommlp,proto,scan,0,accuracy,0.15119363395225463,377,149
B2_r2,geommlp,proto,scan,0,macro_f1,0.13258101233872266,377,149
B2_r2,geommlp,proto,scan,0,macro_auc,0.7040899070373365,377,149
B2_r2,geommlp,proto,scan,0,f1_class::5p-,0.0,377,149
B2_r2,geommlp,proto,scan,0,f1_class::Achondroplasia,0.2727272727272727,377,149
B2_r2,geommlp,proto,scan,0,f1_class::Angelman Syndrome,0.0,377,149
B2_r2,geommlp,proto,scan,0,f1_class::CFC,0.05128205128205128,377,149
B2_r2,geommlp,proto,scan,0,f1_class::CHARGE Syndrome,0.17647058823529413,377,149
B2_r2,geommlp,proto,scan,0,f1_class::CdLS,0.06451612903225806,377,149
B2_r2,geommlp,proto,scan,0,f1_class::Cockayne Syndrome,0.2702702702702703,377,149
B2_r2,geommlp,proto,scan,0,f1_class::Cohen Syndrome,0.14285714285714285,377,149
B2_r2,geommlp,proto,scan,0,f1_class::Costello Syndrome,0.16216216216216217,377,149
B2_r2,geommlp,proto,scan,0,f1_class::Down Syndrome,0.0,377,149
B2_r2,geommlp,proto,scan,0,f1_class::Ehlers-Danlos Syndrome,0.35714285714285715,377,149
B2_r2,geommlp,proto,scan,0,f1_class::Jacobsen Syndrome,0.0,377,149
B2_r2,geommlp,proto,scan,0,f1_class::Joubert Syndrome,0.10256410256410256,377,149
B2_r2,geommlp,proto,scan,0,f1_class::Loeys-Dietz Syndrome,0.23076923076923078,377,149
B2_r2,geommlp,proto,scan,0,f1_class::Marfan Syndrome,0.0,377,149
B2_r2,geommlp,proto,scan,0,f1_class::Noonan Syndrome,0.13953488372093023,377,149
B2_r2,geommlp,proto,scan,0,f1_class::Pallister-Killian Syndrome,0.3076923076923077,377,149
B2_r2,geommlp,proto,scan,0,f1_class::Phelan McDermid Syndrome,0.18421052631578946,377,149
B2_r2,geommlp,proto,scan,0,f1_class::Pitt Hopkins,0.11428571428571428,377,149
B2_r2,geommlp,proto,scan,0,f1_class::Rett Syndrome,0.15384615384615385,377,149
B2_r2,geommlp,proto,scan,0,f1_class::Smith-Lemli-Opitz,0.0,377,149
B2_r2,geommlp,proto,scan,0,f1_class::Trisomy 18,0.0,377,149
B2_r2,geommlp,proto,scan,0,f1_class::Turner Syndrome,0.1935483870967742,377,149
B2_r2,geommlp,proto,scan,0,f1_class::Williams Syndrome,0.25806451612903225,377,149
B2_r2,geommlp,proto,subject,0,accuracy,0.16778523489932887,149,149
B2_r2,geommlp,proto,subject,0,macro_f1,0.15825971414206708,149,149
B2_r2,geommlp,proto,subject,0,macro_auc,0.7418953789002231,149,149
B2_r2,geommlp,proto,subject,0,f1_class::5p-,0.0,149,149
B2_r2,geommlp,proto,subject,0,f1_class::Achondroplasia,0.3076923076923077,149,149
B2_r2,geommlp,proto,subject,0,f1_class::Angelman Syndrome,0.0,149,149
B2_r2,geommlp,proto,subject,0,f1_class::CFC,0.15384615384615385,149,149
B2_r2,geommlp,proto,subject,0,f1_class::CHARGE Syndrome,0.25,149,149
B2_r2,geommlp,proto,subject,0,f1_class::CdLS,0.13333333333333333,149,149
B2_r2,geommlp,proto,subject,0,f1_class::Cockayne Syndrome,0.2857142857142857,149,149
B2_r2,geommlp,proto,subject,0,f1_class::Cohen Syndrome,0.0,149,149
B2_r2,geommlp,proto,subject,0,f1_class::Costello Syndrome,0.2857142857142857,149,149
B2_r2,geommlp,proto,subject,0,f1_class::Down Syndrome,0.0,149,149
B2_r2,geommlp,proto,subject,0,f1_class::Ehlers-Danlos Syndrome,0.42857142857142855,149,149
B2_r2,geommlp,proto,subject,0,f1_class::Jacobsen Syndrome,0.0,149,149
B2_r2,geommlp,proto,subject,0,f1_class::Joubert Syndrome,0.2,149,149
B2_r2,geommlp,proto,subject,0,f1_class::Loeys-Dietz Syndrome,0.2857142857142857,149,149
B2_r2,geommlp,proto,subject,0,f1_class::Marfan Syndrome,0.0,149,149
B2_r2,geommlp,proto,subject,0,f1_class::Noonan Syndrome,0.0,149,149
B2_r2,geommlp,proto,subject,0,f1_class::Pallister-Killian Syndrome,0.4,149,149
B2_r2,geommlp,proto,subject,0,f1_class::Phelan McDermid Syndrome,0.11764705882352941,149,149
B2_r2,geommlp,proto,subject,0,f1_class::Pitt Hopkins,0.2,149,149
B2_r2,geommlp,proto,subject,0,f1_class::Rett Syndrome,0.25,149,149
B2_r2,geommlp,proto,subject,0,f1_class::Smith-Lemli-Opitz,0.0,149,149
B2_r2,geommlp,proto,subject,0,f1_class::Trisomy 18,0.0,149,149
B2_r2,geommlp,proto,subject,0,f1_class::Turner Syndrome,0.2,149,149
B2_r2,geommlp,proto,subject,0,f1_class::Williams Syndrome,0.3,149,149
B2_r2,geommlp,knn11,scan,0,accuracy,0.14854111405835543,377,149
B2_r2,geommlp,knn11,scan,0,macro_f1,0.10255590472392506,377,149
B2_r2,geommlp,knn11,scan,0,macro_auc,0.6354197804035436,377,149
B2_r2,geommlp,knn11,scan,0,f1_class::5p-,0.0,377,149
B2_r2,geommlp,knn11,scan,0,f1_class::Achondroplasia,0.0,377,149
B2_r2,geommlp,knn11,scan,0,f1_class::Angelman Syndrome,0.0,377,149
B2_r2,geommlp,knn11,scan,0,f1_class::CFC,0.05128205128205128,377,149
B2_r2,geommlp,knn11,scan,0,f1_class::CHARGE Syndrome,0.1935483870967742,377,149
B2_r2,geommlp,knn11,scan,0,f1_class::CdLS,0.043478260869565216,377,149
B2_r2,geommlp,knn11,scan,0,f1_class::Cockayne Syndrome,0.2564102564102564,377,149
B2_r2,geommlp,knn11,scan,0,f1_class::Cohen Syndrome,0.16,377,149
B2_r2,geommlp,knn11,scan,0,f1_class::Costello Syndrome,0.08888888888888889,377,149
B2_r2,geommlp,knn11,scan,0,f1_class::Down Syndrome,0.0,377,149
B2_r2,geommlp,knn11,scan,0,f1_class::Ehlers-Danlos Syndrome,0.21739130434782608,377,149
B2_r2,geommlp,knn11,scan,0,f1_class::Jacobsen Syndrome,0.1111111111111111,377,149
B2_r2,geommlp,knn11,scan,0,f1_class::Joubert Syndrome,0.0,377,149
B2_r2,geommlp,knn11,scan,0,f1_class::Loeys-Dietz Syndrome,0.06896551724137931,377,149
B2_r2,geommlp,knn11,scan,0,f1_class::Marfan Syndrome,0.08695652173913043,377,149
B2_r2,geommlp,knn11,scan,0,f1_class::Noonan Syndrome,0.13953488372093023,377,149
B2_r2,geommlp,knn11,scan,0,f1_class::Pallister-Killian Syndrome,0.1,377,149
B2_r2,geommlp,knn11,scan,0,f1_class::Phelan McDermid Syndrome,0.37735849056603776,377,149
B2_r2,geommlp,knn11,scan,0,f1_class::Pitt Hopkins,0.14285714285714285,377,149
B2_r2,geommlp,knn11,scan,0,f1_class::Rett Syndrome,0.14285714285714285,377,149
B2_r2,geommlp,knn11,scan,0,f1_class::Smith-Lemli-Opitz,0.0,377,149
B2_r2,geommlp,knn11,scan,0,f1_class::Trisomy 18,0.0,377,149
B2_r2,geommlp,knn11,scan,0,f1_class::Turner Syndrome,0.0,377,149
B2_r2,geommlp,knn11,scan,0,f1_class::Williams Syndrome,0.2807017543859649,377,149
B2_r2,geommlp,knn11,subject,0,accuracy,0.1610738255033557,149,149
B2_r2,geommlp,knn11,subject,0,macro_f1,0.11601678088734724,149,149
B2_r2,geommlp,knn11,subject,0,macro_auc,0.6643243598395747,149,149
B2_r2,geommlp,knn11,subject,0,f1_class::5p-,0.0,149,149
B2_r2,geommlp,knn11,subject,0,f1_class::Achondroplasia,0.0,149,149
B2_r2,geommlp,knn11,subject,0,f1_class::Angelman Syndrome,0.0,149,149
B2_r2,geommlp,knn11,subject,0,f1_class::CFC,0.0,149,149
B2_r2,geommlp,knn11,subject,0,f1_class::CHARGE Syndrome,0.25,149,149
B2_r2,geommlp,knn11,subject,0,f1_class::CdLS,0.21052631578947367,149,149
B2_r2,geommlp,knn11,subject,0,f1_class::Cockayne Syndrome,0.2857142857142857,149,149
B2_r2,geommlp,knn11,subject,0,f1_class::Cohen Syndrome,0.0,149,149
B2_r2,geommlp,knn11,subject,0,f1_class::Costello Syndrome,0.1875,149,149
B2_r2,geommlp,knn11,subject,0,f1_class::Down Syndrome,0.0,149,149
B2_r2,geommlp,knn11,subject,0,f1_class::Ehlers-Danlos Syndrome,0.25,149,149
B2_r2,geommlp,knn11,subject,0,f1_class::Jacobsen Syndrome,0.3333333333333333,149,149
B2_r2,geommlp,knn11,subject,0,f1_class::Joubert Syndrome,0.0,149,149
B2_r2,geommlp,knn11,subject,0,f1_class::Loeys-Dietz Syndrome,0.1111111111111111,149,149
B2_r2,geommlp,knn11,subject,0,f1_class::Marfan Syndrome,0.0,149,149
B2_r2,geommlp,knn11,subject,0,f1_class::Noonan Syndrome,0.15384615384615385,149,149
B2_r2,geommlp,knn11,subject,0,f1_class::Pallister-Killian Syndrome,0.2,149,149
B2_r2,geommlp,knn11,subject,0,f1_class::Phelan McDermid Syndrome,0.45454545454545453,149,149
B2_r2,geommlp,knn11,subject,0,f1_class::Pitt Hopkins,0.0,149,149
B2_r2,geommlp,knn11,subject,0,f1_class::Rett Syndrome,0.0,149,149
B2_r2,geommlp,knn11,subject,0,f1_class::Smith-Lemli-Opitz,0.0,149,149
B2_r2,geommlp,knn11,subject,0,f1_class::Trisomy 18,0.0,149,149
B2_r2,geommlp,knn11,subject,0,f1_class::Turner Syndrome,0.0,149,149
B2_r2,geommlp,knn11,subject,0,f1_class::Williams Syndrome,0.34782608695652173,149,149
B2_r2,pointnet,softmax,scan,0,accuracy,0.20689655172413793,377,149
B2_r2,pointnet,softmax,scan,0,macro_f1,0.19772704381972414,377,149
B2_r2,pointnet,softmax,scan,0,macro_auc,0.7590965218175425,377,149
B2_r2,pointnet,softmax,scan,0,f1_class::5p-,0.09523809523809523,377,149
B2_r2,pointnet,softmax,scan,0,f1_class::Achondroplasia,0.20689655172413793,377,149
B2_r2,pointnet,softmax,scan,0,f1_class::Angelman Syndrome,0.0,377,149
B2_r2,pointnet,softmax,scan,0,f1_class::CFC,0.11764705882352941,377,149
B2_r2,pointnet,softmax,scan,0,f1_class::CHARGE Syndrome,0.0,377,149
B2_r2,pointnet,softmax,scan,0,f1_class::CdLS,0.1111111111111111,377,149
B2_r2,pointnet,softmax,scan,0,f1_class::Cockayne Syndrome,0.32432432432432434,377,149
B2_r2,pointnet,softmax,scan,0,f1_class::Cohen Syndrome,0.2777777777777778,377,149
B2_r2,pointnet,softmax,scan,0,f1_class::Costello Syndrome,0.10256410256410256,377,149
B2_r2,pointnet,softmax,scan,0,f1_class::Down Syndrome,0.17647058823529413,377,149
B2_r2,pointnet,softmax,scan,0,f1_class::Ehlers-Danlos Syndrome,0.5714285714285714,377,149
B2_r2,pointnet,softmax,scan,0,f1_class::Jacobsen Syndrome,0.0,377,149
B2_r2,pointnet,softmax,scan,0,f1_class::Joubert Syndrome,0.05555555555555555,377,149
B2_r2,pointnet,softmax,scan,0,f1_class::Loeys-Dietz Syndrome,0.32432432432432434,377,149
B2_r2,pointnet,softmax,scan,0,f1_class::Marfan Syndrome,0.0,377,149
B2_r2,pointnet,softmax,scan,0,f1_class::Noonan Syndrome,0.05405405405405406,377,149
B2_r2,pointnet,softmax,scan,0,f1_class::Pallister-Killian Syndrome,0.2,377,149
B2_r2,pointnet,softmax,scan,0,f1_class::Phelan McDermid Syndrome,0.15789473684210525,377,149
B2_r2,pointnet,softmax,scan,0,f1_class::Pitt Hopkins,0.6,377,149
B2_r2,pointnet,softmax,scan,0,f1_class::Rett Syndrome,0.14814814814814814,377,149
B2_r2,pointnet,softmax,scan,0,f1_class::Smith-Lemli-Opitz,0.0,377,149
B2_r2,pointnet,softmax,scan,0,f1_class::Trisomy 18,0.4,377,149
B2_r2,pointnet,softmax,scan,0,f1_class::Turner Syndrome,0.42857142857142855,377,149
B2_r2,pointnet,softmax,scan,0,f1_class::Williams Syndrome,0.39344262295081966,377,149
B2_r2,pointnet,softmax,subject,0,accuracy,0.2080536912751678,149,149
B2_r2,pointnet,softmax,subject,0,macro_f1,0.18957249363983109,149,149
B2_r2,pointnet,softmax,subject,0,macro_auc,0.7840987226529403,149,149
B2_r2,pointnet,softmax,subject,0,f1_class::5p-,0.0,149,149
B2_r2,pointnet,softmax,subject,0,f1_class::Achondroplasia,0.21052631578947367,149,149
B2_r2,pointnet,softmax,subject,0,f1_class::Angelman Syndrome,0.0,149,149
B2_r2,pointnet,softmax,subject,0,f1_class::CFC,0.15384615384615385,149,149
B2_r2,pointnet,softmax,subject,0,f1_class::CHARGE Syndrome,0.0,149,149
B2_r2,pointnet,softmax,subject,0,f1_class::CdLS,0.13333333333333333,149,149
B2_r2,pointnet,softmax,subject,0,f1_class::Cockayne Syndrome,0.25,149,149
B2_r2,pointnet,softmax,subject,0,f1_class::Cohen Syndrome,0.2,149,149
B2_r2,pointnet,softmax,subject,0,f1_class::Costello Syndrome,0.0,149,149
B2_r2,pointnet,softmax,subject,0,f1_class::Down Syndrome,0.24,149,149
B2_r2,pointnet,softmax,subject,0,f1_class::Ehlers-Danlos Syndrome,0.5714285714285714,149,149
B2_r2,pointnet,softmax,subject,0,f1_class::Jacobsen Syndrome,0.0,149,149
B2_r2,pointnet,softmax,subject,0,f1_class::Joubert Syndrome,0.0,149,149
B2_r2,pointnet,softmax,subject,0,f1_class::Loeys-Dietz Syndrome,0.38095238095238093,149,149
B2_r2,pointnet,softmax,subject,0,f1_class::Marfan Syndrome,0.0,149,149
B2_r2,pointnet,softmax,subject,0,f1_class::Noonan Syndrome,0.16666666666666666,149,149
B2_r2,pointnet,softmax,subject,0,f1_class::Pallister-Killian Syndrome,0.16666666666666666,149,149
B2_r2,pointnet,softmax,subject,0,f1_class::Phelan McDermid Syndrome,0.23529411764705882,149,149
B2_r2,pointnet,softmax,subject,0,f1_class::Pitt Hopkins,0.6666666666666666,149,149
B2_r2,pointnet,softmax,subject,0,f1_class::Rett Syndrome,0.2,149,149
B2_r2,pointnet,softmax,subject,0,f1_class::Smith-Lemli-Opitz,0.2222222222222222,149,149
B2_r2,pointnet,softmax,subject,0,f1_class::Trisomy 18,0.0,149,149
B2_r2,pointnet,softmax,subject,0,f1_class::Turner Syndrome,0.4444444444444444,149,149
B2_r2,pointnet,softmax,subject,0,f1_class::Williams Syndrome,0.3076923076923077,149,149
B2_r2,pointnet,proto,scan,0,accuracy,0.20954907161803712,377,149
B2_r2,pointnet,proto,scan,0,macro_f1,0.19155627111582382,377,149
B2_r2,pointnet,proto,scan,0,macro_auc,0.7618285939061854,377,149
B2_r2,pointnet,proto,scan,0,f1_class::5p-,0.09523809523809523,377,149
B2_r2,pointnet,proto,scan,0,f1_class::Achondroplasia,0.13953488372093023,377,149
B2_r2,pointnet,proto,scan,0,f1_class::Angelman Syndrome,0.10526315789473684,377,149
B2_r2,pointnet,proto,scan,0,f1_class::CFC,0.09302325581395349,377,149
B2_r2,pointnet,proto,scan,0,f1_class::CHARGE Syndrome,0.08333333333333333,377,149
B2_r2,pointnet,proto,scan,0,f1_class::CdLS,0.1875,377,149
B2_r2,pointnet,proto,scan,0,f1_class::Cockayne Syndrome,0.3783783783783784,377,149
B2_r2,pointnet,proto,scan,0,f1_class::Cohen Syndrome,0.13793103448275862,377,149
B2_r2,pointnet,proto,scan,0,f1_class::Costello Syndrome,0.09090909090909091,377,149
B2_r2,pointnet,proto,scan,0,f1_class::Down Syndrome,0.0,377,149
B2_r2,pointnet,proto,scan,0,f1_class::Ehlers-Danlos Syndrome,0.6206896551724138,377,149
B2_r2,pointnet,proto,scan,0,f1_class::Jacobsen Syndrome,0.0,377,149
B2_r2,pointnet,proto,scan,0,f1_class::Joubert Syndrome,0.047619047619047616,377,149
B2_r2,pointnet,proto,scan,0,f1_class::Loeys-Dietz Syndrome,0.36363636363636365,377,149
B2_r2,pointnet,proto,scan,0,f1_class::Marfan Syndrome,0.10526315789473684,377,149
B2_r2,pointnet,proto,scan,0,f1_class::Noonan Syndrome,0.14634146341463414,377,149
B2_r2,pointnet,proto,scan,0,f1_class::Pallister-Killian Syndrome,0.15384615384615385,377,149
B2_r2,pointnet,proto,scan,0,f1_class::Phelan McDermid Syndrome,0.27586206896551724,377,149
B2_r2,pointnet,proto,scan,0,f1_class::Pitt Hopkins,0.6086956521739131,377,149
B2_r2,pointnet,proto,scan,0,f1_class::Rett Syndrome,0.0,377,149
B2_r2,pointnet,proto,scan,0,f1_class::Smith-Lemli-Opitz,0.0,377,149
B2_r2,pointnet,proto,scan,0,f1_class::Trisomy 18,0.25,377,149
B2_r2,pointnet,proto,scan,0,f1_class::Turner Syndrome,0.3333333333333333,377,149
B2_r2,pointnet,proto,scan,0,f1_class::Williams Syndrome,0.38095238095238093,377,149
B2_r2,pointnet,proto,subject,0,accuracy,0.2080536912751678,149,149
B2_r2,pointnet,proto,subject,0,macro_f1,0.2074949356199356,149,149
B2_r2,pointnet,proto,subject,0,macro_auc,0.7816398524598583,149,149
B2_r2,pointnet,proto,subject,0,f1_class::5p-,0.0,149,149
B2_r2,pointnet,proto,subject,0,f1_class::Achondroplasia,0.15384615384615385,149,149
B2_r2,pointnet,proto,subject,0,f1_class::Angelman Syndrome,0.2857142857142857,149,149
B2_r2,pointnet,proto,subject,0,f1_class::CFC,0.2,149,149
B2_r2,pointnet,proto,subject,0,f1_class::CHARGE Syndrome,0.2857142857142857,149,149
B2_r2,pointnet,proto,subject,0,f1_class::CdLS,0.0,149,149
B2_r2,pointnet,proto,subject,0,f1_class::Cockayne Syndrome,0.25,149,149
B2_r2,pointnet,proto,subject,0,f1_class::Cohen Syndrome,0.15384615384615385,149,149
B2_r2,pointnet,proto,subject,0,f1_class::Costello Syndrome,0.0,149,149
B2_r2,pointnet,proto,subject,0,f1_class::Down Syndrome,0.0,149,149
B2_r2,pointnet,proto,subject,0,f1_class::Ehlers-Danlos Syndrome,0.7272727272727273,149,149
B2_r2,pointnet,proto,subject,0,f1_class::Jacobsen Syndrome,0.0,149,149
B2_r2,pointnet,proto,subject,0,f1_class::Joubert Syndrome,0.0,149,149
B2_r2,pointnet,proto,subject,0,f1_class::Loeys-Dietz Syndrome,0.5,149,149
B2_r2,pointnet,proto,subject,0,f1_class::Marfan Syndrome,0.16666666666666666,149,149
B2_r2,pointnet,proto,subject,0,f1_class::Noonan Syndrome,0.125,149,149
B2_r2,pointnet,proto,subject,0,f1_class::Pallister-Killian Syndrome,0.25,149,149
B2_r2,pointnet,proto,subject,0,f1_class::Phelan McDermid Syndrome,0.4,149,149
B2_r2,pointnet,proto,subject,0,f1_class::Pitt Hopkins,0.5,149,149
B2_r2,pointnet,proto,subject,0,f1_class::Rett Syndrome,0.18181818181818182,149,149
B2_r2,pointnet,proto,subject,0,f1_class::Smith-Lemli-Opitz,0.13333333333333333,149,149
B2_r2,pointnet,proto,subject,0,f1_class::Trisomy 18,0.0,149,149
B2_r2,pointnet,proto,subject,0,f1_class::Turner Syndrome,0.2857142857142857,149,149
B2_r2,pointnet,proto,subject,0,f1_class::Williams Syndrome,0.38095238095238093,149,149
B2_r2,pointnet,knn11,scan,0,accuracy,0.21485411140583555,377,149
B2_r2,pointnet,knn11,scan,0,macro_f1,0.17134547445549134,377,149
B2_r2,pointnet,knn11,scan,0,macro_auc,0.6915015716891042,377,149
B2_r2,pointnet,knn11,scan,0,f1_class::5p-,0.1,377,149
B2_r2,pointnet,knn11,scan,0,f1_class::Achondroplasia,0.14814814814814814,377,149
B2_r2,pointnet,knn11,scan,0,f1_class::Angelman Syndrome,0.0,377,149
B2_r2,pointnet,knn11,scan,0,f1_class::CFC,0.1111111111111111,377,149
B2_r2,pointnet,knn11,scan,0,f1_class::CHARGE Syndrome,0.13793103448275862,377,149
B2_r2,pointnet,knn11,scan,0,f1_class::CdLS,0.1111111111111111,377,149
B2_r2,pointnet,knn11,scan,0,f1_class::Cockayne Syndrome,0.48484848484848486,377,149
B2_r2,pointnet,knn11,scan,0,f1_class::Cohen Syndrome,0.06896551724137931,377,149
B2_r2,pointnet,knn11,scan,0,f1_class::Costello Syndrome,0.044444444444444446,377,149
B2_r2,pointnet,knn11,scan,0,f1_class::Down Syndrome,0.0975609756097561,377,149
B2_r2,pointnet,knn11,scan,0,f1_class::Ehlers-Danlos Syndrome,0.3076923076923077,377,149
B2_r2,pointnet,knn11,scan,0,f1_class::Jacobsen Syndrome,0.0,377,149
B2_r2,pointnet,knn11,scan,0,f1_class::Joubert Syndrome,0.15789473684210525,377,149
B2_r2,pointnet,knn11,scan,0,f1_class::Loeys-Dietz Syndrome,0.1,377,149
B2_r2,pointnet,knn11,scan,0,f1_class::Marfan Syndrome,0.0,377,149
B2_r2,pointnet,knn11,scan,0,f1_class::Noonan Syndrome,0.12244897959183673,377,149
B2_r2,pointnet,knn11,scan,0,f1_class::Pallister-Killian Syndrome,0.32,377,149
B2_r2,pointnet,knn11,scan,0,f1_class::Phelan McDermid Syndrome,0.43243243243243246,377,149
B2_r2,pointnet,knn11,scan,0,f1_class::Pitt Hopkins,0.5882352941176471,377,149
B2_r2,pointnet,knn11,scan,0,f1_class::Rett Syndrome,0.21052631578947367,377,149
B2_r2,pointnet,knn11,scan,0,f1_class::Smith-Lemli-Opitz,0.0,377,149
B2_r2,pointnet,knn11,scan,0,f1_class::Trisomy 18,0.0,377,149
B2_r2,pointnet,knn11,scan,0,f1_class::Turner Syndrome,0.15384615384615385,377,149
B2_r2,pointnet,knn11,scan,0,f1_class::Williams Syndrome,0.41509433962264153,377,149
B2_r2,pointnet,knn11,subject,0,accuracy,0.22818791946308725,149,149
B2_r2,pointnet,knn11,subject,0,macro_f1,0.2160230573710966,149,149
B2_r2,pointnet,knn11,subject,0,macro_auc,0.7131036646110913,149,149
B2_r2,pointnet,knn11,subject,0,f1_class::5p-,0.0,149,149
B2_r2,pointnet,knn11,subject,0,f1_class::Achondroplasia,0.14285714285714285,149,149
B2_r2,pointnet,knn11,subject,0,f1_class::Angelman Syndrome,0.2857142857142857,149,149
B2_r2,pointnet,knn11,subject,0,f1_class::CFC,0.0,149,149
B2_r2,pointnet,knn11,subject,0,f1_class::CHARGE Syndrome,0.23529411764705882,149,149
B2_r2,pointnet,knn11,subject,0,f1_class::CdLS,0.2222222222222222,149,149
B2_r2,pointnet,knn11,subject,0,f1_class::Cockayne Syndrome,0.6666666666666666,149,149
B2_r2,pointnet,knn11,subject,0,f1_class::Cohen Syndrome,0.25,149,149
B2_r2,pointnet,knn11,subject,0,f1_class::Costello Syndrome,0.5,149,149
B2_r2,pointnet,knn11,subject,0,f1_class::Down Syndrome,0.14814814814814814,149,149
B2_r2,pointnet,knn11,subject,0,f1_class::Ehlers-Danlos Syndrome,0.3,149,149
B2_r2,pointnet,knn11,subject,0,f1_class::Jacobsen Syndrome,0.0,149,149
B2_r2,pointnet,knn11,subject,0,f1_class::Joubert Syndrome,0.09523809523809523,149,149
B2_r2,pointnet,knn11,subject,0,f1_class::Loeys-Dietz Syndrome,0.3333333333333333,149,149
B2_r2,pointnet,knn11,subject,0,f1_class::Marfan Syndrome,0.0,149,149
B2_r2,pointnet,knn11,subject,0,f1_class::Noonan Syndrome,0.19047619047619047,149,149
B2_r2,pointnet,knn11,subject,0,f1_class::Pallister-Killian Syndrome,0.4444444444444444,149,149
B2_r2,pointnet,knn11,subject,0,f1_class::Phelan McDermid Syndrome,0.24,149,149
B2_r2,pointnet,knn11,subject,0,f1_class::Pitt Hopkins,0.4,149,149
B2_r2,pointnet,knn11,subject,0,f1_class::Rett Syndrome,0.0,149,149
B2_r2,pointnet,knn11,subject,0,f1_class::Smith-Lemli-Opitz,0.0,149,149
B2_r2,pointnet,knn11,subject,0,f1_class::Trisomy 18,0.2857142857142857,149,149
B2_r2,pointnet,knn11,subject,0,f1_class::Turner Syndrome,0.0,149,149
B2_r2,pointnet,knn11,subject,0,f1_class::Williams Syndrome,0.4444444444444444,149,149
B2_r2,dgcnn,softmax,scan,0,accuracy,0.30238726790450926,377,149
B2_r2,dgcnn,softmax,scan,0,macro_f1,0.2750121800213711,377,149
B2_r2,dgcnn,softmax,scan,0,macro_auc,0.830205724913507,377,149
B2_r2,dgcnn,softmax,scan,0,f1_class::5p-,0.32,377,149
B2_r2,dgcnn,softmax,scan,0,f1_class::Achondroplasia,0.2857142857142857,377,149
B2_r2,dgcnn,softmax,scan,0,f1_class::Angelman Syndrome,0.4,377,149
B2_r2,dgcnn,softmax,scan,0,f1_class::CFC,0.10256410256410256,377,149
B2_r2,dgcnn,softmax,scan,0,f1_class::CHARGE Syndrome,0.21428571428571427,377,149
B2_r2,dgcnn,softmax,scan,0,f1_class::CdLS,0.0,377,149
B2_r2,dgcnn,softmax,scan,0,f1_class::Cockayne Syndrome,0.23529411764705882,377,149
B2_r2,dgcnn,softmax,scan,0,f1_class::Cohen Syndrome,0.5714285714285714,377,149
B2_r2,dgcnn,softmax,scan,0,f1_class::Costello Syndrome,0.24561403508771928,377,149
B2_r2,dgcnn,softmax,scan,0,f1_class::Down Syndrome,0.425531914893617,377,149
B2_r2,dgcnn,softmax,scan,0,f1_class::Ehlers-Danlos Syndrome,0.7407407407407407,377,149
B2_r2,dgcnn,softmax,scan,0,f1_class::Jacobsen Syndrome,0.09523809523809523,377,149
B2_r2,dgcnn,softmax,scan,0,f1_class::Joubert Syndrome,0.2727272727272727,377,149
B2_r2,dgcnn,softmax,scan,0,f1_class::Loeys-Dietz Syndrome,0.38461538461538464,377,149
B2_r2,dgcnn,softmax,scan,0,f1_class::Marfan Syndrome,0.0,377,149
B2_r2,dgcnn,softmax,scan,0,f1_class::Noonan Syndrome,0.12903225806451613,377,149
B2_r2,dgcnn,softmax,scan,0,f1_class::Pallister-Killian Syndrome,0.2777777777777778,377,149
B2_r2,dgcnn,softmax,scan,0,f1_class::Phelan McDermid Syndrome,0.5454545454545454,377,149
B2_r2,dgcnn,softmax,scan,0,f1_class::Pitt Hopkins,0.46153846153846156,377,149
B2_r2,dgcnn,softmax,scan,0,f1_class::Rett Syndrome,0.1111111111111111,377,149
B2_r2,dgcnn,softmax,scan,0,f1_class::Smith-Lemli-Opitz,0.15384615384615385,377,149
B2_r2,dgcnn,softmax,scan,0,f1_class::Trisomy 18,0.0,377,149
B2_r2,dgcnn,softmax,scan,0,f1_class::Turner Syndrome,0.2777777777777778,377,149
B2_r2,dgcnn,softmax,scan,0,f1_class::Williams Syndrome,0.35,377,149
B2_r2,dgcnn,softmax,subject,0,accuracy,0.3624161073825503,149,149
B2_r2,dgcnn,softmax,subject,0,macro_f1,0.32494192682264766,149,149
B2_r2,dgcnn,softmax,subject,0,macro_auc,0.866479144993872,149,149
B2_r2,dgcnn,softmax,subject,0,f1_class::5p-,0.3333333333333333,149,149
B2_r2,dgcnn,softmax,subject,0,f1_class::Achondroplasia,0.4444444444444444,149,149
B2_r2,dgcnn,softmax,subject,0,f1_class::Angelman Syndrome,0.5714285714285714,149,149
B2_r2,dgcnn,softmax,subject,0,f1_class::CFC,0.18181818181818182,149,149
B2_r2,dgcnn,softmax,subject,0,f1_class::CHARGE Syndrome,0.4,149,149
B2_r2,dgcnn,softmax,subject,0,f1_class::CdLS,0.0,149,149
B2_r2,dgcnn,softmax,subject,0,f1_class::Cockayne Syndrome,0.25,149,149
B2_r2,dgcnn,softmax,subject,0,f1_class::Cohen Syndrome,0.5714285714285714,149,149
B2_r2,dgcnn,softmax,subject,0,f1_class::Costello Syndrome,0.2608695652173913,149,149
B2_r2,dgcnn,softmax,subject,0,f1_class::Down Syndrome,0.5555555555555556,149,149
B2_r2,dgcnn,softmax,subject,0,f1_class::Ehlers-Danlos Syndrome,0.9230769230769231,149,149
B2_r2,dgcnn,softmax,subject,0,f1_class::Jacobsen Syndrome,0.1111111111111111,149,149
B2_r2,dgcnn,softmax,subject,0,f1_class::Joubert Syndrome,0.25,149,149
B2_r2,dgcnn,softmax,subject,0,f1_class::Loeys-Dietz Syndrome,0.5714285714285714,149,149
B2_r2,dgcnn,softmax,subject,0,f1_class::Marfan Syndrome,0.0,149,149
B2_r2,dgcnn,softmax,subject,0,f1_class::Noonan Syndrome,0.18181818181818182,149,149
B2_r2,dgcnn,softmax,subject,0,f1_class::Pallister-Killian Syndrome,0.375,149,149
B2_r2,dgcnn,softmax,subject,0,f1_class::Phelan McDermid Syndrome,0.631578947368421,149,149
B2_r2,dgcnn,softmax,subject,0,f1_class::Pitt Hopkins,0.4,149,149
B2_r2,dgcnn,softmax,subject,0,f1_class::Rett Syndrome,0.0,149,149
B2_r2,dgcnn,softmax,subject,0,f1_class::Smith-Lemli-Opitz,0.2857142857142857,149,149
B2_r2,dgcnn,softmax,subject,0,f1_class::Trisomy 18,0.0,149,149
B2_r2,dgcnn,softmax,subject,0,f1_class::Turner Syndrome,0.3333333333333333,149,149
B2_r2,dgcnn,softmax,subject,0,f1_class::Williams Syndrome,0.16666666666666666,149,149
B2_r2,dgcnn,proto,scan,0,accuracy,0.2838196286472148,377,149
B2_r2,dgcnn,proto,scan,0,macro_f1,0.24953688827507461,377,149
B2_r2,dgcnn,proto,scan,0,macro_auc,0.8236118551469653,377,149
B2_r2,dgcnn,proto,scan,0,f1_class::5p-,0.2727272727272727,377,149
B2_r2,dgcnn,proto,scan,0,f1_class::Achondroplasia,0.2608695652173913,377,149
B2_r2,dgcnn,proto,scan,0,f1_class::Angelman Syndrome,0.25,377,149
B2_r2,dgcnn,proto,scan,0,f1_class::CFC,0.08,377,149
B2_r2,dgcnn,proto,scan,0,f1_class::CHARGE Syndrome,0.13333333333333333,377,149
B2_r2,dgcnn,proto,scan,0,f1_class::CdLS,0.05714285714285714,377,149
B2_r2,dgcnn,proto,scan,0,f1_class::Cockayne Syndrome,0.35555555555555557,377,149
B2_r2,dgcnn,proto,scan,0,f1_class::Cohen Syndrome,0.7058823529411765,377,149
B2_r2,dgcnn,proto,scan,0,f1_class::Costello Syndrome,0.08888888888888889,377,149
B2_r2,dgcnn,proto,scan,0,f1_class::Down Syndrome,0.2608695652173913,377,149
B2_r2,dgcnn,proto,scan,0,f1_class::Ehlers-Danlos Syndrome,0.5405405405405406,377,149
B2_r2,dgcnn,proto,scan,0,f1_class::Jacobsen Syndrome,0.16,377,149
B2_r2,dgcnn,proto,scan,0,f1_class::Joubert Syndrome,0.18181818181818182,377,149
B2_r2,dgcnn,proto,scan,0,f1_class::Loeys-Dietz Syndrome,0.3076923076923077,377,149
B2_r2,dgcnn,proto,scan,0,f1_class::Marfan Syndrome,0.17391304347826086,377,149
B2_r2,dgcnn,proto,scan,0,f1_class::Noonan Syndrome,0.18181818181818182,377,149
B2_r2,dgcnn,proto,scan,0,f1_class::Pallister-Killian Syndrome,0.2962962962962963,377,149
B2_r2,dgcnn,proto,scan,0,f1_class::Phelan McDermid Syndrome,0.4878048780487805,377,149
B2_r2,dgcnn,proto,scan,0,f1_class::Pitt Hopkins,0.38461538461538464,377,149
B2_r2,dgcnn,proto,scan,0,f1_class::Rett Syndrome,0.10526315789473684,377,149
B2_r2,dgcnn,proto,scan,0,f1_class::Smith-Lemli-Opitz,0.11764705882352941,377,149
B2_r2,dgcnn,proto,scan,0,f1_class::Trisomy 18,0.0,377,149
B2_r2,dgcnn,proto,scan,0,f1_class::Turner Syndrome,0.20689655172413793,377,149
B2_r2,dgcnn,proto,scan,0,f1_class::Williams Syndrome,0.3793103448275862,377,149
B2_r2,dgcnn,proto,subject,0,accuracy,0.348993288590604,149,149
B2_r2,dgcnn,proto,subject,0,macro_f1,0.35069439683410275,149,149
B2_r2,dgcnn,proto,subject,0,macro_auc,0.8676958048089792,149,149
B2_r2,dgcnn,proto,subject,0,f1_class::5p-,0.18181818181818182,149,149
B2_r2,dgcnn,proto,subject,0,f1_class::Achondroplasia,0.375,149,149
B2_r2,dgcnn,proto,subject,0,f1_class::Angelman Syndrome,0.6,149,149
B2_r2,dgcnn,proto,subject,0,f1_class::CFC,0.3333333333333333,149,149
B2_r2,dgcnn,proto,subject,0,f1_class::CHARGE Syndrome,0.42857142857142855,149,149
B2_r2,dgcnn,proto,subject,0,f1_class::CdLS,0.15384615384615385,149,149
B2_r2,dgcnn,proto,subject,0,f1_class::Cockayne Syndrome,0.4,149,149
B2_r2,dgcnn,proto,subject,0,f1_class::Cohen Syndrome,0.75,149,149
B2_r2,dgcnn,proto,subject,0,f1_class::Costello Syndrome,0.23529411764705882,149,149
B2_r2,dgcnn,proto,subject,0,f1_class::Down Syndrome,0.2727272727272727,149,149
B2_r2,dgcnn,proto,subject,0,f1_class::Ehlers-Danlos Syndrome,0.6666666666666666,149,149
B2_r2,dgcnn,proto,subject,0,f1_class::Jacobsen Syndrome,0.25,149,149
B2_r2,dgcnn,proto,subject,0,f1_class::Joubert Syndrome,0.5714285714285714,149,149
B2_r2,dgcnn,proto,subject,0,f1_class::Loeys-Dietz Syndrome,0.4,149,149
B2_r2,dgcnn,proto,subject,0,f1_class::Marfan Syndrome,0.0,149,149
B2_r2,dgcnn,proto,subject,0,f1_class::Noonan Syndrome,0.13333333333333333,149,149
B2_r2,dgcnn,proto,subject,0,f1_class::Pallister-Killian Syndrome,0.5454545454545454,149,149
B2_r2,dgcnn,proto,subject,0,f1_class::Phelan McDermid Syndrome,0.5333333333333333,149,149
B2_r2,dgcnn,proto,subject,0,f1_class::Pitt Hopkins,0.36363636363636365,149,149
B2_r2,dgcnn,proto,subject,0,f1_class::Rett Syndrome,0.5,149,149
B2_r2,dgcnn,proto,subject,0,f1_class::Smith-Lemli-Opitz,0.2222222222222222,149,149
B2_r2,dgcnn,proto,subject,0,f1_class::Trisomy 18,0.0,149,149
B2_r2,dgcnn,proto,subject,0,f1_class::Turner Syndrome,0.25,149,149
B2_r2,dgcnn,proto,subject,0,f1_class::Williams Syndrome,0.25,149,149
B2_r2,dgcnn,knn11,scan,0,accuracy,0.2917771883289125,377,149
B2_r2,dgcnn,knn11,scan,0,macro_f1,0.22406523426993086,377,149
B2_r2,dgcnn,knn11,scan,0,macro_auc,0.7383410129556284,377,149
B2_r2,dgcnn,knn11,scan,0,f1_class::5p-,0.36363636363636365,377,149
B2_r2,dgcnn,knn11,scan,0,f1_class::Achondroplasia,0.26666666666666666,377,149
B2_r2,dgcnn,knn11,scan,0,f1_class::Angelman Syndrome,0.4166666666666667,377,149
B2_r2,dgcnn,knn11,scan,0,f1_class::CFC,0.05714285714285714,377,149
B2_r2,dgcnn,knn11,scan,0,f1_class::CHARGE Syndrome,0.13793103448275862,377,149
B2_r2,dgcnn,knn11,scan,0,f1_class::CdLS,0.27906976744186046,377,149
B2_r2,dgcnn,knn11,scan,0,f1_class::Cockayne Syndrome,0.47058823529411764,377,149
B2_r2,dgcnn,knn11,scan,0,f1_class::Cohen Syndrome,0.5,377,149
B2_r2,dgcnn,knn11,scan,0,f1_class::Costello Syndrome,0.1509433962264151,377,149
B2_r2,dgcnn,knn11,scan,0,f1_class::Down Syndrome,0.5625,377,149
B2_r2,dgcnn,knn11,scan,0,f1_class::Ehlers-Danlos Syndrome,0.4,377,149
B2_r2,dgcnn,knn11,scan,0,f1_class::Jacobsen Syndrome,0.0,377,149
B2_r2,dgcnn,knn11,scan,0,f1_class::Joubert Syndrome,0.0,377,149
B2_r2,dgcnn,knn11,scan,0,f1_class::Loeys-Dietz Syndrome,0.09523809523809523,377,149
B2_r2,dgcnn,knn11,scan,0,f1_class::Marfan Syndrome,0.13333333333333333,377,149
B2_r2,dgcnn,knn11,scan,0,f1_class::Noonan Syndrome,0.2857142857142857,377,149
B2_r2,dgcnn,knn11,scan,0,f1_class::Pallister-Killian Syndrome,0.4,377,149
B2_r2,dgcnn,knn11,scan,0,f1_class::Phelan McDermid Syndrome,0.6041666666666666,377,149
B2_r2,dgcnn,knn11,scan,0,f1_class::Pitt Hopkins,0.0,377,149
B2_r2,dgcnn,knn11,scan,0,f1_class::Rett Syndrome,0.0,377,149
B2_r2,dgcnn,knn11,scan,0,f1_class::Smith-Lemli-Opitz,0.0,377,149
B2_r2,dgcnn,knn11,scan,0,f1_class::Trisomy 18,0.0,377,149
B2_r2,dgcnn,knn11,scan,0,f1_class::Turner Syndrome,0.0,377,149
B2_r2,dgcnn,knn11,scan,0,f1_class::Williams Syndrome,0.25396825396825395,377,149
B2_r2,dgcnn,knn11,subject,0,accuracy,0.30201342281879195,149,149
B2_r2,dgcnn,knn11,subject,0,macro_f1,0.2597732492682183,149,149
B2_r2,dgcnn,knn11,subject,0,macro_auc,0.7739372134398446,149,149
B2_r2,dgcnn,knn11,subject,0,f1_class::5p-,0.2,149,149
B2_r2,dgcnn,knn11,subject,0,f1_class::Achondroplasia,0.32,149,149
B2_r2,dgcnn,knn11,subject,0,f1_class::Angelman Syndrome,0.3333333333333333,149,149
B2_r2,dgcnn,knn11,subject,0,f1_class::CFC,0.2222222222222222,149,149
B2_r2,dgcnn,knn11,subject,0,f1_class::CHARGE Syndrome,0.0,149,149
B2_r2,dgcnn,knn11,subject,0,f1_class::CdLS,0.125,149,149
B2_r2,dgcnn,knn11,subject,0,f1_class::Cockayne Syndrome,0.6,149,149
B2_r2,dgcnn,knn11,subject,0,f1_class::Cohen Syndrome,0.8571428571428571,149,149
B2_r2,dgcnn,knn11,subject,0,f1_class::Costello Syndrome,0.2222222222222222,149,149
B2_r2,dgcnn,knn11,subject,0,f1_class::Down Syndrome,0.6,149,149
B2_r2,dgcnn,knn11,subject,0,f1_class::Ehlers-Danlos Syndrome,0.4,149,149
B2_r2,dgcnn,knn11,subject,0,f1_class::Jacobsen Syndrome,0.0,149,149
B2_r2,dgcnn,knn11,subject,0,f1_class::Joubert Syndrome,0.15384615384615385,149,149
B2_r2,dgcnn,knn11,subject,0,f1_class::Loeys-Dietz Syndrome,0.2222222222222222,149,149
B2_r2,dgcnn,knn11,subject,0,f1_class::Marfan Syndrome,0.23529411764705882,149,149
B2_r2,dgcnn,knn11,subject,0,f1_class::Noonan Syndrome,0.2222222222222222,149,149
B2_r2,dgcnn,knn11,subject,0,f1_class::Pallister-Killian Syndrome,0.4,149,149
B2_r2,dgcnn,knn11,subject,0,f1_class::Phelan McDermid Syndrome,0.42105263157894735,149,149
B2_r2,dgcnn,knn11,subject,0,f1_class::Pitt Hopkins,0.4,149,149
B2_r2,dgcnn,knn11,subject,0,f1_class::Rett Syndrome,0.0,149,149
B2_r2,dgcnn,knn11,subject,0,f1_class::Smith-Lemli-Opitz,0.0,149,149
B2_r2,dgcnn,knn11,subject,0,f1_class::Trisomy 18,0.0,149,149
B2_r2,dgcnn,knn11,subject,0,f1_class::Turner Syndrome,0.0,149,149
B2_r2,dgcnn,knn11,subject,0,f1_class::Williams Syndrome,0.3,149,149
B2_r2,pointnet2,softmax,scan,0,accuracy,0.38726790450928383,377,149
B2_r2,pointnet2,softmax,scan,0,macro_f1,0.3146135613670799,377,149
B2_r2,pointnet2,softmax,scan,0,macro_auc,0.8571459568460419,377,149
B2_r2,pointnet2,softmax,scan,0,f1_class::5p-,0.1111111111111111,377,149
B2_r2,pointnet2,softmax,scan,0,f1_class::Achondroplasia,0.4,377,149
B2_r2,pointnet2,softmax,scan,0,f1_class::Angelman Syndrome,0.16666666666666666,377,149
B2_r2,pointnet2,softmax,scan,0,f1_class::CFC,0.2857142857142857,377,149
B2_r2,pointnet2,softmax,scan,0,f1_class::CHARGE Syndrome,0.07407407407407407,377,149
B2_r2,pointnet2,softmax,scan,0,f1_class::CdLS,0.1935483870967742,377,149
B2_r2,pointnet2,softmax,scan,0,f1_class::Cockayne Syndrome,0.48484848484848486,377,149
B2_r2,pointnet2,softmax,scan,0,f1_class::Cohen Syndrome,0.5806451612903226,377,149
B2_r2,pointnet2,softmax,scan,0,f1_class::Costello Syndrome,0.3125,377,149
B2_r2,pointnet2,softmax,scan,0,f1_class::Down Syndrome,0.46511627906976744,377,149
B2_r2,pointnet2,softmax,scan,0,f1_class::Ehlers-Danlos Syndrome,0.6666666666666666,377,149
B2_r2,pointnet2,softmax,scan,0,f1_class::Jacobsen Syndrome,0.0,377,149
B2_r2,pointnet2,softmax,scan,0,f1_class::Joubert Syndrome,0.2564102564102564,377,149
B2_r2,pointnet2,softmax,scan,0,f1_class::Loeys-Dietz Syndrome,0.3333333333333333,377,149
B2_r2,pointnet2,softmax,scan,0,f1_class::Marfan Syndrome,0.5555555555555556,377,149
B2_r2,pointnet2,softmax,scan,0,f1_class::Noonan Syndrome,0.35,377,149
B2_r2,pointnet2,softmax,scan,0,f1_class::Pallister-Killian Syndrome,0.42857142857142855,377,149
B2_r2,pointnet2,softmax,scan,0,f1_class::Phelan McDermid Syndrome,0.6046511627906976,377,149
B2_r2,pointnet2,softmax,scan,0,f1_class::Pitt Hopkins,0.37037037037037035,377,149
B2_r2,pointnet2,softmax,scan,0,f1_class::Rett Syndrome,0.14285714285714285,377,149
B2_r2,pointnet2,softmax,scan,0,f1_class::Smith-Lemli-Opitz,0.0,377,149
B2_r2,pointnet2,softmax,scan,0,f1_class::Trisomy 18,0.0,377,149
B2_r2,pointnet2,softmax,scan,0,f1_class::Turner Syndrome,0.3,377,149
B2_r2,pointnet2,softmax,scan,0,f1_class::Williams Syndrome,0.46808510638297873,377,149
B2_r2,pointnet2,softmax,scan,1,accuracy,0.38992042440318303,377,149
B2_r2,pointnet2,softmax,scan,1,macro_f1,0.30599881046644895,377,149
B2_r2,pointnet2,softmax,scan,1,macro_auc,0.8554354682451603,377,149
B2_r2,pointnet2,softmax,scan,1,f1_class::5p-,0.0,377,149
B2_r2,pointnet2,softmax,scan,1,f1_class::Achondroplasia,0.47058823529411764,377,149
B2_r2,pointnet2,softmax,scan,1,f1_class::Angelman Syndrome,0.0,377,149
B2_r2,pointnet2,softmax,scan,1,f1_class::CFC,0.3076923076923077,377,149
B2_r2,pointnet2,softmax,scan,1,f1_class::CHARGE Syndrome,0.07692307692307693,377,149
B2_r2,pointnet2,softmax,scan,1,f1_class::CdLS,0.20689655172413793,377,149
B2_r2,pointnet2,softmax,scan,1,f1_class::Cockayne Syndrome,0.38461538461538464,377,149
B2_r2,pointnet2,softmax,scan,1,f1_class::Cohen Syndrome,0.6,377,149
B2_r2,pointnet2,softmax,scan,1,f1_class::Costello Syndrome,0.3225806451612903,377,149
B2_r2,pointnet2,softmax,scan,1,f1_class::Down Syndrome,0.5581395348837209,377,149
B2_r2,pointnet2,softmax,scan,1,f1_class::Ehlers-Danlos Syndrome,0.7272727272727273,377,149
B2_r2,pointnet2,softmax,scan,1,f1_class::Jacobsen Syndrome,0.0,377,149
B2_r2,pointnet2,softmax,scan,1,f1_class::Joubert Syndrome,0.2727272727272727,377,149
B2_r2,pointnet2,softmax,scan,1,f1_class::Loeys-Dietz Syndrome,0.3,377,149
B2_r2,pointnet2,softmax,scan,1,f1_class::Marfan Syndrome,0.5714285714285714,377,149
B2_r2,pointnet2,softmax,scan,1,f1_class::Noonan Syndrome,0.32558139534883723,377,149
B2_r2,pointnet2,softmax,scan,1,f1_class::Pallister-Killian Syndrome,0.45,377,149
B2_r2,pointnet2,softmax,scan,1,f1_class::Phelan McDermid Syndrome,0.6741573033707865,377,149
B2_r2,pointnet2,softmax,scan,1,f1_class::Pitt Hopkins,0.2962962962962963,377,149
B2_r2,pointnet2,softmax,scan,1,f1_class::Rett Syndrome,0.14285714285714285,377,149
B2_r2,pointnet2,softmax,scan,1,f1_class::Smith-Lemli-Opitz,0.0,377,149
B2_r2,pointnet2,softmax,scan,1,f1_class::Trisomy 18,0.0,377,149
B2_r2,pointnet2,softmax,scan,1,f1_class::Turner Syndrome,0.3157894736842105,377,149
B2_r2,pointnet2,softmax,scan,1,f1_class::Williams Syndrome,0.3404255319148936,377,149
B2_r2,pointnet2,softmax,scan,2,accuracy,0.376657824933687,377,149
B2_r2,pointnet2,softmax,scan,2,macro_f1,0.3106637562277259,377,149
B2_r2,pointnet2,softmax,scan,2,macro_auc,0.8565036144929389,377,149
B2_r2,pointnet2,softmax,scan,2,f1_class::5p-,0.13333333333333333,377,149
B2_r2,pointnet2,softmax,scan,2,f1_class::Achondroplasia,0.391304347826087,377,149
B2_r2,pointnet2,softmax,scan,2,f1_class::Angelman Syndrome,0.3076923076923077,377,149
B2_r2,pointnet2,softmax,scan,2,f1_class::CFC,0.2857142857142857,377,149
B2_r2,pointnet2,softmax,scan,2,f1_class::CHARGE Syndrome,0.07142857142857142,377,149
B2_r2,pointnet2,softmax,scan,2,f1_class::CdLS,0.27586206896551724,377,149
B2_r2,pointnet2,softmax,scan,2,f1_class::Cockayne Syndrome,0.5333333333333333,377,149
B2_r2,pointnet2,softmax,scan,2,f1_class::Cohen Syndrome,0.5806451612903226,377,149
B2_r2,pointnet2,softmax,scan,2,f1_class::Costello Syndrome,0.24242424242424243,377,149
B2_r2,pointnet2,softmax,scan,2,f1_class::Down Syndrome,0.5128205128205128,377,149
B2_r2,pointnet2,softmax,scan,2,f1_class::Ehlers-Danlos Syndrome,0.7058823529411765,377,149
B2_r2,pointnet2,softmax,scan,2,f1_class::Jacobsen Syndrome,0.0,377,149
B2_r2,pointnet2,softmax,scan,2,f1_class::Joubert Syndrome,0.34146341463414637,377,149
B2_r2,pointnet2,softmax,scan,2,f1_class::Loeys-Dietz Syndrome,0.23809523809523808,377,149
B2_r2,pointnet2,softmax,scan,2,f1_class::Marfan Syndrome,0.5294117647058824,377,149
B2_r2,pointnet2,softmax,scan,2,f1_class::Noonan Syndrome,0.3333333333333333,377,149
B2_r2,pointnet2,softmax,scan,2,f1_class::Pallister-Killian Syndrome,0.43902439024390244,377,149
B2_r2,pointnet2,softmax,scan,2,f1_class::Phelan McDermid Syndrome,0.6190476190476191,377,149
B2_r2,pointnet2,softmax,scan,2,f1_class::Pitt Hopkins,0.3333333333333333,377,149
B2_r2,pointnet2,softmax,scan,2,f1_class::Rett Syndrome,0.0,377,149
B2_r2,pointnet2,softmax,scan,2,f1_class::Smith-Lemli-Opitz,0.0,377,149
B2_r2,pointnet2,softmax,scan,2,f1_class::Trisomy 18,0.0,377,149
B2_r2,pointnet2,softmax,scan,2,f1_class::Turner Syndrome,0.19047619047619047,377,149
B2_r2,pointnet2,softmax,scan,2,f1_class::Williams Syndrome,0.391304347826087,377,149
B2_r2,pointnet2,softmax,scan,3,accuracy,0.3740053050397878,377,149
B2_r2,pointnet2,softmax,scan,3,macro_f1,0.3029533311120437,377,149
B2_r2,pointnet2,softmax,scan,3,macro_auc,0.8516246970664234,377,149
B2_r2,pointnet2,softmax,scan,3,f1_class::5p-,0.0,377,149
B2_r2,pointnet2,softmax,scan,3,f1_class::Achondroplasia,0.425531914893617,377,149
B2_r2,pointnet2,softmax,scan,3,f1_class::Angelman Syndrome,0.16666666666666666,377,149
B2_r2,pointnet2,softmax,scan,3,f1_class::CFC,0.2857142857142857,377,149
B2_r2,pointnet2,softmax,scan,3,f1_class::CHARGE Syndrome,0.06666666666666667,377,149
B2_r2,pointnet2,softmax,scan,3,f1_class::CdLS,0.20689655172413793,377,149
B2_r2,pointnet2,softmax,scan,3,f1_class::Cockayne Syndrome,0.5,377,149
B2_r2,pointnet2,softmax,scan,3,f1_class::Cohen Syndrome,0.6206896551724138,377,149
B2_r2,pointnet2,softmax,scan,3,f1_class::Costello Syndrome,0.3125,377,149
B2_r2,pointnet2,softmax,scan,3,f1_class::Down Syndrome,0.4782608695652174,377,149
B2_r2,pointnet2,softmax,scan,3,f1_class::Ehlers-Danlos Syndrome,0.6470588235294118,377,149
B2_r2,pointnet2,softmax,scan,3,f1_class::Jacobsen Syndrome,0.0,377,149
B2_r2,pointnet2,softmax,scan,3,f1_class::Joubert Syndrome,0.25,377,149
B2_r2,pointnet2,softmax,scan,3,f1_class::Loeys-Dietz Syndrome,0.23255813953488372,377,149
B2_r2,pointnet2,softmax,scan,3,f1_class::Marfan Syndrome,0.4864864864864865,377,149
B2_r2,pointnet2,softmax,scan,3,f1_class::Noonan Syndrome,0.34146341463414637,377,149
B2_r2,pointnet2,softmax,scan,3,f1_class::Pallister-Killian Syndrome,0.45,377,149
B2_r2,pointnet2,softmax,scan,3,f1_class::Phelan McDermid Syndrome,0.6352941176470588,377,149
B2_r2,pointnet2,softmax,scan,3,f1_class::Pitt Hopkins,0.2857142857142857,377,149
B2_r2,pointnet2,softmax,scan,3,f1_class::Rett Syndrome,0.15384615384615385,377,149
B2_r2,pointnet2,softmax,scan,3,f1_class::Smith-Lemli-Opitz,0.0,377,149
B2_r2,pointnet2,softmax,scan,3,f1_class::Trisomy 18,0.0,377,149
B2_r2,pointnet2,softmax,scan,3,f1_class::Turner Syndrome,0.3,377,149
B2_r2,pointnet2,softmax,scan,3,f1_class::Williams Syndrome,0.425531914893617,377,149
B2_r2,pointnet2,softmax,scan,4,accuracy,0.38461538461538464,377,149
B2_r2,pointnet2,softmax,scan,4,macro_f1,0.3141763679041563,377,149
B2_r2,pointnet2,softmax,scan,4,macro_auc,0.854545815395794,377,149
B2_r2,pointnet2,softmax,scan,4,f1_class::5p-,0.0,377,149
B2_r2,pointnet2,softmax,scan,4,f1_class::Achondroplasia,0.46808510638297873,377,149
B2_r2,pointnet2,softmax,scan,4,f1_class::Angelman Syndrome,0.2857142857142857,377,149
B2_r2,pointnet2,softmax,scan,4,f1_class::CFC,0.3076923076923077,377,149
B2_r2,pointnet2,softmax,scan,4,f1_class::CHARGE Syndrome,0.12121212121212122,377,149
B2_r2,pointnet2,softmax,scan,4,f1_class::CdLS,0.20689655172413793,377,149
B2_r2,pointnet2,softmax,scan,4,f1_class::Cockayne Syndrome,0.42857142857142855,377,149
B2_r2,pointnet2,softmax,scan,4,f1_class::Cohen Syndrome,0.6666666666666666,377,149
B2_r2,pointnet2,softmax,scan,4,f1_class::Costello Syndrome,0.29411764705882354,377,149
B2_r2,pointnet2,softmax,scan,4,f1_class::Down Syndrome,0.5238095238095238,377,149
B2_r2,pointnet2,softmax,scan,4,f1_class::Ehlers-Danlos Syndrome,0.7058823529411765,377,149
B2_r2,pointnet2,softmax,scan,4,f1_class::Jacobsen Syndrome,0.0,377,149
B2_r2,pointnet2,softmax,scan,4,f1_class::Joubert Syndrome,0.4,377,149
B2_r2,pointnet2,softmax,scan,4,f1_class::Loeys-Dietz Syndrome,0.24390243902439024,377,149
B2_r2,pointnet2,softmax,scan,4,f1_class::Marfan Syndrome,0.5,377,149
B2_r2,pointnet2,softmax,scan,4,f1_class::Noonan Syndrome,0.3181818181818182,377,149
B2_r2,pointnet2,softmax,scan,4,f1_class::Pallister-Killian Syndrome,0.43902439024390244,377,149
B2_r2,pointnet2,softmax,scan,4,f1_class::Phelan McDermid Syndrome,0.6190476190476191,377,149
B2_r2,pointnet2,softmax,scan,4,f1_class::Pitt Hopkins,0.24,377,149
B2_r2,pointnet2,softmax,scan,4,f1_class::Rett Syndrome,0.14285714285714285,377,149
B2_r2,pointnet2,softmax,scan,4,f1_class::Smith-Lemli-Opitz,0.0,377,149
B2_r2,pointnet2,softmax,scan,4,f1_class::Trisomy 18,0.0,377,149
B2_r2,pointnet2,softmax,scan,4,f1_class::Turner Syndrome,0.2,377,149
B2_r2,pointnet2,softmax,scan,4,f1_class::Williams Syndrome,0.42857142857142855,377,149
B2_r2,pointnet2,softmax,subject,0,accuracy,0.4429530201342282,149,149
B2_r2,pointnet2,softmax,subject,0,macro_f1,0.34257455400820924,149,149
B2_r2,pointnet2,softmax,subject,0,macro_auc,0.8912672135733787,149,149
B2_r2,pointnet2,softmax,subject,0,f1_class::5p-,0.0,149,149
B2_r2,pointnet2,softmax,subject,0,f1_class::Achondroplasia,0.5217391304347826,149,149
B2_r2,pointnet2,softmax,subject,0,f1_class::Angelman Syndrome,0.0,149,149
B2_r2,pointnet2,softmax,subject,0,f1_class::CFC,0.2222222222222222,149,149
B2_r2,pointnet2,softmax,subject,0,f1_class::CHARGE Syndrome,0.0,149,149
B2_r2,pointnet2,softmax,subject,0,f1_class::CdLS,0.3333333333333333,149,149
B2_r2,pointnet2,softmax,subject,0,f1_class::Cockayne Syndrome,0.6666666666666666,149,149
B2_r2,pointnet2,softmax,subject,0,f1_class::Cohen Syndrome,0.5,149,149
B2_r2,pointnet2,softmax,subject,0,f1_class::Costello Syndrome,0.5,149,149
B2_r2,pointnet2,softmax,subject,0,f1_class::Down Syndrome,0.5405405405405406,149,149
B2_r2,pointnet2,softmax,subject,0,f1_class::Ehlers-Danlos Syndrome,0.7058823529411765,149,149
B2_r2,pointnet2,softmax,subject,0,f1_class::Jacobsen Syndrome,0.0,149,149
B2_r2,pointnet2,softmax,subject,0,f1_class::Joubert Syndrome,0.42857142857142855,149,149
B2_r2,pointnet2,softmax,subject,0,f1_class::Loeys-Dietz Syndrome,0.47058823529411764,149,149
B2_r2,pointnet2,softmax,subject,0,f1_class::Marfan Syndrome,0.631578947368421,149,149
B2_r2,pointnet2,softmax,subject,0,f1_class::Noonan Syndrome,0.4,149,149
B2_r2,pointnet2,softmax,subject,0,f1_class::Pallister-Killian Syndrome,0.5263157894736842,149,149
B2_r2,pointnet2,softmax,subject,0,f1_class::Phelan McDermid Syndrome,0.75,149,149
B2_r2,pointnet2,softmax,subject,0,f1_class::Pitt Hopkins,0.36363636363636365,149,149
B2_r2,pointnet2,softmax,subject,0,f1_class::Rett Syndrome,0.0,149,149
B2_r2,pointnet2,softmax,subject,0,f1_class::Smith-Lemli-Opitz,0.0,149,149
B2_r2,pointnet2,softmax,subject,0,f1_class::Trisomy 18,0.0,149,149
B2_r2,pointnet2,softmax,subject,0,f1_class::Turner Syndrome,0.2857142857142857,149,149
B2_r2,pointnet2,softmax,subject,0,f1_class::Williams Syndrome,0.375,149,149
B2_r2,pointnet2,softmax,subject,1,accuracy,0.44966442953020136,149,149
B2_r2,pointnet2,softmax,subject,1,macro_f1,0.34146960151862116,149,149
B2_r2,pointnet2,softmax,subject,1,macro_auc,0.8855042716640072,149,149
B2_r2,pointnet2,softmax,subject,1,f1_class::5p-,0.0,149,149
B2_r2,pointnet2,softmax,subject,1,f1_class::Achondroplasia,0.5185185185185185,149,149
B2_r2,pointnet2,softmax,subject,1,f1_class::Angelman Syndrome,0.0,149,149
B2_r2,pointnet2,softmax,subject,1,f1_class::CFC,0.4,149,149
B2_r2,pointnet2,softmax,subject,1,f1_class::CHARGE Syndrome,0.0,149,149
B2_r2,pointnet2,softmax,subject,1,f1_class::CdLS,0.36363636363636365,149,149
B2_r2,pointnet2,softmax,subject,1,f1_class::Cockayne Syndrome,0.5714285714285714,149,149
B2_r2,pointnet2,softmax,subject,1,f1_class::Cohen Syndrome,0.5,149,149
B2_r2,pointnet2,softmax,subject,1,f1_class::Costello Syndrome,0.5454545454545454,149,149
B2_r2,pointnet2,softmax,subject,1,f1_class::Down Syndrome,0.6486486486486487,149,149
B2_r2,pointnet2,softmax,subject,1,f1_class::Ehlers-Danlos Syndrome,0.7058823529411765,149,149
B2_r2,pointnet2,softmax,subject,1,f1_class::Jacobsen Syndrome,0.0,149,149
B2_r2,pointnet2,softmax,subject,1,f1_class::Joubert Syndrome,0.2857142857142857,149,149
B2_r2,pointnet2,softmax,subject,1,f1_class::Loeys-Dietz Syndrome,0.36363636363636365,149,149
B2_r2,pointnet2,softmax,subject,1,f1_class::Marfan Syndrome,0.5882352941176471,149,149
B2_r2,pointnet2,softmax,subject,1,f1_class::Noonan Syndrome,0.3333333333333333,149,149
B2_r2,pointnet2,softmax,subject,1,f1_class::Pallister-Killian Syndrome,0.47058823529411764,149,149
B2_r2,pointnet2,softmax,subject,1,f1_class::Phelan McDermid Syndrome,0.8,149,149
B2_r2,pointnet2,softmax,subject,1,f1_class::Pitt Hopkins,0.46153846153846156,149,149
B2_r2,pointnet2,softmax,subject,1,f1_class::Rett Syndrome,0.0,149,149
B2_r2,pointnet2,softmax,subject,1,f1_class::Smith-Lemli-Opitz,0.0,149,149
B2_r2,pointnet2,softmax,subject,1,f1_class::Trisomy 18,0.0,149,149
B2_r2,pointnet2,softmax,subject,1,f1_class::Turner Syndrome,0.2857142857142857,149,149
B2_r2,pointnet2,softmax,subject,1,f1_class::Williams Syndrome,0.35294117647058826,149,149
B2_r2,pointnet2,softmax,subject,2,accuracy,0.42953020134228187,149,149
B2_r2,pointnet2,softmax,subject,2,macro_f1,0.3349658717646502,149,149
B2_r2,pointnet2,softmax,subject,2,macro_auc,0.8925398831696508,149,149
B2_r2,pointnet2,softmax,subject,2,f1_class::5p-,0.0,149,149
B2_r2,pointnet2,softmax,subject,2,f1_class::Achondroplasia,0.5,149,149
B2_r2,pointnet2,softmax,subject,2,f1_class::Angelman Syndrome,0.0,149,149
B2_r2,pointnet2,softmax,subject,2,f1_class::CFC,0.2,149,149
B2_r2,pointnet2,softmax,subject,2,f1_class::CHARGE Syndrome,0.18181818181818182,149,149
B2_r2,pointnet2,softmax,subject,2,f1_class::CdLS,0.2,149,149
B2_r2,pointnet2,softmax,subject,2,f1_class::Cockayne Syndrome,0.8571428571428571,149,149
B2_r2,pointnet2,softmax,subject,2,f1_class::Cohen Syndrome,0.5,149,149
B2_r2,pointnet2,softmax,subject,2,f1_class::Costello Syndrome,0.2857142857142857,149,149
B2_r2,pointnet2,softmax,subject,2,f1_class::Down Syndrome,0.6666666666666666,149,149
B2_r2,pointnet2,softmax,subject,2,f1_class::Ehlers-Danlos Syndrome,0.75,149,149
B2_r2,pointnet2,softmax,subject,2,f1_class::Jacobsen Syndrome,0.0,149,149
B2_r2,pointnet2,softmax,subject,2,f1_class::Joubert Syndrome,0.5,149,149
B2_r2,pointnet2,softmax,subject,2,f1_class::Loeys-Dietz Syndrome,0.34782608695652173,149,149
B2_r2,pointnet2,softmax,subject,2,f1_class::Marfan Syndrome,0.5882352941176471,149,149
B2_r2,pointnet2,softmax,subject,2,f1_class::Noonan Syndrome,0.13333333333333333,149,149
B2_r2,pointnet2,softmax,subject,2,f1_class::Pallister-Killian Syndrome,0.5263157894736842,149,149
B2_r2,pointnet2,softmax,subject,2,f1_class::Phelan McDermid Syndrome,0.7777777777777778,149,149
B2_r2,pointnet2,softmax,subject,2,f1_class::Pitt Hopkins,0.36363636363636365,149,149
B2_r2,pointnet2,softmax,subject,2,f1_class::Rett Syndrome,0.0,149,149
B2_r2,pointnet2,softmax,subject,2,f1_class::Smith-Lemli-Opitz,0.0,149,149
B2_r2,pointnet2,softmax,subject,2,f1_class::Trisomy 18,0.0,149,149
B2_r2,pointnet2,softmax,subject,2,f1_class::Turner Syndrome,0.2857142857142857,149,149
B2_r2,pointnet2,softmax,subject,2,f1_class::Williams Syndrome,0.375,149,149
B2_r2,pointnet2,softmax,subject,3,accuracy,0.42953020134228187,149,149
B2_r2,pointnet2,softmax,subject,3,macro_f1,0.3296085180617082,149,149
B2_r2,pointnet2,softmax,subject,3,macro_auc,0.8863842966860506,149,149
B2_r2,pointnet2,softmax,subject,3,f1_class::5p-,0.0,149,149
B2_r2,pointnet2,softmax,subject,3,f1_class::Achondroplasia,0.5384615384615384,149,149
B2_r2,pointnet2,softmax,subject,3,f1_class::Angelman Syndrome,0.0,149,149
B2_r2,pointnet2,softmax,subject,3,f1_class::CFC,0.2222222222222222,149,149
B2_r2,pointnet2,softmax,subject,3,f1_class::CHARGE Syndrome,0.0,149,149
B2_r2,pointnet2,softmax,subject,3,f1_class::CdLS,0.36363636363636365,149,149
B2_r2,pointnet2,softmax,subject,3,f1_class::Cockayne Syndrome,0.6666666666666666,149,149
B2_r2,pointnet2,softmax,subject,3,f1_class::Cohen Syndrome,0.4444444444444444,149,149
B2_r2,pointnet2,softmax,subject,3,f1_class::Costello Syndrome,0.5,149,149
B2_r2,pointnet2,softmax,subject,3,f1_class::Down Syndrome,0.6470588235294118,149,149
B2_r2,pointnet2,softmax,subject,3,f1_class::Ehlers-Danlos Syndrome,0.7058823529411765,149,149
B2_r2,pointnet2,softmax,subject,3,f1_class::Jacobsen Syndrome,0.0,149,149
B2_r2,pointnet2,softmax,subject,3,f1_class::Joubert Syndrome,0.42857142857142855,149,149
B2_r2,pointnet2,softmax,subject,3,f1_class::Loeys-Dietz Syndrome,0.34782608695652173,149,149
B2_r2,pointnet2,softmax,subject,3,f1_class::Marfan Syndrome,0.5333333333333333,149,149
B2_r2,pointnet2,softmax,subject,3,f1_class::Noonan Syndrome,0.26666666666666666,149,149
B2_r2,pointnet2,softmax,subject,3,f1_class::Pallister-Killian Syndrome,0.5263157894736842,149,149
B2_r2,pointnet2,softmax,subject,3,f1_class::Phelan McDermid Syndrome,0.7058823529411765,149,149
B2_r2,pointnet2,softmax,subject,3,f1_class::Pitt Hopkins,0.36363636363636365,149,149
B2_r2,pointnet2,softmax,subject,3,f1_class::Rett Syndrome,0.0,149,149
B2_r2,pointnet2,softmax,subject,3,f1_class::Smith-Lemli-Opitz,0.0,149,149
B2_r2,pointnet2,softmax,subject,3,f1_class::Trisomy 18,0.0,149,149
B2_r2,pointnet2,softmax,subject,3,f1_class::Turner Syndrome,0.25,149,149
B2_r2,pointnet2,softmax,subject,3,f1_class::Williams Syndrome,0.4,149,149
B2_r2,pointnet2,softmax,subject,4,accuracy,0.42953020134228187,149,149
B2_r2,pointnet2,softmax,subject,4,macro_f1,0.3288686528617936,149,149
B2_r2,pointnet2,softmax,subject,4,macro_auc,0.8872332758877048,149,149
B2_r2,pointnet2,softmax,subject,4,f1_class::5p-,0.0,149,149
B2_r2,pointnet2,softmax,subject,4,f1_class::Achondroplasia,0.5517241379310345,149,149
B2_r2,pointnet2,softmax,subject,4,f1_class::Angelman Syndrome,0.0,149,149
B2_r2,pointnet2,softmax,subject,4,f1_class::CFC,0.2857142857142857,149,149
B2_r2,pointnet2,softmax,subject,4,f1_class::CHARGE Syndrome,0.0,149,149
B2_r2,pointnet2,softmax,subject,4,f1_class::CdLS,0.36363636363636365,149,149
B2_r2,pointnet2,softmax,subject,4,f1_class::Cockayne Syndrome,0.5714285714285714,149,149
B2_r2,pointnet2,softmax,subject,4,f1_class::Cohen Syndrome,0.5714285714285714,149,149
B2_r2,pointnet2,softmax,subject,4,f1_class::Costello Syndrome,0.42857142857142855,149,149
B2_r2,pointnet2,softmax,subject,4,f1_class::Down Syndrome,0.6470588235294118,149,149
B2_r2,pointnet2,softmax,subject,4,f1_class::Ehlers-Danlos Syndrome,0.75,149,149
B2_r2,pointnet2,softmax,subject,4,f1_class::Jacobsen Syndrome,0.0,149,149
B2_r2,pointnet2,softmax,subject,4,f1_class::Joubert Syndrome,0.3333333333333333,149,149
B2_r2,pointnet2,softmax,subject,4,f1_class::Loeys-Dietz Syndrome,0.36363636363636365,149,149
B2_r2,pointnet2,softmax,subject,4,f1_class::Marfan Syndrome,0.625,149,149
B2_r2,pointnet2,softmax,subject,4,f1_class::Noonan Syndrome,0.16666666666666666,149,149
B2_r2,pointnet2,softmax,subject,4,f1_class::Pallister-Killian Syndrome,0.5263157894736842,149,149
B2_r2,pointnet2,softmax,subject,4,f1_class::Phelan McDermid Syndrome,0.75,149,149
B2_r2,pointnet2,softmax,subject,4,f1_class::Pitt Hopkins,0.3333333333333333,149,149
B2_r2,pointnet2,softmax,subject,4,f1_class::Rett Syndrome,0.0,149,149
B2_r2,pointnet2,softmax,subject,4,f1_class::Smith-Lemli-Opitz,0.0,149,149
B2_r2,pointnet2,softmax,subject,4,f1_class::Trisomy 18,0.0,149,149
B2_r2,pointnet2,softmax,subject,4,f1_class::Turner Syndrome,0.25,149,149
B2_r2,pointnet2,softmax,subject,4,f1_class::Williams Syndrome,0.375,149,149
B2_r2,pointnet2,proto,scan,0,accuracy,0.41114058355437666,377,149
B2_r2,pointnet2,proto,scan,0,macro_f1,0.36002289565168133,377,149
B2_r2,pointnet2,proto,scan,0,macro_auc,0.8508634882083825,377,149
B2_r2,pointnet2,proto,scan,0,f1_class::5p-,0.13333333333333333,377,149
B2_r2,pointnet2,proto,scan,0,f1_class::Achondroplasia,0.5454545454545454,377,149
B2_r2,pointnet2,proto,scan,0,f1_class::Angelman Syndrome,0.2,377,149
B2_r2,pointnet2,proto,scan,0,f1_class::CFC,0.24242424242424243,377,149
B2_r2,pointnet2,proto,scan,0,f1_class::CHARGE Syndrome,0.125,377,149
B2_r2,pointnet2,proto,scan,0,f1_class::CdLS,0.2564102564102564,377,149
B2_r2,pointnet2,proto,scan,0,f1_class::Cockayne Syndrome,0.47368421052631576,377,149
B2_r2,pointnet2,proto,scan,0,f1_class::Cohen Syndrome,0.6428571428571429,377,149
B2_r2,pointnet2,proto,scan,0,f1_class::Costello Syndrome,0.36363636363636365,377,149
B2_r2,pointnet2,proto,scan,0,f1_class::Down Syndrome,0.5882352941176471,377,149
B2_r2,pointnet2,proto,scan,0,f1_class::Ehlers-Danlos Syndrome,0.7058823529411765,377,149
B2_r2,pointnet2,proto,scan,0,f1_class::Jacobsen Syndrome,0.1111111111111111,377,149
B2_r2,pointnet2,proto,scan,0,f1_class::Joubert Syndrome,0.3333333333333333,377,149
B2_r2,pointnet2,proto,scan,0,f1_class::Loeys-Dietz Syndrome,0.3448275862068966,377,149
B2_r2,pointnet2,proto,scan,0,f1_class::Marfan Syndrome,0.6,377,149
B2_r2,pointnet2,proto,scan,0,f1_class::Noonan Syndrome,0.358974358974359,377,149
B2_r2,pointnet2,proto,scan,0,f1_class::Pallister-Killian Syndrome,0.47058823529411764,377,149
B2_r2,pointnet2,proto,scan,0,f1_class::Phelan McDermid Syndrome,0.6024096385542169,377,149
B2_r2,pointnet2,proto,scan,0,f1_class::Pitt Hopkins,0.34782608695652173,377,149
B2_r2,pointnet2,proto,scan,0,f1_class::Rett Syndrome,0.25,377,149
B2_r2,pointnet2,proto,scan,0,f1_class::Smith-Lemli-Opitz,0.0,377,149
B2_r2,pointnet2,proto,scan,0,f1_class::Trisomy 18,0.13333333333333333,377,149
B2_r2,pointnet2,proto,scan,0,f1_class::Turner Syndrome,0.32,377,149
B2_r2,pointnet2,proto,scan,0,f1_class::Williams Syndrome,0.49122807017543857,377,149
B2_r2,pointnet2,proto,scan,1,accuracy,0.40583554376657827,377,149
B2_r2,pointnet2,proto,scan,1,macro_f1,0.3606302967283692,377,149
B2_r2,pointnet2,proto,scan,1,macro_auc,0.8484958739847158,377,149
B2_r2,pointnet2,proto,scan,1,f1_class::5p-,0.125,377,149
B2_r2,pointnet2,proto,scan,1,f1_class::Achondroplasia,0.4375,377,149
B2_r2,pointnet2,proto,scan,1,f1_class::Angelman Syndrome,0.2857142857142857,377,149
B2_r2,pointnet2,proto,scan,1,f1_class::CFC,0.26666666666666666,377,149
B2_r2,pointnet2,proto,scan,1,f1_class::CHARGE Syndrome,0.11764705882352941,377,149
B2_r2,pointnet2,proto,scan,1,f1_class::CdLS,0.18181818181818182,377,149
B2_r2,pointnet2,proto,scan,1,f1_class::Cockayne Syndrome,0.43243243243243246,377,149
B2_r2,pointnet2,proto,scan,1,f1_class::Cohen Syndrome,0.75,377,149
B2_r2,pointnet2,proto,scan,1,f1_class::Costello Syndrome,0.4375,377,149
B2_r2,pointnet2,proto,scan,1,f1_class::Down Syndrome,0.6470588235294118,377,149
B2_r2,pointnet2,proto,scan,1,f1_class::Ehlers-Danlos Syndrome,0.7272727272727273,377,149
B2_r2,pointnet2,proto,scan,1,f1_class::Jacobsen Syndrome,0.0,377,149
B2_r2,pointnet2,proto,scan,1,f1_class::Joubert Syndrome,0.32432432432432434,377,149
B2_r2,pointnet2,proto,scan,1,f1_class::Loeys-Dietz Syndrome,0.3333333333333333,377,149
B2_r2,pointnet2,proto,scan,1,f1_class::Marfan Syndrome,0.5714285714285714,377,149
B2_r2,pointnet2,proto,scan,1,f1_class::Noonan Syndrome,0.35,377,149
B2_r2,pointnet2,proto,scan,1,f1_class::Pallister-Killian Syndrome,0.3870967741935484,377,149
B2_r2,pointnet2,proto,scan,1,f1_class::Phelan McDermid Syndrome,0.611764705882353,377,149
B2_r2,pointnet2,proto,scan,1,f1_class::Pitt Hopkins,0.4,377,149
B2_r2,pointnet2,proto,scan,1,f1_class::Rett Syndrome,0.11764705882352941,377,149
B2_r2,pointnet2,proto,scan,1,f1_class::Smith-Lemli-Opitz,0.16666666666666666,377,149
B2_r2,pointnet2,proto,scan,1,f1_class::Trisomy 18,0.15384615384615385,377,149
B2_r2,pointnet2,proto,scan,1,f1_class::Turner Syndrome,0.4444444444444444,377,149
B2_r2,pointnet2,proto,scan,1,f1_class::Williams Syndrome,0.38596491228070173,377,149
B2_r2,pointnet2,proto,scan,2,accuracy,0.3978779840848806,377,149
B2_r2,pointnet2,proto,scan,2,macro_f1,0.3377149723012052,377,149
B2_r2,pointnet2,proto,scan,2,macro_auc,0.8516868895500155,377,149
B2_r2,pointnet2,proto,scan,2,f1_class::5p-,0.125,377,149
B2_r2,pointnet2,proto,scan,2,f1_class::Achondroplasia,0.5142857142857142,377,149
B2_r2,pointnet2,proto,scan,2,f1_class::Angelman Syndrome,0.3,377,149
B2_r2,pointnet2,proto,scan,2,f1_class::CFC,0.26666666666666666,377,149
B2_r2,pointnet2,proto,scan,2,f1_class::CHARGE Syndrome,0.12903225806451613,377,149
B2_r2,pointnet2,proto,scan,2,f1_class::CdLS,0.32432432432432434,377,149
B2_r2,pointnet2,proto,scan,2,f1_class::Cockayne Syndrome,0.4,377,149
B2_r2,pointnet2,proto,scan,2,f1_class::Cohen Syndrome,0.6206896551724138,377,149
B2_r2,pointnet2,proto,scan,2,f1_class::Costello Syndrome,0.24242424242424243,377,149
B2_r2,pointnet2,proto,scan,2,f1_class::Down Syndrome,0.5161290322580645,377,149
B2_r2,pointnet2,proto,scan,2,f1_class::Ehlers-Danlos Syndrome,0.6875,377,149
B2_r2,pointnet2,proto,scan,2,f1_class::Jacobsen Syndrome,0.1111111111111111,377,149
B2_r2,pointnet2,proto,scan,2,f1_class::Joubert Syndrome,0.36363636363636365,377,149
B2_r2,pointnet2,proto,scan,2,f1_class::Loeys-Dietz Syndrome,0.3225806451612903,377,149
B2_r2,pointnet2,proto,scan,2,f1_class::Marfan Syndrome,0.625,377,149
B2_r2,pointnet2,proto,scan,2,f1_class::Noonan Syndrome,0.3,377,149
B2_r2,pointnet2,proto,scan,2,f1_class::Pallister-Killian Syndrome,0.34285714285714286,377,149
B2_r2,pointnet2,proto,scan,2,f1_class::Phelan McDermid Syndrome,0.6436781609195402,377,149
B2_r2,pointnet2,proto,scan,2,f1_class::Pitt Hopkins,0.34782608695652173,377,149
B2_r2,pointnet2,proto,scan,2,f1_class::Rett Syndrome,0.11764705882352941,377,149
B2_r2,pointnet2,proto,scan,2,f1_class::Smith-Lemli-Opitz,0.0,377,149
B2_r2,pointnet2,proto,scan,2,f1_class::Trisomy 18,0.0,377,149
B2_r2,pointnet2,proto,scan,2,f1_class::Turner Syndrome,0.2962962962962963,377,149
B2_r2,pointnet2,proto,scan,2,f1_class::Williams Syndrome,0.5084745762711864,377,149
B2_r2,pointnet2,proto,scan,3,accuracy,0.3952254641909814,377,149
B2_r2,pointnet2,proto,scan,3,macro_f1,0.34656259335933703,377,149
B2_r2,pointnet2,proto,scan,3,macro_auc,0.8444558466989714,377,149
B2_r2,pointnet2,proto,scan,3,f1_class::5p-,0.10526315789473684,377,149
B2_r2,pointnet2,proto,scan,3,f1_class::Achondroplasia,0.5945945945945946,377,149
B2_r2,pointnet2,proto,scan,3,f1_class::Angelman Syndrome,0.3157894736842105,377,149
B2_r2,pointnet2,proto,scan,3,f1_class::CFC,0.25,377,149
B2_r2,pointnet2,proto,scan,3,f1_class::CHARGE Syndrome,0.13333333333333333,377,149
B2_r2,pointnet2,proto,scan,3,f1_class::CdLS,0.2857142857142857,377,149
B2_r2,pointnet2,proto,scan,3,f1_class::Cockayne Syndrome,0.38095238095238093,377,149
B2_r2,pointnet2,proto,scan,3,f1_class::Cohen Syndrome,0.6153846153846154,377,149
B2_r2,pointnet2,proto,scan,3,f1_class::Costello Syndrome,0.2,377,149
B2_r2,pointnet2,proto,scan,3,f1_class::Down Syndrome,0.5,377,149
B2_r2,pointnet2,proto,scan,3,f1_class::Ehlers-Danlos Syndrome,0.6285714285714286,377,149
B2_r2,pointnet2,proto,scan,3,f1_class::Jacobsen Syndrome,0.15384615384615385,377,149
B2_r2,pointnet2,proto,scan,3,f1_class::Joubert Syndrome,0.34285714285714286,377,149
B2_r2,pointnet2,proto,scan,3,f1_class::Loeys-Dietz Syndrome,0.3448275862068966,377,149
B2_r2,pointnet2,proto,scan,3,f1_class::Marfan Syndrome,0.5333333333333333,377,149
B2_r2,pointnet2,proto,scan,3,f1_class::Noonan Syndrome,0.358974358974359,377,149
B2_r2,pointnet2,proto,scan,3,f1_class::Pallister-Killian Syndrome,0.45714285714285713,377,149
B2_r2,pointnet2,proto,scan,3,f1_class::Phelan McDermid Syndrome,0.5853658536585366,377,149
B2_r2,pointnet2,proto,scan,3,f1_class::Pitt Hopkins,0.34782608695652173,377,149
B2_r2,pointnet2,proto,scan,3,f1_class::Rett Syndrome,0.2222222222222222,377,149
B2_r2,pointnet2,proto,scan,3,f1_class::Smith-Lemli-Opitz,0.0,377,149
B2_r2,pointnet2,proto,scan,3,f1_class::Trisomy 18,0.14285714285714285,377,149
B2_r2,pointnet2,proto,scan,3,f1_class::Turner Syndrome,0.37037037037037035,377,149
B2_r2,pointnet2,proto,scan,3,f1_class::Williams Syndrome,0.4482758620689655,377,149
B2_r2,pointnet2,proto,scan,4,accuracy,0.40583554376657827,377,149
B2_r2,pointnet2,proto,scan,4,macro_f1,0.3405018761579693,377,149
B2_r2,pointnet2,proto,scan,4,macro_auc,0.8436807552931195,377,149
B2_r2,pointnet2,proto,scan,4,f1_class::5p-,0.0,377,149
B2_r2,pointnet2,proto,scan,4,f1_class::Achondroplasia,0.5263157894736842,377,149
B2_r2,pointnet2,proto,scan,4,f1_class::Angelman Syndrome,0.2857142857142857,377,149
B2_r2,pointnet2,proto,scan,4,f1_class::CFC,0.26666666666666666,377,149
B2_r2,pointnet2,proto,scan,4,f1_class::CHARGE Syndrome,0.18181818181818182,377,149
B2_r2,pointnet2,proto,scan,4,f1_class::CdLS,0.2857142857142857,377,149
B2_r2,pointnet2,proto,scan,4,f1_class::Cockayne Syndrome,0.4444444444444444,377,149
B2_r2,pointnet2,proto,scan,4,f1_class::Cohen Syndrome,0.6896551724137931,377,149
B2_r2,pointnet2,proto,scan,4,f1_class::Costello Syndrome,0.29411764705882354,377,149
B2_r2,pointnet2,proto,scan,4,f1_class::Down Syndrome,0.5142857142857142,377,149
B2_r2,pointnet2,proto,scan,4,f1_class::Ehlers-Danlos Syndrome,0.7058823529411765,377,149
B2_r2,pointnet2,proto,scan,4,f1_class::Jacobsen Syndrome,0.0,377,149
B2_r2,pointnet2,proto,scan,4,f1_class::Joubert Syndrome,0.35294117647058826,377,149
B2_r2,pointnet2,proto,scan,4,f1_class::Loeys-Dietz Syndrome,0.35714285714285715,377,149
B2_r2,pointnet2,proto,scan,4,f1_class::Marfan Syndrome,0.625,377,149
B2_r2,pointnet2,proto,scan,4,f1_class::Noonan Syndrome,0.3783783783783784,377,149
B2_r2,pointnet2,proto,scan,4,f1_class::Pallister-Killian Syndrome,0.36363636363636365,377,149
B2_r2,pointnet2,proto,scan,4,f1_class::Phelan McDermid Syndrome,0.6352941176470588,377,149
B2_r2,pointnet2,proto,scan,4,f1_class::Pitt Hopkins,0.3333333333333333,377,149
B2_r2,pointnet2,proto,scan,4,f1_class::Rett Syndrome,0.19047619047619047,377,149
B2_r2,pointnet2,proto,scan,4,f1_class::Smith-Lemli-Opitz,0.0,377,149
B2_r2,pointnet2,proto,scan,4,f1_class::Trisomy 18,0.0,377,149
B2_r2,pointnet2,proto,scan,4,f1_class::Turner Syndrome,0.25,377,149
B2_r2,pointnet2,proto,scan,4,f1_class::Williams Syndrome,0.49122807017543857,377,149
B2_r2,pointnet2,proto,subject,0,accuracy,0.46308724832214765,149,149
B2_r2,pointnet2,proto,subject,0,macro_f1,0.3912082328409853,149,149
B2_r2,pointnet2,proto,subject,0,macro_auc,0.9002923315699153,149,149
B2_r2,pointnet2,proto,subject,0,f1_class::5p-,0.0,149,149
B2_r2,pointnet2,proto,subject,0,f1_class::Achondroplasia,0.631578947368421,149,149
B2_r2,pointnet2,proto,subject,0,f1_class::Angelman Syndrome,0.0,149,149
B2_r2,pointnet2,proto,subject,0,f1_class::CFC,0.5,149,149
B2_r2,pointnet2,proto,subject,0,f1_class::CHARGE Syndrome,0.16666666666666666,149,149
B2_r2,pointnet2,proto,subject,0,f1_class::CdLS,0.3076923076923077,149,149
B2_r2,pointnet2,proto,subject,0,f1_class::Cockayne Syndrome,0.4,149,149
B2_r2,pointnet2,proto,subject,0,f1_class::Cohen Syndrome,0.6666666666666666,149,149
B2_r2,pointnet2,proto,subject,0,f1_class::Costello Syndrome,0.46153846153846156,149,149
B2_r2,pointnet2,proto,subject,0,f1_class::Down Syndrome,0.6451612903225806,149,149
B2_r2,pointnet2,proto,subject,0,f1_class::Ehlers-Danlos Syndrome,0.8571428571428571,149,149
B2_r2,pointnet2,proto,subject,0,f1_class::Jacobsen Syndrome,0.0,149,149
B2_r2,pointnet2,proto,subject,0,f1_class::Joubert Syndrome,0.4,149,149
B2_r2,pointnet2,proto,subject,0,f1_class::Loeys-Dietz Syndrome,0.4444444444444444,149,149
B2_r2,pointnet2,proto,subject,0,f1_class::Marfan Syndrome,0.5555555555555556,149,149
B2_r2,pointnet2,proto,subject,0,f1_class::Noonan Syndrome,0.4,149,149
B2_r2,pointnet2,proto,subject,0,f1_class::Pallister-Killian Syndrome,0.5,149,149
B2_r2,pointnet2,proto,subject,0,f1_class::Phelan McDermid Syndrome,0.8235294117647058,149,149
B2_r2,pointnet2,proto,subject,0,f1_class::Pitt Hopkins,0.6153846153846154,149,149
B2_r2,pointnet2,proto,subject,0,f1_class::Rett Syndrome,0.0,149,149
B2_r2,pointnet2,proto,subject,0,f1_class::Smith-Lemli-Opitz,0.4,149,149
B2_r2,pointnet2,proto,subject,0,f1_class::Trisomy 18,0.0,149,149
B2_r2,pointnet2,proto,subject,0,f1_class::Turner Syndrome,0.25,149,149
B2_r2,pointnet2,proto,subject,0,f1_class::Williams Syndrome,0.36363636363636365,149,149
B2_r2,pointnet2,proto,subject,1,accuracy,0.4966442953020134,149,149
B2_r2,pointnet2,proto,subject,1,macro_f1,0.4105041574710692,149,149
B2_r2,pointnet2,proto,subject,1,macro_auc,0.8944655479905776,149,149
B2_r2,pointnet2,proto,subject,1,f1_class::5p-,0.0,149,149
B2_r2,pointnet2,proto,subject,1,f1_class::Achondroplasia,0.5555555555555556,149,149
B2_r2,pointnet2,proto,subject,1,f1_class::Angelman Syndrome,0.0,149,149
B2_r2,pointnet2,proto,subject,1,f1_class::CFC,0.6666666666666666,149,149
B2_r2,pointnet2,proto,subject,1,f1_class::CHARGE Syndrome,0.16666666666666666,149,149
B2_r2,pointnet2,proto,subject,1,f1_class::CdLS,0.3333333333333333,149,149
B2_r2,pointnet2,proto,subject,1,f1_class::Cockayne Syndrome,0.4444444444444444,149,149
B2_r2,pointnet2,proto,subject,1,f1_class::Cohen Syndrome,0.75,149,149
B2_r2,pointnet2,proto,subject,1,f1_class::Costello Syndrome,0.5714285714285714,149,149
B2_r2,pointnet2,proto,subject,1,f1_class::Down Syndrome,0.6875,149,149
B2_r2,pointnet2,proto,subject,1,f1_class::Ehlers-Danlos Syndrome,0.8571428571428571,149,149
B2_r2,pointnet2,proto,subject,1,f1_class::Jacobsen Syndrome,0.0,149,149
B2_r2,pointnet2,proto,subject,1,f1_class::Joubert Syndrome,0.47058823529411764,149,149
B2_r2,pointnet2,proto,subject,1,f1_class::Loeys-Dietz Syndrome,0.4444444444444444,149,149
B2_r2,pointnet2,proto,subject,1,f1_class::Marfan Syndrome,0.5,149,149
B2_r2,pointnet2,proto,subject,1,f1_class::Noonan Syndrome,0.36363636363636365,149,149
B2_r2,pointnet2,proto,subject,1,f1_class::Pallister-Killian Syndrome,0.42857142857142855,149,149
B2_r2,pointnet2,proto,subject,1,f1_class::Phelan McDermid Syndrome,0.9523809523809523,149,149
B2_r2,pointnet2,proto,subject,1,f1_class::Pitt Hopkins,0.5454545454545454,149,149
B2_r2,pointnet2,proto,subject,1,f1_class::Rett Syndrome,0.0,149,149
B2_r2,pointnet2,proto,subject,1,f1_class::Smith-Lemli-Opitz,0.3333333333333333,149,149
B2_r2,pointnet2,proto,subject,1,f1_class::Trisomy 18,0.0,149,149
B2_r2,pointnet2,proto,subject,1,f1_class::Turner Syndrome,0.4,149,149
B2_r2,pointnet2,proto,subject,1,f1_class::Williams Syndrome,0.38095238095238093,149,149
B2_r2,pointnet2,proto,subject,2,accuracy,0.44966442953020136,149,149
B2_r2,pointnet2,proto,subject,2,macro_f1,0.3751746189826685,149,149
B2_r2,pointnet2,proto,subject,2,macro_auc,0.9008728132131795,149,149
B2_r2,pointnet2,proto,subject,2,f1_class::5p-,0.0,149,149
B2_r2,pointnet2,proto,subject,2,f1_class::Achondroplasia,0.6,149,149
B2_r2,pointnet2,proto,subject,2,f1_class::Angelman Syndrome,0.0,149,149
B2_r2,pointnet2,proto,subject,2,f1_class::CFC,0.5714285714285714,149,149
B2_r2,pointnet2,proto,subject,2,f1_class::CHARGE Syndrome,0.18181818181818182,149,149
B2_r2,pointnet2,proto,subject,2,f1_class::CdLS,0.3076923076923077,149,149
B2_r2,pointnet2,proto,subject,2,f1_class::Cockayne Syndrome,0.4444444444444444,149,149
B2_r2,pointnet2,proto,subject,2,f1_class::Cohen Syndrome,0.5,149,149
B2_r2,pointnet2,proto,subject,2,f1_class::Costello Syndrome,0.42857142857142855,149,149
B2_r2,pointnet2,proto,subject,2,f1_class::Down Syndrome,0.5714285714285714,149,149
B2_r2,pointnet2,proto,subject,2,f1_class::Ehlers-Danlos Syndrome,0.8571428571428571,149,149
B2_r2,pointnet2,proto,subject,2,f1_class::Jacobsen Syndrome,0.0,149,149
B2_r2,pointnet2,proto,subject,2,f1_class::Joubert Syndrome,0.5,149,149
B2_r2,pointnet2,proto,subject,2,f1_class::Loeys-Dietz Syndrome,0.4,149,149
B2_r2,pointnet2,proto,subject,2,f1_class::Marfan Syndrome,0.5263157894736842,149,149
B2_r2,pointnet2,proto,subject,2,f1_class::Noonan Syndrome,0.3076923076923077,149,149
B2_r2,pointnet2,proto,subject,2,f1_class::Pallister-Killian Syndrome,0.42857142857142855,149,149
B2_r2,pointnet2,proto,subject,2,f1_class::Phelan McDermid Syndrome,0.8235294117647058,149,149
B2_r2,pointnet2,proto,subject,2,f1_class::Pitt Hopkins,0.5454545454545454,149,149
B2_r2,pointnet2,proto,subject,2,f1_class::Rett Syndrome,0.0,149,149
B2_r2,pointnet2,proto,subject,2,f1_class::Smith-Lemli-Opitz,0.3333333333333333,149,149
B2_r2,pointnet2,proto,subject,2,f1_class::Trisomy 18,0.0,149,149
B2_r2,pointnet2,proto,subject,2,f1_class::Turner Syndrome,0.2222222222222222,149,149
B2_r2,pointnet2,proto,subject,2,f1_class::Williams Syndrome,0.45454545454545453,149,149
B2_r2,pointnet2,proto,subject,3,accuracy,0.46308724832214765,149,149
B2_r2,pointnet2,proto,subject,3,macro_f1,0.3784593741944014,149,149
B2_r2,pointnet2,proto,subject,3,macro_auc,0.8927994836534149,149,149
B2_r2,pointnet2,proto,subject,3,f1_class::5p-,0.0,149,149
B2_r2,pointnet2,proto,subject,3,f1_class::Achondroplasia,0.6666666666666666,149,149
B2_r2,pointnet2,proto,subject,3,f1_class::Angelman Syndrome,0.0,149,149
B2_r2,pointnet2,proto,subject,3,f1_class::CFC,0.3333333333333333,149,149
B2_r2,pointnet2,proto,subject,3,f1_class::CHARGE Syndrome,0.15384615384615385,149,149
B2_r2,pointnet2,proto,subject,3,f1_class::CdLS,0.3076923076923077,149,149
B2_r2,pointnet2,proto,subject,3,f1_class::Cockayne Syndrome,0.4444444444444444,149,149
B2_r2,pointnet2,proto,subject,3,f1_class::Cohen Syndrome,0.5714285714285714,149,149
B2_r2,pointnet2,proto,subject,3,f1_class::Costello Syndrome,0.5,149,149
B2_r2,pointnet2,proto,subject,3,f1_class::Down Syndrome,0.6206896551724138,149,149
B2_r2,pointnet2,proto,subject,3,f1_class::Ehlers-Danlos Syndrome,0.8571428571428571,149,149
B2_r2,pointnet2,proto,subject,3,f1_class::Jacobsen Syndrome,0.3333333333333333,149,149
B2_r2,pointnet2,proto,subject,3,f1_class::Joubert Syndrome,0.42857142857142855,149,149
B2_r2,pointnet2,proto,subject,3,f1_class::Loeys-Dietz Syndrome,0.4,149,149
B2_r2,pointnet2,proto,subject,3,f1_class::Marfan Syndrome,0.5263157894736842,149,149
B2_r2,pointnet2,proto,subject,3,f1_class::Noonan Syndrome,0.15384615384615385,149,149
B2_r2,pointnet2,proto,subject,3,f1_class::Pallister-Killian Syndrome,0.5,149,149
B2_r2,pointnet2,proto,subject,3,f1_class::Phelan McDermid Syndrome,0.9523809523809523,149,149
B2_r2,pointnet2,proto,subject,3,f1_class::Pitt Hopkins,0.4444444444444444,149,149
B2_r2,pointnet2,proto,subject,3,f1_class::Rett Syndrome,0.0,149,149
B2_r2,pointnet2,proto,subject,3,f1_class::Smith-Lemli-Opitz,0.2857142857142857,149,149
B2_r2,pointnet2,proto,subject,3,f1_class::Trisomy 18,0.0,149,149
B2_r2,pointnet2,proto,subject,3,f1_class::Turner Syndrome,0.2222222222222222,149,149
B2_r2,pointnet2,proto,subject,3,f1_class::Williams Syndrome,0.38095238095238093,149,149
B2_r2,pointnet2,proto,subject,4,accuracy,0.44966442953020136,149,149
B2_r2,pointnet2,proto,subject,4,macro_f1,0.37890847578347575,149,149
B2_r2,pointnet2,proto,subject,4,macro_auc,0.8915217290164542,149,149
B2_r2,pointnet2,proto,subject,4,f1_class::5p-,0.0,149,149
B2_r2,pointnet2,proto,subject,4,f1_class::Achondroplasia,0.6,149,149
B2_r2,pointnet2,proto,subject,4,f1_class::Angelman Syndrome,0.0,149,149
B2_r2,pointnet2,proto,subject,4,f1_class::CFC,0.5714285714285714,149,149
B2_r2,pointnet2,proto,subject,4,f1_class::CHARGE Syndrome,0.16666666666666666,149,149
B2_r2,pointnet2,proto,subject,4,f1_class::CdLS,0.3333333333333333,149,149
B2_r2,pointnet2,proto,subject,4,f1_class::Cockayne Syndrome,0.5,149,149
B2_r2,pointnet2,proto,subject,4,f1_class::Cohen Syndrome,0.5,149,149
B2_r2,pointnet2,proto,subject,4,f1_class::Costello Syndrome,0.42857142857142855,149,149
B2_r2,pointnet2,proto,subject,4,f1_class::Down Syndrome,0.6,149,149
B2_r2,pointnet2,proto,subject,4,f1_class::Ehlers-Danlos Syndrome,0.8571428571428571,149,149
B2_r2,pointnet2,proto,subject,4,f1_class::Jacobsen Syndrome,0.0,149,149
B2_r2,pointnet2,proto,subject,4,f1_class::Joubert Syndrome,0.375,149,149
B2_r2,pointnet2,proto,subject,4,f1_class::Loeys-Dietz Syndrome,0.4444444444444444,149,149
B2_r2,pointnet2,proto,subject,4,f1_class::Marfan Syndrome,0.6,149,149
B2_r2,pointnet2,proto,subject,4,f1_class::Noonan Syndrome,0.3076923076923077,149,149
B2_r2,pointnet2,proto,subject,4,f1_class::Pallister-Killian Syndrome,0.42857142857142855,149,149
B2_r2,pointnet2,proto,subject,4,f1_class::Phelan McDermid Syndrome,0.7777777777777778,149,149
B2_r2,pointnet2,proto,subject,4,f1_class::Pitt Hopkins,0.6,149,149
B2_r2,pointnet2,proto,subject,4,f1_class::Rett Syndrome,0.0,149,149
B2_r2,pointnet2,proto,subject,4,f1_class::Smith-Lemli-Opitz,0.4,149,149
B2_r2,pointnet2,proto,subject,4,f1_class::Trisomy 18,0.0,149,149
B2_r2,pointnet2,proto,subject,4,f1_class::Turner Syndrome,0.2222222222222222,149,149
B2_r2,pointnet2,proto,subject,4,f1_class::Williams Syndrome,0.38095238095238093,149,149
B2_r2,pointnet2,knn11,scan,0,accuracy,0.3793103448275862,377,149
B2_r2,pointnet2,knn11,scan,0,macro_f1,0.3140556986848937,377,149
B2_r2,pointnet2,knn11,scan,0,macro_auc,0.7848441870906234,377,149
B2_r2,pointnet2,knn11,scan,0,f1_class::5p-,0.35294117647058826,377,149
B2_r2,pointnet2,knn11,scan,0,f1_class::Achondroplasia,0.17142857142857143,377,149
B2_r2,pointnet2,knn11,scan,0,f1_class::Angelman Syndrome,0.25,377,149
B2_r2,pointnet2,knn11,scan,0,f1_class::CFC,0.11764705882352941,377,149
B2_r2,pointnet2,knn11,scan,0,f1_class::CHARGE Syndrome,0.10256410256410256,377,149
B2_r2,pointnet2,knn11,scan,0,f1_class::CdLS,0.30434782608695654,377,149
B2_r2,pointnet2,knn11,scan,0,f1_class::Cockayne Syndrome,0.4878048780487805,377,149
B2_r2,pointnet2,knn11,scan,0,f1_class::Cohen Syndrome,0.7142857142857143,377,149
B2_r2,pointnet2,knn11,scan,0,f1_class::Costello Syndrome,0.27450980392156865,377,149
B2_r2,pointnet2,knn11,scan,0,f1_class::Down Syndrome,0.7878787878787878,377,149
B2_r2,pointnet2,knn11,scan,0,f1_class::Ehlers-Danlos Syndrome,0.41025641025641024,377,149
B2_r2,pointnet2,knn11,scan,0,f1_class::Jacobsen Syndrome,0.13333333333333333,377,149
B2_r2,pointnet2,knn11,scan,0,f1_class::Joubert Syndrome,0.14285714285714285,377,149
B2_r2,pointnet2,knn11,scan,0,f1_class::Loeys-Dietz Syndrome,0.5,377,149
B2_r2,pointnet2,knn11,scan,0,f1_class::Marfan Syndrome,0.25,377,149
B2_r2,pointnet2,knn11,scan,0,f1_class::Noonan Syndrome,0.2,377,149
B2_r2,pointnet2,knn11,scan,0,f1_class::Pallister-Killian Syndrome,0.45454545454545453,377,149
B2_r2,pointnet2,knn11,scan,0,f1_class::Phelan McDermid Syndrome,0.7222222222222222,377,149
B2_r2,pointnet2,knn11,scan,0,f1_class::Pitt Hopkins,0.375,377,149
B2_r2,pointnet2,knn11,scan,0,f1_class::Rett Syndrome,0.2857142857142857,377,149
B2_r2,pointnet2,knn11,scan,0,f1_class::Smith-Lemli-Opitz,0.0,377,149
B2_r2,pointnet2,knn11,scan,0,f1_class::Trisomy 18,0.0,377,149
B2_r2,pointnet2,knn11,scan,0,f1_class::Turner Syndrome,0.15384615384615385,377,149
B2_r2,pointnet2,knn11,scan,0,f1_class::Williams Syndrome,0.34615384615384615,377,149
B2_r2,pointnet2,knn11,scan,1,accuracy,0.4005305039787798,377,149
B2_r2,pointnet2,knn11,scan,1,macro_f1,0.3291396598947291,377,149
B2_r2,pointnet2,knn11,scan,1,macro_auc,0.7819668246824968,377,149
B2_r2,pointnet2,knn11,scan,1,f1_class::5p-,0.15384615384615385,377,149
B2_r2,pointnet2,knn11,scan,1,f1_class::Achondroplasia,0.3448275862068966,377,149
B2_r2,pointnet2,knn11,scan,1,f1_class::Angelman Syndrome,0.4,377,149
B2_r2,pointnet2,knn11,scan,1,f1_class::CFC,0.22857142857142856,377,149
B2_r2,pointnet2,knn11,scan,1,f1_class::CHARGE Syndrome,0.0,377,149
B2_r2,pointnet2,knn11,scan,1,f1_class::CdLS,0.22857142857142856,377,149
B2_r2,pointnet2,knn11,scan,1,f1_class::Cockayne Syndrome,0.46511627906976744,377,149
B2_r2,pointnet2,knn11,scan,1,f1_class::Cohen Syndrome,0.6875,377,149
B2_r2,pointnet2,knn11,scan,1,f1_class::Costello Syndrome,0.36363636363636365,377,149
B2_r2,pointnet2,knn11,scan,1,f1_class::Down Syndrome,0.7058823529411765,377,149
B2_r2,pointnet2,knn11,scan,1,f1_class::Ehlers-Danlos Syndrome,0.42105263157894735,377,149
B2_r2,pointnet2,knn11,scan,1,f1_class::Jacobsen Syndrome,0.11764705882352941,377,149
B2_r2,pointnet2,knn11,scan,1,f1_class::Joubert Syndrome,0.24,377,149
B2_r2,pointnet2,knn11,scan,1,f1_class::Loeys-Dietz Syndrome,0.38461538461538464,377,149
B2_r2,pointnet2,knn11,scan,1,f1_class::Marfan Syndrome,0.3076923076923077,377,149
B2_r2,pointnet2,knn11,scan,1,f1_class::Noonan Syndrome,0.2857142857142857,377,149
B2_r2,pointnet2,knn11,scan,1,f1_class::Pallister-Killian Syndrome,0.48,377,149
B2_r2,pointnet2,knn11,scan,1,f1_class::Phelan McDermid Syndrome,0.6972477064220184,377,149
B2_r2,pointnet2,knn11,scan,1,f1_class::Pitt Hopkins,0.4444444444444444,377,149
B2_r2,pointnet2,knn11,scan,1,f1_class::Rett Syndrome,0.23529411764705882,377,149
B2_r2,pointnet2,knn11,scan,1,f1_class::Smith-Lemli-Opitz,0.0,377,149
B2_r2,pointnet2,knn11,scan,1,f1_class::Trisomy 18,0.0,377,149
B2_r2,pointnet2,knn11,scan,1,f1_class::Turner Syndrome,0.3076923076923077,377,149
B2_r2,pointnet2,knn11,scan,1,f1_class::Williams Syndrome,0.4,377,149
B2_r2,pointnet2,knn11,scan,2,accuracy,0.3952254641909814,377,149
B2_r2,pointnet2,knn11,scan,2,macro_f1,0.29695168281121626,377,149
B2_r2,pointnet2,knn11,scan,2,macro_auc,0.7826771782615537,377,149
B2_r2,pointnet2,knn11,scan,2,f1_class::5p-,0.26666666666666666,377,149
B2_r2,pointnet2,knn11,scan,2,f1_class::Achondroplasia,0.23529411764705882,377,149
B2_r2,pointnet2,knn11,scan,2,f1_class::Angelman Syndrome,0.14285714285714285,377,149
B2_r2,pointnet2,knn11,scan,2,f1_class::CFC,0.24242424242424243,377,149
B2_r2,pointnet2,knn11,scan,2,f1_class::CHARGE Syndrome,0.06896551724137931,377,149
B2_r2,pointnet2,knn11,scan,2,f1_class::CdLS,0.3333333333333333,377,149
B2_r2,pointnet2,knn11,scan,2,f1_class::Cockayne Syndrome,0.47619047619047616,377,149
B2_r2,pointnet2,knn11,scan,2,f1_class::Cohen Syndrome,0.625,377,149
B2_r2,pointnet2,knn11,scan,2,f1_class::Costello Syndrome,0.38461538461538464,377,149
B2_r2,pointnet2,knn11,scan,2,f1_class::Down Syndrome,0.6857142857142857,377,149
B2_r2,pointnet2,knn11,scan,2,f1_class::Ehlers-Danlos Syndrome,0.45,377,149
B2_r2,pointnet2,knn11,scan,2,f1_class::Jacobsen Syndrome,0.0,377,149
B2_r2,pointnet2,knn11,scan,2,f1_class::Joubert Syndrome,0.16,377,149
B2_r2,pointnet2,knn11,scan,2,f1_class::Loeys-Dietz Syndrome,0.4666666666666667,377,149
B2_r2,pointnet2,knn11,scan,2,f1_class::Marfan Syndrome,0.16,377,149
B2_r2,pointnet2,knn11,scan,2,f1_class::Noonan Syndrome,0.2857142857142857,377,149
B2_r2,pointnet2,knn11,scan,2,f1_class::Pallister-Killian Syndrome,0.5,377,149
B2_r2,pointnet2,knn11,scan,2,f1_class::Phelan McDermid Syndrome,0.7619047619047619,377,149
B2_r2,pointnet2,knn11,scan,2,f1_class::Pitt Hopkins,0.375,377,149
B2_r2,pointnet2,knn11,scan,2,f1_class::Rett Syndrome,0.14285714285714285,377,149
B2_r2,pointnet2,knn11,scan,2,f1_class::Smith-Lemli-Opitz,0.0,377,149
B2_r2,pointnet2,knn11,scan,2,f1_class::Trisomy 18,0.0,377,149
B2_r2,pointnet2,knn11,scan,2,f1_class::Turner Syndrome,0.0,377,149
B2_r2,pointnet2,knn11,scan,2,f1_class::Williams Syndrome,0.36363636363636365,377,149
B2_r2,pointnet2,knn11,scan,3,accuracy,0.3819628647214854,377,149
B2_r2,pointnet2,knn11,scan,3,macro_f1,0.3131524357101854,377,149
B2_r2,pointnet2,knn11,scan,3,macro_auc,0.7810112396358461,377,149
B2_r2,pointnet2,knn11,scan,3,f1_class::5p-,0.26666666666666666,377,149
B2_r2,pointnet2,knn11,scan,3,f1_class::Achondroplasia,0.21428571428571427,377,149
B2_r2,pointnet2,knn11,scan,3,f1_class::Angelman Syndrome,0.2222222222222222,377,149
B2_r2,pointnet2,knn11,scan,3,f1_class::CFC,0.2222222222222222,377,149
B2_r2,pointnet2,knn11,scan,3,f1_class::CHARGE Syndrome,0.09523809523809523,377,149
B2_r2,pointnet2,knn11,scan,3,f1_class::CdLS,0.1951219512195122,377,149
B2_r2,pointnet2,knn11,scan,3,f1_class::Cockayne Syndrome,0.4888888888888889,377,149
B2_r2,pointnet2,knn11,scan,3,f1_class::Cohen Syndrome,0.7407407407407407,377,149
B2_r2,pointnet2,knn11,scan,3,f1_class::Costello Syndrome,0.32727272727272727,377,149
B2_r2,pointnet2,knn11,scan,3,f1_class::Down Syndrome,0.7272727272727273,377,149
B2_r2,pointnet2,knn11,scan,3,f1_class::Ehlers-Danlos Syndrome,0.4,377,149
B2_r2,pointnet2,knn11,scan,3,f1_class::Jacobsen Syndrome,0.14285714285714285,377,149
B2_r2,pointnet2,knn11,scan,3,f1_class::Joubert Syndrome,0.15384615384615385,377,149
B2_r2,pointnet2,knn11,scan,3,f1_class::Loeys-Dietz Syndrome,0.42857142857142855,377,149
B2_r2,pointnet2,knn11,scan,3,f1_class::Marfan Syndrome,0.16,377,149
B2_r2,pointnet2,knn11,scan,3,f1_class::Noonan Syndrome,0.24390243902439024,377,149
B2_r2,pointnet2,knn11,scan,3,f1_class::Pallister-Killian Syndrome,0.47619047619047616,377,149
B2_r2,pointnet2,knn11,scan,3,f1_class::Phelan McDermid Syndrome,0.7358490566037735,377,149
B2_r2,pointnet2,knn11,scan,3,f1_class::Pitt Hopkins,0.5882352941176471,377,149
B2_r2,pointnet2,knn11,scan,3,f1_class::Rett Syndrome,0.35294117647058826,377,149
B2_r2,pointnet2,knn11,scan,3,f1_class::Smith-Lemli-Opitz,0.0,377,149
B2_r2,pointnet2,knn11,scan,3,f1_class::Trisomy 18,0.0,377,149
B2_r2,pointnet2,knn11,scan,3,f1_class::Turner Syndrome,0.0,377,149
B2_r2,pointnet2,knn11,scan,3,f1_class::Williams Syndrome,0.3333333333333333,377,149
B2_r2,pointnet2,knn11,scan,4,accuracy,0.38992042440318303,377,149
B2_r2,pointnet2,knn11,scan,4,macro_f1,0.3054457332017744,377,149
B2_r2,pointnet2,knn11,scan,4,macro_auc,0.7794282957377828,377,149
B2_r2,pointnet2,knn11,scan,4,f1_class::5p-,0.4,377,149
B2_r2,pointnet2,knn11,scan,4,f1_class::Achondroplasia,0.2962962962962963,377,149
B2_r2,pointnet2,knn11,scan,4,f1_class::Angelman Syndrome,0.14285714285714285,377,149
B2_r2,pointnet2,knn11,scan,4,f1_class::CFC,0.17142857142857143,377,149
B2_r2,pointnet2,knn11,scan,4,f1_class::CHARGE Syndrome,0.10810810810810811,377,149
B2_r2,pointnet2,knn11,scan,4,f1_class::CdLS,0.3,377,149
B2_r2,pointnet2,knn11,scan,4,f1_class::Cockayne Syndrome,0.5,377,149
B2_r2,pointnet2,knn11,scan,4,f1_class::Cohen Syndrome,0.7741935483870968,377,149
B2_r2,pointnet2,knn11,scan,4,f1_class::Costello Syndrome,0.32142857142857145,377,149
B2_r2,pointnet2,knn11,scan,4,f1_class::Down Syndrome,0.7647058823529411,377,149
B2_r2,pointnet2,knn11,scan,4,f1_class::Ehlers-Danlos Syndrome,0.43902439024390244,377,149
B2_r2,pointnet2,knn11,scan,4,f1_class::Jacobsen Syndrome,0.0,377,149
B2_r2,pointnet2,knn11,scan,4,f1_class::Joubert Syndrome,0.15384615384615385,377,149
B2_r2,pointnet2,knn11,scan,4,f1_class::Loeys-Dietz Syndrome,0.4,377,149
B2_r2,pointnet2,knn11,scan,4,f1_class::Marfan Syndrome,0.20689655172413793,377,149
B2_r2,pointnet2,knn11,scan,4,f1_class::Noonan Syndrome,0.26666666666666666,377,149
B2_r2,pointnet2,knn11,scan,4,f1_class::Pallister-Killian Syndrome,0.36363636363636365,377,149
B2_r2,pointnet2,knn11,scan,4,f1_class::Phelan McDermid Syndrome,0.7102803738317757,377,149
B2_r2,pointnet2,knn11,scan,4,f1_class::Pitt Hopkins,0.47058823529411764,377,149
B2_r2,pointnet2,knn11,scan,4,f1_class::Rett Syndrome,0.13333333333333333,377,149
B2_r2,pointnet2,knn11,scan,4,f1_class::Smith-Lemli-Opitz,0.0,377,149
B2_r2,pointnet2,knn11,scan,4,f1_class::Trisomy 18,0.0,377,149
B2_r2,pointnet2,knn11,scan,4,f1_class::Turner Syndrome,0.0,377,149
B2_r2,pointnet2,knn11,scan,4,f1_class::Williams Syndrome,0.4074074074074074,377,149
B2_r2,pointnet2,knn11,subject,0,accuracy,0.3825503355704698,149,149
B2_r2,pointnet2,knn11,subject,0,macro_f1,0.31625694182439706,149,149
B2_r2,pointnet2,knn11,subject,0,macro_auc,0.829595434020062,149,149
B2_r2,pointnet2,knn11,subject,0,f1_class::5p-,0.3333333333333333,149,149
B2_r2,pointnet2,knn11,subject,0,f1_class::Achondroplasia,0.125,149,149
B2_r2,pointnet2,knn11,subject,0,f1_class::Angelman Syndrome,0.2857142857142857,149,149
B2_r2,pointnet2,knn11,subject,0,f1_class::CFC,0.4,149,149
B2_r2,pointnet2,knn11,subject,0,f1_class::CHARGE Syndrome,0.11764705882352941,149,149
B2_r2,pointnet2,knn11,subject,0,f1_class::CdLS,0.35294117647058826,149,149
B2_r2,pointnet2,knn11,subject,0,f1_class::Cockayne Syndrome,0.4,149,149
B2_r2,pointnet2,knn11,subject,0,f1_class::Cohen Syndrome,0.6666666666666666,149,149
B2_r2,pointnet2,knn11,subject,0,f1_class::Costello Syndrome,0.47619047619047616,149,149
B2_r2,pointnet2,knn11,subject,0,f1_class::Down Syndrome,0.7878787878787878,149,149
B2_r2,pointnet2,knn11,subject,0,f1_class::Ehlers-Danlos Syndrome,0.4444444444444444,149,149
B2_r2,pointnet2,knn11,subject,0,f1_class::Jacobsen Syndrome,0.0,149,149
B2_r2,pointnet2,knn11,subject,0,f1_class::Joubert Syndrome,0.3333333333333333,149,149
B2_r2,pointnet2,knn11,subject,0,f1_class::Loeys-Dietz Syndrome,0.6153846153846154,149,149
B2_r2,pointnet2,knn11,subject,0,f1_class::Marfan Syndrome,0.46153846153846156,149,149
B2_r2,pointnet2,knn11,subject,0,f1_class::Noonan Syndrome,0.14285714285714285,149,149
B2_r2,pointnet2,knn11,subject,0,f1_class::Pallister-Killian Syndrome,0.5714285714285714,149,149
B2_r2,pointnet2,knn11,subject,0,f1_class::Phelan McDermid Syndrome,0.43478260869565216,149,149
B2_r2,pointnet2,knn11,subject,0,f1_class::Pitt Hopkins,0.3333333333333333,149,149
B2_r2,pointnet2,knn11,subject,0,f1_class::Rett Syndrome,0.0,149,149
B2_r2,pointnet2,knn11,subject,0,f1_class::Smith-Lemli-Opitz,0.0,149,149
B2_r2,pointnet2,knn11,subject,0,f1_class::Trisomy 18,0.0,149,149
B2_r2,pointnet2,knn11,subject,0,f1_class::Turner Syndrome,0.0,149,149
B2_r2,pointnet2,knn11,subject,0,f1_class::Williams Syndrome,0.3076923076923077,149,149
B2_r2,pointnet2,knn11,subject,1,accuracy,0.40939597315436244,149,149
B2_r2,pointnet2,knn11,subject,1,macro_f1,0.3317962943175167,149,149
B2_r2,pointnet2,knn11,subject,1,macro_auc,0.8270266812226996,149,149
B2_r2,pointnet2,knn11,subject,1,f1_class::5p-,0.0,149,149
B2_r2,pointnet2,knn11,subject,1,f1_class::Achondroplasia,0.47619047619047616,149,149
B2_r2,pointnet2,knn11,subject,1,f1_class::Angelman Syndrome,0.3333333333333333,149,149
B2_r2,pointnet2,knn11,subject,1,f1_class::CFC,0.4,149,149
B2_r2,pointnet2,knn11,subject,1,f1_class::CHARGE Syndrome,0.0,149,149
B2_r2,pointnet2,knn11,subject,1,f1_class::CdLS,0.375,149,149
B2_r2,pointnet2,knn11,subject,1,f1_class::Cockayne Syndrome,0.36363636363636365,149,149
B2_r2,pointnet2,knn11,subject,1,f1_class::Cohen Syndrome,0.8,149,149
B2_r2,pointnet2,knn11,subject,1,f1_class::Costello Syndrome,0.42105263157894735,149,149
B2_r2,pointnet2,knn11,subject,1,f1_class::Down Syndrome,0.7741935483870968,149,149
B2_r2,pointnet2,knn11,subject,1,f1_class::Ehlers-Danlos Syndrome,0.4444444444444444,149,149
B2_r2,pointnet2,knn11,subject,1,f1_class::Jacobsen Syndrome,0.0,149,149
B2_r2,pointnet2,knn11,subject,1,f1_class::Joubert Syndrome,0.2857142857142857,149,149
B2_r2,pointnet2,knn11,subject,1,f1_class::Loeys-Dietz Syndrome,0.46153846153846156,149,149
B2_r2,pointnet2,knn11,subject,1,f1_class::Marfan Syndrome,0.3333333333333333,149,149
B2_r2,pointnet2,knn11,subject,1,f1_class::Noonan Syndrome,0.125,149,149
B2_r2,pointnet2,knn11,subject,1,f1_class::Pallister-Killian Syndrome,0.25,149,149
B2_r2,pointnet2,knn11,subject,1,f1_class::Phelan McDermid Syndrome,0.631578947368421,149,149
B2_r2,pointnet2,knn11,subject,1,f1_class::Pitt Hopkins,0.5,149,149
B2_r2,pointnet2,knn11,subject,1,f1_class::Rett Syndrome,0.5714285714285714,149,149
B2_r2,pointnet2,knn11,subject,1,f1_class::Smith-Lemli-Opitz,0.0,149,149
B2_r2,pointnet2,knn11,subject,1,f1_class::Trisomy 18,0.0,149,149
B2_r2,pointnet2,knn11,subject,1,f1_class::Turner Syndrome,0.0,149,149
B2_r2,pointnet2,knn11,subject,1,f1_class::Williams Syndrome,0.4166666666666667,149,149
B2_r2,pointnet2,knn11,subject,2,accuracy,0.3959731543624161,149,149
B2_r2,pointnet2,knn11,subject,2,macro_f1,0.34278571013074305,149,149
B2_r2,pointnet2,knn11,subject,2,macro_auc,0.8272172866628477,149,149
B2_r2,pointnet2,knn11,subject,2,f1_class::5p-,0.3333333333333333,149,149
B2_r2,pointnet2,knn11,subject,2,f1_class::Achondroplasia,0.21052631578947367,149,149
B2_r2,pointnet2,knn11,subject,2,f1_class::Angelman Syndrome,0.2857142857142857,149,149
B2_r2,pointnet2,knn11,subject,2,f1_class::CFC,0.5,149,149
B2_r2,pointnet2,knn11,subject,2,f1_class::CHARGE Syndrome,0.0,149,149
B2_r2,pointnet2,knn11,subject,2,f1_class::CdLS,0.23529411764705882,149,149
B2_r2,pointnet2,knn11,subject,2,f1_class::Cockayne Syndrome,0.4,149,149
B2_r2,pointnet2,knn11,subject,2,f1_class::Cohen Syndrome,0.8888888888888888,149,149
B2_r2,pointnet2,knn11,subject,2,f1_class::Costello Syndrome,0.47058823529411764,149,149
B2_r2,pointnet2,knn11,subject,2,f1_class::Down Syndrome,0.75,149,149
B2_r2,pointnet2,knn11,subject,2,f1_class::Ehlers-Danlos Syndrome,0.5555555555555556,149,149
B2_r2,pointnet2,knn11,subject,2,f1_class::Jacobsen Syndrome,0.0,149,149
B2_r2,pointnet2,knn11,subject,2,f1_class::Joubert Syndrome,0.36363636363636365,149,149
B2_r2,pointnet2,knn11,subject,2,f1_class::Loeys-Dietz Syndrome,0.5714285714285714,149,149
B2_r2,pointnet2,knn11,subject,2,f1_class::Marfan Syndrome,0.3076923076923077,149,149
B2_r2,pointnet2,knn11,subject,2,f1_class::Noonan Syndrome,0.21052631578947367,149,149
B2_r2,pointnet2,knn11,subject,2,f1_class::Pallister-Killian Syndrome,0.5714285714285714,149,149
B2_r2,pointnet2,knn11,subject,2,f1_class::Phelan McDermid Syndrome,0.5217391304347826,149,149
B2_r2,pointnet2,knn11,subject,2,f1_class::Pitt Hopkins,0.4444444444444444,149,149
B2_r2,pointnet2,knn11,subject,2,f1_class::Rett Syndrome,0.3333333333333333,149,149
B2_r2,pointnet2,knn11,subject,2,f1_class::Smith-Lemli-Opitz,0.0,149,149
B2_r2,pointnet2,knn11,subject,2,f1_class::Trisomy 18,0.0,149,149
B2_r2,pointnet2,knn11,subject,2,f1_class::Turner Syndrome,0.0,149,149
B2_r2,pointnet2,knn11,subject,2,f1_class::Williams Syndrome,0.2727272727272727,149,149
B2_r2,pointnet2,knn11,subject,3,accuracy,0.3691275167785235,149,149
B2_r2,pointnet2,knn11,subject,3,macro_f1,0.2948436027480145,149,149
B2_r2,pointnet2,knn11,subject,3,macro_auc,0.8251174888132423,149,149
B2_r2,pointnet2,knn11,subject,3,f1_class::5p-,0.3333333333333333,149,149
B2_r2,pointnet2,knn11,subject,3,f1_class::Achondroplasia,0.3333333333333333,149,149
B2_r2,pointnet2,knn11,subject,3,f1_class::Angelman Syndrome,0.2857142857142857,149,149
B2_r2,pointnet2,knn11,subject,3,f1_class::CFC,0.4444444444444444,149,149
B2_r2,pointnet2,knn11,subject,3,f1_class::CHARGE Syndrome,0.0,149,149
B2_r2,pointnet2,knn11,subject,3,f1_class::CdLS,0.15384615384615385,149,149
B2_r2,pointnet2,knn11,subject,3,f1_class::Cockayne Syndrome,0.3333333333333333,149,149
B2_r2,pointnet2,knn11,subject,3,f1_class::Cohen Syndrome,0.6666666666666666,149,149
B2_r2,pointnet2,knn11,subject,3,f1_class::Costello Syndrome,0.38095238095238093,149,149
B2_r2,pointnet2,knn11,subject,3,f1_class::Down Syndrome,0.75,149,149
B2_r2,pointnet2,knn11,subject,3,f1_class::Ehlers-Danlos Syndrome,0.47058823529411764,149,149
B2_r2,pointnet2,knn11,subject,3,f1_class::Jacobsen Syndrome,0.0,149,149
B2_r2,pointnet2,knn11,subject,3,f1_class::Joubert Syndrome,0.18181818181818182,149,149
B2_r2,pointnet2,knn11,subject,3,f1_class::Loeys-Dietz Syndrome,0.5,149,149
B2_r2,pointnet2,knn11,subject,3,f1_class::Marfan Syndrome,0.3076923076923077,149,149
B2_r2,pointnet2,knn11,subject,3,f1_class::Noonan Syndrome,0.125,149,149
B2_r2,pointnet2,knn11,subject,3,f1_class::Pallister-Killian Syndrome,0.25,149,149
B2_r2,pointnet2,knn11,subject,3,f1_class::Phelan McDermid Syndrome,0.6666666666666666,149,149
B2_r2,pointnet2,knn11,subject,3,f1_class::Pitt Hopkins,0.25,149,149
B2_r2,pointnet2,knn11,subject,3,f1_class::Rett Syndrome,0.2857142857142857,149,149
B2_r2,pointnet2,knn11,subject,3,f1_class::Smith-Lemli-Opitz,0.0,149,149
B2_r2,pointnet2,knn11,subject,3,f1_class::Trisomy 18,0.0,149,149
B2_r2,pointnet2,knn11,subject,3,f1_class::Turner Syndrome,0.0,149,149
B2_r2,pointnet2,knn11,subject,3,f1_class::Williams Syndrome,0.35714285714285715,149,149
B2_r2,pointnet2,knn11,subject,4,accuracy,0.4161073825503356,149,149
B2_r2,pointnet2,knn11,subject,4,macro_f1,0.3537969362079269,149,149
B2_r2,pointnet2,knn11,subject,4,macro_auc,0.8242563633102176,149,149
B2_r2,pointnet2,knn11,subject,4,f1_class::5p-,0.2857142857142857,149,149
B2_r2,pointnet2,knn11,subject,4,f1_class::Achondroplasia,0.25,149,149
B2_r2,pointnet2,knn11,subject,4,f1_class::Angelman Syndrome,0.4,149,149
B2_r2,pointnet2,knn11,subject,4,f1_class::CFC,0.4,149,149
B2_r2,pointnet2,knn11,subject,4,f1_class::CHARGE Syndrome,0.0,149,149
B2_r2,pointnet2,knn11,subject,4,f1_class::CdLS,0.4444444444444444,149,149
B2_r2,pointnet2,knn11,subject,4,f1_class::Cockayne Syndrome,0.36363636363636365,149,149
B2_r2,pointnet2,knn11,subject,4,f1_class::Cohen Syndrome,0.8888888888888888,149,149
B2_r2,pointnet2,knn11,subject,4,f1_class::Costello Syndrome,0.47058823529411764,149,149
B2_r2,pointnet2,knn11,subject,4,f1_class::Down Syndrome,0.7428571428571429,149,149
B2_r2,pointnet2,knn11,subject,4,f1_class::Ehlers-Danlos Syndrome,0.5263157894736842,149,149
B2_r2,pointnet2,knn11,subject,4,f1_class::Jacobsen Syndrome,0.0,149,149
B2_r2,pointnet2,knn11,subject,4,f1_class::Joubert Syndrome,0.4,149,149
B2_r2,pointnet2,knn11,subject,4,f1_class::Loeys-Dietz Syndrome,0.46153846153846156,149,149
B2_r2,pointnet2,knn11,subject,4,f1_class::Marfan Syndrome,0.3333333333333333,149,149
B2_r2,pointnet2,knn11,subject,4,f1_class::Noonan Syndrome,0.1111111111111111,149,149
B2_r2,pointnet2,knn11,subject,4,f1_class::Pallister-Killian Syndrome,0.5714285714285714,149,149
B2_r2,pointnet2,knn11,subject,4,f1_class::Phelan McDermid Syndrome,0.6666666666666666,149,149
B2_r2,pointnet2,knn11,subject,4,f1_class::Pitt Hopkins,0.5714285714285714,149,149
B2_r2,pointnet2,knn11,subject,4,f1_class::Rett Syndrome,0.2222222222222222,149,149
B2_r2,pointnet2,knn11,subject,4,f1_class::Smith-Lemli-Opitz,0.0,149,149
B2_r2,pointnet2,knn11,subject,4,f1_class::Trisomy 18,0.0,149,149
B2_r2,pointnet2,knn11,subject,4,f1_class::Turner Syndrome,0.0,149,149
B2_r2,pointnet2,knn11,subject,4,f1_class::Williams Syndrome,0.38095238095238093,149,149
C_corrected,geommlp,softmax,scan,0,accuracy,0.8507831821929102,3639,2658
C_corrected,geommlp,softmax,scan,0,macro_f1,0.8475493543493418,3639,2658
C_corrected,geommlp,softmax,scan,0,macro_auc,0.9130908453797583,3639,2658
C_corrected,geommlp,softmax,scan,0,f1_class::Unaffected,0.8697529383545215,3639,2658
C_corrected,geommlp,softmax,scan,0,f1_class::Affected,0.8253457703441621,3639,2658
C_corrected,geommlp,softmax,subject,0,accuracy,0.8589164785553047,2658,2658
C_corrected,geommlp,softmax,subject,0,macro_f1,0.8169231518054674,2658,2658
C_corrected,geommlp,softmax,subject,0,macro_auc,0.897734663821126,2658,2658
C_corrected,geommlp,softmax,subject,0,f1_class::Unaffected,0.9046044263546171,2658,2658
C_corrected,geommlp,softmax,subject,0,f1_class::Affected,0.7292418772563177,2658,2658
C_corrected,pointnet,softmax,scan,0,accuracy,0.875515251442704,3639,2658
C_corrected,pointnet,softmax,scan,0,macro_f1,0.871011174482221,3639,2658
C_corrected,pointnet,softmax,scan,0,macro_auc,0.9315312415930792,3639,2658
C_corrected,pointnet,softmax,scan,0,f1_class::Unaffected,0.8951146098633943,3639,2658
C_corrected,pointnet,softmax,scan,0,f1_class::Affected,0.8469077391010477,3639,2658
C_corrected,pointnet,softmax,subject,0,accuracy,0.882242287434161,2658,2658
C_corrected,pointnet,softmax,subject,0,macro_f1,0.8392154050981198,2658,2658
C_corrected,pointnet,softmax,subject,0,macro_auc,0.9166561800153203,2658,2658
C_corrected,pointnet,softmax,subject,0,f1_class::Unaffected,0.9223902801884454,2658,2658
C_corrected,pointnet,softmax,subject,0,f1_class::Affected,0.7560405300077943,2658,2658
C_corrected,dgcnn,softmax,scan,0,accuracy,0.8955757076119814,3639,2658
C_corrected,dgcnn,softmax,scan,0,macro_f1,0.8936713696233616,3639,2658
C_corrected,dgcnn,softmax,scan,0,macro_auc,0.960136905830683,3639,2658
C_corrected,dgcnn,softmax,scan,0,f1_class::Unaffected,0.9079011148812409,3639,2658
C_corrected,dgcnn,softmax,scan,0,f1_class::Affected,0.8794416243654822,3639,2658
C_corrected,dgcnn,softmax,subject,0,accuracy,0.8987960872836719,2658,2658
C_corrected,dgcnn,softmax,subject,0,macro_f1,0.8740067486378229,2658,2658
C_corrected,dgcnn,softmax,subject,0,macro_auc,0.9557071283134465,2658,2658
C_corrected,dgcnn,softmax,subject,0,f1_class::Unaffected,0.9298931456867344,2658,2658
C_corrected,dgcnn,softmax,subject,0,f1_class::Affected,0.8181203515889114,2658,2658
C_corrected,pointnet2,softmax,scan,0,accuracy,0.8994229183841714,3639,2658
C_corrected,pointnet2,softmax,scan,0,macro_f1,0.8971325058667823,3639,2658
C_corrected,pointnet2,softmax,scan,0,macro_auc,0.959463497887902,3639,2658
C_corrected,pointnet2,softmax,scan,0,f1_class::Unaffected,0.9124820659971306,3639,2658
C_corrected,pointnet2,softmax,scan,0,f1_class::Affected,0.8817829457364341,3639,2658
C_corrected,pointnet2,softmax,scan,1,accuracy,0.907392140697994,3639,2658
C_corrected,pointnet2,softmax,scan,1,macro_f1,0.9052432862667388,3639,2658
C_corrected,pointnet2,softmax,scan,1,macro_auc,0.961255239860904,3639,2658
C_corrected,pointnet2,softmax,scan,1,f1_class::Unaffected,0.919512777645092,3639,2658
C_corrected,pointnet2,softmax,scan,1,f1_class::Affected,0.8909737948883857,3639,2658
C_corrected,pointnet2,softmax,scan,2,accuracy,0.9038197306952459,3639,2658
C_corrected,pointnet2,softmax,scan,2,macro_f1,0.9016623172068747,3639,2658
C_corrected,pointnet2,softmax,scan,2,macro_auc,0.9609319325992507,3639,2658
C_corrected,pointnet2,softmax,scan,2,f1_class::Unaffected,0.9162278602202011,3639,2658
C_corrected,pointnet2,softmax,scan,2,f1_class::Affected,0.8870967741935484,3639,2658
C_corrected,pointnet2,softmax,scan,3,accuracy,0.9032701291563616,3639,2658
C_corrected,pointnet2,softmax,scan,3,macro_f1,0.9009324167971142,3639,2658
C_corrected,pointnet2,softmax,scan,3,macro_auc,0.9597378780357333,3639,2658
C_corrected,pointnet2,softmax,scan,3,f1_class::Unaffected,0.9161505478799429,3639,2658
C_corrected,pointnet2,softmax,scan,3,f1_class::Affected,0.8857142857142857,3639,2658
C_corrected,pointnet2,softmax,scan,4,accuracy,0.8988733168452872,3639,2658
C_corrected,pointnet2,softmax,scan,4,macro_f1,0.8966732405581327,3639,2658
C_corrected,pointnet2,softmax,scan,4,macro_auc,0.9595246179491369,3639,2658
C_corrected,pointnet2,softmax,scan,4,f1_class::Unaffected,0.9117505995203837,3639,2658
C_corrected,pointnet2,softmax,scan,4,f1_class::Affected,0.8815958815958816,3639,2658
C_corrected,pointnet2,softmax,subject,0,accuracy,0.9063205417607223,2658,2658
C_corrected,pointnet2,softmax,subject,0,macro_f1,0.8819849450305495,2658,2658
C_corrected,pointnet2,softmax,subject,0,macro_auc,0.9573373758154895,2658,2658
C_corrected,pointnet2,softmax,subject,0,f1_class::Unaffected,0.935575679172057,2658,2658
C_corrected,pointnet2,softmax,subject,0,f1_class::Affected,0.8283942108890421,2658,2658
C_corrected,pointnet2,softmax,subject,1,accuracy,0.9164785553047404,2658,2658
C_corrected,pointnet2,softmax,subject,1,macro_f1,0.8942788957688339,2658,2658
C_corrected,pointnet2,softmax,subject,1,macro_auc,0.9591443111989388,2658,2658
C_corrected,pointnet2,softmax,subject,1,f1_class::Unaffected,0.9427244582043344,2658,2658
C_corrected,pointnet2,softmax,subject,1,f1_class::Affected,0.8458333333333333,2658,2658
C_corrected,pointnet2,softmax,subject,2,accuracy,0.9119638826185101,2658,2658
C_corrected,pointnet2,softmax,subject,2,macro_f1,0.8887581271033173,2658,2658
C_corrected,pointnet2,softmax,subject,2,macro_auc,0.9587355147031387,2658,2658
C_corrected,pointnet2,softmax,subject,2,f1_class::Unaffected,0.9395661157024794,2658,2658
C_corrected,pointnet2,softmax,subject,2,f1_class::Affected,0.8379501385041551,2658,2658
C_corrected,pointnet2,softmax,subject,3,accuracy,0.9085778781038375,2658,2658
C_corrected,pointnet2,softmax,subject,3,macro_f1,0.8844293855912756,2658,2658
C_corrected,pointnet2,softmax,subject,3,macro_auc,0.9576629497584535,2658,2658
C_corrected,pointnet2,softmax,subject,3,f1_class::Unaffected,0.9372579395817195,2658,2658
C_corrected,pointnet2,softmax,subject,3,f1_class::Affected,0.8316008316008316,2658,2658
C_corrected,pointnet2,softmax,subject,4,accuracy,0.9066967644845748,2658,2658
C_corrected,pointnet2,softmax,subject,4,macro_f1,0.8826103030480035,2658,2658
C_corrected,pointnet2,softmax,subject,4,macro_auc,0.9580936950593971,2658,2658
C_corrected,pointnet2,softmax,subject,4,f1_class::Unaffected,0.9357845675815639,2658,2658
C_corrected,pointnet2,softmax,subject,4,f1_class::Affected,0.8294360385144429,2658,2658
