task,encoder,head,level,metric,n_seeds,mean,seed_sd,seed_min,seed_max,seed_deterministic,boot_mean,boot_ci_lo,boot_ci_hi,n_boot,n_subjects,n_units
A1_ts1,geommlp,softmax,scan,accuracy,1,0.5743440233236151,0.0,0.5743440233236151,0.5743440233236151,True,0.5741516034985422,0.5441933916423712,0.6054421768707483,2000,1029,1029
A1_ts1,geommlp,softmax,scan,macro_f1,1,0.2731530606294574,0.0,0.2731530606294574,0.2731530606294574,True,0.2726411462020452,0.2466313097705562,0.3021422978197317,2000,1029,1029
A1_ts1,geommlp,softmax,scan,macro_auc,1,0.5781841300336256,0.0,0.5781841300336256,0.5781841300336256,True,0.5782013372053322,0.5321622352173988,0.623677469066933,2000,1029,1029
A1_ts1,pointnet,softmax,scan,accuracy,1,0.7055393586005831,0.0,0.7055393586005831,0.7055393586005831,True,0.7057026239067057,0.6763848396501457,0.7327502429543246,2000,1029,1029
A1_ts1,pointnet,softmax,scan,macro_f1,1,0.2401794421689096,0.0,0.2401794421689096,0.2401794421689096,True,0.2399516270566021,0.2252795744230412,0.2556749822711364,2000,1029,1029
A1_ts1,pointnet,softmax,scan,macro_auc,1,0.5042820764800162,0.0,0.5042820764800162,0.5042820764800162,True,0.5039442326192357,0.465873402672321,0.5406035155645541,2000,1029,1029
A1_ts1,dgcnn,softmax,scan,accuracy,1,0.8007774538386784,0.0,0.8007774538386784,0.8007774538386784,True,0.8008833819241984,0.7755102040816326,0.8250971817298346,2000,1029,1029
A1_ts1,dgcnn,softmax,scan,macro_f1,1,0.2457635022671181,0.0,0.2457635022671181,0.2457635022671181,True,0.2457331016023149,0.2298728882564492,0.263520598846694,2000,1029,1029
A1_ts1,dgcnn,softmax,scan,macro_auc,1,0.5032794066256552,0.0,0.5032794066256552,0.5032794066256552,True,0.5029966439441835,0.4560155400085392,0.5468691645720816,2000,1029,1029
A1_ts1,pointnet2,softmax,scan,accuracy,5,0.681438289601555,0.0101087686094817,0.6705539358600583,0.6967930029154519,False,0.681508260447036,0.6565597667638483,0.7065160349854228,2000,1029,1029
A1_ts1,pointnet2,softmax,scan,macro_f1,5,0.2487866960488723,0.0080174303095852,0.2404825137978934,0.2611423287573796,False,0.2487464824774544,0.2357583932081582,0.2613053334744351,2000,1029,1029
A1_ts1,pointnet2,softmax,scan,macro_auc,5,0.5085899539099336,0.0082583154629837,0.501011361834322,0.5212896436789344,False,0.5085395905792858,0.4728588472809132,0.5422548653123285,2000,1029,1029
A1_ts2,geommlp,softmax,scan,accuracy,1,0.6355685131195336,0.0,0.6355685131195336,0.6355685131195336,True,0.635547619047619,0.6073858114674441,0.6647473275024294,2000,1029,1029
A1_ts2,geommlp,softmax,scan,macro_f1,1,0.275589935519126,0.0,0.275589935519126,0.275589935519126,True,0.2750887144867533,0.2472447964462294,0.3054628759800469,2000,1029,1029
A1_ts2,geommlp,softmax,scan,macro_auc,1,0.6061899771461129,0.0,0.6061899771461129,0.6061899771461129,True,0.6062003941935359,0.5631766627544318,0.6500180956397124,2000,1029,1029
A1_ts2,pointnet,softmax,scan,accuracy,1,0.7959183673469388,0.0,0.7959183673469388,0.7959183673469388,True,0.7959441205053449,0.7706511175898931,0.8211856171039844,2000,1029,1029
A1_ts2,pointnet,softmax,scan,macro_f1,1,0.2282720010923738,0.0,0.2282720010923738,0.2282720010923738,True,0.2281127621157847,0.2199095230355798,0.2392001387962758,2000,1029,1029
A1_ts2,pointnet,softmax,scan,macro_auc,1,0.5005889420338898,0.0,0.5005889420338898,0.5005889420338898,True,0.4996042240374446,0.4589625516698029,0.5400644621779779,2000,1029,1029
A1_ts2,dgcnn,softmax,scan,accuracy,1,0.6219630709426628,0.0,0.6219630709426628,0.6219630709426628,True,0.6217035957240039,0.5918124392614188,0.6511175898931001,2000,1029,1029
A1_ts2,dgcnn,softmax,scan,macro_f1,1,0.2564244997212654,0.0,0.2564244997212654,0.2564244997212654,True,0.2561521097568211,0.2338164728603164,0.2811717023063174,2000,1029,1029
A1_ts2,dgcnn,softmax,scan,macro_auc,1,0.5686158709401933,0.0,0.5686158709401933,0.5686158709401933,True,0.5682772658875624,0.529301300959703,0.6073538917574905,2000,1029,1029
A1_ts2,pointnet2,softmax,scan,accuracy,5,0.6866861030126337,0.0094371416025735,0.673469387755102,0.6987366375121478,False,0.6869380952380952,0.6579203109815355,0.7135082604470359,2000,1029,1029
A1_ts2,pointnet2,softmax,scan,macro_f1,5,0.2317324446414771,0.0081499985019312,0.2221130971867566,0.2410266624541546,False,0.2318624876963588,0.220485834757337,0.2436876548334536,2000,1029,1029
A1_ts2,pointnet2,softmax,scan,macro_auc,5,0.4752102411683198,0.0072847754170395,0.4644859150044438,0.4841269744449634,False,0.475253212826173,0.4330750717622165,0.5160784691648922,2000,1029,1029
A1_ts3,geommlp,softmax,scan,accuracy,1,0.5568513119533528,0.0,0.5568513119533528,0.5568513119533528,True,0.5566588921282799,0.5247813411078717,0.5879494655004859,2000,1029,1029
A1_ts3,geommlp,softmax,scan,macro_f1,1,0.2550364110109983,0.0,0.2550364110109983,0.2550364110109983,True,0.2542866524554771,0.2284169043381053,0.2822371686087096,2000,1029,1029
A1_ts3,geommlp,softmax,scan,macro_auc,1,0.577400076274474,0.0,0.577400076274474,0.577400076274474,True,0.5775951719730928,0.5326063213574306,0.6230689007167224,2000,1029,1029
A1_ts3,pointnet,softmax,scan,accuracy,1,0.6219630709426628,0.0,0.6219630709426628,0.6219630709426628,True,0.6222113702623907,0.5928085519922255,0.6511175898931001,2000,1029,1029
A1_ts3,pointnet,softmax,scan,macro_f1,1,0.2307989289494987,0.0,0.2307989289494987,0.2307989289494987,True,0.2307791137263898,0.2165974033973839,0.2457597234761049,2000,1029,1029
A1_ts3,pointnet,softmax,scan,macro_auc,1,0.4914157474893528,0.0,0.4914157474893528,0.4914157474893528,True,0.49159793897664,0.4468247300114976,0.5378217950239808,2000,1029,1029
A1_ts3,dgcnn,softmax,scan,accuracy,1,0.6482021379980564,0.0,0.6482021379980564,0.6482021379980564,True,0.6480918367346938,0.6180758017492711,0.6754373177842564,2000,1029,1029
A1_ts3,dgcnn,softmax,scan,macro_f1,1,0.2431634339616812,0.0,0.2431634339616812,0.2431634339616812,True,0.2432141171798224,0.2208535025181287,0.2686302734451251,2000,1029,1029
A1_ts3,dgcnn,softmax,scan,macro_auc,1,0.5063084964045563,0.0,0.5063084964045563,0.5063084964045563,True,0.5054023264300674,0.4642085038987091,0.5492883639035134,2000,1029,1029
A1_ts3,pointnet2,softmax,scan,accuracy,5,0.7636540330417881,0.0056415647322448,0.7599611273080661,0.7735665694849369,False,0.763797084548105,0.7383867832847425,0.7881486880466473,2000,1029,1029
A1_ts3,pointnet2,softmax,scan,macro_f1,5,0.245855579487844,0.0057864113063068,0.2388321585843024,0.2548082144175843,False,0.2457467589671083,0.2341093666909637,0.2590707227399297,2000,1029,1029
A1_ts3,pointnet2,softmax,scan,macro_auc,5,0.5258715448832908,0.0197533316139078,0.502832762994348,0.5503401562880421,False,0.5259582012248456,0.4928638787735642,0.5590672981871999,2000,1029,1029
A1_ts4,geommlp,softmax,scan,accuracy,1,0.5821185617103984,0.0,0.5821185617103984,0.5821185617103984,True,0.5820121477162293,0.5510204081632653,0.6122448979591837,2000,1029,1029
A1_ts4,geommlp,softmax,scan,macro_f1,1,0.2757802449545852,0.0,0.2757802449545852,0.2757802449545852,True,0.2754369002832151,0.2480807205726369,0.3058404044144013,2000,1029,1029
A1_ts4,geommlp,softmax,scan,macro_auc,1,0.59481536869334,0.0,0.59481536869334,0.59481536869334,True,0.5949674172136286,0.5492848708545582,0.6410227348645305,2000,1029,1029
A1_ts4,pointnet,softmax,scan,accuracy,1,0.7793974732750243,0.0,0.7793974732750243,0.7793974732750243,True,0.7797492711370262,0.7541302235179786,0.8046647230320699,2000,1029,1029
A1_ts4,pointnet,softmax,scan,macro_f1,1,0.2410735236307454,0.0,0.2410735236307454,0.2410735236307454,True,0.2411669040172918,0.2268437689183735,0.256904937389702,2000,1029,1029
A1_ts4,pointnet,softmax,scan,macro_auc,1,0.523483620659425,0.0,0.523483620659425,0.523483620659425,True,0.5246229924884581,0.4811355939257314,0.5647539204797508,2000,1029,1029
A1_ts4,dgcnn,softmax,scan,accuracy,1,0.7035957240038873,0.0,0.7035957240038873,0.7035957240038873,True,0.703874149659864,0.67444120505345,0.7317784256559767,2000,1029,1029
A1_ts4,dgcnn,softmax,scan,macro_f1,1,0.2822967839924865,0.0,0.2822967839924865,0.2822967839924865,True,0.2817202617558694,0.2549523534426839,0.3124930152699218,2000,1029,1029
A1_ts4,dgcnn,softmax,scan,macro_auc,1,0.5967248245974297,0.0,0.5967248245974297,0.5967248245974297,True,0.5965736353953853,0.5475713304405102,0.6451577830758337,2000,1029,1029
A1_ts4,pointnet2,softmax,scan,accuracy,5,0.7137026239067056,0.0046909692463157,0.7084548104956269,0.7210884353741497,False,0.7138559766763849,0.6870748299319729,0.739941690962099,2000,1029,1029
A1_ts4,pointnet2,softmax,scan,macro_f1,5,0.2618937372812088,0.013441433638118,0.2505152214678706,0.2832313608911835,False,0.2616928240900826,0.2438949380378123,0.2800224762154584,2000,1029,1029
A1_ts4,pointnet2,softmax,scan,macro_auc,5,0.5125521829917065,0.0106677238879639,0.4977656749728445,0.5236726888464905,False,0.5121895303674694,0.4750064065036186,0.5495385879148723,2000,1029,1029
A1_ts5,geommlp,softmax,scan,accuracy,1,0.5860058309037901,0.0,0.5860058309037901,0.5860058309037901,True,0.586098153547133,0.5558551992225461,0.6151846452866859,2000,1029,1029
A1_ts5,geommlp,softmax,scan,macro_f1,1,0.2976105866089054,0.0,0.2976105866089054,0.2976105866089054,True,0.2971897421678789,0.2668203252272815,0.3314577596806913,2000,1029,1029
A1_ts5,geommlp,softmax,scan,macro_auc,1,0.6118685724878107,0.0,0.6118685724878107,0.6118685724878107,True,0.6118753537865741,0.5664498741508173,0.6583125471500436,2000,1029,1029
A1_ts5,pointnet,softmax,scan,accuracy,1,0.7687074829931972,0.0,0.7687074829931972,0.7687074829931972,True,0.7687230320699708,0.7424684159378037,0.793974732750243,2000,1029,1029
A1_ts5,pointnet,softmax,scan,macro_f1,1,0.2426654216760961,0.0,0.2426654216760961,0.2426654216760961,True,0.2426239766552861,0.2288687243230501,0.2585531248272552,2000,1029,1029
A1_ts5,pointnet,softmax,scan,macro_auc,1,0.488893226122471,0.0,0.488893226122471,0.488893226122471,True,0.4887477151079971,0.446119390744421,0.5296271455929115,2000,1029,1029
A1_ts5,dgcnn,softmax,scan,accuracy,1,0.6336248785228377,0.0,0.6336248785228377,0.6336248785228377,True,0.6337798833819241,0.6054421768707483,0.6647230320699709,2000,1029,1029
A1_ts5,dgcnn,softmax,scan,macro_f1,1,0.259783297140789,0.0,0.259783297140789,0.259783297140789,True,0.2597091953538551,0.2436432454554297,0.2757888317668289,2000,1029,1029
A1_ts5,dgcnn,softmax,scan,macro_auc,1,0.5593488022212557,0.0,0.5593488022212557,0.5593488022212557,True,0.5595630128373416,0.5167423297450416,0.6022811109586292,2000,1029,1029
A1_ts5,pointnet2,softmax,scan,accuracy,5,0.7315840621963071,0.0017384396326529,0.7288629737609329,0.7337220602526725,False,0.7315821185617103,0.7039844509232265,0.7582167152575315,2000,1029,1029
A1_ts5,pointnet2,softmax,scan,macro_f1,5,0.2256426887768751,0.0012109431113386,0.2241841491841492,0.2268890831390831,False,0.225595178824082,0.214986078179142,0.2371453480235995,2000,1029,1029
A1_ts5,pointnet2,softmax,scan,macro_auc,5,0.4711719070400001,0.0129002739015906,0.4557397967146192,0.4860576729447271,False,0.4701495500638872,0.4284268506830707,0.5120846797345953,2000,1029,1029
A2_ts1,geommlp,softmax,scan,accuracy,1,0.6825242718446602,0.0,0.6825242718446602,0.6825242718446602,True,0.6822398058252427,0.6533980582524271,0.7116504854368932,2000,1030,1030
A2_ts1,geommlp,softmax,scan,macro_f1,1,0.5627996090236105,0.0,0.5627996090236105,0.5627996090236105,True,0.5623520528929334,0.5293883529332429,0.5966395702332473,2000,1030,1030
A2_ts1,geommlp,softmax,scan,macro_auc,1,0.6624084439469055,0.0,0.6624084439469055,0.6624084439469055,True,0.6615028031334554,0.6196935696045235,0.7045648584881707,2000,1030,1030
A2_ts1,pointnet,softmax,scan,accuracy,1,0.7844660194174757,0.0,0.7844660194174757,0.7844660194174757,True,0.7841985436893203,0.7582524271844661,0.8087378640776699,2000,1030,1030
A2_ts1,pointnet,softmax,scan,macro_f1,1,0.5114102564102564,0.0,0.5114102564102564,0.5114102564102564,True,0.5112802012501844,0.4802421076474152,0.5447513812154696,2000,1030,1030
A2_ts1,pointnet,softmax,scan,macro_auc,1,0.5229217975371822,0.0,0.5229217975371822,0.5229217975371822,True,0.5233590568276412,0.4775339844615813,0.5684707969330518,2000,1030,1030
A2_ts1,dgcnn,softmax,scan,accuracy,1,0.7640776699029126,0.0,0.7640776699029126,0.7640776699029126,True,0.7635718446601941,0.7378640776699029,0.7903155339805824,2000,1030,1030
A2_ts1,dgcnn,softmax,scan,macro_f1,1,0.5689493344539147,0.0,0.5689493344539147,0.5689493344539147,True,0.5681692514865524,0.5325413093365989,0.604184381254445,2000,1030,1030
A2_ts1,dgcnn,softmax,scan,macro_auc,1,0.5919846473692627,0.0,0.5919846473692627,0.5919846473692627,True,0.5912021097206377,0.5446939967396066,0.6372584295549413,2000,1030,1030
A2_ts1,pointnet2,softmax,scan,accuracy,5,0.7654368932038834,0.0031158847642487,0.7631067961165049,0.7708737864077669,False,0.7650928155339806,0.7405776699029126,0.7889320388349514,2000,1030,1030
A2_ts1,pointnet2,softmax,scan,macro_f1,5,0.5168207399035704,0.0041328760563337,0.5109794673507626,0.5213645262781007,False,0.5166989631902729,0.4893479773249896,0.5471626158375905,2000,1030,1030
A2_ts1,pointnet2,softmax,scan,macro_auc,5,0.550261314569007,0.0051660039611026,0.5431824724132417,0.5567631536862306,False,0.5495010569996513,0.5077311138479361,0.5926912989051603,2000,1030,1030
A2_ts2,geommlp,softmax,scan,accuracy,1,0.7,0.0,0.7,0.7,True,0.699597572815534,0.6699029126213593,0.7272087378640775,2000,1030,1030
A2_ts2,geommlp,softmax,scan,macro_f1,1,0.566896506676791,0.0,0.566896506676791,0.566896506676791,True,0.5661506703767583,0.532466589416843,0.5988104973461614,2000,1030,1030
A2_ts2,geommlp,softmax,scan,macro_auc,1,0.6679289940828402,0.0,0.6679289940828402,0.6679289940828402,True,0.6668966093319603,0.6247212541014167,0.7099718317715306,2000,1030,1030
A2_ts2,pointnet,softmax,scan,accuracy,1,0.5475728155339806,0.0,0.5475728155339806,0.5475728155339806,True,0.5478150485436892,0.5174757281553398,0.5776699029126213,2000,1030,1030
A2_ts2,pointnet,softmax,scan,macro_f1,1,0.4797055010428003,0.0,0.4797055010428003,0.4797055010428003,True,0.4797207598047925,0.4503670876785758,0.509706971105717,2000,1030,1030
A2_ts2,pointnet,softmax,scan,macro_auc,1,0.5410746841516072,0.0,0.5410746841516072,0.5410746841516072,True,0.5412268188148032,0.4981400426130527,0.5848817079943536,2000,1030,1030
A2_ts2,dgcnn,softmax,scan,accuracy,1,0.8009708737864077,0.0,0.8009708737864077,0.8009708737864077,True,0.800821359223301,0.7757281553398059,0.8252427184466019,2000,1030,1030
A2_ts2,dgcnn,softmax,scan,macro_f1,1,0.6328407156432634,0.0,0.6328407156432634,0.6328407156432634,True,0.6323160058748603,0.59547971064067,0.6697250186275374,2000,1030,1030
A2_ts2,dgcnn,softmax,scan,macro_auc,1,0.7511466496081881,0.0,0.7511466496081881,0.7511466496081881,True,0.7509136191299781,0.7137343511434123,0.7866364528481753,2000,1030,1030
A2_ts2,pointnet2,softmax,scan,accuracy,5,0.6813592233009709,0.0018675130156962,0.6786407766990291,0.683495145631068,False,0.681102427184466,0.6545631067961165,0.707383495145631,2000,1030,1030
A2_ts2,pointnet2,softmax,scan,macro_f1,5,0.5265180460168702,0.0037480498456174,0.5209093630158835,0.5304800630911298,False,0.5265682885099274,0.4982694033089538,0.5562766469927087,2000,1030,1030
A2_ts2,pointnet2,softmax,scan,macro_auc,5,0.5476539261154645,0.0040688871619285,0.541129058052135,0.5513321605629298,False,0.5478896530556756,0.5045598500873015,0.5908536801924287,2000,1030,1030
A2_ts3,geommlp,softmax,scan,accuracy,1,0.6786407766990291,0.0,0.6786407766990291,0.6786407766990291,True,0.6783281553398058,0.6475728155339806,0.7067961165048544,2000,1030,1030
A2_ts3,geommlp,softmax,scan,macro_f1,1,0.5611158956296963,0.0,0.5611158956296963,0.5611158956296963,True,0.5605787956762801,0.5267087606281341,0.5941351660939289,2000,1030,1030
A2_ts3,geommlp,softmax,scan,macro_auc,1,0.6811450503758196,0.0,0.6811450503758196,0.6811450503758196,True,0.6800839211312512,0.6395261351662277,0.7204270783144718,2000,1030,1030
A2_ts3,pointnet,softmax,scan,accuracy,1,0.7300970873786408,0.0,0.7300970873786408,0.7300970873786408,True,0.7299325242718446,0.7029126213592233,0.7563106796116504,2000,1030,1030
A2_ts3,pointnet,softmax,scan,macro_f1,1,0.4959654706246831,0.0,0.4959654706246831,0.4959654706246831,True,0.4956544965914096,0.4659905456920579,0.5266887959584826,2000,1030,1030
A2_ts3,pointnet,softmax,scan,macro_auc,1,0.5370877978570286,0.0,0.5370877978570286,0.5370877978570286,True,0.5367445626064341,0.4962905655759493,0.5793165447805575,2000,1030,1030
A2_ts3,dgcnn,softmax,scan,accuracy,1,0.8135922330097087,0.0,0.8135922330097087,0.8135922330097087,True,0.8130281553398059,0.7892961165048544,0.8359223300970874,2000,1030,1030
A2_ts3,dgcnn,softmax,scan,macro_f1,1,0.6823928461301264,0.0,0.6823928461301264,0.6823928461301264,True,0.6813447569422747,0.6453763879768422,0.7157782556568406,2000,1030,1030
A2_ts3,dgcnn,softmax,scan,macro_auc,1,0.8055461378538301,0.0,0.8055461378538301,0.8055461378538301,True,0.8048309166485371,0.7698915181613315,0.8363254840028052,2000,1030,1030
A2_ts3,pointnet2,softmax,scan,accuracy,5,0.6821359223300971,0.0027970602506578,0.6786407766990291,0.6864077669902913,False,0.6817742718446602,0.6555339805825243,0.7085485436893204,2000,1030,1030
A2_ts3,pointnet2,softmax,scan,macro_f1,5,0.5052586154234857,0.0060131543649342,0.4987656079380905,0.5144140317691069,False,0.5049636155053121,0.4771182719237986,0.5333845818987226,2000,1030,1030
A2_ts3,pointnet2,softmax,scan,macro_auc,5,0.5091239405085559,0.0061448749363798,0.5018455141532064,0.5171341755957141,False,0.508729873857479,0.4643890805015137,0.553016272421338,2000,1030,1030
A2_ts4,geommlp,softmax,scan,accuracy,1,0.658252427184466,0.0,0.658252427184466,0.658252427184466,True,0.6576936893203883,0.6271844660194175,0.6864077669902913,2000,1030,1030
A2_ts4,geommlp,softmax,scan,macro_f1,1,0.5644485449582901,0.0,0.5644485449582901,0.5644485449582901,True,0.563708610366409,0.5312390760864151,0.5974790209109437,2000,1030,1030
A2_ts4,geommlp,softmax,scan,macro_auc,1,0.6670206300975532,0.0,0.6670206300975532,0.6670206300975532,True,0.6659451601514049,0.6247123904416143,0.7085022399279483,2000,1030,1030
A2_ts4,pointnet,softmax,scan,accuracy,1,0.7135922330097088,0.0,0.7135922330097088,0.7135922330097088,True,0.7130844660194174,0.6854368932038835,0.7407766990291262,2000,1030,1030
A2_ts4,pointnet,softmax,scan,macro_f1,1,0.5500245091142806,0.0,0.5500245091142806,0.5500245091142806,True,0.5496719387373532,0.516703258249831,0.5833174211731295,2000,1030,1030
A2_ts4,pointnet,softmax,scan,macro_auc,1,0.604298736606429,0.0,0.604298736606429,0.604298736606429,True,0.6035678758403799,0.5605376036417208,0.6480283967592364,2000,1030,1030
A2_ts4,dgcnn,softmax,scan,accuracy,1,0.8262135922330097,0.0,0.8262135922330097,0.8262135922330097,True,0.8260611650485437,0.8029126213592233,0.8485436893203884,2000,1030,1030
A2_ts4,dgcnn,softmax,scan,macro_f1,1,0.7259542994570218,0.0,0.7259542994570218,0.7259542994570218,True,0.7255200821279999,0.6919839276333537,0.7585129894868883,2000,1030,1030
A2_ts4,dgcnn,softmax,scan,macro_auc,1,0.8334751319366704,0.0,0.8334751319366704,0.8334751319366704,True,0.8327817947162445,0.7997462732170374,0.8634408866407971,2000,1030,1030
A2_ts4,pointnet2,softmax,scan,accuracy,5,0.7170873786407767,0.0030393156975725,0.7145631067961165,0.7223300970873786,False,0.7166231067961164,0.6897038834951456,0.7437038834951456,2000,1030,1030
A2_ts4,pointnet2,softmax,scan,macro_f1,5,0.5131685844524599,0.0046877148810616,0.5057961972230001,0.5186601307189542,False,0.5121983251520097,0.4820760731983638,0.542482846427089,2000,1030,1030
A2_ts4,pointnet2,softmax,scan,macro_auc,5,0.5217565968335199,0.0043700032719226,0.5157396449704142,0.527113385574924,False,0.5212596425244351,0.4750709670688026,0.5665014985423739,2000,1030,1030
A2_ts5,geommlp,softmax,scan,accuracy,1,0.670873786407767,0.0,0.670873786407767,0.670873786407767,True,0.6704451456310679,0.6407766990291263,0.6990291262135923,2000,1030,1030
A2_ts5,geommlp,softmax,scan,macro_f1,1,0.562296062206433,0.0,0.562296062206433,0.562296062206433,True,0.5616288430361797,0.5280627964531187,0.5943862911568466,2000,1030,1030
A2_ts5,geommlp,softmax,scan,macro_auc,1,0.663604669758516,0.0,0.663604669758516,0.663604669758516,True,0.6626506366683257,0.6200392394983726,0.7038500844286235,2000,1030,1030
A2_ts5,pointnet,softmax,scan,accuracy,1,0.6029126213592233,0.0,0.6029126213592233,0.6029126213592233,True,0.6022233009708738,0.5718446601941748,0.6339805825242718,2000,1030,1030
A2_ts5,pointnet,softmax,scan,macro_f1,1,0.5285798533827056,0.0,0.5285798533827056,0.5285798533827056,True,0.5279530431038303,0.4981825432374322,0.5594920827666634,2000,1030,1030
A2_ts5,pointnet,softmax,scan,macro_auc,1,0.6361426515272669,0.0,0.6361426515272669,0.6361426515272669,True,0.6352792003802645,0.5926551728149505,0.6789855503196419,2000,1030,1030
A2_ts5,dgcnn,softmax,scan,accuracy,1,0.8223300970873786,0.0,0.8223300970873786,0.8223300970873786,True,0.8218805825242719,0.7980582524271844,0.845631067961165,2000,1030,1030
A2_ts5,dgcnn,softmax,scan,macro_f1,1,0.7360006386742467,0.0,0.7360006386742467,0.7360006386742467,True,0.7351397583320388,0.7021929955746982,0.7662037748592646,2000,1030,1030
A2_ts5,dgcnn,softmax,scan,macro_auc,1,0.8508236046697585,0.0,0.8508236046697585,0.8508236046697585,True,0.8498355768749919,0.8185228893611645,0.8788678714772465,2000,1030,1030
A2_ts5,pointnet2,softmax,scan,accuracy,5,0.6409708737864077,0.0057601541647344,0.6310679611650486,0.6446601941747573,False,0.641057281553398,0.6141747572815535,0.6679611650485437,2000,1030,1030
A2_ts5,pointnet2,softmax,scan,macro_f1,5,0.5258834338794542,0.0033966411195579,0.5220044062547323,0.5292457542457543,False,0.5257229195825608,0.4975431848409533,0.5549669606855097,2000,1030,1030
A2_ts5,pointnet2,softmax,scan,macro_auc,5,0.5888271229809691,0.0049159739169771,0.5815960339037262,0.5945242283703822,False,0.5888028810505533,0.5446374937616408,0.63332072629019,2000,1030,1030
B1_corrected_ts1,geommlp,softmax,scan,accuracy,1,0.1005434782608695,0.0,0.1005434782608695,0.1005434782608695,True,0.1005132944087004,0.0830073918965764,0.1205063362539013,2000,733,1840
B1_corrected_ts1,geommlp,softmax,scan,macro_f1,1,0.0980807101498329,0.0,0.0980807101498329,0.0980807101498329,True,0.0959475278808744,0.0758191319630565,0.118422181320754,2000,733,1840
B1_corrected_ts1,geommlp,softmax,scan,macro_auc,1,0.65474090025951,0.0,0.65474090025951,0.65474090025951,True,0.6548872331114252,0.6246766519125392,0.6840571723260708,2000,733,1840
B1_corrected_ts1,geommlp,softmax,scan,top3_accuracy,1,0.2826086956521739,0.0,0.2826086956521739,0.2826086956521739,True,0.2823456078383466,0.2549879117959617,0.3111392449640794,2000,733,1840
B1_corrected_ts1,geommlp,softmax,scan,top5_accuracy,1,0.4423913043478261,0.0,0.4423913043478261,0.4423913043478261,True,0.4421960711484428,0.4119263217279125,0.4727383524611155,2000,733,1840
B1_corrected_ts1,geommlp,softmax,subject,accuracy,1,0.1268758526603001,0.0,0.1268758526603001,0.1268758526603001,True,0.1270620736698499,0.1036834924965893,0.1500682128240109,2000,733,733
B1_corrected_ts1,geommlp,softmax,subject,macro_f1,1,0.1144959671262055,0.0,0.1144959671262055,0.1144959671262055,True,0.1128348948359867,0.0877082215554322,0.1389996614431803,2000,733,733
B1_corrected_ts1,geommlp,softmax,subject,macro_auc,1,0.6672405751865427,0.0,0.6672405751865427,0.6672405751865427,True,0.6672980273863388,0.6337060056195541,0.6984410474102025,2000,733,733
B1_corrected_ts1,geommlp,softmax,subject,top3_accuracy,1,0.3137789904502046,0.0,0.3137789904502046,0.3137789904502046,True,0.3136718963165075,0.2824010914051841,0.3465211459754433,2000,733,733
B1_corrected_ts1,geommlp,softmax,subject,top5_accuracy,1,0.4693042291950887,0.0,0.4693042291950887,0.4693042291950887,True,0.469137789904502,0.4351978171896316,0.504774897680764,2000,733,733
B1_corrected_ts1,geommlp,proto,scan,accuracy,1,0.0978260869565217,0.0,0.0978260869565217,0.0978260869565217,True,0.0975473588552329,0.0795808703484771,0.1178715526258986,2000,733,1840
B1_corrected_ts1,geommlp,proto,scan,macro_f1,1,0.0862988157122266,0.0,0.0862988157122266,0.0862988157122266,True,0.0845931171067406,0.067084232209463,0.1032301989266377,2000,733,1840
B1_corrected_ts1,geommlp,proto,scan,macro_auc,1,0.6405710528282222,0.0,0.6405710528282222,0.6405710528282222,True,0.6404721941210119,0.6133889723335272,0.6658578478298608,2000,733,1840
B1_corrected_ts1,geommlp,proto,scan,top3_accuracy,1,0.2570652173913043,0.0,0.2570652173913043,0.2570652173913043,True,0.2567354534623592,0.2290845364802727,0.2851077004366261,2000,733,1840
B1_corrected_ts1,geommlp,proto,scan,top5_accuracy,1,0.4,0.0,0.4,0.4,True,0.3995340464139179,0.3689105332435276,0.430893067975254,2000,733,1840
B1_corrected_ts1,geommlp,proto,subject,accuracy,1,0.111869031377899,0.0,0.111869031377899,0.111869031377899,True,0.1119849931787175,0.0900409276944065,0.1350613915416098,2000,733,733
B1_corrected_ts1,geommlp,proto,subject,macro_f1,1,0.100235126865362,0.0,0.100235126865362,0.100235126865362,True,0.0988682929956839,0.077665405434081,0.1204230168972197,2000,733,733
B1_corrected_ts1,geommlp,proto,subject,macro_auc,1,0.6504025351022542,0.0,0.6504025351022542,0.6504025351022542,True,0.6504972092789739,0.6194484931055178,0.6811114355175105,2000,733,733
B1_corrected_ts1,geommlp,proto,subject,top3_accuracy,1,0.2660300136425648,0.0,0.2660300136425648,0.2660300136425648,True,0.2657646657571623,0.2346521145975443,0.3001364256480218,2000,733,733
B1_corrected_ts1,geommlp,proto,subject,top5_accuracy,1,0.4188267394270122,0.0,0.4188267394270122,0.4188267394270122,True,0.4186650750341064,0.3847203274215552,0.4556616643929058,2000,733,733
B1_corrected_ts1,geommlp,knn11,scan,accuracy,1,0.2146739130434782,0.0,0.2146739130434782,0.2146739130434782,True,0.2150826990411042,0.191078060283636,0.2394525955299207,2000,733,1840
B1_corrected_ts1,geommlp,knn11,scan,macro_f1,1,0.1066099607093918,0.0,0.1066099607093918,0.1066099607093918,True,0.1046616029181651,0.0827189715068913,0.1281560932014839,2000,733,1840
B1_corrected_ts1,geommlp,knn11,scan,macro_auc,1,0.597755176036891,0.0,0.597755176036891,0.597755176036891,True,0.5978933852445332,0.5726891470407258,0.6230731051657271,2000,733,1840
B1_corrected_ts1,geommlp,knn11,subject,accuracy,1,0.2155525238744884,0.0,0.2155525238744884,0.2155525238744884,True,0.2156732605729877,0.1855388813096862,0.2455661664392905,2000,733,733
B1_corrected_ts1,geommlp,knn11,subject,macro_f1,1,0.0968947476737873,0.0,0.0968947476737873,0.0968947476737873,True,0.0951307159192597,0.0711953578652764,0.1207233414060094,2000,733,733
B1_corrected_ts1,geommlp,knn11,subject,macro_auc,1,0.6105832580398209,0.0,0.6105832580398209,0.6105832580398209,True,0.6109644788415416,0.5825467436730715,0.6393929027611364,2000,733,733
B1_corrected_ts1,pointnet,softmax,scan,accuracy,1,0.1298913043478261,0.0,0.1298913043478261,0.1298913043478261,True,0.129724451740017,0.1100949309976451,0.1505498805026597,2000,733,1840
B1_corrected_ts1,pointnet,softmax,scan,macro_f1,1,0.1169963394830518,0.0,0.1169963394830518,0.1169963394830518,True,0.1146293983098366,0.0941706878220746,0.1357943794567079,2000,733,1840
B1_corrected_ts1,pointnet,softmax,scan,macro_auc,1,0.7035579116109286,0.0,0.7035579116109286,0.7035579116109286,True,0.7035105724073728,0.6776941429106851,0.7282356222390326,2000,733,1840
B1_corrected_ts1,pointnet,softmax,scan,top3_accuracy,1,0.3413043478260869,0.0,0.3413043478260869,0.3413043478260869,True,0.3408986234138876,0.3108175021952688,0.3715249296258233,2000,733,1840
B1_corrected_ts1,pointnet,softmax,scan,top5_accuracy,1,0.5510869565217391,0.0,0.5510869565217391,0.5510869565217391,True,0.5507413823294105,0.5219763242375602,0.5794663429905779,2000,733,1840
B1_corrected_ts1,pointnet,softmax,subject,accuracy,1,0.1541609822646657,0.0,0.1541609822646657,0.1541609822646657,True,0.1535825375170532,0.1268758526603001,0.1814461118690313,2000,733,733
B1_corrected_ts1,pointnet,softmax,subject,macro_f1,1,0.138269576137102,0.0,0.138269576137102,0.138269576137102,True,0.1354935038258578,0.107447723495949,0.1652721003019418,2000,733,733
B1_corrected_ts1,pointnet,softmax,subject,macro_auc,1,0.7261293898442674,0.0,0.7261293898442674,0.7261293898442674,True,0.7255643555966461,0.701752469238811,0.7501189335861078,2000,733,733
B1_corrected_ts1,pointnet,softmax,subject,top3_accuracy,1,0.3683492496589359,0.0,0.3683492496589359,0.3683492496589359,True,0.3674863574351978,0.3328785811732606,0.4024556616643929,2000,733,733
B1_corrected_ts1,pointnet,softmax,subject,top5_accuracy,1,0.5784447476125512,0.0,0.5784447476125512,0.5784447476125512,True,0.5776289222373806,0.5429740791268759,0.6139154160982264,2000,733,733
B1_corrected_ts1,pointnet,proto,scan,accuracy,1,0.1315217391304347,0.0,0.1315217391304347,0.1315217391304347,True,0.1314852936817378,0.1108656959577027,0.1520344108596072,2000,733,1840
B1_corrected_ts1,pointnet,proto,scan,macro_f1,1,0.1183950346705183,0.0,0.1183950346705183,0.1183950346705183,True,0.1163965740627561,0.0963022732315958,0.1368075066782197,2000,733,1840
B1_corrected_ts1,pointnet,proto,scan,macro_auc,1,0.6915847177314829,0.0,0.6915847177314829,0.6915847177314829,True,0.691946552211099,0.6648393893520343,0.7170412678865029,2000,733,1840
B1_corrected_ts1,pointnet,proto,scan,top3_accuracy,1,0.3206521739130434,0.0,0.3206521739130434,0.3206521739130434,True,0.3207992234674228,0.2908899812766428,0.349285775307776,2000,733,1840
B1_corrected_ts1,pointnet,proto,scan,top5_accuracy,1,0.5157608695652174,0.0,0.5157608695652174,0.5157608695652174,True,0.5158182952198475,0.4848394237076017,0.5459147294008716,2000,733,1840
B1_corrected_ts1,pointnet,proto,subject,accuracy,1,0.1664392905866303,0.0,0.1664392905866303,0.1664392905866303,True,0.1663035470668485,0.1391541609822646,0.1923942701227829,2000,733,733
B1_corrected_ts1,pointnet,proto,subject,macro_f1,1,0.1533551528582951,0.0,0.1533551528582951,0.1533551528582951,True,0.1508112663771943,0.1225864592344102,0.1797609801547809,2000,733,733
B1_corrected_ts1,pointnet,proto,subject,macro_auc,1,0.716303968665712,0.0,0.716303968665712,0.716303968665712,True,0.7159036166927584,0.6860761086281246,0.7422892604624544,2000,733,733
B1_corrected_ts1,pointnet,proto,subject,top3_accuracy,1,0.3656207366984993,0.0,0.3656207366984993,0.3656207366984993,True,0.3655136425648022,0.330150068212824,0.3997271487039563,2000,733,733
B1_corrected_ts1,pointnet,proto,subject,top5_accuracy,1,0.5716234652114598,0.0,0.5716234652114598,0.5716234652114598,True,0.5714863574351977,0.5347885402455662,0.605763983628922,2000,733,733
B1_corrected_ts1,pointnet,knn11,scan,accuracy,1,0.2195652173913043,0.0,0.2195652173913043,0.2195652173913043,True,0.2198624740603587,0.1968350540514911,0.2430629244482172,2000,733,1840
B1_corrected_ts1,pointnet,knn11,scan,macro_f1,1,0.1371816324952164,0.0,0.1371816324952164,0.1371816324952164,True,0.1339046680590467,0.1090250985904384,0.1618960202490186,2000,733,1840
B1_corrected_ts1,pointnet,knn11,scan,macro_auc,1,0.673907730015934,0.0,0.673907730015934,0.673907730015934,True,0.6740526941245055,0.6503136672737253,0.6966798185256227,2000,733,1840
B1_corrected_ts1,pointnet,knn11,subject,accuracy,1,0.2073669849931787,0.0,0.2073669849931787,0.2073669849931787,True,0.2076432469304228,0.1787175989085948,0.2373806275579809,2000,733,733
B1_corrected_ts1,pointnet,knn11,subject,macro_f1,1,0.1222701475168035,0.0,0.1222701475168035,0.1222701475168035,True,0.1186789679837948,0.0852641481725712,0.1548892290418133,2000,733,733
B1_corrected_ts1,pointnet,knn11,subject,macro_auc,1,0.6920934792520128,0.0,0.6920934792520128,0.6920934792520128,True,0.6919662063065676,0.6656153755150046,0.7173189464074367,2000,733,733
B1_corrected_ts1,dgcnn,softmax,scan,accuracy,1,0.242391304347826,0.0,0.242391304347826,0.242391304347826,True,0.2421425457875749,0.215140242279917,0.269072323557963,2000,733,1840
B1_corrected_ts1,dgcnn,softmax,scan,macro_f1,1,0.2133317941379733,0.0,0.2133317941379733,0.2133317941379733,True,0.2087518512217969,0.176963823159181,0.238814825602612,2000,733,1840
B1_corrected_ts1,dgcnn,softmax,scan,macro_auc,1,0.8022663546121456,0.0,0.8022663546121456,0.8022663546121456,True,0.8026397923879378,0.7799144813591434,0.8231877941572439,2000,733,1840
B1_corrected_ts1,dgcnn,softmax,scan,top3_accuracy,1,0.5304347826086957,0.0,0.5304347826086957,0.5304347826086957,True,0.5304306787168397,0.4989032824579508,0.5612837379706992,2000,733,1840
B1_corrected_ts1,dgcnn,softmax,scan,top5_accuracy,1,0.7353260869565217,0.0,0.7353260869565217,0.7353260869565217,True,0.7353922552110655,0.7065460953841612,0.7652112790674629,2000,733,1840
B1_corrected_ts1,dgcnn,softmax,subject,accuracy,1,0.2892223738062756,0.0,0.2892223738062756,0.2892223738062756,True,0.2886418826739427,0.2564802182810368,0.3206343792633013,2000,733,733
B1_corrected_ts1,dgcnn,softmax,subject,macro_f1,1,0.2555869751101167,0.0,0.2555869751101167,0.2555869751101167,True,0.2497276248987281,0.2082652874705837,0.2890734657334578,2000,733,733
B1_corrected_ts1,dgcnn,softmax,subject,macro_auc,1,0.8279341973810737,0.0,0.8279341973810737,0.8279341973810737,True,0.8278737702722245,0.8053732938127734,0.849381046132088,2000,733,733
B1_corrected_ts1,dgcnn,softmax,subject,top3_accuracy,1,0.5593451568894953,0.0,0.5593451568894953,0.5593451568894953,True,0.5591268758526603,0.5238744884038199,0.5961800818553888,2000,733,733
B1_corrected_ts1,dgcnn,softmax,subject,top5_accuracy,1,0.7435197817189632,0.0,0.7435197817189632,0.7435197817189632,True,0.743606412005457,0.7121418826739427,0.7748976807639836,2000,733,733
B1_corrected_ts1,dgcnn,proto,scan,accuracy,1,0.2472826086956521,0.0,0.2472826086956521,0.2472826086956521,True,0.246966321760735,0.2209004389819732,0.2728275008753137,2000,733,1840
B1_corrected_ts1,dgcnn,proto,scan,macro_f1,1,0.2249230091392308,0.0,0.2249230091392308,0.2249230091392308,True,0.2210496767349308,0.1950501361069492,0.2479024708730471,2000,733,1840
B1_corrected_ts1,dgcnn,proto,scan,macro_auc,1,0.790509399290549,0.0,0.790509399290549,0.790509399290549,True,0.7911877077585011,0.7678084021014924,0.8133083649448958,2000,733,1840
B1_corrected_ts1,dgcnn,proto,scan,top3_accuracy,1,0.5190217391304348,0.0,0.5190217391304348,0.5190217391304348,True,0.518650407478752,0.4887476046357397,0.5493643774495948,2000,733,1840
B1_corrected_ts1,dgcnn,proto,scan,top5_accuracy,1,0.7054347826086956,0.0,0.7054347826086956,0.7054347826086956,True,0.7053074741787473,0.6766350001885741,0.7330772786551644,2000,733,1840
B1_corrected_ts1,dgcnn,proto,subject,accuracy,1,0.3015006821282401,0.0,0.3015006821282401,0.3015006821282401,True,0.3008717598908595,0.2687585266030013,0.3342428376534788,2000,733,733
B1_corrected_ts1,dgcnn,proto,subject,macro_f1,1,0.2874766587093372,0.0,0.2874766587093372,0.2874766587093372,True,0.2820426654773047,0.2403968539973252,0.3221505414048388,2000,733,733
B1_corrected_ts1,dgcnn,proto,subject,macro_auc,1,0.8231423957467061,0.0,0.8231423957467061,0.8231423957467061,True,0.8230724596496891,0.7997837050145599,0.8442009904673412,2000,733,733
B1_corrected_ts1,dgcnn,proto,subject,top3_accuracy,1,0.5961800818553888,0.0,0.5961800818553888,0.5961800818553888,True,0.595668485675307,0.5607094133697135,0.6316507503410641,2000,733,733
B1_corrected_ts1,dgcnn,proto,subject,top5_accuracy,1,0.762619372442019,0.0,0.762619372442019,0.762619372442019,True,0.7624993178717598,0.7312073669849932,0.7939972714870396,2000,733,733
B1_corrected_ts1,dgcnn,knn11,scan,accuracy,1,0.2760869565217391,0.0,0.2760869565217391,0.2760869565217391,True,0.2760785301385049,0.2494551573388737,0.3024003732162459,2000,733,1840
B1_corrected_ts1,dgcnn,knn11,scan,macro_f1,1,0.1907058636435653,0.0,0.1907058636435653,0.1907058636435653,True,0.1875460105658594,0.1571117794884524,0.218466331382953,2000,733,1840
B1_corrected_ts1,dgcnn,knn11,scan,macro_auc,1,0.7105809046269453,0.0,0.7105809046269453,0.7105809046269453,True,0.7108025955786068,0.6888833390765307,0.7314033174873853,2000,733,1840
B1_corrected_ts1,dgcnn,knn11,subject,accuracy,1,0.2933151432469304,0.0,0.2933151432469304,0.2933151432469304,True,0.2937060027285129,0.2605729877216917,0.3260572987721691,2000,733,733
B1_corrected_ts1,dgcnn,knn11,subject,macro_f1,1,0.1994286455525582,0.0,0.1994286455525582,0.1994286455525582,True,0.1950593415196143,0.1542875627735085,0.2345820144002724,2000,733,733
B1_corrected_ts1,dgcnn,knn11,subject,macro_auc,1,0.7312714732195149,0.0,0.7312714732195149,0.7312714732195149,True,0.7314983246924482,0.7081997663923204,0.7533007186017611,2000,733,733
B1_corrected_ts1,pointnet2,softmax,scan,accuracy,5,0.2967391304347825,0.0042447009108188,0.2929347826086956,0.3016304347826087,False,0.2962938990313388,0.2715491192122454,0.3216618416903635,2000,733,1840
B1_corrected_ts1,pointnet2,softmax,scan,macro_f1,5,0.2717072307445783,0.0057895922274353,0.2626238034268044,0.2773510611201649,False,0.266531828557799,0.2369551524654988,0.2970997747145114,2000,733,1840
B1_corrected_ts1,pointnet2,softmax,scan,macro_auc,5,0.7836218187017069,0.001627709956062,0.78168072051658,0.7854930476983706,False,0.7841841300926715,0.760920733876041,0.8061696614066766,2000,733,1840
B1_corrected_ts1,pointnet2,softmax,scan,top3_accuracy,5,0.6139130434782609,0.0038159760177265,0.6092391304347826,0.6184782608695653,False,0.6139754873079214,0.584787689169697,0.64190918440481,2000,733,1840
B1_corrected_ts1,pointnet2,softmax,scan,top5_accuracy,5,0.7727173913043478,0.0049123941471637,0.7679347826086956,0.7809782608695652,False,0.772945117125285,0.7460493157894736,0.7992172294752933,2000,733,1840
B1_corrected_ts1,pointnet2,softmax,subject,accuracy,5,0.3386084583901774,0.0078013524995884,0.3260572987721691,0.3465211459754433,False,0.3379282401091404,0.3075034106412005,0.3680832196452932,2000,733,733
B1_corrected_ts1,pointnet2,softmax,subject,macro_f1,5,0.3283001739563908,0.0186686603462907,0.29803245851004,0.3485574135701477,False,0.3219612174000838,0.2835797875004849,0.3613114128207595,2000,733,733
B1_corrected_ts1,pointnet2,softmax,subject,macro_auc,5,0.8116702797669479,0.0019726733678947,0.8090490489647743,0.8144263766821841,False,0.8111958574173991,0.7873362802052645,0.8342977151864011,2000,733,733
B1_corrected_ts1,pointnet2,softmax,subject,top3_accuracy,5,0.6510231923601637,0.0088097595039361,0.6398362892223738,0.660300136425648,False,0.6506657571623466,0.6204570259208733,0.6804911323328786,2000,733,733
B1_corrected_ts1,pointnet2,softmax,subject,top5_accuracy,5,0.7937244201909961,0.0078607695993931,0.7844474761255116,0.7994542974079127,False,0.7937392905866304,0.7664324693042291,0.8193724420190996,2000,733,733
B1_corrected_ts1,pointnet2,proto,scan,accuracy,5,0.2747826086956521,0.0065736161366124,0.266304347826087,0.2847826086956522,False,0.2741198622476188,0.2484191709262483,0.3014274051749477,2000,733,1840
B1_corrected_ts1,pointnet2,proto,scan,macro_f1,5,0.2481705816729565,0.0048178406128401,0.2423325253210269,0.254951001712013,False,0.2435868760358648,0.2173829693453274,0.2700302140188722,2000,733,1840
B1_corrected_ts1,pointnet2,proto,scan,macro_auc,5,0.7835116755940394,0.002785106838893,0.7799081112801188,0.787427740437681,False,0.7841751378441755,0.760974869383932,0.806090642653007,2000,733,1840
B1_corrected_ts1,pointnet2,proto,scan,top3_accuracy,5,0.5601086956521739,0.0034926671767521,0.5548913043478261,0.5635869565217392,False,0.5597507793652956,0.5314752570463043,0.5877353677840784,2000,733,1840
B1_corrected_ts1,pointnet2,proto,scan,top5_accuracy,5,0.7393478260869565,0.0048852619683139,0.7320652173913044,0.7451086956521739,False,0.7394301802590737,0.7122106505835434,0.7646226693802521,2000,733,1840
B1_corrected_ts1,pointnet2,proto,subject,accuracy,5,0.3413369713506139,0.0084319438692291,0.3328785811732606,0.354706684856753,False,0.3405169167803547,0.3107776261937244,0.3724420190995907,2000,733,733
B1_corrected_ts1,pointnet2,proto,subject,macro_f1,5,0.3363890478310352,0.008724585697777,0.3236855162086628,0.3465332072333121,False,0.3299711755375487,0.2907973835065575,0.3698617035347725,2000,733,733
B1_corrected_ts1,pointnet2,proto,subject,macro_auc,5,0.8213150380818345,0.0020478653053627,0.8180213405383677,0.8229020160514257,False,0.8211675443261388,0.7986294975108307,0.8418039522507416,2000,733,733
B1_corrected_ts1,pointnet2,proto,subject,top3_accuracy,5,0.642837653478854,0.0075590151035171,0.6343792633015006,0.654843110504775,False,0.6426837653478855,0.6111869031377899,0.6739495225102319,2000,733,733
B1_corrected_ts1,pointnet2,proto,subject,top5_accuracy,5,0.780081855388813,0.0063551512681321,0.7735334242837654,0.7885402455661664,False,0.7802821282401091,0.7525238744884039,0.8068281036834924,2000,733,733
B1_corrected_ts1,pointnet2,knn11,scan,accuracy,5,0.2881521739130435,0.0122095267120835,0.2673913043478261,0.2994565217391304,False,0.2883055441323488,0.2622538665389564,0.3144208387435547,2000,733,1840
B1_corrected_ts1,pointnet2,knn11,scan,macro_f1,5,0.215762053633402,0.0100615435475689,0.2047304179097585,0.2267162510327443,False,0.211475387835628,0.1799903212039177,0.2432149846308746,2000,733,1840
B1_corrected_ts1,pointnet2,knn11,scan,macro_auc,5,0.7398285322052905,0.0011071773729275,0.7380328473403267,0.7406600180162705,False,0.7402563564005029,0.720737175652693,0.7591429339330061,2000,733,1840
B1_corrected_ts1,pointnet2,knn11,subject,accuracy,5,0.3080491132332878,0.0127395552850518,0.2933151432469304,0.3246930422919509,False,0.3080889495225102,0.2772169167803547,0.3386084583901773,2000,733,733
B1_corrected_ts1,pointnet2,knn11,subject,macro_f1,5,0.2219517939076017,0.0122913339008626,0.2076332252664448,0.2351327582536929,False,0.2152575169871061,0.1760154189805787,0.2532741529837746,2000,733,733
B1_corrected_ts1,pointnet2,knn11,subject,macro_auc,5,0.7722674644263388,0.0014774149065725,0.7706191018493569,0.7742255176512263,False,0.7723066910449805,0.7538171521680931,0.7904762693928753,2000,733,733
B1_corrected_ts2,geommlp,softmax,scan,accuracy,1,0.1097826086956521,0.0,0.1097826086956521,0.1097826086956521,True,0.1096723763990726,0.0915176725665459,0.1285346799116997,2000,733,1840
B1_corrected_ts2,geommlp,softmax,scan,macro_f1,1,0.1100108439427671,0.0,0.1100108439427671,0.1100108439427671,True,0.1076583957312362,0.0872595754693612,0.1284008787040243,2000,733,1840
B1_corrected_ts2,geommlp,softmax,scan,macro_auc,1,0.677504705506426,0.0,0.677504705506426,0.677504705506426,True,0.6775283991845167,0.6525874674825893,0.7013724923226079,2000,733,1840
B1_corrected_ts2,geommlp,softmax,scan,top3_accuracy,1,0.2864130434782608,0.0,0.2864130434782608,0.2864130434782608,True,0.2858547246206896,0.2588157200041535,0.3142578473652358,2000,733,1840
B1_corrected_ts2,geommlp,softmax,scan,top5_accuracy,1,0.4510869565217391,0.0,0.4510869565217391,0.4510869565217391,True,0.4504321650278572,0.4214443829265006,0.4805597148279157,2000,733,1840
B1_corrected_ts2,geommlp,softmax,subject,accuracy,1,0.1377899045020464,0.0,0.1377899045020464,0.1377899045020464,True,0.1378547066848567,0.1145975443383356,0.1637107776261937,2000,733,733
B1_corrected_ts2,geommlp,softmax,subject,macro_f1,1,0.1262720041587275,0.0,0.1262720041587275,0.1262720041587275,True,0.1242855748044976,0.0994735224168958,0.1504290769291145,2000,733,733
B1_corrected_ts2,geommlp,softmax,subject,macro_auc,1,0.6960762569346497,0.0,0.6960762569346497,0.6960762569346497,True,0.6959487421328074,0.6670526283755278,0.7237451469104339,2000,733,733
B1_corrected_ts2,geommlp,softmax,subject,top3_accuracy,1,0.3137789904502046,0.0,0.3137789904502046,0.3137789904502046,True,0.3132660300136425,0.2810368349249659,0.3465211459754433,2000,733,733
B1_corrected_ts2,geommlp,softmax,subject,top5_accuracy,1,0.4624829467939972,0.0,0.4624829467939972,0.4624829467939972,True,0.4616773533424284,0.4256480218281037,0.4993178717598908,2000,733,733
B1_corrected_ts2,geommlp,proto,scan,accuracy,1,0.0940217391304347,0.0,0.0940217391304347,0.0940217391304347,True,0.0939588977756676,0.0762974323400132,0.1123947282309175,2000,733,1840
B1_corrected_ts2,geommlp,proto,scan,macro_f1,1,0.0907315834264616,0.0,0.0907315834264616,0.0907315834264616,True,0.0892448015857463,0.0722982194531791,0.1072657775347871,2000,733,1840
B1_corrected_ts2,geommlp,proto,scan,macro_auc,1,0.6591175895317652,0.0,0.6591175895317652,0.6591175895317652,True,0.6587634019770735,0.6340257173037024,0.6828956373055624,2000,733,1840
B1_corrected_ts2,geommlp,proto,scan,top3_accuracy,1,0.2788043478260869,0.0,0.2788043478260869,0.2788043478260869,True,0.2785547456986806,0.2506990018844942,0.3079469161792685,2000,733,1840
B1_corrected_ts2,geommlp,proto,scan,top5_accuracy,1,0.4369565217391304,0.0,0.4369565217391304,0.4369565217391304,True,0.436587042417292,0.4047561257512714,0.4675919699424516,2000,733,1840
B1_corrected_ts2,geommlp,proto,subject,accuracy,1,0.1145975443383356,0.0,0.1145975443383356,0.1145975443383356,True,0.114744201909959,0.0927353342428376,0.1377899045020464,2000,733,733
B1_corrected_ts2,geommlp,proto,subject,macro_f1,1,0.1085246575751923,0.0,0.1085246575751923,0.1085246575751923,True,0.1071362256041989,0.0854549404945904,0.1309340771610914,2000,733,733
B1_corrected_ts2,geommlp,proto,subject,macro_auc,1,0.67153525311518,0.0,0.67153525311518,0.67153525311518,True,0.6715581359472439,0.6420973488822681,0.7008866996644249,2000,733,733
B1_corrected_ts2,geommlp,proto,subject,top3_accuracy,1,0.3096862210095498,0.0,0.3096862210095498,0.3096862210095498,True,0.3095641200545702,0.2783083219645293,0.3451568894952251,2000,733,733
B1_corrected_ts2,geommlp,proto,subject,top5_accuracy,1,0.4788540245566166,0.0,0.4788540245566166,0.4788540245566166,True,0.4787980900409277,0.4433833560709413,0.5170532060027285,2000,733,733
B1_corrected_ts2,geommlp,knn11,scan,accuracy,1,0.2146739130434782,0.0,0.2146739130434782,0.2146739130434782,True,0.2150826990411042,0.191078060283636,0.2394525955299207,2000,733,1840
B1_corrected_ts2,geommlp,knn11,scan,macro_f1,1,0.1066099607093918,0.0,0.1066099607093918,0.1066099607093918,True,0.1046616029181651,0.0827189715068913,0.1281560932014839,2000,733,1840
B1_corrected_ts2,geommlp,knn11,scan,macro_auc,1,0.597755176036891,0.0,0.597755176036891,0.597755176036891,True,0.5978933852445332,0.5726891470407258,0.6230731051657271,2000,733,1840
B1_corrected_ts2,geommlp,knn11,subject,accuracy,1,0.2155525238744884,0.0,0.2155525238744884,0.2155525238744884,True,0.2156732605729877,0.1855388813096862,0.2455661664392905,2000,733,733
B1_corrected_ts2,geommlp,knn11,subject,macro_f1,1,0.0968947476737873,0.0,0.0968947476737873,0.0968947476737873,True,0.0951307159192597,0.0711953578652764,0.1207233414060094,2000,733,733
B1_corrected_ts2,geommlp,knn11,subject,macro_auc,1,0.6105832580398209,0.0,0.6105832580398209,0.6105832580398209,True,0.6109644788415416,0.5825467436730715,0.6393929027611364,2000,733,733
B1_corrected_ts2,pointnet,softmax,scan,accuracy,1,0.1206521739130434,0.0,0.1206521739130434,0.1206521739130434,True,0.1207484770982226,0.0999986346258875,0.1415385157641651,2000,733,1840
B1_corrected_ts2,pointnet,softmax,scan,macro_f1,1,0.0974059026502609,0.0,0.0974059026502609,0.0974059026502609,True,0.0958143948625958,0.0756232367710768,0.115139540654048,2000,733,1840
B1_corrected_ts2,pointnet,softmax,scan,macro_auc,1,0.690711508124583,0.0,0.690711508124583,0.690711508124583,True,0.6910395680496679,0.666483408523009,0.7142848846088364,2000,733,1840
B1_corrected_ts2,pointnet,softmax,scan,top3_accuracy,1,0.2918478260869565,0.0,0.2918478260869565,0.2918478260869565,True,0.2913289569684524,0.2639077645138251,0.3184967222124555,2000,733,1840
B1_corrected_ts2,pointnet,softmax,scan,top5_accuracy,1,0.4635869565217391,0.0,0.4635869565217391,0.4635869565217391,True,0.463037771158828,0.4319998957790515,0.4941568063343192,2000,733,1840
B1_corrected_ts2,pointnet,softmax,subject,accuracy,1,0.1500682128240109,0.0,0.1500682128240109,0.1500682128240109,True,0.1499542974079127,0.1241473396998635,0.1759890859481582,2000,733,733
B1_corrected_ts2,pointnet,softmax,subject,macro_f1,1,0.1178913397651513,0.0,0.1178913397651513,0.1178913397651513,True,0.1161844290961883,0.091164397774128,0.1418923374793674,2000,733,733
B1_corrected_ts2,pointnet,softmax,subject,macro_auc,1,0.7113113952269504,0.0,0.7113113952269504,0.7113113952269504,True,0.7110244780254095,0.6847444970606423,0.7355985890000056,2000,733,733
B1_corrected_ts2,pointnet,softmax,subject,top3_accuracy,1,0.3315143246930423,0.0,0.3315143246930423,0.3315143246930423,True,0.3307414733969985,0.2974079126875852,0.364256480218281,2000,733,733
B1_corrected_ts2,pointnet,softmax,subject,top5_accuracy,1,0.5061391541609823,0.0,0.5061391541609823,0.5061391541609823,True,0.5054208731241473,0.4693042291950887,0.5416098226466576,2000,733,733
B1_corrected_ts2,pointnet,proto,scan,accuracy,1,0.0831521739130434,0.0,0.0831521739130434,0.0831521739130434,True,0.0829162148714089,0.0657590845253269,0.1012536539036201,2000,733,1840
B1_corrected_ts2,pointnet,proto,scan,macro_f1,1,0.0795500270414983,0.0,0.0795500270414983,0.0795500270414983,True,0.0781680163776392,0.0617802759885813,0.0953272339977958,2000,733,1840
B1_corrected_ts2,pointnet,proto,scan,macro_auc,1,0.6659433701119563,0.0,0.6659433701119563,0.6659433701119563,True,0.6662920048076696,0.6388568099609317,0.6917490133472289,2000,733,1840
B1_corrected_ts2,pointnet,proto,scan,top3_accuracy,1,0.2641304347826086,0.0,0.2641304347826086,0.2641304347826086,True,0.2634428187382935,0.2355143147613601,0.2919015651471077,2000,733,1840
B1_corrected_ts2,pointnet,proto,scan,top5_accuracy,1,0.4315217391304348,0.0,0.4315217391304348,0.4315217391304348,True,0.4307267896060686,0.4,0.4630482904786516,2000,733,1840
B1_corrected_ts2,pointnet,proto,subject,accuracy,1,0.1050477489768076,0.0,0.1050477489768076,0.1050477489768076,True,0.1046145975443383,0.0832196452933151,0.1268758526603001,2000,733,733
B1_corrected_ts2,pointnet,proto,subject,macro_f1,1,0.102072144519659,0.0,0.102072144519659,0.102072144519659,True,0.1005463017083262,0.0789347071992627,0.1231095420822507,2000,733,733
B1_corrected_ts2,pointnet,proto,subject,macro_auc,1,0.6888971816172913,0.0,0.6888971816172913,0.6888971816172913,True,0.6884492976483728,0.6596942675348827,0.715204603881664,2000,733,733
B1_corrected_ts2,pointnet,proto,subject,top3_accuracy,1,0.3083219645293315,0.0,0.3083219645293315,0.3083219645293315,True,0.3077366984993178,0.2742155525238745,0.3410641200545702,2000,733,733
B1_corrected_ts2,pointnet,proto,subject,top5_accuracy,1,0.4706684856753069,0.0,0.4706684856753069,0.4706684856753069,True,0.4696036834924965,0.4365620736698499,0.5034106412005457,2000,733,733
B1_corrected_ts2,pointnet,knn11,scan,accuracy,1,0.2146739130434782,0.0,0.2146739130434782,0.2146739130434782,True,0.2146427913212223,0.1908186061108703,0.2387211681793471,2000,733,1840
B1_corrected_ts2,pointnet,knn11,scan,macro_f1,1,0.1269600819985588,0.0,0.1269600819985588,0.1269600819985588,True,0.1246501757740873,0.1019783430096124,0.1475008102372142,2000,733,1840
B1_corrected_ts2,pointnet,knn11,scan,macro_auc,1,0.6318134497401606,0.0,0.6318134497401606,0.6318134497401606,True,0.6324798603680742,0.6062115735029877,0.6577122509639328,2000,733,1840
B1_corrected_ts2,pointnet,knn11,subject,accuracy,1,0.2128240109140518,0.0,0.2128240109140518,0.2128240109140518,True,0.2128901773533424,0.1841746248294679,0.2442019099590723,2000,733,733
B1_corrected_ts2,pointnet,knn11,subject,macro_f1,1,0.1331992733593176,0.0,0.1331992733593176,0.1331992733593176,True,0.1299798000958658,0.0974445418284691,0.1623628023741276,2000,733,733
B1_corrected_ts2,pointnet,knn11,subject,macro_auc,1,0.649154743420037,0.0,0.649154743420037,0.649154743420037,True,0.6488622010060715,0.6201941072933645,0.6750354590269435,2000,733,733
B1_corrected_ts2,dgcnn,softmax,scan,accuracy,1,0.1788043478260869,0.0,0.1788043478260869,0.1788043478260869,True,0.1786585298586319,0.1565260702934787,0.2022111781121555,2000,733,1840
B1_corrected_ts2,dgcnn,softmax,scan,macro_f1,1,0.1601259523102185,0.0,0.1601259523102185,0.1601259523102185,True,0.158142906680966,0.1345790646290952,0.1822787468067721,2000,733,1840
B1_corrected_ts2,dgcnn,softmax,scan,macro_auc,1,0.7887033067443734,0.0,0.7887033067443734,0.7887033067443734,True,0.7894802386644695,0.7690633657818082,0.808828119777068,2000,733,1840
B1_corrected_ts2,dgcnn,softmax,scan,top3_accuracy,1,0.4163043478260869,0.0,0.4163043478260869,0.4163043478260869,True,0.4161170024668855,0.3839407133510231,0.4498395390441915,2000,733,1840
B1_corrected_ts2,dgcnn,softmax,scan,top5_accuracy,1,0.6032608695652174,0.0,0.6032608695652174,0.6032608695652174,True,0.6031479239116543,0.5706444522537886,0.6362722936872232,2000,733,1840
B1_corrected_ts2,dgcnn,softmax,subject,accuracy,1,0.2073669849931787,0.0,0.2073669849931787,0.2073669849931787,True,0.2070525238744884,0.1800477489768076,0.2360163710777626,2000,733,733
B1_corrected_ts2,dgcnn,softmax,subject,macro_f1,1,0.1757568712405993,0.0,0.1757568712405993,0.1757568712405993,True,0.1718909653349555,0.1393135169349831,0.2067620492444091,2000,733,733
B1_corrected_ts2,dgcnn,softmax,subject,macro_auc,1,0.8231576448045719,0.0,0.8231576448045719,0.8231576448045719,True,0.8231336016639957,0.8026151445601076,0.8423695285351859,2000,733,733
B1_corrected_ts2,dgcnn,softmax,subject,top3_accuracy,1,0.4474761255115961,0.0,0.4474761255115961,0.4474761255115961,True,0.4472919508867667,0.4133697135061391,0.4829467939972715,2000,733,733
B1_corrected_ts2,dgcnn,softmax,subject,top5_accuracy,1,0.626193724420191,0.0,0.626193724420191,0.626193724420191,True,0.6258390177353342,0.592087312414734,0.660300136425648,2000,733,733
B1_corrected_ts2,dgcnn,proto,scan,accuracy,1,0.2016304347826087,0.0,0.2016304347826087,0.2016304347826087,True,0.2012650724899968,0.1764964078949479,0.2273760708939775,2000,733,1840
B1_corrected_ts2,dgcnn,proto,scan,macro_f1,1,0.1735861314436043,0.0,0.1735861314436043,0.1735861314436043,True,0.1706944931430176,0.1479116419884498,0.1945785737754689,2000,733,1840
B1_corrected_ts2,dgcnn,proto,scan,macro_auc,1,0.7713891855990976,0.0,0.7713891855990976,0.7713891855990976,True,0.772512290929046,0.7506228465494784,0.7929432015883563,2000,733,1840
B1_corrected_ts2,dgcnn,proto,scan,top3_accuracy,1,0.4146739130434783,0.0,0.4146739130434783,0.4146739130434783,True,0.4142705616469501,0.3843271953241921,0.4456794265194125,2000,733,1840
B1_corrected_ts2,dgcnn,proto,scan,top5_accuracy,1,0.6016304347826087,0.0,0.6016304347826087,0.6016304347826087,True,0.6013501998261865,0.5689920948558779,0.6325638714031148,2000,733,1840
B1_corrected_ts2,dgcnn,proto,subject,accuracy,1,0.2605729877216917,0.0,0.2605729877216917,0.2605729877216917,True,0.2603492496589359,0.2291950886766712,0.2919508867667121,2000,733,733
B1_corrected_ts2,dgcnn,proto,subject,macro_f1,1,0.2281165179559169,0.0,0.2281165179559169,0.2281165179559169,True,0.2248328304678903,0.1919794501267576,0.2571916908215731,2000,733,733
B1_corrected_ts2,dgcnn,proto,subject,macro_auc,1,0.805977699519395,0.0,0.805977699519395,0.805977699519395,True,0.8060781623886906,0.7859045264410133,0.8253501488651588,2000,733,733
B1_corrected_ts2,dgcnn,proto,subject,top3_accuracy,1,0.514324693042292,0.0,0.514324693042292,0.514324693042292,True,0.5137735334242839,0.4774897680763983,0.5498294679399726,2000,733,733
B1_corrected_ts2,dgcnn,proto,subject,top5_accuracy,1,0.6889495225102319,0.0,0.6889495225102319,0.6889495225102319,True,0.6888628922237381,0.6562073669849932,0.7216916780354706,2000,733,733
B1_corrected_ts2,dgcnn,knn11,scan,accuracy,1,0.2728260869565217,0.0,0.2728260869565217,0.2728260869565217,True,0.2734045899541538,0.246470842110124,0.2995500349487418,2000,733,1840
B1_corrected_ts2,dgcnn,knn11,scan,macro_f1,1,0.1775847482665357,0.0,0.1775847482665357,0.1775847482665357,True,0.1749643750981526,0.1472733887625507,0.2030240114335703,2000,733,1840
B1_corrected_ts2,dgcnn,knn11,scan,macro_auc,1,0.7015315920573157,0.0,0.7015315920573157,0.7015315920573157,True,0.7019426832013564,0.678655029150795,0.7235500846105626,2000,733,1840
B1_corrected_ts2,dgcnn,knn11,subject,accuracy,1,0.2796725784447476,0.0,0.2796725784447476,0.2796725784447476,True,0.2799618008185539,0.2469304229195088,0.3124147339699863,2000,733,733
B1_corrected_ts2,dgcnn,knn11,subject,macro_f1,1,0.1737764178181147,0.0,0.1737764178181147,0.1737764178181147,True,0.1707761830018874,0.1352546555198065,0.2043881158490228,2000,733,733
B1_corrected_ts2,dgcnn,knn11,subject,macro_auc,1,0.7231823053048269,0.0,0.7231823053048269,0.7231823053048269,True,0.7235118302973225,0.7005676800021283,0.7445688835307611,2000,733,733
B1_corrected_ts2,pointnet2,softmax,scan,accuracy,5,0.2617391304347826,0.0046846438998934,0.2559782608695652,0.2668478260869565,False,0.2613438875336697,0.235516564677269,0.2863376934849957,2000,733,1840
B1_corrected_ts2,pointnet2,softmax,scan,macro_f1,5,0.2393058986413061,0.0049643280462526,0.2336663009600702,0.2454950209853507,False,0.2350260293405788,0.2074890944659118,0.2645937122544631,2000,733,1840
B1_corrected_ts2,pointnet2,softmax,scan,macro_auc,5,0.7664847254983632,0.0012191333659591,0.7650209607980386,0.7683450175645673,False,0.7669786140528421,0.7420640532169596,0.7903903874056304,2000,733,1840
B1_corrected_ts2,pointnet2,softmax,scan,top3_accuracy,5,0.5798913043478262,0.0041921871251471,0.5744565217391304,0.5858695652173913,False,0.5797458020823405,0.551314453463516,0.6087964204576449,2000,733,1840
B1_corrected_ts2,pointnet2,softmax,scan,top5_accuracy,5,0.7568478260869567,0.004425261518657,0.753804347826087,0.7646739130434783,False,0.7568716966943718,0.7289777537926486,0.7840645216545533,2000,733,1840
B1_corrected_ts2,pointnet2,softmax,subject,accuracy,5,0.3137789904502046,0.0117357779905083,0.3015006821282401,0.3287858117326057,False,0.3131043656207367,0.2834924965893588,0.3421623465211459,2000,733,733
B1_corrected_ts2,pointnet2,softmax,subject,macro_f1,5,0.3015426633164487,0.014152239911999,0.2830838877011478,0.3204347398763979,False,0.2958908615974262,0.2595955862121274,0.3320109090298309,2000,733,733
B1_corrected_ts2,pointnet2,softmax,subject,macro_auc,5,0.7983669556284433,0.00368776373352,0.7921457109604944,0.801258065106372,False,0.7980270341047266,0.7718089166549077,0.8220455963794032,2000,733,733
B1_corrected_ts2,pointnet2,softmax,subject,top3_accuracy,5,0.600818553888131,0.0072575367412116,0.592087312414734,0.6111869031377899,False,0.6004843110504775,0.5686152796725785,0.6321964529331514,2000,733,733
B1_corrected_ts2,pointnet2,softmax,subject,top5_accuracy,5,0.7577080491132333,0.0078132720672722,0.7448840381991815,0.7639836289222374,False,0.7574177353342428,0.7298703956343793,0.7836289222373807,2000,733,733
B1_corrected_ts2,pointnet2,proto,scan,accuracy,5,0.2379347826086956,0.0057951196793766,0.2298913043478261,0.2429347826086956,False,0.2374925005497759,0.2131759408803948,0.2618984822665695,2000,733,1840
B1_corrected_ts2,pointnet2,proto,scan,macro_f1,5,0.2173857095234228,0.0045207712561665,0.2114778502372664,0.2219701379441034,False,0.2135514042010248,0.1899856259977631,0.2394393310074729,2000,733,1840
B1_corrected_ts2,pointnet2,proto,scan,macro_auc,5,0.7649322020638067,0.0012276519900615,0.7637498433716421,0.7662976989016701,False,0.7654028514723996,0.7421649059821048,0.7887633059879935,2000,733,1840
B1_corrected_ts2,pointnet2,proto,scan,top3_accuracy,5,0.5323913043478261,0.0054699946261244,0.5239130434782608,0.5385869565217392,False,0.5319379342545439,0.504441519087367,0.5608399209486166,2000,733,1840
B1_corrected_ts2,pointnet2,proto,scan,top5_accuracy,5,0.7215217391304348,0.0048852619683139,0.7152173913043478,0.7282608695652174,False,0.7214356216588208,0.6939144152099336,0.7481580645400538,2000,733,1840
B1_corrected_ts2,pointnet2,proto,subject,accuracy,5,0.313506139154161,0.0057396136338233,0.3055934515688949,0.3192360163710777,False,0.3128785811732606,0.2832196452933151,0.3418826739427012,2000,733,733
B1_corrected_ts2,pointnet2,proto,subject,macro_f1,5,0.3073097894812638,0.0105866084745001,0.2953821072281823,0.3199615991715349,False,0.3016871988570998,0.2657735843567747,0.3375737048128191,2000,733,733
B1_corrected_ts2,pointnet2,proto,subject,macro_auc,5,0.8043533587463427,0.0009875695314574,0.8032040019115027,0.8058212160295898,False,0.8041359832843396,0.7784885966997271,0.8269196451803669,2000,733,733
B1_corrected_ts2,pointnet2,proto,subject,top3_accuracy,5,0.6117326057298772,0.0039303847996966,0.6057298772169167,0.616643929058663,False,0.6115710777626193,0.5787039563437926,0.6425648021828103,2000,733,733
B1_corrected_ts2,pointnet2,proto,subject,top5_accuracy,5,0.7732605729877217,0.0060552090098696,0.7639836289222374,0.7803547066848567,False,0.7731162346521147,0.7437926330150069,0.8002796725784447,2000,733,733
B1_corrected_ts2,pointnet2,knn11,scan,accuracy,5,0.2670652173913043,0.0057207379856264,0.2603260869565217,0.2739130434782608,False,0.2674082621309991,0.2408778880575885,0.2931232049736663,2000,733,1840
B1_corrected_ts2,pointnet2,knn11,scan,macro_f1,5,0.1805680749049197,0.003889280466996,0.1771178116113464,0.1865524634982962,False,0.177612630512443,0.1487145662266963,0.2081295879244848,2000,733,1840
B1_corrected_ts2,pointnet2,knn11,scan,macro_auc,5,0.730566817769089,0.001044525177226,0.7295695653086461,0.7319184983460886,False,0.7308651400293145,0.7117357702415156,0.7500068656905439,2000,733,1840
B1_corrected_ts2,pointnet2,knn11,subject,accuracy,5,0.2914051841746248,0.0112333909141822,0.2742155525238745,0.3042291950886767,False,0.2916657571623465,0.2622032742155525,0.3208799454297407,2000,733,733
B1_corrected_ts2,pointnet2,knn11,subject,macro_f1,5,0.1993919800245637,0.0146166040824759,0.1849698309498102,0.2198256594486064,False,0.1942693865162989,0.1588460389284682,0.2304860516664704,2000,733,733
B1_corrected_ts2,pointnet2,knn11,subject,macro_auc,5,0.7600356179352482,0.0010116056114992,0.7592680136473531,0.7617557550384938,False,0.760036197192741,0.7395190992206754,0.7788181931301934,2000,733,733
B1_corrected_ts3,geommlp,softmax,scan,accuracy,1,0.1108695652173913,0.0,0.1108695652173913,0.1108695652173913,True,0.1108876079873606,0.0932608896936277,0.1295703859820246,2000,733,1840
B1_corrected_ts3,geommlp,softmax,scan,macro_f1,1,0.1042792747425,0.0,0.1042792747425,0.1042792747425,True,0.1024251402130283,0.0843771116509856,0.1212427453824618,2000,733,1840
B1_corrected_ts3,geommlp,softmax,scan,macro_auc,1,0.6728649410214611,0.0,0.6728649410214611,0.6728649410214611,True,0.6730794741562238,0.6481389330383157,0.698472988179419,2000,733,1840
B1_corrected_ts3,geommlp,softmax,scan,top3_accuracy,1,0.3010869565217391,0.0,0.3010869565217391,0.3010869565217391,True,0.3008502002564859,0.2729691731336722,0.3298859637800313,2000,733,1840
B1_corrected_ts3,geommlp,softmax,scan,top5_accuracy,1,0.4782608695652174,0.0,0.4782608695652174,0.4782608695652174,True,0.4781122716600987,0.4486172747222003,0.5072122087583759,2000,733,1840
B1_corrected_ts3,geommlp,softmax,subject,accuracy,1,0.1323328785811732,0.0,0.1323328785811732,0.1323328785811732,True,0.1321036834924966,0.1077762619372442,0.1568894952251023,2000,733,733
B1_corrected_ts3,geommlp,softmax,subject,macro_f1,1,0.1167454951139629,0.0,0.1167454951139629,0.1167454951139629,True,0.1148250744909082,0.0906025155981822,0.1391503931321267,2000,733,733
B1_corrected_ts3,geommlp,softmax,subject,macro_auc,1,0.6912158334815786,0.0,0.6912158334815786,0.6912158334815786,True,0.6910473569976125,0.660868765636803,0.7210709056516689,2000,733,733
B1_corrected_ts3,geommlp,softmax,subject,top3_accuracy,1,0.3315143246930423,0.0,0.3315143246930423,0.3315143246930423,True,0.3311964529331515,0.2987721691678035,0.3656207366984993,2000,733,733
B1_corrected_ts3,geommlp,softmax,subject,top5_accuracy,1,0.4802182810368349,0.0,0.4802182810368349,0.4802182810368349,True,0.4800948158253751,0.4447476125511596,0.5156889495225102,2000,733,733
B1_corrected_ts3,geommlp,proto,scan,accuracy,1,0.1021739130434782,0.0,0.1021739130434782,0.1021739130434782,True,0.1023208420081183,0.0854956681249784,0.1209684102655498,2000,733,1840
B1_corrected_ts3,geommlp,proto,scan,macro_f1,1,0.0951450243362291,0.0,0.0951450243362291,0.0951450243362291,True,0.0938070710852362,0.0766443619455401,0.1107766607956358,2000,733,1840
B1_corrected_ts3,geommlp,proto,scan,macro_auc,1,0.656031277246741,0.0,0.656031277246741,0.656031277246741,True,0.6557970685579112,0.6298763895981712,0.6798164824358399,2000,733,1840
B1_corrected_ts3,geommlp,proto,scan,top3_accuracy,1,0.2896739130434783,0.0,0.2896739130434783,0.2896739130434783,True,0.2895943719080945,0.2625129792332268,0.3176375814316268,2000,733,1840
B1_corrected_ts3,geommlp,proto,scan,top5_accuracy,1,0.4559782608695652,0.0,0.4559782608695652,0.4559782608695652,True,0.4557660712266785,0.4242240945499942,0.4855736076800907,2000,733,1840
B1_corrected_ts3,geommlp,proto,subject,accuracy,1,0.1309686221009549,0.0,0.1309686221009549,0.1309686221009549,True,0.1311268758526603,0.1077762619372442,0.1541609822646657,2000,733,733
B1_corrected_ts3,geommlp,proto,subject,macro_f1,1,0.1233604246464529,0.0,0.1233604246464529,0.1233604246464529,True,0.1218267197840956,0.0977363494098495,0.1464215495594552,2000,733,733
B1_corrected_ts3,geommlp,proto,subject,macro_auc,1,0.6700540981315894,0.0,0.6700540981315894,0.6700540981315894,True,0.6701878409317253,0.6395598222820644,0.7002343863256562,2000,733,733
B1_corrected_ts3,geommlp,proto,subject,top3_accuracy,1,0.3437926330150068,0.0,0.3437926330150068,0.3437926330150068,True,0.3439236016371078,0.3083219645293315,0.3819918144611187,2000,733,733
B1_corrected_ts3,geommlp,proto,subject,top5_accuracy,1,0.5020463847203275,0.0,0.5020463847203275,0.5020463847203275,True,0.5021862210095498,0.4665757162346521,0.538881309686221,2000,733,733
B1_corrected_ts3,geommlp,knn11,scan,accuracy,1,0.2146739130434782,0.0,0.2146739130434782,0.2146739130434782,True,0.2150826990411042,0.191078060283636,0.2394525955299207,2000,733,1840
B1_corrected_ts3,geommlp,knn11,scan,macro_f1,1,0.1066099607093918,0.0,0.1066099607093918,0.1066099607093918,True,0.1046616029181651,0.0827189715068913,0.1281560932014839,2000,733,1840
B1_corrected_ts3,geommlp,knn11,scan,macro_auc,1,0.597755176036891,0.0,0.597755176036891,0.597755176036891,True,0.5978933852445332,0.5726891470407258,0.6230731051657271,2000,733,1840
B1_corrected_ts3,geommlp,knn11,subject,accuracy,1,0.2155525238744884,0.0,0.2155525238744884,0.2155525238744884,True,0.2156732605729877,0.1855388813096862,0.2455661664392905,2000,733,733
B1_corrected_ts3,geommlp,knn11,subject,macro_f1,1,0.0968947476737873,0.0,0.0968947476737873,0.0968947476737873,True,0.0951307159192597,0.0711953578652764,0.1207233414060094,2000,733,733
B1_corrected_ts3,geommlp,knn11,subject,macro_auc,1,0.6105832580398209,0.0,0.6105832580398209,0.6105832580398209,True,0.6109644788415416,0.5825467436730715,0.6393929027611364,2000,733,733
B1_corrected_ts3,pointnet,softmax,scan,accuracy,1,0.1059782608695652,0.0,0.1059782608695652,0.1059782608695652,True,0.1056939287980408,0.0865528447237755,0.1254162604268226,2000,733,1840
B1_corrected_ts3,pointnet,softmax,scan,macro_f1,1,0.0811679727194615,0.0,0.0811679727194615,0.0811679727194615,True,0.0798327982911944,0.0634362689669743,0.0972519000069199,2000,733,1840
B1_corrected_ts3,pointnet,softmax,scan,macro_auc,1,0.6672327993598174,0.0,0.6672327993598174,0.6672327993598174,True,0.6672697133090655,0.6445248911715203,0.690018997930294,2000,733,1840
B1_corrected_ts3,pointnet,softmax,scan,top3_accuracy,1,0.2418478260869565,0.0,0.2418478260869565,0.2418478260869565,True,0.2416247966275997,0.2140496864022684,0.2710669008728965,2000,733,1840
B1_corrected_ts3,pointnet,softmax,scan,top5_accuracy,1,0.4119565217391304,0.0,0.4119565217391304,0.4119565217391304,True,0.4115652438216159,0.3809444311948485,0.4440870228302061,2000,733,1840
B1_corrected_ts3,pointnet,softmax,subject,accuracy,1,0.1241473396998635,0.0,0.1241473396998635,0.1241473396998635,True,0.1238581173260573,0.1009549795361528,0.1473396998635743,2000,733,733
B1_corrected_ts3,pointnet,softmax,subject,macro_f1,1,0.0868455618424563,0.0,0.0868455618424563,0.0868455618424563,True,0.0856367485513833,0.0665119142620247,0.106417277859751,2000,733,733
B1_corrected_ts3,pointnet,softmax,subject,macro_auc,1,0.6835369534469996,0.0,0.6835369534469996,0.6835369534469996,True,0.6835540941688901,0.6580358359179446,0.7091203507948042,2000,733,733
B1_corrected_ts3,pointnet,softmax,subject,top3_accuracy,1,0.2714870395634379,0.0,0.2714870395634379,0.2714870395634379,True,0.2711950886766712,0.2387448840381991,0.3042291950886767,2000,733,733
B1_corrected_ts3,pointnet,softmax,subject,top5_accuracy,1,0.4351978171896316,0.0,0.4351978171896316,0.4351978171896316,True,0.4346193724420191,0.3996930422919509,0.4706684856753069,2000,733,733
B1_corrected_ts3,pointnet,proto,scan,accuracy,1,0.0728260869565217,0.0,0.0728260869565217,0.0728260869565217,True,0.0727336018943957,0.0555227497280441,0.0917595028665671,2000,733,1840
B1_corrected_ts3,pointnet,proto,scan,macro_f1,1,0.0603521339159841,0.0,0.0603521339159841,0.0603521339159841,True,0.0593047744608537,0.0444809962069433,0.0751070559484439,2000,733,1840
B1_corrected_ts3,pointnet,proto,scan,macro_auc,1,0.6566542052958478,0.0,0.6566542052958478,0.6566542052958478,True,0.6569389999968969,0.6345076624760825,0.6806781216342416,2000,733,1840
B1_corrected_ts3,pointnet,proto,scan,top3_accuracy,1,0.2380434782608695,0.0,0.2380434782608695,0.2380434782608695,True,0.2379046679305765,0.2109760619134716,0.2677989392272471,2000,733,1840
B1_corrected_ts3,pointnet,proto,scan,top5_accuracy,1,0.3929347826086956,0.0,0.3929347826086956,0.3929347826086956,True,0.3926100466599403,0.3625292387344875,0.4258089302786728,2000,733,1840
B1_corrected_ts3,pointnet,proto,subject,accuracy,1,0.0845839017735334,0.0,0.0845839017735334,0.0845839017735334,True,0.0844645293315143,0.065450204638472,0.1064120054570259,2000,733,733
B1_corrected_ts3,pointnet,proto,subject,macro_f1,1,0.0714585786869604,0.0,0.0714585786869604,0.0714585786869604,True,0.0705571447964813,0.0529883319505054,0.0890165037703693,2000,733,733
B1_corrected_ts3,pointnet,proto,subject,macro_auc,1,0.6835068347132905,0.0,0.6835068347132905,0.6835068347132905,True,0.683607702334426,0.6592949029459052,0.7081633341935405,2000,733,733
B1_corrected_ts3,pointnet,proto,subject,top3_accuracy,1,0.276944065484311,0.0,0.276944065484311,0.276944065484311,True,0.2767387448840382,0.2455661664392905,0.3096862210095498,2000,733,733
B1_corrected_ts3,pointnet,proto,subject,top5_accuracy,1,0.4297407912687585,0.0,0.4297407912687585,0.4297407912687585,True,0.4298935879945429,0.3942701227830832,0.4652114597544338,2000,733,733
B1_corrected_ts3,pointnet,knn11,scan,accuracy,1,0.1918478260869565,0.0,0.1918478260869565,0.1918478260869565,True,0.1919412451486021,0.1687025730875256,0.2150007542512342,2000,733,1840
B1_corrected_ts3,pointnet,knn11,scan,macro_f1,1,0.0869714840196275,0.0,0.0869714840196275,0.0869714840196275,True,0.0857392973983636,0.0702286482907005,0.1017670136229652,2000,733,1840
B1_corrected_ts3,pointnet,knn11,scan,macro_auc,1,0.6478364564942588,0.0,0.6478364564942588,0.6478364564942588,True,0.6483006672700861,0.6231944750781029,0.6731479061465684,2000,733,1840
B1_corrected_ts3,pointnet,knn11,subject,accuracy,1,0.1937244201909959,0.0,0.1937244201909959,0.1937244201909959,True,0.1938512960436562,0.1650409276944065,0.2223738062755798,2000,733,733
B1_corrected_ts3,pointnet,knn11,subject,macro_f1,1,0.0845359746902744,0.0,0.0845359746902744,0.0845359746902744,True,0.0829205889734371,0.0598813614745689,0.1089250623246674,2000,733,733
B1_corrected_ts3,pointnet,knn11,subject,macro_auc,1,0.6612567771495317,0.0,0.6612567771495317,0.6612567771495317,True,0.6614900991998968,0.63302784166575,0.6881814754810767,2000,733,733
B1_corrected_ts3,dgcnn,softmax,scan,accuracy,1,0.2505434782608696,0.0,0.2505434782608696,0.2505434782608696,True,0.2502427556076069,0.2231939970093776,0.2799317731025835,2000,733,1840
B1_corrected_ts3,dgcnn,softmax,scan,macro_f1,1,0.215296724419767,0.0,0.215296724419767,0.215296724419767,True,0.2115119312146874,0.1861466436675997,0.238532097051745,2000,733,1840
B1_corrected_ts3,dgcnn,softmax,scan,macro_auc,1,0.7914485883224129,0.0,0.7914485883224129,0.7914485883224129,True,0.7919711386620845,0.769140831721237,0.8141482036976853,2000,733,1840
B1_corrected_ts3,dgcnn,softmax,scan,top3_accuracy,1,0.5353260869565217,0.0,0.5353260869565217,0.5353260869565217,True,0.5347476234235305,0.5023827454564074,0.5665114629529354,2000,733,1840
B1_corrected_ts3,dgcnn,softmax,scan,top5_accuracy,1,0.7434782608695653,0.0,0.7434782608695653,0.7434782608695653,True,0.7431103416061379,0.7168922025107561,0.7703855860207889,2000,733,1840
B1_corrected_ts3,dgcnn,softmax,subject,accuracy,1,0.3015006821282401,0.0,0.3015006821282401,0.3015006821282401,True,0.3006971350613915,0.2673942701227831,0.3356070941336971,2000,733,733
B1_corrected_ts3,dgcnn,softmax,subject,macro_f1,1,0.2677020132549314,0.0,0.2677020132549314,0.2677020132549314,True,0.2615120698164526,0.2215605665432456,0.3059998842148289,2000,733,733
B1_corrected_ts3,dgcnn,softmax,subject,macro_auc,1,0.8246609608003843,0.0,0.8246609608003843,0.8246609608003843,True,0.824540900812206,0.8003360018780344,0.8476351554077778,2000,733,733
B1_corrected_ts3,dgcnn,softmax,subject,top3_accuracy,1,0.5511596180081856,0.0,0.5511596180081856,0.5511596180081856,True,0.5506023192360164,0.514324693042292,0.5852660300136425,2000,733,733
B1_corrected_ts3,dgcnn,softmax,subject,top5_accuracy,1,0.7435197817189632,0.0,0.7435197817189632,0.7435197817189632,True,0.7430497953615279,0.7107776261937244,0.7748976807639836,2000,733,733
B1_corrected_ts3,dgcnn,proto,scan,accuracy,1,0.2434782608695652,0.0,0.2434782608695652,0.2434782608695652,True,0.2430209389950974,0.2165926042706139,0.2704882632600178,2000,733,1840
B1_corrected_ts3,dgcnn,proto,scan,macro_f1,1,0.214164015920822,0.0,0.214164015920822,0.214164015920822,True,0.2105539972511771,0.1860255999524836,0.2362207073633621,2000,733,1840
B1_corrected_ts3,dgcnn,proto,scan,macro_auc,1,0.7745415220829613,0.0,0.7745415220829613,0.7745415220829613,True,0.7757725254034246,0.7511069311698174,0.7978346541750998,2000,733,1840
B1_corrected_ts3,dgcnn,proto,scan,top3_accuracy,1,0.5081521739130435,0.0,0.5081521739130435,0.5081521739130435,True,0.5075073544707864,0.4755251824665552,0.5380040370226599,2000,733,1840
B1_corrected_ts3,dgcnn,proto,scan,top5_accuracy,1,0.6820652173913043,0.0,0.6820652173913043,0.6820652173913043,True,0.6815770098321428,0.6515629596940277,0.7088911677753141,2000,733,1840
B1_corrected_ts3,dgcnn,proto,subject,accuracy,1,0.3219645293315143,0.0,0.3219645293315143,0.3219645293315143,True,0.3213628922237381,0.2892223738062756,0.3560709413369713,2000,733,733
B1_corrected_ts3,dgcnn,proto,subject,macro_f1,1,0.3018098430099855,0.0,0.3018098430099855,0.3018098430099855,True,0.2968852877305728,0.2566598669104497,0.3359012905186285,2000,733,733
B1_corrected_ts3,dgcnn,proto,subject,macro_auc,1,0.8151449128919996,0.0,0.8151449128919996,0.8151449128919996,True,0.8151542321427242,0.7912126855903526,0.8370125830416543,2000,733,733
B1_corrected_ts3,dgcnn,proto,subject,top3_accuracy,1,0.5989085948158254,0.0,0.5989085948158254,0.5989085948158254,True,0.5984051841746247,0.5620736698499318,0.6343792633015006,2000,733,733
B1_corrected_ts3,dgcnn,proto,subject,top5_accuracy,1,0.7517053206002728,0.0,0.7517053206002728,0.7517053206002728,True,0.7513192360163711,0.7189631650750341,0.781718963165075,2000,733,733
B1_corrected_ts3,dgcnn,knn11,scan,accuracy,1,0.2831521739130435,0.0,0.2831521739130435,0.2831521739130435,True,0.2830978629505785,0.2565576799100192,0.3101729486067332,2000,733,1840
B1_corrected_ts3,dgcnn,knn11,scan,macro_f1,1,0.1941970665852121,0.0,0.1941970665852121,0.1941970665852121,True,0.1914292169691653,0.159985297086794,0.2235952621255718,2000,733,1840
B1_corrected_ts3,dgcnn,knn11,scan,macro_auc,1,0.7062880076287583,0.0,0.7062880076287583,0.7062880076287583,True,0.7065126084768517,0.6845085972353637,0.7275682508216261,2000,733,1840
B1_corrected_ts3,dgcnn,knn11,subject,accuracy,1,0.2974079126875852,0.0,0.2974079126875852,0.2974079126875852,True,0.2974386084583901,0.2619372442019099,0.3315143246930423,2000,733,733
B1_corrected_ts3,dgcnn,knn11,subject,macro_f1,1,0.2196333402088851,0.0,0.2196333402088851,0.2196333402088851,True,0.2139346481505262,0.1717511458345429,0.257535996375572,2000,733,733
B1_corrected_ts3,dgcnn,knn11,subject,macro_auc,1,0.7263163410803634,0.0,0.7263163410803634,0.7263163410803634,True,0.7264989544322928,0.70324776948597,0.748176415389632,2000,733,733
B1_corrected_ts3,pointnet2,softmax,scan,accuracy,5,0.268695652173913,0.0062275115263614,0.2630434782608695,0.2793478260869565,False,0.2682621770698267,0.2426277562791519,0.2964355338060521,2000,733,1840
B1_corrected_ts3,pointnet2,softmax,scan,macro_f1,5,0.2428931193931459,0.0051223000281584,0.234734697032021,0.2473418744637751,False,0.2383594065280472,0.2106347544672367,0.2667198123302997,2000,733,1840
B1_corrected_ts3,pointnet2,softmax,scan,macro_auc,5,0.7738530724621057,0.0027698088844284,0.7699134291365548,0.7767397902315839,False,0.7748520985724746,0.7516103497091297,0.7964723237457645,2000,733,1840
B1_corrected_ts3,pointnet2,softmax,scan,top3_accuracy,5,0.58,0.0084580304902002,0.5673913043478261,0.5885869565217391,False,0.5801045070087575,0.5502888233456343,0.6082757741812157,2000,733,1840
B1_corrected_ts3,pointnet2,softmax,scan,top5_accuracy,5,0.7506521739130434,0.0020479830088496,0.7472826086956522,0.7527173913043478,False,0.7508962063186707,0.7225594749865519,0.777910435645987,2000,733,1840
B1_corrected_ts3,pointnet2,softmax,subject,accuracy,5,0.3080491132332878,0.0089147663043408,0.2987721691678035,0.3219645293315143,False,0.3074579809004093,0.2783083219645293,0.3399727148703956,2000,733,733
B1_corrected_ts3,pointnet2,softmax,subject,macro_f1,5,0.2920242618315028,0.0042030994399253,0.2876157294482343,0.2980937359867899,False,0.2870569729908995,0.2515455027958331,0.3242992995926953,2000,733,733
B1_corrected_ts3,pointnet2,softmax,subject,macro_auc,5,0.8076550819974393,0.0030934157303188,0.8047753135279422,0.8118323036787216,False,0.8073040340333307,0.7835564286194205,0.8293201129292535,2000,733,733
B1_corrected_ts3,pointnet2,softmax,subject,top3_accuracy,5,0.6084583901773533,0.0051949339057734,0.6016371077762619,0.6152796725784447,False,0.6084454297407913,0.5778990450204639,0.6398362892223737,2000,733,733
B1_corrected_ts3,pointnet2,softmax,subject,top5_accuracy,5,0.7705320600272851,0.005230638339067,0.7612551159618008,0.7735334242837654,False,0.7706886766712141,0.742155525238745,0.7991882673942702,2000,733,733
B1_corrected_ts3,pointnet2,proto,scan,accuracy,5,0.2419565217391304,0.0038314253765249,0.2358695652173913,0.246195652173913,False,0.2414061289720125,0.215853553333768,0.2674335156687454,2000,733,1840
B1_corrected_ts3,pointnet2,proto,scan,macro_f1,5,0.2224897577121621,0.0057901157497863,0.2137581198532551,0.2296114257161752,False,0.2183790582931116,0.1933998707935049,0.24395165035629,2000,733,1840
B1_corrected_ts3,pointnet2,proto,scan,macro_auc,5,0.7722228886864814,0.0037285491453554,0.7690953655510918,0.7769336704675315,False,0.7728493265353712,0.7492284314055802,0.7941311279973062,2000,733,1840
B1_corrected_ts3,pointnet2,proto,scan,top3_accuracy,5,0.5291304347826087,0.0078060583083781,0.5168478260869566,0.5358695652173913,False,0.5289287702486202,0.5002079082791838,0.5577845147952539,2000,733,1840
B1_corrected_ts3,pointnet2,proto,scan,top5_accuracy,5,0.7232608695652173,0.0062841693563314,0.7130434782608696,0.7288043478260869,False,0.7232525233967055,0.6954664650369156,0.7494248163970014,2000,733,1840
B1_corrected_ts3,pointnet2,proto,subject,accuracy,5,0.3173260572987721,0.0086067177602114,0.3083219645293315,0.330150068212824,False,0.3167148703956343,0.2862210095497953,0.3495225102319236,2000,733,733
B1_corrected_ts3,pointnet2,proto,subject,macro_f1,5,0.3084419280292424,0.0094860431589321,0.2996274596270991,0.3246023143589523,False,0.3033009280060793,0.266469123128398,0.3401303923512074,2000,733,733
B1_corrected_ts3,pointnet2,proto,subject,macro_auc,5,0.8094256060679428,0.0034959612289985,0.8064381419547583,0.8151142317578599,False,0.8091521649224309,0.7837658972631767,0.8315887301563056,2000,733,733
B1_corrected_ts3,pointnet2,proto,subject,top3_accuracy,5,0.610368349249659,0.008820316439424,0.6002728512960437,0.6234652114597544,False,0.6101848567530695,0.5778922237380629,0.6412073669849933,2000,733,733
B1_corrected_ts3,pointnet2,proto,subject,top5_accuracy,5,0.7699863574351977,0.0041604231055871,0.7653478854024557,0.7748976807639836,False,0.7699309686221009,0.7424283765347884,0.797544338335607,2000,733,733
B1_corrected_ts3,pointnet2,knn11,scan,accuracy,5,0.2881521739130435,0.0061535564585731,0.2820652173913043,0.2967391304347826,False,0.2882936000408583,0.2607061141431355,0.3156379977068673,2000,733,1840
B1_corrected_ts3,pointnet2,knn11,scan,macro_f1,5,0.2043194543671043,0.0096120208347167,0.1938207438621609,0.2151315497539614,False,0.2005987174100086,0.1696667522607796,0.2320747116650521,2000,733,1840
B1_corrected_ts3,pointnet2,knn11,scan,macro_auc,5,0.7366771774608137,0.0012566926458399,0.7347887591651932,0.7379419017104449,False,0.7369921077953003,0.7180414634548555,0.7556735794128698,2000,733,1840
B1_corrected_ts3,pointnet2,knn11,subject,accuracy,5,0.3102319236016371,0.0141317480628415,0.2892223738062756,0.3233287858117326,False,0.3102432469304229,0.2804843110504775,0.3383424283765348,2000,733,733
B1_corrected_ts3,pointnet2,knn11,subject,macro_f1,5,0.2308741112557127,0.0115220445611526,0.2165357868605817,0.2417354870872561,False,0.2242288502367464,0.1859515990334407,0.2615469194096495,2000,733,733
B1_corrected_ts3,pointnet2,knn11,subject,macro_auc,5,0.7639055987702061,0.001465696226762,0.762235937860606,0.7658090312034065,False,0.7638753998337179,0.743875327106896,0.7829837137782022,2000,733,733
B1_corrected_ts4,geommlp,softmax,scan,accuracy,1,0.1027173913043478,0.0,0.1027173913043478,0.1027173913043478,True,0.102921745707057,0.0857903981264637,0.1213904543853469,2000,733,1840
B1_corrected_ts4,geommlp,softmax,scan,macro_f1,1,0.09959966771175,0.0,0.09959966771175,0.09959966771175,True,0.0979100485489033,0.0797968846904591,0.1176672415204388,2000,733,1840
B1_corrected_ts4,geommlp,softmax,scan,macro_auc,1,0.6768982227928779,0.0,0.6768982227928779,0.6768982227928779,True,0.6770853675255837,0.6518247804393634,0.7006422488586119,2000,733,1840
B1_corrected_ts4,geommlp,softmax,scan,top3_accuracy,1,0.296195652173913,0.0,0.296195652173913,0.296195652173913,True,0.2960078270310184,0.2682198040579465,0.3245943822428879,2000,733,1840
B1_corrected_ts4,geommlp,softmax,scan,top5_accuracy,1,0.4603260869565217,0.0,0.4603260869565217,0.4603260869565217,True,0.4600199964922529,0.4306799419561569,0.4900387635510011,2000,733,1840
B1_corrected_ts4,geommlp,softmax,subject,accuracy,1,0.1145975443383356,0.0,0.1145975443383356,0.1145975443383356,True,0.1146248294679399,0.0914051841746248,0.1391541609822646,2000,733,733
B1_corrected_ts4,geommlp,softmax,subject,macro_f1,1,0.1060033665836399,0.0,0.1060033665836399,0.1060033665836399,True,0.1042886144744582,0.0817973750052363,0.1286867938942219,2000,733,733
B1_corrected_ts4,geommlp,softmax,subject,macro_auc,1,0.6949405512119884,0.0,0.6949405512119884,0.6949405512119884,True,0.694952760192351,0.6671324717282198,0.7223176098958164,2000,733,733
B1_corrected_ts4,geommlp,softmax,subject,top3_accuracy,1,0.330150068212824,0.0,0.330150068212824,0.330150068212824,True,0.3303840381991814,0.2974079126875852,0.3642905866302863,2000,733,733
B1_corrected_ts4,geommlp,softmax,subject,top5_accuracy,1,0.4774897680763983,0.0,0.4774897680763983,0.4774897680763983,True,0.4773840381991814,0.442019099590723,0.514324693042292,2000,733,733
B1_corrected_ts4,geommlp,proto,scan,accuracy,1,0.1010869565217391,0.0,0.1010869565217391,0.1010869565217391,True,0.1010968949522626,0.0827880106532157,0.1204309059938252,2000,733,1840
B1_corrected_ts4,geommlp,proto,scan,macro_f1,1,0.0984456231309387,0.0,0.0984456231309387,0.0984456231309387,True,0.0969556227699631,0.0790209797562855,0.1160151457628571,2000,733,1840
B1_corrected_ts4,geommlp,proto,scan,macro_auc,1,0.6597315296087057,0.0,0.6597315296087057,0.6597315296087057,True,0.6593845303805603,0.6336632985921503,0.6839139658921274,2000,733,1840
B1_corrected_ts4,geommlp,proto,scan,top3_accuracy,1,0.2896739130434783,0.0,0.2896739130434783,0.2896739130434783,True,0.2894418727102497,0.2610787057153617,0.3188999226943664,2000,733,1840
B1_corrected_ts4,geommlp,proto,scan,top5_accuracy,1,0.4483695652173913,0.0,0.4483695652173913,0.4483695652173913,True,0.4479987832310184,0.4163111855102764,0.4800237831109751,2000,733,1840
B1_corrected_ts4,geommlp,proto,subject,accuracy,1,0.1200545702592087,0.0,0.1200545702592087,0.1200545702592087,True,0.1200006821282401,0.0968622100954979,0.1446111869031378,2000,733,733
B1_corrected_ts4,geommlp,proto,subject,macro_f1,1,0.1206848735311922,0.0,0.1206848735311922,0.1206848735311922,True,0.1187917087997176,0.0951505760050488,0.1434362412121314,2000,733,733
B1_corrected_ts4,geommlp,proto,subject,macro_auc,1,0.6736883604008358,0.0,0.6736883604008358,0.6736883604008358,True,0.6737151387851511,0.6441984121446296,0.7025001491914706,2000,733,733
B1_corrected_ts4,geommlp,proto,subject,top3_accuracy,1,0.3233287858117326,0.0,0.3233287858117326,0.3233287858117326,True,0.3237094133697135,0.2905866302864938,0.3588335607094132,2000,733,733
B1_corrected_ts4,geommlp,proto,subject,top5_accuracy,1,0.4938608458390177,0.0,0.4938608458390177,0.4938608458390177,True,0.4937633015006821,0.4583560709413369,0.5306957708049114,2000,733,733
B1_corrected_ts4,geommlp,knn11,scan,accuracy,1,0.2146739130434782,0.0,0.2146739130434782,0.2146739130434782,True,0.2150826990411042,0.191078060283636,0.2394525955299207,2000,733,1840
B1_corrected_ts4,geommlp,knn11,scan,macro_f1,1,0.1066099607093918,0.0,0.1066099607093918,0.1066099607093918,True,0.1046616029181651,0.0827189715068913,0.1281560932014839,2000,733,1840
B1_corrected_ts4,geommlp,knn11,scan,macro_auc,1,0.597755176036891,0.0,0.597755176036891,0.597755176036891,True,0.5978933852445332,0.5726891470407258,0.6230731051657271,2000,733,1840
B1_corrected_ts4,geommlp,knn11,subject,accuracy,1,0.2155525238744884,0.0,0.2155525238744884,0.2155525238744884,True,0.2156732605729877,0.1855388813096862,0.2455661664392905,2000,733,733
B1_corrected_ts4,geommlp,knn11,subject,macro_f1,1,0.0968947476737873,0.0,0.0968947476737873,0.0968947476737873,True,0.0951307159192597,0.0711953578652764,0.1207233414060094,2000,733,733
B1_corrected_ts4,geommlp,knn11,subject,macro_auc,1,0.6105832580398209,0.0,0.6105832580398209,0.6105832580398209,True,0.6109644788415416,0.5825467436730715,0.6393929027611364,2000,733,733
B1_corrected_ts4,pointnet,softmax,scan,accuracy,1,0.108695652173913,0.0,0.108695652173913,0.108695652173913,True,0.1085887494554126,0.0908124455085928,0.1270379009551151,2000,733,1840
B1_corrected_ts4,pointnet,softmax,scan,macro_f1,1,0.1035044986573795,0.0,0.1035044986573795,0.1035044986573795,True,0.101508734903985,0.0819047660683668,0.1217122777537143,2000,733,1840
B1_corrected_ts4,pointnet,softmax,scan,macro_auc,1,0.6859629925536888,0.0,0.6859629925536888,0.6859629925536888,True,0.6858802986631851,0.6608295907774112,0.7109078860210154,2000,733,1840
B1_corrected_ts4,pointnet,softmax,scan,top3_accuracy,1,0.3119565217391304,0.0,0.3119565217391304,0.3119565217391304,True,0.3115766921347558,0.2833366952558838,0.3396059830572212,2000,733,1840
B1_corrected_ts4,pointnet,softmax,scan,top5_accuracy,1,0.5320652173913043,0.0,0.5320652173913043,0.5320652173913043,True,0.5318809300037064,0.5015645701112392,0.5619662534435261,2000,733,1840
B1_corrected_ts4,pointnet,softmax,subject,accuracy,1,0.1336971350613915,0.0,0.1336971350613915,0.1336971350613915,True,0.1335170532060027,0.1091405184174624,0.1582537517053206,2000,733,733
B1_corrected_ts4,pointnet,softmax,subject,macro_f1,1,0.1281337914458457,0.0,0.1281337914458457,0.1281337914458457,True,0.1257622563771793,0.0985503546921396,0.1535846524204457,2000,733,733
B1_corrected_ts4,pointnet,softmax,subject,macro_auc,1,0.7061140896582186,0.0,0.7061140896582186,0.7061140896582186,True,0.7059099989106504,0.6762279899835894,0.7344856460568148,2000,733,733
B1_corrected_ts4,pointnet,softmax,subject,top3_accuracy,1,0.3492496589358799,0.0,0.3492496589358799,0.3492496589358799,True,0.3489406548431105,0.3165075034106412,0.3833901773533422,2000,733,733
B1_corrected_ts4,pointnet,softmax,subject,top5_accuracy,1,0.5416098226466576,0.0,0.5416098226466576,0.5416098226466576,True,0.5411698499317872,0.5061391541609823,0.5770804911323328,2000,733,733
B1_corrected_ts4,pointnet,proto,scan,accuracy,1,0.1070652173913043,0.0,0.1070652173913043,0.1070652173913043,True,0.1068972660930052,0.0894034353856198,0.1253577561534058,2000,733,1840
B1_corrected_ts4,pointnet,proto,scan,macro_f1,1,0.0987538617811071,0.0,0.0987538617811071,0.0987538617811071,True,0.0973355178496581,0.0795269178942399,0.1151816118434594,2000,733,1840
B1_corrected_ts4,pointnet,proto,scan,macro_auc,1,0.6739171287776188,0.0,0.6739171287776188,0.6739171287776188,True,0.6747579988654482,0.6463408033336512,0.6999243086134901,2000,733,1840
B1_corrected_ts4,pointnet,proto,scan,top3_accuracy,1,0.2929347826086956,0.0,0.2929347826086956,0.2929347826086956,True,0.2925863005173506,0.2640547509402037,0.3209904858987427,2000,733,1840
B1_corrected_ts4,pointnet,proto,scan,top5_accuracy,1,0.4923913043478261,0.0,0.4923913043478261,0.4923913043478261,True,0.4923439315330296,0.4612002812815892,0.5221727715418285,2000,733,1840
B1_corrected_ts4,pointnet,proto,subject,accuracy,1,0.1446111869031378,0.0,0.1446111869031378,0.1446111869031378,True,0.1441841746248294,0.1186903137789904,0.1705320600272851,2000,733,733
B1_corrected_ts4,pointnet,proto,subject,macro_f1,1,0.1376573861743999,0.0,0.1376573861743999,0.1376573861743999,True,0.1351156061953402,0.1079193955727843,0.1619918769359787,2000,733,733
B1_corrected_ts4,pointnet,proto,subject,macro_auc,1,0.7062782573868371,0.0,0.7062782573868371,0.7062782573868371,True,0.705821957043206,0.6744585120513467,0.7337582985322739,2000,733,733
B1_corrected_ts4,pointnet,proto,subject,top3_accuracy,1,0.3601637107776262,0.0,0.3601637107776262,0.3601637107776262,True,0.359487721691678,0.3260572987721691,0.3942701227830832,2000,733,733
B1_corrected_ts4,pointnet,proto,subject,top5_accuracy,1,0.5648021828103683,0.0,0.5648021828103683,0.5648021828103683,True,0.5646984993178717,0.5292974079126876,0.600306957708049,2000,733,733
B1_corrected_ts4,pointnet,knn11,scan,accuracy,1,0.208695652173913,0.0,0.208695652173913,0.208695652173913,True,0.2089236617956309,0.1864496348353314,0.2314745021189962,2000,733,1840
B1_corrected_ts4,pointnet,knn11,scan,macro_f1,1,0.141173935997743,0.0,0.141173935997743,0.141173935997743,True,0.1379413739243951,0.1093744210139694,0.1692482635325612,2000,733,1840
B1_corrected_ts4,pointnet,knn11,scan,macro_auc,1,0.628802869311561,0.0,0.628802869311561,0.628802869311561,True,0.6296426878648209,0.6047492388406952,0.654070366435542,2000,733,1840
B1_corrected_ts4,pointnet,knn11,subject,accuracy,1,0.2114597544338335,0.0,0.2114597544338335,0.2114597544338335,True,0.2122557980900409,0.1841405184174624,0.242837653478854,2000,733,733
B1_corrected_ts4,pointnet,knn11,subject,macro_f1,1,0.1444837386707803,0.0,0.1444837386707803,0.1444837386707803,True,0.140989485652494,0.1051241684744774,0.1765873020289294,2000,733,733
B1_corrected_ts4,pointnet,knn11,subject,macro_auc,1,0.6526668621555332,0.0,0.6526668621555332,0.6526668621555332,True,0.6526297818311746,0.6238207144590593,0.6801326159523118,2000,733,733
B1_corrected_ts4,dgcnn,softmax,scan,accuracy,1,0.25,0.0,0.25,0.25,True,0.2497731306471435,0.2216155700688001,0.2783895681783006,2000,733,1840
B1_corrected_ts4,dgcnn,softmax,scan,macro_f1,1,0.2169949295364367,0.0,0.2169949295364367,0.2169949295364367,True,0.2121885903396643,0.1777503425219457,0.2441853761476367,2000,733,1840
B1_corrected_ts4,dgcnn,softmax,scan,macro_auc,1,0.7985977734405886,0.0,0.7985977734405886,0.7985977734405886,True,0.7992741312354117,0.7774552119159761,0.8195295477088139,2000,733,1840
B1_corrected_ts4,dgcnn,softmax,scan,top3_accuracy,1,0.5369565217391304,0.0,0.5369565217391304,0.5369565217391304,True,0.5368310664883079,0.504708722439984,0.5704152286707048,2000,733,1840
B1_corrected_ts4,dgcnn,softmax,scan,top5_accuracy,1,0.7304347826086957,0.0,0.7304347826086957,0.7304347826086957,True,0.7306337384253496,0.7013686618637534,0.7622513788721011,2000,733,1840
B1_corrected_ts4,dgcnn,softmax,subject,accuracy,1,0.3151432469304229,0.0,0.3151432469304229,0.3151432469304229,True,0.3144679399727148,0.2810368349249659,0.3465552523874486,2000,733,733
B1_corrected_ts4,dgcnn,softmax,subject,macro_f1,1,0.2671040896812607,0.0,0.2671040896812607,0.2671040896812607,True,0.2604364267460197,0.2141897905470842,0.3057063276524703,2000,733,733
B1_corrected_ts4,dgcnn,softmax,subject,macro_auc,1,0.8352523772521891,0.0,0.8352523772521891,0.8352523772521891,True,0.8349554417022587,0.8132816844672307,0.8544450948448438,2000,733,733
B1_corrected_ts4,dgcnn,softmax,subject,top3_accuracy,1,0.5757162346521146,0.0,0.5757162346521146,0.5757162346521146,True,0.575418826739427,0.5402455661664393,0.6111869031377899,2000,733,733
B1_corrected_ts4,dgcnn,softmax,subject,top5_accuracy,1,0.73806275579809,0.0,0.73806275579809,0.73806275579809,True,0.7378942701227832,0.7053206002728513,0.7694406548431105,2000,733,733
B1_corrected_ts4,dgcnn,proto,scan,accuracy,1,0.2494565217391304,0.0,0.2494565217391304,0.2494565217391304,True,0.2492235251832845,0.22275634635832,0.2760154939555428,2000,733,1840
B1_corrected_ts4,dgcnn,proto,scan,macro_f1,1,0.2226791344334348,0.0,0.2226791344334348,0.2226791344334348,True,0.2190095521057312,0.1919476580820751,0.2467716854834449,2000,733,1840
B1_corrected_ts4,dgcnn,proto,scan,macro_auc,1,0.7829420008876357,0.0,0.7829420008876357,0.7829420008876357,True,0.7835514674475119,0.7625836281788464,0.8038136783982445,2000,733,1840
B1_corrected_ts4,dgcnn,proto,scan,top3_accuracy,1,0.5141304347826087,0.0,0.5141304347826087,0.5141304347826087,True,0.5138717631078025,0.4819325486439957,0.5451517222859653,2000,733,1840
B1_corrected_ts4,dgcnn,proto,scan,top5_accuracy,1,0.7081521739130435,0.0,0.7081521739130435,0.7081521739130435,True,0.7079809187616946,0.6799225063862208,0.7368162175091926,2000,733,1840
B1_corrected_ts4,dgcnn,proto,subject,accuracy,1,0.3287858117326057,0.0,0.3287858117326057,0.3287858117326057,True,0.3282291950886766,0.2946793997271487,0.3615620736698497,2000,733,733
B1_corrected_ts4,dgcnn,proto,subject,macro_f1,1,0.3142811941605427,0.0,0.3142811941605427,0.3142811941605427,True,0.3089585728883883,0.2684536591610064,0.3487017673858341,2000,733,733
B1_corrected_ts4,dgcnn,proto,subject,macro_auc,1,0.8212935594609548,0.0,0.8212935594609548,0.8212935594609548,True,0.8211596591576333,0.8007604147818215,0.840936996899377,2000,733,733
B1_corrected_ts4,dgcnn,proto,subject,top3_accuracy,1,0.6111869031377899,0.0,0.6111869031377899,0.6111869031377899,True,0.6106630286493859,0.5757162346521146,0.645293315143247,2000,733,733
B1_corrected_ts4,dgcnn,proto,subject,top5_accuracy,1,0.7639836289222374,0.0,0.7639836289222374,0.7639836289222374,True,0.7638506139154161,0.7339699863574352,0.7939972714870396,2000,733,733
B1_corrected_ts4,dgcnn,knn11,scan,accuracy,1,0.2896739130434783,0.0,0.2896739130434783,0.2896739130434783,True,0.2898424503514294,0.2621773717856744,0.3180363849847966,2000,733,1840
B1_corrected_ts4,dgcnn,knn11,scan,macro_f1,1,0.198174982975897,0.0,0.198174982975897,0.198174982975897,True,0.1953297591907154,0.1628840070984953,0.2300587092383425,2000,733,1840
B1_corrected_ts4,dgcnn,knn11,scan,macro_auc,1,0.7069547923970063,0.0,0.7069547923970063,0.7069547923970063,True,0.7072309064240119,0.6839493696541643,0.7279720783015199,2000,733,1840
B1_corrected_ts4,dgcnn,knn11,subject,accuracy,1,0.2919508867667121,0.0,0.2919508867667121,0.2919508867667121,True,0.2923362892223738,0.2592087312414734,0.3274215552523875,2000,733,733
B1_corrected_ts4,dgcnn,knn11,subject,macro_f1,1,0.2077011083225709,0.0,0.2077011083225709,0.2077011083225709,True,0.2037085543095468,0.1645047778344293,0.2444143800935883,2000,733,733
B1_corrected_ts4,dgcnn,knn11,subject,macro_auc,1,0.7260913868995873,0.0,0.7260913868995873,0.7260913868995873,True,0.7264214738876638,0.7021899399918528,0.7487125929594904,2000,733,733
B1_corrected_ts4,pointnet2,softmax,scan,accuracy,5,0.2215217391304348,0.0084247895757155,0.2108695652173913,0.2309782608695652,False,0.2213382451282394,0.1976590902543716,0.2453609361994716,2000,733,1840
B1_corrected_ts4,pointnet2,softmax,scan,macro_f1,5,0.2088370765092192,0.0072894775177833,0.2001603278193304,0.2170365737937399,False,0.2052490277873873,0.1825232849224304,0.2293068520077998,2000,733,1840
B1_corrected_ts4,pointnet2,softmax,scan,macro_auc,5,0.76580047372527,0.0035846760817047,0.7619480072606903,0.769946000595278,False,0.766507908153512,0.7426079173695194,0.788200939831918,2000,733,1840
B1_corrected_ts4,pointnet2,softmax,scan,top3_accuracy,5,0.4979347826086956,0.0064351130937459,0.4891304347826087,0.5043478260869565,False,0.4978453408929593,0.4701813391892839,0.5268588495008315,2000,733,1840
B1_corrected_ts4,pointnet2,softmax,scan,top5_accuracy,5,0.696304347826087,0.0062959088945976,0.6880434782608695,0.7048913043478261,False,0.6964050747377223,0.6706068361092868,0.7226159549307751,2000,733,1840
B1_corrected_ts4,pointnet2,softmax,subject,accuracy,5,0.2630286493860846,0.0112664790297749,0.2455661664392905,0.2714870395634379,False,0.2627178717598908,0.2343724420190995,0.2919508867667121,2000,733,733
B1_corrected_ts4,pointnet2,softmax,subject,macro_f1,5,0.2503800137326197,0.0078990211200586,0.2411352639121449,0.2589850182277371,False,0.2465425936477875,0.2153751049743885,0.2800159528355498,2000,733,733
B1_corrected_ts4,pointnet2,softmax,subject,macro_auc,5,0.8012735233786191,0.0036293872530285,0.7972234151381805,0.8057309740571643,False,0.8010113448635482,0.7761093879822586,0.8249322800735942,2000,733,733
B1_corrected_ts4,pointnet2,softmax,subject,top3_accuracy,5,0.5246930422919509,0.0145214833186741,0.5020463847203275,0.5375170532060027,False,0.5243660300136426,0.4930422919508867,0.557169167803547,2000,733,733
B1_corrected_ts4,pointnet2,softmax,subject,top5_accuracy,5,0.7195088676671214,0.0082195745328196,0.7107776261937244,0.7312414733969986,False,0.7193115961800818,0.6900409276944066,0.74843792633015,2000,733,733
B1_corrected_ts4,pointnet2,proto,scan,accuracy,5,0.2160869565217391,0.0064603085074431,0.2103260869565217,0.2266304347826087,False,0.2157055161823101,0.1910421283321384,0.2409612860281521,2000,733,1840
B1_corrected_ts4,pointnet2,proto,scan,macro_f1,5,0.2023181388533727,0.0040071931075633,0.1997119751981203,0.2094271862816236,False,0.1986366750868335,0.1754333835985707,0.2235061664653633,2000,733,1840
B1_corrected_ts4,pointnet2,proto,scan,macro_auc,5,0.7676550662986065,0.0027962844075988,0.7632318660009713,0.7708709447014918,False,0.7681875972063202,0.7456834431370324,0.7901400577581315,2000,733,1840
B1_corrected_ts4,pointnet2,proto,scan,top3_accuracy,5,0.4707608695652173,0.0047129311714519,0.4652173913043478,0.4760869565217391,False,0.4703090988447129,0.4414062002513615,0.4990377134620731,2000,733,1840
B1_corrected_ts4,pointnet2,proto,scan,top5_accuracy,5,0.6670652173913043,0.0065058683702806,0.6603260869565217,0.6744565217391304,False,0.6668152803991927,0.6384803908487663,0.6930299960226394,2000,733,1840
B1_corrected_ts4,pointnet2,proto,subject,accuracy,5,0.270668485675307,0.0057558043955604,0.2660300136425648,0.276944065484311,False,0.2702780354706684,0.2417394270122783,0.3017803547066848,2000,733,733
B1_corrected_ts4,pointnet2,proto,subject,macro_f1,5,0.2665687635049002,0.0053988584212332,0.2601800095255719,0.2724004944330013,False,0.2626525500079355,0.2304513950230264,0.2959876695490402,2000,733,733
B1_corrected_ts4,pointnet2,proto,subject,macro_auc,5,0.8008265555790309,0.003091650379754,0.797071954401141,0.8053484326023096,False,0.8007814524087284,0.7757336594558711,0.8243246608737738,2000,733,733
B1_corrected_ts4,pointnet2,proto,subject,top3_accuracy,5,0.5544338335607094,0.0102364701131263,0.5416098226466576,0.567530695770805,False,0.5540628922237382,0.5208731241473397,0.5866302864938608,2000,733,733
B1_corrected_ts4,pointnet2,proto,subject,top5_accuracy,5,0.7096862210095498,0.0076811395690364,0.6971350613915416,0.7162346521145976,False,0.7093907230559345,0.6791268758526604,0.7383424283765349,2000,733,733
B1_corrected_ts4,pointnet2,knn11,scan,accuracy,5,0.2742391304347826,0.0059979911570962,0.2646739130434782,0.2804347826086956,False,0.2743558889708865,0.2489105463555823,0.3004376947413834,2000,733,1840
B1_corrected_ts4,pointnet2,knn11,scan,macro_f1,5,0.2053274908693028,0.0084312032846891,0.1941488027520756,0.2179172722907084,False,0.2015170688352768,0.1699121980425802,0.2335934446787339,2000,733,1840
B1_corrected_ts4,pointnet2,knn11,scan,macro_auc,5,0.7344911549504463,0.0023438643738188,0.7304096685058713,0.7363216143160133,False,0.7347501030346254,0.715692587164931,0.7537781936784075,2000,733,1840
B1_corrected_ts4,pointnet2,knn11,subject,accuracy,5,0.2984993178717599,0.0128848228683411,0.2824010914051841,0.3178717598908595,False,0.2986809004092769,0.2682060027285129,0.3277012278308321,2000,733,733
B1_corrected_ts4,pointnet2,knn11,subject,macro_f1,5,0.2301956336598453,0.0166326021714605,0.2066174718727173,0.2528102527256176,False,0.2240549268286117,0.1832901489289781,0.264120243050171,2000,733,733
B1_corrected_ts4,pointnet2,knn11,subject,macro_auc,5,0.7628944351981989,0.0029219187410165,0.7579391245215782,0.765426958943995,False,0.7628621965644868,0.7424550826609284,0.7825001277689771,2000,733,733
B1_corrected_ts5,geommlp,softmax,scan,accuracy,1,0.1054347826086956,0.0,0.1054347826086956,0.1054347826086956,True,0.1054644715090769,0.0870494216697592,0.1234594901079318,2000,733,1840
B1_corrected_ts5,geommlp,softmax,scan,macro_f1,1,0.0997050982330189,0.0,0.0997050982330189,0.0997050982330189,True,0.0981097484448532,0.0805069037261057,0.1167730576057649,2000,733,1840
B1_corrected_ts5,geommlp,softmax,scan,macro_auc,1,0.6685293881507547,0.0,0.6685293881507547,0.6685293881507547,True,0.6684216692851378,0.6427890039910998,0.69281389373771,2000,733,1840
B1_corrected_ts5,geommlp,softmax,scan,top3_accuracy,1,0.2842391304347826,0.0,0.2842391304347826,0.2842391304347826,True,0.2839497375581484,0.2576309369435071,0.3108058327966203,2000,733,1840
B1_corrected_ts5,geommlp,softmax,scan,top5_accuracy,1,0.4478260869565217,0.0,0.4478260869565217,0.4478260869565217,True,0.4475375724796842,0.4194061330437564,0.4769663791084732,2000,733,1840
B1_corrected_ts5,geommlp,softmax,subject,accuracy,1,0.1336971350613915,0.0,0.1336971350613915,0.1336971350613915,True,0.1338219645293315,0.1091405184174624,0.1582537517053206,2000,733,733
B1_corrected_ts5,geommlp,softmax,subject,macro_f1,1,0.1201075195381811,0.0,0.1201075195381811,0.1201075195381811,True,0.1185614295843467,0.094276169040742,0.1430568116771799,2000,733,733
B1_corrected_ts5,geommlp,softmax,subject,macro_auc,1,0.6863342512682008,0.0,0.6863342512682008,0.6863342512682008,True,0.6862533284089686,0.6554694603694775,0.7164306315309259,2000,733,733
B1_corrected_ts5,geommlp,softmax,subject,top3_accuracy,1,0.3219645293315143,0.0,0.3219645293315143,0.3219645293315143,True,0.3218369713506139,0.2892223738062756,0.3574351978171896,2000,733,733
B1_corrected_ts5,geommlp,softmax,subject,top5_accuracy,1,0.461118690313779,0.0,0.461118690313779,0.461118690313779,True,0.4612114597544338,0.4256480218281037,0.4979536152796726,2000,733,733
B1_corrected_ts5,geommlp,proto,scan,accuracy,1,0.0902173913043478,0.0,0.0902173913043478,0.0902173913043478,True,0.0901940867079101,0.0737283448729468,0.1083152053728403,2000,733,1840
B1_corrected_ts5,geommlp,proto,scan,macro_f1,1,0.0864434239236726,0.0,0.0864434239236726,0.0864434239236726,True,0.0851987528369812,0.0690631220214146,0.1027088666677516,2000,733,1840
B1_corrected_ts5,geommlp,proto,scan,macro_auc,1,0.6539213013148121,0.0,0.6539213013148121,0.6539213013148121,True,0.6533450660184121,0.6278846589832044,0.6777076988866142,2000,733,1840
B1_corrected_ts5,geommlp,proto,scan,top3_accuracy,1,0.2831521739130435,0.0,0.2831521739130435,0.2831521739130435,True,0.2829514422169006,0.2546070058434295,0.3129284214747369,2000,733,1840
B1_corrected_ts5,geommlp,proto,scan,top5_accuracy,1,0.4418478260869565,0.0,0.4418478260869565,0.4418478260869565,True,0.4415823069481802,0.411013116125145,0.4731073549127949,2000,733,1840
B1_corrected_ts5,geommlp,proto,subject,accuracy,1,0.1145975443383356,0.0,0.1145975443383356,0.1145975443383356,True,0.1149897680763983,0.0927694406548431,0.1378240109140516,2000,733,733
B1_corrected_ts5,geommlp,proto,subject,macro_f1,1,0.1108509826635962,0.0,0.1108509826635962,0.1108509826635962,True,0.1096610168935302,0.0870782389266837,0.1325816280355593,2000,733,733
B1_corrected_ts5,geommlp,proto,subject,macro_auc,1,0.6665872925663722,0.0,0.6665872925663722,0.6665872925663722,True,0.6665962232293712,0.6365786452722071,0.6961600300014691,2000,733,733
B1_corrected_ts5,geommlp,proto,subject,top3_accuracy,1,0.3178717598908595,0.0,0.3178717598908595,0.3178717598908595,True,0.3179802182810368,0.2851296043656207,0.3520122783083218,2000,733,733
B1_corrected_ts5,geommlp,proto,subject,top5_accuracy,1,0.4652114597544338,0.0,0.4652114597544338,0.4652114597544338,True,0.4649884038199182,0.4270122783083219,0.5034106412005457,2000,733,733
B1_corrected_ts5,geommlp,knn11,scan,accuracy,1,0.2146739130434782,0.0,0.2146739130434782,0.2146739130434782,True,0.2150826990411042,0.191078060283636,0.2394525955299207,2000,733,1840
B1_corrected_ts5,geommlp,knn11,scan,macro_f1,1,0.1066099607093918,0.0,0.1066099607093918,0.1066099607093918,True,0.1046616029181651,0.0827189715068913,0.1281560932014839,2000,733,1840
B1_corrected_ts5,geommlp,knn11,scan,macro_auc,1,0.597755176036891,0.0,0.597755176036891,0.597755176036891,True,0.5978933852445332,0.5726891470407258,0.6230731051657271,2000,733,1840
B1_corrected_ts5,geommlp,knn11,subject,accuracy,1,0.2155525238744884,0.0,0.2155525238744884,0.2155525238744884,True,0.2156732605729877,0.1855388813096862,0.2455661664392905,2000,733,733
B1_corrected_ts5,geommlp,knn11,subject,macro_f1,1,0.0968947476737873,0.0,0.0968947476737873,0.0968947476737873,True,0.0951307159192597,0.0711953578652764,0.1207233414060094,2000,733,733
B1_corrected_ts5,geommlp,knn11,subject,macro_auc,1,0.6105832580398209,0.0,0.6105832580398209,0.6105832580398209,True,0.6109644788415416,0.5825467436730715,0.6393929027611364,2000,733,733
B1_corrected_ts5,pointnet,softmax,scan,accuracy,1,0.1201086956521739,0.0,0.1201086956521739,0.1201086956521739,True,0.1201172399880194,0.1016666349954393,0.1389944742926084,2000,733,1840
B1_corrected_ts5,pointnet,softmax,scan,macro_f1,1,0.1039146748134354,0.0,0.1039146748134354,0.1039146748134354,True,0.1023954098954735,0.084485492011886,0.1218857855152368,2000,733,1840
B1_corrected_ts5,pointnet,softmax,scan,macro_auc,1,0.7017342987307693,0.0,0.7017342987307693,0.7017342987307693,True,0.7018636485619237,0.678736355007002,0.7243683718467567,2000,733,1840
B1_corrected_ts5,pointnet,softmax,scan,top3_accuracy,1,0.3429347826086956,0.0,0.3429347826086956,0.3429347826086956,True,0.3430150700173768,0.3149320586820587,0.3729868635445412,2000,733,1840
B1_corrected_ts5,pointnet,softmax,scan,top5_accuracy,1,0.55,0.0,0.55,0.55,True,0.5501936527130442,0.52146667639425,0.5804420912969046,2000,733,1840
B1_corrected_ts5,pointnet,softmax,subject,accuracy,1,0.1487039563437926,0.0,0.1487039563437926,0.1487039563437926,True,0.1485245566166439,0.1227830832196452,0.1746248294679399,2000,733,733
B1_corrected_ts5,pointnet,softmax,subject,macro_f1,1,0.1258691204755262,0.0,0.1258691204755262,0.1258691204755262,True,0.1238655857832077,0.0999533246494137,0.1495400651993482,2000,733,733
B1_corrected_ts5,pointnet,softmax,subject,macro_auc,1,0.7181830280672378,0.0,0.7181830280672378,0.7181830280672378,True,0.7181187116910094,0.6901198845599303,0.7434031440102596,2000,733,733
B1_corrected_ts5,pointnet,softmax,subject,top3_accuracy,1,0.3533424283765348,0.0,0.3533424283765348,0.3533424283765348,True,0.353268758526603,0.3192360163710777,0.3874488403819918,2000,733,733
B1_corrected_ts5,pointnet,softmax,subject,top5_accuracy,1,0.5375170532060027,0.0,0.5375170532060027,0.5375170532060027,True,0.5374965893587995,0.5006821282401092,0.5743519781718963,2000,733,733
B1_corrected_ts5,pointnet,proto,scan,accuracy,1,0.1152173913043478,0.0,0.1152173913043478,0.1152173913043478,True,0.1149924441943596,0.096989298371592,0.1339547687252694,2000,733,1840
B1_corrected_ts5,pointnet,proto,scan,macro_f1,1,0.1091599381140228,0.0,0.1091599381140228,0.1091599381140228,True,0.1075579085689092,0.0890144647966079,0.1273943985089751,2000,733,1840
B1_corrected_ts5,pointnet,proto,scan,macro_auc,1,0.6889328121525463,0.0,0.6889328121525463,0.6889328121525463,True,0.689246078917058,0.6629567118759213,0.712975821047685,2000,733,1840
B1_corrected_ts5,pointnet,proto,scan,top3_accuracy,1,0.3038043478260869,0.0,0.3038043478260869,0.3038043478260869,True,0.3038093187903827,0.2756690192642243,0.3324090714700282,2000,733,1840
B1_corrected_ts5,pointnet,proto,scan,top5_accuracy,1,0.4978260869565217,0.0,0.4978260869565217,0.4978260869565217,True,0.4979400244523378,0.467252812813177,0.5281111027907347,2000,733,1840
B1_corrected_ts5,pointnet,proto,subject,accuracy,1,0.1596180081855388,0.0,0.1596180081855388,0.1596180081855388,True,0.1594911323328785,0.1336971350613915,0.1855729877216914,2000,733,733
B1_corrected_ts5,pointnet,proto,subject,macro_f1,1,0.1523339784642235,0.0,0.1523339784642235,0.1523339784642235,True,0.1499709867569192,0.1223116941127044,0.178526997633703,2000,733,733
B1_corrected_ts5,pointnet,proto,subject,macro_auc,1,0.7177071598495602,0.0,0.7177071598495602,0.7177071598495602,True,0.717526030301232,0.6905916689881553,0.7424726387170604,2000,733,733
B1_corrected_ts5,pointnet,proto,subject,top3_accuracy,1,0.3751705320600272,0.0,0.3751705320600272,0.3751705320600272,True,0.375094133697135,0.3410641200545702,0.4106412005457026,2000,733,733
B1_corrected_ts5,pointnet,proto,subject,top5_accuracy,1,0.5306957708049114,0.0,0.5306957708049114,0.5306957708049114,True,0.5307012278308322,0.4951909959072305,0.5661664392905866,2000,733,733
B1_corrected_ts5,pointnet,knn11,scan,accuracy,1,0.2114130434782608,0.0,0.2114130434782608,0.2114130434782608,True,0.2115471839663064,0.1883059103490955,0.2344531531702503,2000,733,1840
B1_corrected_ts5,pointnet,knn11,scan,macro_f1,1,0.1226463426196916,0.0,0.1226463426196916,0.1226463426196916,True,0.120473481628987,0.0970617953790228,0.1445258959937405,2000,733,1840
B1_corrected_ts5,pointnet,knn11,scan,macro_auc,1,0.6640555708701594,0.0,0.6640555708701594,0.6640555708701594,True,0.6640090477398726,0.6384935403834173,0.6879200455729964,2000,733,1840
B1_corrected_ts5,pointnet,knn11,subject,accuracy,1,0.2141882673942701,0.0,0.2141882673942701,0.2141882673942701,True,0.2139092769440654,0.1855388813096862,0.2442019099590723,2000,733,733
B1_corrected_ts5,pointnet,knn11,subject,macro_f1,1,0.1324849964029304,0.0,0.1324849964029304,0.1324849964029304,True,0.1292341955830594,0.0955508829798972,0.1672287227764622,2000,733,733
B1_corrected_ts5,pointnet,knn11,subject,macro_auc,1,0.6803624560273466,0.0,0.6803624560273466,0.6803624560273466,True,0.6801491196882007,0.6530341042952758,0.7057519212112671,2000,733,733
B1_corrected_ts5,dgcnn,softmax,scan,accuracy,1,0.2614130434782609,0.0,0.2614130434782609,0.2614130434782609,True,0.2612336634901469,0.2340761457614707,0.2904960868463778,2000,733,1840
B1_corrected_ts5,dgcnn,softmax,scan,macro_f1,1,0.2262263937740167,0.0,0.2262263937740167,0.2262263937740167,True,0.2223649045120991,0.1936684594638397,0.2517345603480592,2000,733,1840
B1_corrected_ts5,dgcnn,softmax,scan,macro_auc,1,0.7876125522438473,0.0,0.7876125522438473,0.7876125522438473,True,0.788174670943464,0.7636179650852414,0.810539775846989,2000,733,1840
B1_corrected_ts5,dgcnn,softmax,scan,top3_accuracy,1,0.5554347826086956,0.0,0.5554347826086956,0.5554347826086956,True,0.5556690744823257,0.5248888198908177,0.5869693818507593,2000,733,1840
B1_corrected_ts5,dgcnn,softmax,scan,top5_accuracy,1,0.7467391304347826,0.0,0.7467391304347826,0.7467391304347826,True,0.7470735122813451,0.7180279557774426,0.7747142255544754,2000,733,1840
B1_corrected_ts5,dgcnn,softmax,subject,accuracy,1,0.3096862210095498,0.0,0.3096862210095498,0.3096862210095498,True,0.3093935879945429,0.2755798090040928,0.3437926330150068,2000,733,733
B1_corrected_ts5,dgcnn,softmax,subject,macro_f1,1,0.2591705322057177,0.0,0.2591705322057177,0.2591705322057177,True,0.2536182901146452,0.2137363318868046,0.2941338840382629,2000,733,733
B1_corrected_ts5,dgcnn,softmax,subject,macro_auc,1,0.824799441093666,0.0,0.824799441093666,0.824799441093666,True,0.824620701084349,0.8016014690635329,0.8465298156007138,2000,733,733
B1_corrected_ts5,dgcnn,softmax,subject,top3_accuracy,1,0.5716234652114598,0.0,0.5716234652114598,0.5716234652114598,True,0.5717060027285129,0.5361527967257844,0.6084583901773534,2000,733,733
B1_corrected_ts5,dgcnn,softmax,subject,top5_accuracy,1,0.7667121418826739,0.0,0.7667121418826739,0.7667121418826739,True,0.7666275579809003,0.7366984993178718,0.7967257844474761,2000,733,733
B1_corrected_ts5,dgcnn,proto,scan,accuracy,1,0.2554347826086957,0.0,0.2554347826086957,0.2554347826086957,True,0.2549946008412153,0.2278499738867821,0.281923960979292,2000,733,1840
B1_corrected_ts5,dgcnn,proto,scan,macro_f1,1,0.2239001605946548,0.0,0.2239001605946548,0.2239001605946548,True,0.2198768386022252,0.1930698334321751,0.2477490274435805,2000,733,1840
B1_corrected_ts5,dgcnn,proto,scan,macro_auc,1,0.7895469546160557,0.0,0.7895469546160557,0.7895469546160557,True,0.7902930230305242,0.7658830991388699,0.8120509485063507,2000,733,1840
B1_corrected_ts5,dgcnn,proto,scan,top3_accuracy,1,0.532608695652174,0.0,0.532608695652174,0.532608695652174,True,0.5322595738423453,0.5023824709489383,0.5635671016123226,2000,733,1840
B1_corrected_ts5,dgcnn,proto,scan,top5_accuracy,1,0.7086956521739131,0.0,0.7086956521739131,0.7086956521739131,True,0.7085885000970066,0.6804703361154975,0.7354081055940844,2000,733,1840
B1_corrected_ts5,dgcnn,proto,subject,accuracy,1,0.330150068212824,0.0,0.330150068212824,0.330150068212824,True,0.3298601637107776,0.2973738062755798,0.3628922237380627,2000,733,733
B1_corrected_ts5,dgcnn,proto,subject,macro_f1,1,0.3132584034733405,0.0,0.3132584034733405,0.3132584034733405,True,0.3080794112840005,0.2681951721928022,0.347976849335592,2000,733,733
B1_corrected_ts5,dgcnn,proto,subject,macro_auc,1,0.8260527021308023,0.0,0.8260527021308023,0.8260527021308023,True,0.8260181557475432,0.8034958432537398,0.8473351789641954,2000,733,733
B1_corrected_ts5,dgcnn,proto,subject,top3_accuracy,1,0.6016371077762619,0.0,0.6016371077762619,0.6016371077762619,True,0.6016978171896317,0.5661664392905866,0.6384720327421555,2000,733,733
B1_corrected_ts5,dgcnn,proto,subject,top5_accuracy,1,0.762619372442019,0.0,0.762619372442019,0.762619372442019,True,0.7626330150068213,0.732605729877217,0.7939972714870396,2000,733,733
B1_corrected_ts5,dgcnn,knn11,scan,accuracy,1,0.2755434782608695,0.0,0.2755434782608695,0.2755434782608695,True,0.2757847394410784,0.2479826776996588,0.3034177855892824,2000,733,1840
B1_corrected_ts5,dgcnn,knn11,scan,macro_f1,1,0.1882201333024121,0.0,0.1882201333024121,0.1882201333024121,True,0.1859032814975663,0.157770742607854,0.2158858865437641,2000,733,1840
B1_corrected_ts5,dgcnn,knn11,scan,macro_auc,1,0.7073402049593341,0.0,0.7073402049593341,0.7073402049593341,True,0.7076972752751187,0.6860874767913684,0.7275024929374865,2000,733,1840
B1_corrected_ts5,dgcnn,knn11,subject,accuracy,1,0.2933151432469304,0.0,0.2933151432469304,0.2933151432469304,True,0.2938731241473397,0.2619372442019099,0.3274215552523875,2000,733,733
B1_corrected_ts5,dgcnn,knn11,subject,macro_f1,1,0.2060187492556582,0.0,0.2060187492556582,0.2060187492556582,True,0.2020902739355191,0.1631332441837449,0.2408306335887393,2000,733,733
B1_corrected_ts5,dgcnn,knn11,subject,macro_auc,1,0.7282575868292099,0.0,0.7282575868292099,0.7282575868292099,True,0.7285311072061668,0.7051041440451526,0.7502272042044357,2000,733,733
B1_corrected_ts5,pointnet2,softmax,scan,accuracy,5,0.2855434782608695,0.003854483310108,0.2815217391304347,0.2918478260869565,False,0.2853839927381379,0.2618941468100327,0.3094848009722576,2000,733,1840
B1_corrected_ts5,pointnet2,softmax,scan,macro_f1,5,0.2589603345307918,0.0028776796719629,0.2544171620057682,0.2612847250863337,False,0.2545439842476094,0.2255524285141013,0.2853358351901687,2000,733,1840
B1_corrected_ts5,pointnet2,softmax,scan,macro_auc,5,0.7848524352157619,0.0028787239376321,0.7804186044716918,0.7875909278220314,False,0.7850000802975586,0.7638320352158745,0.8042407111198372,2000,733,1840
B1_corrected_ts5,pointnet2,softmax,scan,top3_accuracy,5,0.6064130434782609,0.0059955284219659,0.6010869565217392,0.6146739130434783,False,0.606533277879816,0.5780397197808133,0.6348929542425273,2000,733,1840
B1_corrected_ts5,pointnet2,softmax,scan,top5_accuracy,5,0.7627173913043478,0.0040778981483269,0.7581521739130435,0.7679347826086956,False,0.7629611468841497,0.7356977933624872,0.7889979345697377,2000,733,1840
B1_corrected_ts5,pointnet2,softmax,subject,accuracy,5,0.320600272851296,0.0112085107265723,0.3069577080491132,0.3369713506139154,False,0.3201929058663028,0.2903069577080491,0.3522510231923602,2000,733,733
B1_corrected_ts5,pointnet2,softmax,subject,macro_f1,5,0.320001554574689,0.0098066128664819,0.3041130379434666,0.3290597624329821,False,0.3142957210028981,0.2767942605427967,0.3536512090052862,2000,733,733
B1_corrected_ts5,pointnet2,softmax,subject,macro_auc,5,0.8097367080463436,0.0040545523390255,0.8049222228375963,0.8131077357410182,False,0.8095154336739178,0.7858612165316847,0.8315794747755145,2000,733,733
B1_corrected_ts5,pointnet2,softmax,subject,top3_accuracy,5,0.6141882673942701,0.0048618089171092,0.6098226466575716,0.6207366984993179,False,0.6140860845839018,0.5839017735334243,0.6450204638472032,2000,733,733
B1_corrected_ts5,pointnet2,softmax,subject,top5_accuracy,5,0.7757162346521146,0.0051589823741307,0.7680763983628922,0.781718963165075,False,0.7757635743519782,0.7478854024556616,0.8019099590723056,2000,733,733
B1_corrected_ts5,pointnet2,proto,scan,accuracy,5,0.2494565217391304,0.004465129544879,0.242391304347826,0.2538043478260869,False,0.2488679952275554,0.224863267215734,0.2735452422461377,2000,733,1840
B1_corrected_ts5,pointnet2,proto,scan,macro_f1,5,0.2324764176372354,0.0061097092204467,0.2224086287212406,0.2381322827738152,False,0.2280492919647613,0.2026561177893253,0.2548765052961654,2000,733,1840
B1_corrected_ts5,pointnet2,proto,scan,macro_auc,5,0.7856195624282962,0.0020397160038666,0.7834328774918542,0.7881679603594511,False,0.7856348841269739,0.7632361151096784,0.8051638895270391,2000,733,1840
B1_corrected_ts5,pointnet2,proto,scan,top3_accuracy,5,0.5553260869565217,0.0046656904415945,0.5483695652173913,0.5603260869565218,False,0.5547944462630842,0.5274845812760616,0.5820052121505,2000,733,1840
B1_corrected_ts5,pointnet2,proto,scan,top5_accuracy,5,0.7320652173913044,0.0031689955950246,0.7271739130434782,0.7358695652173913,False,0.7318731325210087,0.7057283646242639,0.7564992082412768,2000,733,1840
B1_corrected_ts5,pointnet2,proto,subject,accuracy,5,0.3175989085948158,0.0062069921779412,0.311050477489768,0.3260572987721691,False,0.3169238744884038,0.2870327421555252,0.3473396998635743,2000,733,733
B1_corrected_ts5,pointnet2,proto,subject,macro_f1,5,0.3277205925671243,0.0064076614757162,0.3177368368267013,0.3346064090823861,False,0.3219590401078375,0.2829254736249074,0.3598393682102077,2000,733,733
B1_corrected_ts5,pointnet2,proto,subject,macro_auc,5,0.8171339540034352,0.00138813268642,0.815705823753827,0.8188108424243064,False,0.8169166738593189,0.7921417618367691,0.839927750241545,2000,733,733
B1_corrected_ts5,pointnet2,proto,subject,top3_accuracy,5,0.6248294679399727,0.0058678889952541,0.6193724420190996,0.6330150068212824,False,0.6242728512960437,0.5920873124147341,0.6548431105047748,2000,733,733
B1_corrected_ts5,pointnet2,proto,subject,top5_accuracy,5,0.7806275579809003,0.0037856580970018,0.7762619372442019,0.7858117326057299,False,0.7803529331514324,0.7527899045020464,0.8065552523874487,2000,733,733
B1_corrected_ts5,pointnet2,knn11,scan,accuracy,5,0.2945652173913043,0.0042447009108188,0.2880434782608695,0.2983695652173913,False,0.2948286930636765,0.2675220932344795,0.3213523959591546,2000,733,1840
B1_corrected_ts5,pointnet2,knn11,scan,macro_f1,5,0.2041736412377753,0.0028061412321201,0.2002955881309517,0.2073928697466088,False,0.2003172652721764,0.1699341384373316,0.2307548200358508,2000,733,1840
B1_corrected_ts5,pointnet2,knn11,scan,macro_auc,5,0.7437148881343403,0.0007087728790056,0.7427345156032586,0.7445806835327123,False,0.744087789691336,0.7258786846135571,0.7619188628007859,2000,733,1840
B1_corrected_ts5,pointnet2,knn11,subject,accuracy,5,0.3159618008185539,0.0057558043955604,0.3096862210095498,0.3233287858117326,False,0.3162452933151432,0.2856616643929058,0.3462482946793997,2000,733,733
B1_corrected_ts5,pointnet2,knn11,subject,macro_f1,5,0.2322749977947766,0.0052317594991084,0.2270411249149035,0.2389352410181853,False,0.2257749183831442,0.1871288298076654,0.2651888273082278,2000,733,733
B1_corrected_ts5,pointnet2,knn11,subject,macro_auc,5,0.770786396464248,0.0005358745282799,0.7700760661601403,0.7713687411943754,False,0.7707777144913682,0.7513379175304692,0.7891620115677511,2000,733,733
B2_corrected_ts1,geommlp,softmax,scan,accuracy,1,0.1557894736842105,0.0,0.1557894736842105,0.1557894736842105,True,0.1549479264847165,0.1115569103817075,0.1988029298401659,2000,169,475
B2_corrected_ts1,geommlp,softmax,scan,macro_f1,1,0.1289645098923438,0.0,0.1289645098923438,0.1289645098923438,True,0.1251364418585001,0.0931746210278697,0.1582749304177667,2000,169,475
B2_corrected_ts1,geommlp,softmax,scan,macro_auc,1,0.7635720118289516,0.0,0.7635720118289516,0.7635720118289516,True,0.7591825395952504,0.7306642438535644,0.7866198640484073,2000,169,475
B2_corrected_ts1,geommlp,softmax,scan,top3_accuracy,1,0.3347368421052631,0.0,0.3347368421052631,0.3347368421052631,True,0.3342916684292519,0.2786867542399886,0.3904766824085006,2000,169,475
B2_corrected_ts1,geommlp,softmax,scan,top5_accuracy,1,0.4589473684210526,0.0,0.4589473684210526,0.4589473684210526,True,0.4590143063917808,0.3959117125110913,0.518812295455487,2000,169,475
B2_corrected_ts1,geommlp,softmax,subject,accuracy,1,0.1893491124260355,0.0,0.1893491124260355,0.1893491124260355,True,0.1881420118343195,0.1301775147928994,0.2485207100591716,2000,169,169
B2_corrected_ts1,geommlp,softmax,subject,macro_f1,1,0.1523111704196748,0.0,0.1523111704196748,0.1523111704196748,True,0.1492250655304205,0.1010400897540753,0.2006720433962694,2000,169,169
B2_corrected_ts1,geommlp,softmax,subject,macro_auc,1,0.7986601893975201,0.0,0.7986601893975201,0.7986601893975201,True,0.7917147349992779,0.7586114328106536,0.8236093796544351,2000,169,169
B2_corrected_ts1,geommlp,softmax,subject,top3_accuracy,1,0.4260355029585799,0.0,0.4260355029585799,0.4260355029585799,True,0.4265739644970414,0.3548816568047337,0.4971893491124252,2000,169,169
B2_corrected_ts1,geommlp,softmax,subject,top5_accuracy,1,0.5502958579881657,0.0,0.5502958579881657,0.5502958579881657,True,0.551405325443787,0.4733727810650887,0.6272189349112426,2000,169,169
B2_corrected_ts1,geommlp,proto,scan,accuracy,1,0.1810526315789473,0.0,0.1810526315789473,0.1810526315789473,True,0.1801310578433245,0.1353480753480753,0.2268978929151278,2000,169,475
B2_corrected_ts1,geommlp,proto,scan,macro_f1,1,0.1494121406246745,0.0,0.1494121406246745,0.1494121406246745,True,0.145359696677421,0.1102798468238484,0.1810372773593561,2000,169,475
B2_corrected_ts1,geommlp,proto,scan,macro_auc,1,0.7590755641713035,0.0,0.7590755641713035,0.7590755641713035,True,0.7611712479331327,0.7296167639877186,0.7920059683229688,2000,169,475
B2_corrected_ts1,geommlp,proto,scan,top3_accuracy,1,0.36,0.0,0.36,0.36,True,0.3601170525823097,0.3038975898002908,0.4168552553531566,2000,169,475
B2_corrected_ts1,geommlp,proto,scan,top5_accuracy,1,0.4778947368421052,0.0,0.4778947368421052,0.4778947368421052,True,0.4780675725746001,0.4209372740419378,0.5346325703998972,2000,169,475
B2_corrected_ts1,geommlp,proto,subject,accuracy,1,0.2189349112426035,0.0,0.2189349112426035,0.2189349112426035,True,0.218973372781065,0.1597633136094674,0.2840236686390532,2000,169,169
B2_corrected_ts1,geommlp,proto,subject,macro_f1,1,0.1943230672966107,0.0,0.1943230672966107,0.1943230672966107,True,0.1906200725557095,0.1337785536348079,0.2521387354659634,2000,169,169
B2_corrected_ts1,geommlp,proto,subject,macro_auc,1,0.7967418382524428,0.0,0.7967418382524428,0.7967418382524428,True,0.7951885392925041,0.7607897755053141,0.8289806260886176,2000,169,169
B2_corrected_ts1,geommlp,proto,subject,top3_accuracy,1,0.408284023668639,0.0,0.408284023668639,0.408284023668639,True,0.4084615384615384,0.3372781065088757,0.4792899408284023,2000,169,169
B2_corrected_ts1,geommlp,proto,subject,top5_accuracy,1,0.5502958579881657,0.0,0.5502958579881657,0.5502958579881657,True,0.5510591715976332,0.4792899408284023,0.621301775147929,2000,169,169
B2_corrected_ts1,geommlp,knn11,scan,accuracy,1,0.1747368421052631,0.0,0.1747368421052631,0.1747368421052631,True,0.1752915498390144,0.139414321192053,0.2132890958083301,2000,169,475
B2_corrected_ts1,geommlp,knn11,scan,macro_f1,1,0.1373634333662786,0.0,0.1373634333662786,0.1373634333662786,True,0.1352316637339731,0.1055359487439259,0.1680601596986514,2000,169,475
B2_corrected_ts1,geommlp,knn11,scan,macro_auc,1,0.6860560652606227,0.0,0.6860560652606227,0.6860560652606227,True,0.6873813885692385,0.6521688594804936,0.721639075082282,2000,169,475
B2_corrected_ts1,geommlp,knn11,subject,accuracy,1,0.165680473372781,0.0,0.165680473372781,0.165680473372781,True,0.1659319526627219,0.1124260355029585,0.2248520710059171,2000,169,169
B2_corrected_ts1,geommlp,knn11,subject,macro_f1,1,0.1121644161990348,0.0,0.1121644161990348,0.1121644161990348,True,0.1157266695133717,0.0778311732992244,0.1590765663493095,2000,169,169
B2_corrected_ts1,geommlp,knn11,subject,macro_auc,1,0.7153284083919772,0.0,0.7153284083919772,0.7153284083919772,True,0.7105852298420859,0.6705227925916004,0.7477375091709267,2000,169,169
B2_corrected_ts1,pointnet,softmax,scan,accuracy,1,0.1494736842105263,0.0,0.1494736842105263,0.1494736842105263,True,0.149476666020933,0.1113304093567251,0.1931633132126089,2000,169,475
B2_corrected_ts1,pointnet,softmax,scan,macro_f1,1,0.1150986393479418,0.0,0.1150986393479418,0.1150986393479418,True,0.1139778683113686,0.0840040019500228,0.1445277101862388,2000,169,475
B2_corrected_ts1,pointnet,softmax,scan,macro_auc,1,0.7850154284610603,0.0,0.7850154284610603,0.7850154284610603,True,0.7862040189492219,0.7566961859355509,0.8154603500275601,2000,169,475
B2_corrected_ts1,pointnet,softmax,scan,top3_accuracy,1,0.3726315789473684,0.0,0.3726315789473684,0.3726315789473684,True,0.3722544389410241,0.3183662280701754,0.4276862660113447,2000,169,475
B2_corrected_ts1,pointnet,softmax,scan,top5_accuracy,1,0.5347368421052632,0.0,0.5347368421052632,0.5347368421052632,True,0.534916678749581,0.4780781333265663,0.5933875401793267,2000,169,475
B2_corrected_ts1,pointnet,softmax,subject,accuracy,1,0.1715976331360946,0.0,0.1715976331360946,0.1715976331360946,True,0.1718727810650887,0.1183431952662721,0.2248520710059171,2000,169,169
B2_corrected_ts1,pointnet,softmax,subject,macro_f1,1,0.1363753893165657,0.0,0.1363753893165657,0.1363753893165657,True,0.1351512692537126,0.0894007439343631,0.1825588936495576,2000,169,169
B2_corrected_ts1,pointnet,softmax,subject,macro_auc,1,0.8264962952105116,0.0,0.8264962952105116,0.8264962952105116,True,0.8245556962497308,0.7922809996159793,0.8557713682998289,2000,169,169
B2_corrected_ts1,pointnet,softmax,subject,top3_accuracy,1,0.4556213017751479,0.0,0.4556213017751479,0.4556213017751479,True,0.4548047337278106,0.378698224852071,0.5325443786982249,2000,169,169
B2_corrected_ts1,pointnet,softmax,subject,top5_accuracy,1,0.621301775147929,0.0,0.621301775147929,0.621301775147929,True,0.6216804733727811,0.5502958579881657,0.6923076923076923,2000,169,169
B2_corrected_ts1,pointnet,proto,scan,accuracy,1,0.1263157894736842,0.0,0.1263157894736842,0.1263157894736842,True,0.1259985506588639,0.0897155361050328,0.1645576213080168,2000,169,475
B2_corrected_ts1,pointnet,proto,scan,macro_f1,1,0.1061378000738232,0.0,0.1061378000738232,0.1061378000738232,True,0.1052181665281664,0.0745205120140687,0.1364189967570447,2000,169,475
B2_corrected_ts1,pointnet,proto,scan,macro_auc,1,0.7848518476960231,0.0,0.7848518476960231,0.7848518476960231,True,0.7903681001602729,0.7636137574724333,0.8165021201415485,2000,169,475
B2_corrected_ts1,pointnet,proto,scan,top3_accuracy,1,0.4105263157894737,0.0,0.4105263157894737,0.4105263157894737,True,0.4092106593519829,0.3532042633567188,0.467112414187643,2000,169,475
B2_corrected_ts1,pointnet,proto,scan,top5_accuracy,1,0.5684210526315789,0.0,0.5684210526315789,0.5684210526315789,True,0.5675201010162748,0.5111561475263758,0.625,2000,169,475
B2_corrected_ts1,pointnet,proto,subject,accuracy,1,0.1715976331360946,0.0,0.1715976331360946,0.1715976331360946,True,0.1711360946745562,0.1183431952662721,0.2307692307692307,2000,169,169
B2_corrected_ts1,pointnet,proto,subject,macro_f1,1,0.1520199910550787,0.0,0.1520199910550787,0.1520199910550787,True,0.1511994562679144,0.1023526853523121,0.2032049383218971,2000,169,169
B2_corrected_ts1,pointnet,proto,subject,macro_auc,1,0.8388376649754478,0.0,0.8388376649754478,0.8388376649754478,True,0.8396785269894181,0.810966149097401,0.8673451612553246,2000,169,169
B2_corrected_ts1,pointnet,proto,subject,top3_accuracy,1,0.4852071005917159,0.0,0.4852071005917159,0.4852071005917159,True,0.4852366863905326,0.408284023668639,0.5680473372781065,2000,169,169
B2_corrected_ts1,pointnet,proto,subject,top5_accuracy,1,0.6568047337278107,0.0,0.6568047337278107,0.6568047337278107,True,0.656594674556213,0.5857988165680473,0.727810650887574,2000,169,169
B2_corrected_ts1,pointnet,knn11,scan,accuracy,1,0.1873684210526315,0.0,0.1873684210526315,0.1873684210526315,True,0.1881400961630233,0.1460172566371681,0.2337662337662337,2000,169,475
B2_corrected_ts1,pointnet,knn11,scan,macro_f1,1,0.1473816298669556,0.0,0.1473816298669556,0.1473816298669556,True,0.1442144063535597,0.1097921091462389,0.1813223777087813,2000,169,475
B2_corrected_ts1,pointnet,knn11,scan,macro_auc,1,0.7500767131622322,0.0,0.7500767131622322,0.7500767131622322,True,0.7625849583353644,0.7309248816198917,0.795353515558003,2000,169,475
B2_corrected_ts1,pointnet,knn11,subject,accuracy,1,0.165680473372781,0.0,0.165680473372781,0.165680473372781,True,0.165792899408284,0.1124260355029585,0.2248520710059171,2000,169,169
B2_corrected_ts1,pointnet,knn11,subject,macro_f1,1,0.1344890054853466,0.0,0.1344890054853466,0.1344890054853466,True,0.1329021284266201,0.086652958945164,0.1870479174041146,2000,169,169
B2_corrected_ts1,pointnet,knn11,subject,macro_auc,1,0.7904097859541639,0.0,0.7904097859541639,0.7904097859541639,True,0.7994125823003649,0.7653216920831887,0.836142989619223,2000,169,169
B2_corrected_ts1,dgcnn,softmax,scan,accuracy,1,0.3242105263157894,0.0,0.3242105263157894,0.3242105263157894,True,0.3257315331841712,0.2666598360655737,0.3852058238387013,2000,169,475
B2_corrected_ts1,dgcnn,softmax,scan,macro_f1,1,0.2328583518689147,0.0,0.2328583518689147,0.2328583518689147,True,0.2354145315405949,0.1931212520230104,0.2809430603798146,2000,169,475
B2_corrected_ts1,dgcnn,softmax,scan,macro_auc,1,0.8701231179866062,0.0,0.8701231179866062,0.8701231179866062,True,0.8708448603158188,0.845971411527932,0.8943822855711447,2000,169,475
B2_corrected_ts1,dgcnn,softmax,scan,top3_accuracy,1,0.52,0.0,0.52,0.52,True,0.5205311891347706,0.4509666582150101,0.5907258064516129,2000,169,475
B2_corrected_ts1,dgcnn,softmax,scan,top5_accuracy,1,0.6378947368421053,0.0,0.6378947368421053,0.6378947368421053,True,0.6384597436332071,0.5737637036282796,0.7036248409450443,2000,169,475
B2_corrected_ts1,dgcnn,softmax,subject,accuracy,1,0.408284023668639,0.0,0.408284023668639,0.408284023668639,True,0.4101449704142011,0.3372781065088757,0.4852071005917159,2000,169,169
B2_corrected_ts1,dgcnn,softmax,subject,macro_f1,1,0.2969062029948927,0.0,0.2969062029948927,0.2969062029948927,True,0.2961205887813497,0.2289106254715663,0.3627554888530601,2000,169,169
B2_corrected_ts1,dgcnn,softmax,subject,macro_auc,1,0.9152694781889162,0.0,0.9152694781889162,0.9152694781889162,True,0.9138198846128596,0.8882857118038567,0.9367133692514128,2000,169,169
B2_corrected_ts1,dgcnn,softmax,subject,top3_accuracy,1,0.5976331360946746,0.0,0.5976331360946746,0.5976331360946746,True,0.598233727810651,0.5207100591715976,0.6686390532544378,2000,169,169
B2_corrected_ts1,dgcnn,softmax,subject,top5_accuracy,1,0.6745562130177515,0.0,0.6745562130177515,0.6745562130177515,True,0.6751597633136095,0.6035502958579881,0.7455621301775148,2000,169,169
B2_corrected_ts1,dgcnn,proto,scan,accuracy,1,0.3052631578947368,0.0,0.3052631578947368,0.3052631578947368,True,0.3057152103744494,0.2464631945740775,0.3625605759788224,2000,169,475
B2_corrected_ts1,dgcnn,proto,scan,macro_f1,1,0.2641759936869525,0.0,0.2641759936869525,0.2641759936869525,True,0.2650068101209549,0.2151128312352414,0.3184307088100402,2000,169,475
B2_corrected_ts1,dgcnn,proto,scan,macro_auc,1,0.8647935145752271,0.0,0.8647935145752271,0.8647935145752271,True,0.8679252809861762,0.8462389516094597,0.8881906805490841,2000,169,475
B2_corrected_ts1,dgcnn,proto,scan,top3_accuracy,1,0.5326315789473685,0.0,0.5326315789473685,0.5326315789473685,True,0.5330288944338616,0.4695112323491656,0.5941310755928205,2000,169,475
B2_corrected_ts1,dgcnn,proto,scan,top5_accuracy,1,0.6757894736842105,0.0,0.6757894736842105,0.6757894736842105,True,0.6760839198346437,0.6200840912673027,0.7349170166519304,2000,169,475
B2_corrected_ts1,dgcnn,proto,subject,accuracy,1,0.4615384615384615,0.0,0.4615384615384615,0.4615384615384615,True,0.4613668639053255,0.3846153846153846,0.5325443786982249,2000,169,169
B2_corrected_ts1,dgcnn,proto,subject,macro_f1,1,0.3886879429167636,0.0,0.3886879429167636,0.3886879429167636,True,0.386870263073767,0.3075981934548473,0.467854148922865,2000,169,169
B2_corrected_ts1,dgcnn,proto,subject,macro_auc,1,0.9212763157833856,0.0,0.9212763157833856,0.9212763157833856,True,0.920376931844172,0.9023434607538154,0.937390431907294,2000,169,169
B2_corrected_ts1,dgcnn,proto,subject,top3_accuracy,1,0.6449704142011834,0.0,0.6449704142011834,0.6449704142011834,True,0.6450207100591715,0.5738165680473374,0.7159763313609467,2000,169,169
B2_corrected_ts1,dgcnn,proto,subject,top5_accuracy,1,0.8165680473372781,0.0,0.8165680473372781,0.8165680473372781,True,0.816585798816568,0.757396449704142,0.8698224852071006,2000,169,169
B2_corrected_ts1,dgcnn,knn11,scan,accuracy,1,0.2736842105263158,0.0,0.2736842105263158,0.2736842105263158,True,0.2754805190547838,0.220775204177266,0.3352460317460317,2000,169,475
B2_corrected_ts1,dgcnn,knn11,scan,macro_f1,1,0.2187978434912892,0.0,0.2187978434912892,0.2187978434912892,True,0.2190827929683748,0.1753475203839528,0.2678406620332546,2000,169,475
B2_corrected_ts1,dgcnn,knn11,scan,macro_auc,1,0.7772361028942851,0.0,0.7772361028942851,0.7772361028942851,True,0.78934802674247,0.7586611558478478,0.821586245370642,2000,169,475
B2_corrected_ts1,dgcnn,knn11,subject,accuracy,1,0.301775147928994,0.0,0.301775147928994,0.301775147928994,True,0.3028520710059171,0.2307692307692307,0.3729289940828394,2000,169,169
B2_corrected_ts1,dgcnn,knn11,subject,macro_f1,1,0.2112397304981037,0.0,0.2112397304981037,0.2112397304981037,True,0.216715150688813,0.1627566989670005,0.2743178921526638,2000,169,169
B2_corrected_ts1,dgcnn,knn11,subject,macro_auc,1,0.8260813496301314,0.0,0.8260813496301314,0.8260813496301314,True,0.8345937232963218,0.8030972217992918,0.8649823092132334,2000,169,169
B2_corrected_ts1,pointnet2,softmax,scan,accuracy,5,0.3389473684210526,0.0059545834205182,0.3326315789473684,0.3452631578947368,False,0.3392133409901007,0.2910534942051548,0.3881970544918998,2000,169,475
B2_corrected_ts1,pointnet2,softmax,scan,macro_f1,5,0.2846859144514541,0.0084364125287203,0.2749525035325914,0.2946561308460811,False,0.2878635840561024,0.2413319031477228,0.3368124667238631,2000,169,475
B2_corrected_ts1,pointnet2,softmax,scan,macro_auc,5,0.8455359302894794,0.0034495849996764,0.8408478589899269,0.8495530178604259,False,0.8512970274579131,0.8238322593827984,0.8774936151059413,2000,169,475
B2_corrected_ts1,pointnet2,softmax,scan,top3_accuracy,5,0.5738947368421053,0.0041039134083406,0.5684210526315789,0.5789473684210527,False,0.5745147956028102,0.5142622469932531,0.6309804733265642,2000,169,475
B2_corrected_ts1,pointnet2,softmax,scan,top5_accuracy,5,0.6926315789473685,0.0089318751307774,0.6821052631578948,0.7052631578947368,False,0.6933399059034724,0.6310524972347485,0.7479853936941326,2000,169,475
B2_corrected_ts1,pointnet2,softmax,subject,accuracy,5,0.4508875739644971,0.0184288893519496,0.4319526627218935,0.4733727810650887,False,0.4504940828402367,0.3822485207100591,0.5183727810650887,2000,169,169
B2_corrected_ts1,pointnet2,softmax,subject,macro_f1,5,0.3881775369441639,0.0366173401164377,0.3395964355199661,0.4272480464709321,False,0.3808626961793908,0.314028532983863,0.4488544932107007,2000,169,169
B2_corrected_ts1,pointnet2,softmax,subject,macro_auc,5,0.8987650174191406,0.0035700035488514,0.8943889364284671,0.9022337366746188,False,0.9002311820938715,0.8747404218532713,0.92475210458164,2000,169,169
B2_corrected_ts1,pointnet2,softmax,subject,top3_accuracy,5,0.6733727810650888,0.0026462342928991,0.6686390532544378,0.6745562130177515,False,0.6745609467455622,0.6071005917159764,0.736094674556213,2000,169,169
B2_corrected_ts1,pointnet2,softmax,subject,top5_accuracy,5,0.7763313609467456,0.0128280966796915,0.7692307692307693,0.7988165680473372,False,0.7774952662721893,0.714792899408284,0.8343491124260354,2000,169,169
B2_corrected_ts1,pointnet2,proto,scan,accuracy,5,0.3288421052631579,0.0110801662037395,0.311578947368421,0.3389473684210526,False,0.3294185692649373,0.2786364446316335,0.3820577889234006,2000,169,475
B2_corrected_ts1,pointnet2,proto,scan,macro_f1,5,0.27936815548193,0.0087093219274577,0.265324128419395,0.2872813533805614,False,0.2829679784470866,0.2359469111920012,0.3328789332047686,2000,169,475
B2_corrected_ts1,pointnet2,proto,scan,macro_auc,5,0.8454259922632528,0.0036391579925094,0.8392073361645881,0.8484168125372425,False,0.8542248356074377,0.8295665871428288,0.8795340553953349,2000,169,475
B2_corrected_ts1,pointnet2,proto,scan,top3_accuracy,5,0.575578947368421,0.0101621207462291,0.5663157894736842,0.5894736842105263,False,0.5759090051011481,0.5181545826684244,0.6299414743897056,2000,169,475
B2_corrected_ts1,pointnet2,proto,scan,top5_accuracy,5,0.704,0.0127711586426131,0.6926315789473684,0.7178947368421053,False,0.7038169128120453,0.6524475409836066,0.7517394666069028,2000,169,475
B2_corrected_ts1,pointnet2,proto,subject,accuracy,5,0.4792899408284023,0.0172513369669979,0.4556213017751479,0.4970414201183432,False,0.4791301775147928,0.4106213017751479,0.5455621301775148,2000,169,169
B2_corrected_ts1,pointnet2,proto,subject,macro_f1,5,0.4124837395649569,0.0205232074679731,0.3839566722693658,0.4325924075924076,False,0.4095143142377948,0.3418920845789575,0.4774464040272904,2000,169,169
B2_corrected_ts1,pointnet2,proto,subject,macro_auc,5,0.8962075755192942,0.0042101359726212,0.8901960568794846,0.900190491645336,False,0.9011449344579257,0.877383413857013,0.9252461268677814,2000,169,169
B2_corrected_ts1,pointnet2,proto,subject,top3_accuracy,5,0.7029585798816569,0.0164194519828539,0.6745562130177515,0.7159763313609467,False,0.702792899408284,0.6366568047337279,0.7621301775147928,2000,169,169
B2_corrected_ts1,pointnet2,proto,subject,top5_accuracy,5,0.8035502958579881,0.0153161882905855,0.7869822485207101,0.8165680473372781,False,0.8034136094674557,0.7479289940828402,0.8544378698224853,2000,169,169
B2_corrected_ts1,pointnet2,knn11,scan,accuracy,5,0.3077894736842105,0.0150640369010512,0.2926315789473684,0.3263157894736842,False,0.3086832418387699,0.2562399764150943,0.361674074757973,2000,169,475
B2_corrected_ts1,pointnet2,knn11,scan,macro_f1,5,0.2347396086431456,0.0132386618017293,0.2217622997169395,0.2526187591602993,False,0.2381025162670409,0.1987644719964511,0.2802905026015556,2000,169,475
B2_corrected_ts1,pointnet2,knn11,scan,macro_auc,5,0.7965663928359163,0.0019583587203563,0.7932212609740631,0.7979689340658792,False,0.8086364444586127,0.7793628349889018,0.838754005772698,2000,169,475
B2_corrected_ts1,pointnet2,knn11,subject,accuracy,5,0.3431952662721894,0.0162048093936439,0.3254437869822485,0.3668639053254438,False,0.3432136094674556,0.2792899408284023,0.4071005917159763,2000,169,169
B2_corrected_ts1,pointnet2,knn11,subject,macro_f1,5,0.2519346106637251,0.0185149917448654,0.2259333301667398,0.2773133363912436,False,0.2495444973853455,0.1979690817042781,0.3021852620528614,2000,169,169
B2_corrected_ts1,pointnet2,knn11,subject,macro_auc,5,0.8477965931392172,0.0020213589388159,0.844656524461859,0.8500252100857436,False,0.8561116738724217,0.8275959617326081,0.8865016813998452,2000,169,169
B2_corrected_ts2,geommlp,softmax,scan,accuracy,1,0.1305263157894736,0.0,0.1305263157894736,0.1305263157894736,True,0.1302782441455996,0.091784420289855,0.1699036783243906,2000,169,475
B2_corrected_ts2,geommlp,softmax,scan,macro_f1,1,0.1093758158497033,0.0,0.1093758158497033,0.1093758158497033,True,0.1069369336611194,0.0777507123171247,0.1358165522383972,2000,169,475
B2_corrected_ts2,geommlp,softmax,scan,macro_auc,1,0.7577246373103725,0.0,0.7577246373103725,0.7577246373103725,True,0.7541394577755614,0.7262261006552112,0.7802640698698358,2000,169,475
B2_corrected_ts2,geommlp,softmax,scan,top3_accuracy,1,0.3094736842105263,0.0,0.3094736842105263,0.3094736842105263,True,0.3090598961067386,0.2577066820955938,0.3621468224376502,2000,169,475
B2_corrected_ts2,geommlp,softmax,scan,top5_accuracy,1,0.4547368421052631,0.0,0.4547368421052631,0.4547368421052631,True,0.4546949108776221,0.4004470641215608,0.5086270659049172,2000,169,475
B2_corrected_ts2,geommlp,softmax,subject,accuracy,1,0.1420118343195266,0.0,0.1420118343195266,0.1420118343195266,True,0.14098224852071,0.0887573964497041,0.1952662721893491,2000,169,169
B2_corrected_ts2,geommlp,softmax,subject,macro_f1,1,0.1167314167314167,0.0,0.1167314167314167,0.1167314167314167,True,0.1157770852683075,0.0733526545509628,0.1587927740009274,2000,169,169
B2_corrected_ts2,geommlp,softmax,subject,macro_auc,1,0.7966767083210446,0.0,0.7966767083210446,0.7966767083210446,True,0.7899549029445588,0.7556221246120587,0.8214137675730627,2000,169,169
B2_corrected_ts2,geommlp,softmax,subject,top3_accuracy,1,0.3431952662721893,0.0,0.3431952662721893,0.3431952662721893,True,0.3431538461538462,0.2779585798816568,0.4142011834319526,2000,169,169
B2_corrected_ts2,geommlp,softmax,subject,top5_accuracy,1,0.4911242603550296,0.0,0.4911242603550296,0.4911242603550296,True,0.491292899408284,0.4142011834319526,0.5680473372781065,2000,169,169
B2_corrected_ts2,geommlp,proto,scan,accuracy,1,0.1536842105263157,0.0,0.1536842105263157,0.1536842105263157,True,0.1533816064908923,0.1126618455125371,0.1966918865591173,2000,169,475
B2_corrected_ts2,geommlp,proto,scan,macro_f1,1,0.1251963448511456,0.0,0.1251963448511456,0.1251963448511456,True,0.1225423292167239,0.0924292658200258,0.1531850627279993,2000,169,475
B2_corrected_ts2,geommlp,proto,scan,macro_auc,1,0.7490599508154191,0.0,0.7490599508154191,0.7490599508154191,True,0.7509110785079357,0.7180559549689927,0.7837656703274396,2000,169,475
B2_corrected_ts2,geommlp,proto,scan,top3_accuracy,1,0.3578947368421052,0.0,0.3578947368421052,0.3578947368421052,True,0.3587248215680872,0.3045354149445822,0.4146883251388509,2000,169,475
B2_corrected_ts2,geommlp,proto,scan,top5_accuracy,1,0.4863157894736842,0.0,0.4863157894736842,0.4863157894736842,True,0.4868871740545417,0.426795785324439,0.5448596508110505,2000,169,475
B2_corrected_ts2,geommlp,proto,subject,accuracy,1,0.2071005917159763,0.0,0.2071005917159763,0.2071005917159763,True,0.2069674556213017,0.1479289940828402,0.272189349112426,2000,169,169
B2_corrected_ts2,geommlp,proto,subject,macro_f1,1,0.180867312629204,0.0,0.180867312629204,0.180867312629204,True,0.1790317635420868,0.1271768180608188,0.2339173679854803,2000,169,169
B2_corrected_ts2,geommlp,proto,subject,macro_auc,1,0.7903889784134047,0.0,0.7903889784134047,0.7903889784134047,True,0.7883940367333827,0.7519911116893865,0.8245779861531274,2000,169,169
B2_corrected_ts2,geommlp,proto,subject,top3_accuracy,1,0.408284023668639,0.0,0.408284023668639,0.408284023668639,True,0.4091656804733727,0.3372781065088757,0.4792899408284023,2000,169,169
B2_corrected_ts2,geommlp,proto,subject,top5_accuracy,1,0.5266272189349113,0.0,0.5266272189349113,0.5266272189349113,True,0.5269822485207101,0.4497041420118343,0.6035502958579881,2000,169,169
B2_corrected_ts2,geommlp,knn11,scan,accuracy,1,0.1747368421052631,0.0,0.1747368421052631,0.1747368421052631,True,0.1752915498390144,0.139414321192053,0.2132890958083301,2000,169,475
B2_corrected_ts2,geommlp,knn11,scan,macro_f1,1,0.1373634333662786,0.0,0.1373634333662786,0.1373634333662786,True,0.1352316637339731,0.1055359487439259,0.1680601596986514,2000,169,475
B2_corrected_ts2,geommlp,knn11,scan,macro_auc,1,0.6860560652606227,0.0,0.6860560652606227,0.6860560652606227,True,0.6873813885692385,0.6521688594804936,0.721639075082282,2000,169,475
B2_corrected_ts2,geommlp,knn11,subject,accuracy,1,0.165680473372781,0.0,0.165680473372781,0.165680473372781,True,0.1659319526627219,0.1124260355029585,0.2248520710059171,2000,169,169
B2_corrected_ts2,geommlp,knn11,subject,macro_f1,1,0.1121644161990348,0.0,0.1121644161990348,0.1121644161990348,True,0.1157266695133717,0.0778311732992244,0.1590765663493095,2000,169,169
B2_corrected_ts2,geommlp,knn11,subject,macro_auc,1,0.7153284083919772,0.0,0.7153284083919772,0.7153284083919772,True,0.7105852298420859,0.6705227925916004,0.7477375091709267,2000,169,169
B2_corrected_ts2,pointnet,softmax,scan,accuracy,1,0.12,0.0,0.12,0.12,True,0.1198501276874365,0.0823503947033358,0.1574141309359151,2000,169,475
B2_corrected_ts2,pointnet,softmax,scan,macro_f1,1,0.0980715323484929,0.0,0.0980715323484929,0.0980715323484929,True,0.0977510570212461,0.0679859629821372,0.127973996451759,2000,169,475
B2_corrected_ts2,pointnet,softmax,scan,macro_auc,1,0.8037109721801986,0.0,0.8037109721801986,0.8037109721801986,True,0.7992036796742392,0.7703372870704049,0.8270482994642501,2000,169,475
B2_corrected_ts2,pointnet,softmax,scan,top3_accuracy,1,0.3642105263157895,0.0,0.3642105263157895,0.3642105263157895,True,0.3640040583641162,0.3090426241166274,0.4209581413210445,2000,169,475
B2_corrected_ts2,pointnet,softmax,scan,top5_accuracy,1,0.5157894736842106,0.0,0.5157894736842106,0.5157894736842106,True,0.5162757064784593,0.4570232176677489,0.5759732280008778,2000,169,475
B2_corrected_ts2,pointnet,softmax,subject,accuracy,1,0.165680473372781,0.0,0.165680473372781,0.165680473372781,True,0.1658934911242603,0.1124260355029585,0.2248520710059171,2000,169,169
B2_corrected_ts2,pointnet,softmax,subject,macro_f1,1,0.1299377118156183,0.0,0.1299377118156183,0.1299377118156183,True,0.1263959023241894,0.077562993220987,0.1767791031707627,2000,169,169
B2_corrected_ts2,pointnet,softmax,subject,macro_auc,1,0.8492399190686355,0.0,0.8492399190686355,0.8492399190686355,True,0.8431727471414188,0.8123395644094018,0.871972801475777,2000,169,169
B2_corrected_ts2,pointnet,softmax,subject,top3_accuracy,1,0.4142011834319526,0.0,0.4142011834319526,0.4142011834319526,True,0.4144408284023669,0.3372781065088757,0.4852071005917159,2000,169,169
B2_corrected_ts2,pointnet,softmax,subject,top5_accuracy,1,0.5857988165680473,0.0,0.5857988165680473,0.5857988165680473,True,0.5862810650887574,0.514792899408284,0.6627218934911243,2000,169,169
B2_corrected_ts2,pointnet,proto,scan,accuracy,1,0.1494736842105263,0.0,0.1494736842105263,0.1494736842105263,True,0.1492826248912664,0.1057672764227642,0.1940958782299403,2000,169,475
B2_corrected_ts2,pointnet,proto,scan,macro_f1,1,0.1315120943558512,0.0,0.1315120943558512,0.1315120943558512,True,0.1290231412852337,0.0937966916839093,0.1651248204577629,2000,169,475
B2_corrected_ts2,pointnet,proto,scan,macro_auc,1,0.7703099340404496,0.0,0.7703099340404496,0.7703099340404496,True,0.7801696194821989,0.7476192243054399,0.8143158751488344,2000,169,475
B2_corrected_ts2,pointnet,proto,scan,top3_accuracy,1,0.4,0.0,0.4,0.4,True,0.3996126377568042,0.341513827563301,0.4567919389978213,2000,169,475
B2_corrected_ts2,pointnet,proto,scan,top5_accuracy,1,0.5452631578947369,0.0,0.5452631578947369,0.5452631578947369,True,0.5448063442772946,0.4873922874234439,0.6012420856087938,2000,169,475
B2_corrected_ts2,pointnet,proto,subject,accuracy,1,0.2071005917159763,0.0,0.2071005917159763,0.2071005917159763,True,0.2074289940828402,0.1479289940828402,0.272189349112426,2000,169,169
B2_corrected_ts2,pointnet,proto,subject,macro_f1,1,0.1796375391295177,0.0,0.1796375391295177,0.1796375391295177,True,0.1780553822492788,0.1226694480820394,0.2374160502953359,2000,169,169
B2_corrected_ts2,pointnet,proto,subject,macro_auc,1,0.8108281732490966,0.0,0.8108281732490966,0.8108281732490966,True,0.818782912953152,0.7812045731899605,0.8596936136007747,2000,169,169
B2_corrected_ts2,pointnet,proto,subject,top3_accuracy,1,0.4615384615384615,0.0,0.4615384615384615,0.4615384615384615,True,0.4613994082840237,0.3846153846153846,0.5384615384615384,2000,169,169
B2_corrected_ts2,pointnet,proto,subject,top5_accuracy,1,0.621301775147929,0.0,0.621301775147929,0.621301775147929,True,0.6207218934911243,0.5502958579881657,0.6923076923076923,2000,169,169
B2_corrected_ts2,pointnet,knn11,scan,accuracy,1,0.1810526315789473,0.0,0.1810526315789473,0.1810526315789473,True,0.1825586246133084,0.1372940774670524,0.2321801847480592,2000,169,475
B2_corrected_ts2,pointnet,knn11,scan,macro_f1,1,0.130143608037233,0.0,0.130143608037233,0.130143608037233,True,0.1290270993596907,0.0952385792060395,0.1644683626528775,2000,169,475
B2_corrected_ts2,pointnet,knn11,scan,macro_auc,1,0.7342494114077456,0.0,0.7342494114077456,0.7342494114077456,True,0.7478944316147592,0.7128195833959576,0.7840851610423772,2000,169,475
B2_corrected_ts2,pointnet,knn11,subject,accuracy,1,0.1834319526627219,0.0,0.1834319526627219,0.1834319526627219,True,0.1845650887573964,0.1242603550295858,0.24275147928994,2000,169,169
B2_corrected_ts2,pointnet,knn11,subject,macro_f1,1,0.1082131574110183,0.0,0.1082131574110183,0.1082131574110183,True,0.1122285870128312,0.0763906163135063,0.1531943085082611,2000,169,169
B2_corrected_ts2,pointnet,knn11,subject,macro_auc,1,0.7767328351898807,0.0,0.7767328351898807,0.7767328351898807,True,0.7881186851824878,0.7483375539333192,0.8306196471811951,2000,169,169
B2_corrected_ts2,dgcnn,softmax,scan,accuracy,1,0.2863157894736842,0.0,0.2863157894736842,0.2863157894736842,True,0.2873203466961531,0.2349505147304988,0.3423258714500218,2000,169,475
B2_corrected_ts2,dgcnn,softmax,scan,macro_f1,1,0.2427775054266937,0.0,0.2427775054266937,0.2427775054266937,True,0.2433598408509158,0.1983310758831226,0.2910317363334513,2000,169,475
B2_corrected_ts2,dgcnn,softmax,scan,macro_auc,1,0.8544671348140885,0.0,0.8544671348140885,0.8544671348140885,True,0.857813924812578,0.8312170653404463,0.882591225471471,2000,169,475
B2_corrected_ts2,dgcnn,softmax,scan,top3_accuracy,1,0.4884210526315789,0.0,0.4884210526315789,0.4884210526315789,True,0.4890294736958915,0.4247669679415816,0.5515945285398928,2000,169,475
B2_corrected_ts2,dgcnn,softmax,scan,top5_accuracy,1,0.6105263157894737,0.0,0.6105263157894737,0.6105263157894737,True,0.6109339050993965,0.5460338685093928,0.6754417486220685,2000,169,475
B2_corrected_ts2,dgcnn,softmax,subject,accuracy,1,0.3905325443786982,0.0,0.3905325443786982,0.3905325443786982,True,0.3922396449704142,0.3195266272189349,0.4674556213017751,2000,169,169
B2_corrected_ts2,dgcnn,softmax,subject,macro_f1,1,0.2814262564529944,0.0,0.2814262564529944,0.2814262564529944,True,0.2865641224790295,0.2266775518860909,0.3504419788488215,2000,169,169
B2_corrected_ts2,dgcnn,softmax,subject,macro_auc,1,0.9097100870162956,0.0,0.9097100870162956,0.9097100870162956,True,0.9088466239257148,0.8841235894107363,0.9314486784844122,2000,169,169
B2_corrected_ts2,dgcnn,softmax,subject,top3_accuracy,1,0.6035502958579881,0.0,0.6035502958579881,0.6035502958579881,True,0.6042544378698226,0.5325443786982249,0.6745562130177515,2000,169,169
B2_corrected_ts2,dgcnn,softmax,subject,top5_accuracy,1,0.7041420118343196,0.0,0.7041420118343196,0.7041420118343196,True,0.7050710059171599,0.6331360946745562,0.7692307692307693,2000,169,169
B2_corrected_ts2,dgcnn,proto,scan,accuracy,1,0.2884210526315789,0.0,0.2884210526315789,0.2884210526315789,True,0.2890878584924054,0.2351691140947703,0.3450639658848614,2000,169,475
B2_corrected_ts2,dgcnn,proto,scan,macro_f1,1,0.2520199474006606,0.0,0.2520199474006606,0.2520199474006606,True,0.2546514449666195,0.2050315777091203,0.3066408579412113,2000,169,475
B2_corrected_ts2,dgcnn,proto,scan,macro_auc,1,0.8404948043940942,0.0,0.8404948043940942,0.8404948043940942,True,0.8475277313491237,0.824227595063706,0.8723999281345935,2000,169,475
B2_corrected_ts2,dgcnn,proto,scan,top3_accuracy,1,0.5368421052631579,0.0,0.5368421052631579,0.5368421052631579,True,0.5377208801431049,0.476608982772577,0.5974446466809421,2000,169,475
B2_corrected_ts2,dgcnn,proto,scan,top5_accuracy,1,0.6568421052631579,0.0,0.6568421052631579,0.6568421052631579,True,0.6570233103429272,0.6016260162601627,0.7117516629711752,2000,169,475
B2_corrected_ts2,dgcnn,proto,subject,accuracy,1,0.4023668639053254,0.0,0.4023668639053254,0.4023668639053254,True,0.403707100591716,0.3313609467455621,0.4792899408284023,2000,169,169
B2_corrected_ts2,dgcnn,proto,subject,macro_f1,1,0.3353600928889417,0.0,0.3353600928889417,0.3353600928889417,True,0.3397726202396253,0.2683423854450841,0.4175312927859834,2000,169,169
B2_corrected_ts2,dgcnn,proto,subject,macro_auc,1,0.8916088541907772,0.0,0.8916088541907772,0.8916088541907772,True,0.8955626160049024,0.873118424167945,0.918964036961875,2000,169,169
B2_corrected_ts2,dgcnn,proto,subject,top3_accuracy,1,0.6627218934911243,0.0,0.6627218934911243,0.6627218934911243,True,0.6634940828402366,0.591715976331361,0.7337278106508875,2000,169,169
B2_corrected_ts2,dgcnn,proto,subject,top5_accuracy,1,0.7337278106508875,0.0,0.7337278106508875,0.7337278106508875,True,0.7347928994082841,0.6686390532544378,0.7988165680473372,2000,169,169
B2_corrected_ts2,dgcnn,knn11,scan,accuracy,1,0.2505263157894737,0.0,0.2505263157894737,0.2505263157894737,True,0.2512272143579017,0.204596394984326,0.3012054365000988,2000,169,475
B2_corrected_ts2,dgcnn,knn11,scan,macro_f1,1,0.2031118082477754,0.0,0.2031118082477754,0.2031118082477754,True,0.2000499933929457,0.1599922111880296,0.2438161263807782,2000,169,475
B2_corrected_ts2,dgcnn,knn11,scan,macro_auc,1,0.7729081639155223,0.0,0.7729081639155223,0.7729081639155223,True,0.7843916125123588,0.755550693941278,0.8152396975870289,2000,169,475
B2_corrected_ts2,dgcnn,knn11,subject,accuracy,1,0.2958579881656805,0.0,0.2958579881656805,0.2958579881656805,True,0.2972337278106509,0.2307692307692307,0.3668639053254438,2000,169,169
B2_corrected_ts2,dgcnn,knn11,subject,macro_f1,1,0.1948443861545465,0.0,0.1948443861545465,0.1948443861545465,True,0.20204129180134,0.1529886480767338,0.2565363832229881,2000,169,169
B2_corrected_ts2,dgcnn,knn11,subject,macro_auc,1,0.8224756269288264,0.0,0.8224756269288264,0.8224756269288264,True,0.8291098351439529,0.7995627556093086,0.8581505429813066,2000,169,169
B2_corrected_ts2,pointnet2,softmax,scan,accuracy,5,0.2783157894736842,0.0115693740328708,0.2610526315789473,0.2905263157894737,False,0.2788659746920015,0.2294401993558894,0.327083737158364,2000,169,475
B2_corrected_ts2,pointnet2,softmax,scan,macro_f1,5,0.2484202152322647,0.016882035555297,0.2281851309423442,0.2742736707995911,False,0.2437660099883984,0.1992052534984442,0.2885606671977596,2000,169,475
B2_corrected_ts2,pointnet2,softmax,scan,macro_auc,5,0.8365337085811528,0.0032335518994505,0.832777360584493,0.8403029427090818,False,0.8410642863032508,0.8160752176006153,0.8664163177895193,2000,169,475
B2_corrected_ts2,pointnet2,softmax,scan,top3_accuracy,5,0.5204210526315789,0.0056490138378942,0.511578947368421,0.5263157894736842,False,0.5210952921464743,0.4622752639051792,0.5758174971295036,2000,169,475
B2_corrected_ts2,pointnet2,softmax,scan,top5_accuracy,5,0.6391578947368421,0.0160055392073669,0.6189473684210526,0.6631578947368421,False,0.6400862300914537,0.5786530860150783,0.6971684210526314,2000,169,475
B2_corrected_ts2,pointnet2,softmax,subject,accuracy,5,0.3680473372781065,0.0179476341871042,0.3491124260355029,0.3964497041420118,False,0.3683816568047338,0.2994082840236686,0.4366863905325443,2000,169,169
B2_corrected_ts2,pointnet2,softmax,subject,macro_f1,5,0.2929194470751868,0.012662763085732,0.2788441356623174,0.3087982217864803,False,0.2877247148984064,0.2283402532181828,0.3524501442198479,2000,169,169
B2_corrected_ts2,pointnet2,softmax,subject,macro_auc,5,0.9036770235332524,0.0010711849933663,0.9021874668947056,0.9052155272922576,False,0.9017920139823792,0.8791532795692965,0.9221567591485752,2000,169,169
B2_corrected_ts2,pointnet2,softmax,subject,top3_accuracy,5,0.6118343195266273,0.0223759413031822,0.591715976331361,0.6390532544378699,False,0.6124568047337279,0.5420118343195266,0.6816568047337278,2000,169,169
B2_corrected_ts2,pointnet2,softmax,subject,top5_accuracy,5,0.7230769230769231,0.0113818840601605,0.7100591715976331,0.7396449704142012,False,0.7236721893491124,0.6591715976331362,0.7857988165680473,2000,169,169
B2_corrected_ts2,pointnet2,proto,scan,accuracy,5,0.2968421052631579,0.0091766293548224,0.2821052631578947,0.3052631578947368,False,0.2971826675190226,0.2483665572232645,0.346310680371083,2000,169,475
B2_corrected_ts2,pointnet2,proto,scan,macro_f1,5,0.2519821620939231,0.0069046259692711,0.2405075020565757,0.2565998888233845,False,0.2541480358498724,0.2111810564266778,0.3013361860751722,2000,169,475
B2_corrected_ts2,pointnet2,proto,scan,macro_auc,5,0.838048875297836,0.0023603734397025,0.8355534816844739,0.8406268323747457,False,0.8461934736906372,0.8223759081316926,0.8702807837079204,2000,169,475
B2_corrected_ts2,pointnet2,proto,scan,top3_accuracy,5,0.5524210526315789,0.0072318164367653,0.5452631578947369,0.5621052631578948,False,0.5527738859386016,0.4949260247392675,0.6082992326749376,2000,169,475
B2_corrected_ts2,pointnet2,proto,scan,top5_accuracy,5,0.6732631578947369,0.0111797204609277,0.6631578947368421,0.6905263157894737,False,0.673701931247085,0.6185798544655208,0.7250619230091981,2000,169,475
B2_corrected_ts2,pointnet2,proto,subject,accuracy,5,0.3928994082840237,0.0122700836410223,0.378698224852071,0.408284023668639,False,0.3932248520710059,0.3230769230769231,0.4615384615384615,2000,169,169
B2_corrected_ts2,pointnet2,proto,subject,macro_f1,5,0.3128108866237697,0.0087293067985431,0.3028479184010693,0.3252323411912876,False,0.3097374333120809,0.2453275839566586,0.3781575815394997,2000,169,169
B2_corrected_ts2,pointnet2,proto,subject,macro_auc,5,0.8986374468312908,0.0026123271464751,0.8949207418440024,0.9009365193974708,False,0.9025094783661596,0.881023103661622,0.9241006801441356,2000,169,169
B2_corrected_ts2,pointnet2,proto,subject,top3_accuracy,5,0.6733727810650888,0.0128280966796915,0.6568047337278107,0.6863905325443787,False,0.6737307692307692,0.6035502958579881,0.7396449704142012,2000,169,169
B2_corrected_ts2,pointnet2,proto,subject,top5_accuracy,5,0.7727810650887574,0.0165257278624484,0.757396449704142,0.7928994082840237,False,0.7732656804733727,0.7112130177514793,0.829585798816568,2000,169,169
B2_corrected_ts2,pointnet2,knn11,scan,accuracy,5,0.2863157894736842,0.0025784102555612,0.2821052631578947,0.2884210526315789,False,0.2875124019758465,0.2370292527040314,0.3386951055945804,2000,169,475
B2_corrected_ts2,pointnet2,knn11,scan,macro_f1,5,0.2179516651542846,0.009020808156885,0.207971835067848,0.2287866785084384,False,0.2194758197289263,0.177844361606353,0.2606982694922426,2000,169,475
B2_corrected_ts2,pointnet2,knn11,scan,macro_auc,5,0.7957617924569668,0.0022602373707847,0.7919663892101094,0.7980465176180505,False,0.8085781245005514,0.7801363565585822,0.8384873201769564,2000,169,475
B2_corrected_ts2,pointnet2,knn11,subject,accuracy,5,0.3491124260355029,0.015085856549091,0.3313609467455621,0.3668639053254438,False,0.3491905325443787,0.2852071005917159,0.4118343195266272,2000,169,169
B2_corrected_ts2,pointnet2,knn11,subject,macro_f1,5,0.2426018637279682,0.0162612654261329,0.2244647815551095,0.2661565870767419,False,0.2452351023562709,0.1962367915322799,0.2949000126194177,2000,169,169
B2_corrected_ts2,pointnet2,knn11,subject,macro_auc,5,0.8412748196541241,0.0023435750592094,0.8372655045369353,0.8433340628515809,False,0.8520078802220582,0.824619683890155,0.8824377288356557,2000,169,169
B2_corrected_ts3,geommlp,softmax,scan,accuracy,1,0.1431578947368421,0.0,0.1431578947368421,0.1431578947368421,True,0.1427127336315287,0.1008767223853625,0.1851331058678386,2000,169,475
B2_corrected_ts3,geommlp,softmax,scan,macro_f1,1,0.1226380758165189,0.0,0.1226380758165189,0.1226380758165189,True,0.1194356562597205,0.0857941656930092,0.1537081228935498,2000,169,475
B2_corrected_ts3,geommlp,softmax,scan,macro_auc,1,0.7676005575723329,0.0,0.7676005575723329,0.7676005575723329,True,0.7629447748832819,0.7322836774810768,0.7916740752998109,2000,169,475
B2_corrected_ts3,geommlp,softmax,scan,top3_accuracy,1,0.3410526315789474,0.0,0.3410526315789474,0.3410526315789474,True,0.340466251627201,0.2871623738731682,0.3950116783450117,2000,169,475
B2_corrected_ts3,geommlp,softmax,scan,top5_accuracy,1,0.4863157894736842,0.0,0.4863157894736842,0.4863157894736842,True,0.4859188057355382,0.4288936582185318,0.5422277432712216,2000,169,475
B2_corrected_ts3,geommlp,softmax,subject,accuracy,1,0.1597633136094674,0.0,0.1597633136094674,0.1597633136094674,True,0.1588579881656804,0.1065088757396449,0.2131656804733719,2000,169,169
B2_corrected_ts3,geommlp,softmax,subject,macro_f1,1,0.12738479557365,0.0,0.12738479557365,0.12738479557365,True,0.12808641847123,0.0845181799743025,0.175380913787552,2000,169,169
B2_corrected_ts3,geommlp,softmax,subject,macro_auc,1,0.8017602539371287,0.0,0.8017602539371287,0.8017602539371287,True,0.7937133431817118,0.7574422943455964,0.8278107989124356,2000,169,169
B2_corrected_ts3,geommlp,softmax,subject,top3_accuracy,1,0.3846153846153846,0.0,0.3846153846153846,0.3846153846153846,True,0.384991124260355,0.3076923076923077,0.4556213017751479,2000,169,169
B2_corrected_ts3,geommlp,softmax,subject,top5_accuracy,1,0.5266272189349113,0.0,0.5266272189349113,0.5266272189349113,True,0.5260976331360947,0.4497041420118343,0.5976331360946746,2000,169,169
B2_corrected_ts3,geommlp,proto,scan,accuracy,1,0.1810526315789473,0.0,0.1810526315789473,0.1810526315789473,True,0.1803620044808608,0.1355132649984926,0.2273687032373883,2000,169,475
B2_corrected_ts3,geommlp,proto,scan,macro_f1,1,0.1529953048811838,0.0,0.1529953048811838,0.1529953048811838,True,0.1470053127762373,0.1093277875502947,0.1859382085280565,2000,169,475
B2_corrected_ts3,geommlp,proto,scan,macro_auc,1,0.7644600429708451,0.0,0.7644600429708451,0.7644600429708451,True,0.7663532448552789,0.7353481633754252,0.797237053458078,2000,169,475
B2_corrected_ts3,geommlp,proto,scan,top3_accuracy,1,0.3684210526315789,0.0,0.3684210526315789,0.3684210526315789,True,0.3681587462112932,0.3122042831940307,0.4251227714316215,2000,169,475
B2_corrected_ts3,geommlp,proto,scan,top5_accuracy,1,0.4989473684210526,0.0,0.4989473684210526,0.4989473684210526,True,0.4988980750722894,0.4390756302521008,0.5582834867075664,2000,169,475
B2_corrected_ts3,geommlp,proto,subject,accuracy,1,0.2485207100591716,0.0,0.2485207100591716,0.2485207100591716,True,0.2481035502958579,0.1834319526627219,0.3136094674556213,2000,169,169
B2_corrected_ts3,geommlp,proto,subject,macro_f1,1,0.2101455198293143,0.0,0.2101455198293143,0.2101455198293143,True,0.2061572127992771,0.1469841394102506,0.2673768097323175,2000,169,169
B2_corrected_ts3,geommlp,proto,subject,macro_auc,1,0.803228583447771,0.0,0.803228583447771,0.803228583447771,True,0.8020509623933829,0.767943483721318,0.8365342827817129,2000,169,169
B2_corrected_ts3,geommlp,proto,subject,top3_accuracy,1,0.4437869822485207,0.0,0.4437869822485207,0.4437869822485207,True,0.4438224852071006,0.3727810650887574,0.514792899408284,2000,169,169
B2_corrected_ts3,geommlp,proto,subject,top5_accuracy,1,0.5443786982248521,0.0,0.5443786982248521,0.5443786982248521,True,0.5443520710059172,0.4733727810650887,0.6153846153846154,2000,169,169
B2_corrected_ts3,geommlp,knn11,scan,accuracy,1,0.1747368421052631,0.0,0.1747368421052631,0.1747368421052631,True,0.1752915498390144,0.139414321192053,0.2132890958083301,2000,169,475
B2_corrected_ts3,geommlp,knn11,scan,macro_f1,1,0.1373634333662786,0.0,0.1373634333662786,0.1373634333662786,True,0.1352316637339731,0.1055359487439259,0.1680601596986514,2000,169,475
B2_corrected_ts3,geommlp,knn11,scan,macro_auc,1,0.6860560652606227,0.0,0.6860560652606227,0.6860560652606227,True,0.6873813885692385,0.6521688594804936,0.721639075082282,2000,169,475
B2_corrected_ts3,geommlp,knn11,subject,accuracy,1,0.165680473372781,0.0,0.165680473372781,0.165680473372781,True,0.1659319526627219,0.1124260355029585,0.2248520710059171,2000,169,169
B2_corrected_ts3,geommlp,knn11,subject,macro_f1,1,0.1121644161990348,0.0,0.1121644161990348,0.1121644161990348,True,0.1157266695133717,0.0778311732992244,0.1590765663493095,2000,169,169
B2_corrected_ts3,geommlp,knn11,subject,macro_auc,1,0.7153284083919772,0.0,0.7153284083919772,0.7153284083919772,True,0.7105852298420859,0.6705227925916004,0.7477375091709267,2000,169,169
B2_corrected_ts3,pointnet,softmax,scan,accuracy,1,0.1747368421052631,0.0,0.1747368421052631,0.1747368421052631,True,0.1745265937335331,0.1328116895746888,0.2177996880678671,2000,169,475
B2_corrected_ts3,pointnet,softmax,scan,macro_f1,1,0.1548405206231078,0.0,0.1548405206231078,0.1548405206231078,True,0.1516076276597712,0.1151833830359913,0.1896780710087879,2000,169,475
B2_corrected_ts3,pointnet,softmax,scan,macro_auc,1,0.7988009214995061,0.0,0.7988009214995061,0.7988009214995061,True,0.7962068624520616,0.7671342347153135,0.8221213751810158,2000,169,475
B2_corrected_ts3,pointnet,softmax,scan,top3_accuracy,1,0.3852631578947368,0.0,0.3852631578947368,0.3852631578947368,True,0.3861878346498773,0.3326472556122096,0.4396923486768813,2000,169,475
B2_corrected_ts3,pointnet,softmax,scan,top5_accuracy,1,0.511578947368421,0.0,0.511578947368421,0.511578947368421,True,0.5126794258550984,0.4529901960784314,0.5708295459464138,2000,169,475
B2_corrected_ts3,pointnet,softmax,subject,accuracy,1,0.1893491124260355,0.0,0.1893491124260355,0.1893491124260355,True,0.1894526627218934,0.1301775147928994,0.2544378698224852,2000,169,169
B2_corrected_ts3,pointnet,softmax,subject,macro_f1,1,0.1704897795806886,0.0,0.1704897795806886,0.1704897795806886,True,0.16740278995916,0.1155628851256595,0.2213467324567068,2000,169,169
B2_corrected_ts3,pointnet,softmax,subject,macro_auc,1,0.8397728007133557,0.0,0.8397728007133557,0.8397728007133557,True,0.831934305253247,0.7993598117479747,0.8621288241516105,2000,169,169
B2_corrected_ts3,pointnet,softmax,subject,top3_accuracy,1,0.4733727810650887,0.0,0.4733727810650887,0.4733727810650887,True,0.4752248520710059,0.3964497041420118,0.5502958579881657,2000,169,169
B2_corrected_ts3,pointnet,softmax,subject,top5_accuracy,1,0.6035502958579881,0.0,0.6035502958579881,0.6035502958579881,True,0.604905325443787,0.5325443786982249,0.6804733727810651,2000,169,169
B2_corrected_ts3,pointnet,proto,scan,accuracy,1,0.1747368421052631,0.0,0.1747368421052631,0.1747368421052631,True,0.1748883796858743,0.132580921199494,0.2212808113871943,2000,169,475
B2_corrected_ts3,pointnet,proto,scan,macro_f1,1,0.1561056639081237,0.0,0.1561056639081237,0.1561056639081237,True,0.1537959779101304,0.1186614309054577,0.1913872026874885,2000,169,475
B2_corrected_ts3,pointnet,proto,scan,macro_auc,1,0.7973422208273676,0.0,0.7973422208273676,0.7973422208273676,True,0.8022193405695937,0.777246635295205,0.8264899710732253,2000,169,475
B2_corrected_ts3,pointnet,proto,scan,top3_accuracy,1,0.3894736842105263,0.0,0.3894736842105263,0.3894736842105263,True,0.389993037621393,0.3354510160752199,0.4438100160042675,2000,169,475
B2_corrected_ts3,pointnet,proto,scan,top5_accuracy,1,0.5410526315789473,0.0,0.5410526315789473,0.5410526315789473,True,0.5416047379110934,0.4805945990752025,0.6021535923753666,2000,169,475
B2_corrected_ts3,pointnet,proto,subject,accuracy,1,0.1893491124260355,0.0,0.1893491124260355,0.1893491124260355,True,0.1902485207100591,0.136094674556213,0.2485207100591716,2000,169,169
B2_corrected_ts3,pointnet,proto,subject,macro_f1,1,0.1673351900624627,0.0,0.1673351900624627,0.1673351900624627,True,0.1678590247006801,0.1150605608986847,0.2256306927360315,2000,169,169
B2_corrected_ts3,pointnet,proto,subject,macro_auc,1,0.8455808711636903,0.0,0.8455808711636903,0.8455808711636903,True,0.8478805747356964,0.8201426699922418,0.8752099489931688,2000,169,169
B2_corrected_ts3,pointnet,proto,subject,top3_accuracy,1,0.4674556213017751,0.0,0.4674556213017751,0.4674556213017751,True,0.4690443786982248,0.3964497041420118,0.5443786982248521,2000,169,169
B2_corrected_ts3,pointnet,proto,subject,top5_accuracy,1,0.6982248520710059,0.0,0.6982248520710059,0.6982248520710059,True,0.7000325443786983,0.6272189349112426,0.7692307692307693,2000,169,169
B2_corrected_ts3,pointnet,knn11,scan,accuracy,1,0.2021052631578947,0.0,0.2021052631578947,0.2021052631578947,True,0.2024920044798012,0.1564261898469107,0.2494393605930731,2000,169,475
B2_corrected_ts3,pointnet,knn11,scan,macro_f1,1,0.1512138686131637,0.0,0.1512138686131637,0.1512138686131637,True,0.1518867548575223,0.1165750169540785,0.1892615125770451,2000,169,475
B2_corrected_ts3,pointnet,knn11,scan,macro_auc,1,0.7576662318526125,0.0,0.7576662318526125,0.7576662318526125,True,0.7706477374132777,0.7383342018000105,0.8040041779858453,2000,169,475
B2_corrected_ts3,pointnet,knn11,subject,accuracy,1,0.2011834319526627,0.0,0.2011834319526627,0.2011834319526627,True,0.2012307692307692,0.1420118343195266,0.2662721893491124,2000,169,169
B2_corrected_ts3,pointnet,knn11,subject,macro_f1,1,0.1634116388661843,0.0,0.1634116388661843,0.1634116388661843,True,0.1643657340197378,0.1148187083938026,0.222234092735625,2000,169,169
B2_corrected_ts3,pointnet,knn11,subject,macro_auc,1,0.804091876105108,0.0,0.804091876105108,0.804091876105108,True,0.8139185183832385,0.7789565129417639,0.8523125774818691,2000,169,169
B2_corrected_ts3,dgcnn,softmax,scan,accuracy,1,0.2168421052631579,0.0,0.2168421052631579,0.2168421052631579,True,0.2171224279624558,0.1715558131074753,0.263901474769012,2000,169,475
B2_corrected_ts3,dgcnn,softmax,scan,macro_f1,1,0.1773952079646429,0.0,0.1773952079646429,0.1773952079646429,True,0.1787838294468711,0.1396553486001134,0.2187045768802452,2000,169,475
B2_corrected_ts3,dgcnn,softmax,scan,macro_auc,1,0.848234281801079,0.0,0.848234281801079,0.848234281801079,True,0.8505029303022298,0.8260905473815461,0.8746665933937213,2000,169,475
B2_corrected_ts3,dgcnn,softmax,scan,top3_accuracy,1,0.4442105263157895,0.0,0.4442105263157895,0.4442105263157895,True,0.4439749906025007,0.3815218501123137,0.5073390774794899,2000,169,475
B2_corrected_ts3,dgcnn,softmax,scan,top5_accuracy,1,0.5831578947368421,0.0,0.5831578947368421,0.5831578947368421,True,0.5831521288876266,0.5225364021058244,0.642286927925459,2000,169,475
B2_corrected_ts3,dgcnn,softmax,subject,accuracy,1,0.301775147928994,0.0,0.301775147928994,0.301775147928994,True,0.3026538461538461,0.2366863905325443,0.3727810650887574,2000,169,169
B2_corrected_ts3,dgcnn,softmax,subject,macro_f1,1,0.2179115380627458,0.0,0.2179115380627458,0.2179115380627458,True,0.2175121873216867,0.1554256657180756,0.2837080631693776,2000,169,169
B2_corrected_ts3,dgcnn,softmax,subject,macro_auc,1,0.8994327973559937,0.0,0.8994327973559937,0.8994327973559937,True,0.8999137787113707,0.8758110531730301,0.92339888100415,2000,169,169
B2_corrected_ts3,dgcnn,softmax,subject,top3_accuracy,1,0.5562130177514792,0.0,0.5562130177514792,0.5562130177514792,True,0.5554467455621303,0.4792899408284023,0.6331360946745562,2000,169,169
B2_corrected_ts3,dgcnn,softmax,subject,top5_accuracy,1,0.6923076923076923,0.0,0.6923076923076923,0.6923076923076923,True,0.692801775147929,0.621301775147929,0.7633136094674556,2000,169,169
B2_corrected_ts3,dgcnn,proto,scan,accuracy,1,0.2105263157894736,0.0,0.2105263157894736,0.2105263157894736,True,0.2099973109498955,0.1626373626373626,0.2566755924302125,2000,169,475
B2_corrected_ts3,dgcnn,proto,scan,macro_f1,1,0.1976416710043542,0.0,0.1976416710043542,0.1976416710043542,True,0.1981972609310577,0.1565078139392081,0.2380329813040691,2000,169,475
B2_corrected_ts3,dgcnn,proto,scan,macro_auc,1,0.8238676922695286,0.0,0.8238676922695286,0.8238676922695286,True,0.8335433297870882,0.806614327986167,0.8613807127617072,2000,169,475
B2_corrected_ts3,dgcnn,proto,scan,top3_accuracy,1,0.4568421052631579,0.0,0.4568421052631579,0.4568421052631579,True,0.4563263378167662,0.3976742325040011,0.5144115792282131,2000,169,475
B2_corrected_ts3,dgcnn,proto,scan,top5_accuracy,1,0.6378947368421053,0.0,0.6378947368421053,0.6378947368421053,True,0.6376155593489179,0.5796065552016985,0.6907966247139588,2000,169,475
B2_corrected_ts3,dgcnn,proto,subject,accuracy,1,0.2781065088757396,0.0,0.2781065088757396,0.2781065088757396,True,0.2781627218934911,0.2130177514792899,0.3431952662721893,2000,169,169
B2_corrected_ts3,dgcnn,proto,subject,macro_f1,1,0.2601996930944299,0.0,0.2601996930944299,0.2601996930944299,True,0.2595927958252764,0.1925174052825286,0.328139517498866,2000,169,169
B2_corrected_ts3,dgcnn,proto,subject,macro_auc,1,0.8730596765336323,0.0,0.8730596765336323,0.8730596765336323,True,0.8804360082787916,0.8526165093641344,0.9099488587513872,2000,169,169
B2_corrected_ts3,dgcnn,proto,subject,top3_accuracy,1,0.5562130177514792,0.0,0.5562130177514792,0.5562130177514792,True,0.5563284023668639,0.4792899408284023,0.6331360946745562,2000,169,169
B2_corrected_ts3,dgcnn,proto,subject,top5_accuracy,1,0.7633136094674556,0.0,0.7633136094674556,0.7633136094674556,True,0.7634585798816569,0.6982248520710059,0.8284023668639053,2000,169,169
B2_corrected_ts3,dgcnn,knn11,scan,accuracy,1,0.2589473684210526,0.0,0.2589473684210526,0.2589473684210526,True,0.2601296154388792,0.2119305622944633,0.3122615326218014,2000,169,475
B2_corrected_ts3,dgcnn,knn11,scan,macro_f1,1,0.208367677040403,0.0,0.208367677040403,0.208367677040403,True,0.2094028653277158,0.1688257838968199,0.2544186764042532,2000,169,475
B2_corrected_ts3,dgcnn,knn11,scan,macro_auc,1,0.7570326030457346,0.0,0.7570326030457346,0.7570326030457346,True,0.7676479756821241,0.7379742035896844,0.798348864414404,2000,169,475
B2_corrected_ts3,dgcnn,knn11,subject,accuracy,1,0.301775147928994,0.0,0.301775147928994,0.301775147928994,True,0.3026449704142012,0.2307692307692307,0.3727810650887574,2000,169,169
B2_corrected_ts3,dgcnn,knn11,subject,macro_f1,1,0.2044148691756706,0.0,0.2044148691756706,0.2044148691756706,True,0.2105229789718924,0.1580548453316068,0.2643347222950861,2000,169,169
B2_corrected_ts3,dgcnn,knn11,subject,macro_auc,1,0.8033494026023337,0.0,0.8033494026023337,0.8033494026023337,True,0.809421373496299,0.7788883719508598,0.8391306108071557,2000,169,169
B2_corrected_ts3,pointnet2,softmax,scan,accuracy,5,0.3082105263157894,0.0173986976938058,0.2778947368421052,0.32,False,0.3091375881543365,0.258309394144174,0.3587308626333016,2000,169,475
B2_corrected_ts3,pointnet2,softmax,scan,macro_f1,5,0.2602274325961847,0.0232806102217,0.2294680341786105,0.2942368039081486,False,0.2628405656874662,0.2190067235810688,0.3084587590493147,2000,169,475
B2_corrected_ts3,pointnet2,softmax,scan,macro_auc,5,0.8484588855981444,0.0044586643195401,0.8445451932379316,0.8555321959901384,False,0.8553983790345281,0.8303085256485098,0.8798434690215309,2000,169,475
B2_corrected_ts3,pointnet2,softmax,scan,top3_accuracy,5,0.5490526315789473,0.0045641017660376,0.5431578947368421,0.5557894736842105,False,0.5500060353869732,0.4931615181663277,0.6029494417862838,2000,169,475
B2_corrected_ts3,pointnet2,softmax,scan,top5_accuracy,5,0.6842105263157895,0.0086802223697214,0.6736842105263158,0.6947368421052632,False,0.6847329406091026,0.6302586524880119,0.7358820356167944,2000,169,475
B2_corrected_ts3,pointnet2,softmax,subject,accuracy,5,0.4177514792899409,0.0067466001485156,0.408284023668639,0.4260355029585799,False,0.4184952662721893,0.3490828402366863,0.4863905325443786,2000,169,169
B2_corrected_ts3,pointnet2,softmax,subject,macro_f1,5,0.3450691821316302,0.0214618677377708,0.3183038046785275,0.3774694767658459,False,0.3425407066127244,0.2783808634854594,0.4105294854224435,2000,169,169
B2_corrected_ts3,pointnet2,softmax,subject,macro_auc,5,0.9032596740539504,0.0044834294380438,0.8985944659155461,0.907994410097068,False,0.9046379113289637,0.8816849156220187,0.9267657805663732,2000,169,169
B2_corrected_ts3,pointnet2,softmax,subject,top3_accuracy,5,0.6402366863905326,0.0141270253092465,0.621301775147929,0.6568047337278107,False,0.6414544378698224,0.57396449704142,0.7065384615384614,2000,169,169
B2_corrected_ts3,pointnet2,softmax,subject,top5_accuracy,5,0.7502958579881657,0.0097228856361863,0.7396449704142012,0.7633136094674556,False,0.7511934911242604,0.6911242603550296,0.8094674556213016,2000,169,169
B2_corrected_ts3,pointnet2,proto,scan,accuracy,5,0.3431578947368421,0.0097617036794691,0.3326315789473684,0.3557894736842105,False,0.3435564189918239,0.2925556261919897,0.3941633714028408,2000,169,475
B2_corrected_ts3,pointnet2,proto,scan,macro_f1,5,0.2880641191634693,0.0110674601842894,0.2750220097325487,0.2989311249391314,False,0.2931466083098353,0.2467882964560293,0.3454793258136442,2000,169,475
B2_corrected_ts3,pointnet2,proto,scan,macro_auc,5,0.8441787156893128,0.0035938441924587,0.8408769810684031,0.849023814351243,False,0.8528388439504131,0.827307470006748,0.8785176449899241,2000,169,475
B2_corrected_ts3,pointnet2,proto,scan,top3_accuracy,5,0.5861052631578948,0.0080991090785984,0.5747368421052632,0.5957894736842105,False,0.5866275554124849,0.5299941113490364,0.642673269845381,2000,169,475
B2_corrected_ts3,pointnet2,proto,scan,top5_accuracy,5,0.7094736842105264,0.0061378440998371,0.7010526315789474,0.7178947368421053,False,0.7098796353904409,0.6580510169856977,0.7591527072954979,2000,169,475
B2_corrected_ts3,pointnet2,proto,subject,accuracy,5,0.4627218934911242,0.0128280966796915,0.4437869822485207,0.4733727810650887,False,0.4627585798816568,0.3917159763313609,0.5301775147928994,2000,169,169
B2_corrected_ts3,pointnet2,proto,subject,macro_f1,5,0.3713508873880391,0.0178960662229425,0.3536121319965958,0.3967928359076685,False,0.3710667310648646,0.3018046868171203,0.4443592168073007,2000,169,169
B2_corrected_ts3,pointnet2,proto,subject,macro_auc,5,0.89691834805603,0.0048154235500484,0.8916700449985748,0.9022763209453366,False,0.9027290790267096,0.8780476239698356,0.929317250858475,2000,169,169
B2_corrected_ts3,pointnet2,proto,subject,top3_accuracy,5,0.6934911242603551,0.0097228856361863,0.6804733727810651,0.7041420118343196,False,0.6934065088757396,0.6295857988165681,0.7550295857988166,2000,169,169
B2_corrected_ts3,pointnet2,proto,subject,top5_accuracy,5,0.7940828402366863,0.0184288893519496,0.7751479289940828,0.8224852071005917,False,0.7941852071005917,0.7360650887573965,0.8461538461538461,2000,169,169
B2_corrected_ts3,pointnet2,knn11,scan,accuracy,5,0.2863157894736842,0.0071392947190792,0.2778947368421052,0.2947368421052631,False,0.2869964271746854,0.2360380536494074,0.3380691806836678,2000,169,475
B2_corrected_ts3,pointnet2,knn11,scan,macro_f1,5,0.2230486680532567,0.0069928569969091,0.2154317418650972,0.2311502718058292,False,0.2262936506973011,0.1843407920145233,0.2666711903926441,2000,169,475
B2_corrected_ts3,pointnet2,knn11,scan,macro_auc,5,0.7828900474261848,0.0029286947696916,0.7779871367369863,0.785200108168957,False,0.7981227531213959,0.767070371800428,0.8301985234857081,2000,169,475
B2_corrected_ts3,pointnet2,knn11,subject,accuracy,5,0.3455621301775148,0.0159872853090015,0.3254437869822485,0.3609467455621302,False,0.3463408284023668,0.2840236686390532,0.4094674556213018,2000,169,169
B2_corrected_ts3,pointnet2,knn11,subject,macro_f1,5,0.2490928621878382,0.0206778625581134,0.221123073774232,0.276123251871915,False,0.2527181589144646,0.1987269014519013,0.3088070187185369,2000,169,169
B2_corrected_ts3,pointnet2,knn11,subject,macro_auc,5,0.8268229450780256,0.0039834327945537,0.8212328522628854,0.8315506579356875,False,0.8395581003144771,0.8071347844221032,0.8737062773746137,2000,169,169
B2_corrected_ts4,geommlp,softmax,scan,accuracy,1,0.1747368421052631,0.0,0.1747368421052631,0.1747368421052631,True,0.1744229753757021,0.1304347826086956,0.2195147953611732,2000,169,475
B2_corrected_ts4,geommlp,softmax,scan,macro_f1,1,0.1461839305884642,0.0,0.1461839305884642,0.1461839305884642,True,0.1441996362380492,0.1105633125270983,0.1779531957654517,2000,169,475
B2_corrected_ts4,geommlp,softmax,scan,macro_auc,1,0.7619088130985301,0.0,0.7619088130985301,0.7619088130985301,True,0.7583523478139629,0.7291880284656685,0.7865485840671885,2000,169,475
B2_corrected_ts4,geommlp,softmax,scan,top3_accuracy,1,0.36,0.0,0.36,0.36,True,0.359486990055361,0.3035914913537514,0.4146964285714285,2000,169,475
B2_corrected_ts4,geommlp,softmax,scan,top5_accuracy,1,0.5031578947368421,0.0,0.5031578947368421,0.5031578947368421,True,0.5024563191780029,0.4432314410480349,0.561452280064568,2000,169,475
B2_corrected_ts4,geommlp,softmax,subject,accuracy,1,0.1775147928994082,0.0,0.1775147928994082,0.1775147928994082,True,0.1771213017751479,0.1183431952662721,0.2366863905325443,2000,169,169
B2_corrected_ts4,geommlp,softmax,subject,macro_f1,1,0.1666700672751897,0.0,0.1666700672751897,0.1666700672751897,True,0.164192193455687,0.1087034129819751,0.2185892314405947,2000,169,169
B2_corrected_ts4,geommlp,softmax,subject,macro_auc,1,0.7939361562952245,0.0,0.7939361562952245,0.7939361562952245,True,0.7874743324337968,0.7512552673844721,0.8219174588316881,2000,169,169
B2_corrected_ts4,geommlp,softmax,subject,top3_accuracy,1,0.4201183431952662,0.0,0.4201183431952662,0.4201183431952662,True,0.4202100591715976,0.3431952662721893,0.4912721893491116,2000,169,169
B2_corrected_ts4,geommlp,softmax,subject,top5_accuracy,1,0.5798816568047337,0.0,0.5798816568047337,0.5798816568047337,True,0.5800266272189349,0.5088757396449705,0.650887573964497,2000,169,169
B2_corrected_ts4,geommlp,proto,scan,accuracy,1,0.1726315789473684,0.0,0.1726315789473684,0.1726315789473684,True,0.172197912413795,0.1324754901960784,0.2163522082462923,2000,169,475
B2_corrected_ts4,geommlp,proto,scan,macro_f1,1,0.1473875385055419,0.0,0.1473875385055419,0.1473875385055419,True,0.1426337549012872,0.1085988324237885,0.1790538024261398,2000,169,475
B2_corrected_ts4,geommlp,proto,scan,macro_auc,1,0.7653029052465029,0.0,0.7653029052465029,0.7653029052465029,True,0.7662726228706317,0.7356371610397737,0.7972339585027587,2000,169,475
B2_corrected_ts4,geommlp,proto,scan,top3_accuracy,1,0.3642105263157895,0.0,0.3642105263157895,0.3642105263157895,True,0.3639698928882713,0.3068611828601172,0.4205303786010509,2000,169,475
B2_corrected_ts4,geommlp,proto,scan,top5_accuracy,1,0.4989473684210526,0.0,0.4989473684210526,0.4989473684210526,True,0.4993165952619567,0.4377615343347639,0.560256468911181,2000,169,475
B2_corrected_ts4,geommlp,proto,subject,accuracy,1,0.2485207100591716,0.0,0.2485207100591716,0.2485207100591716,True,0.2483047337278106,0.1834319526627219,0.3136094674556213,2000,169,169
B2_corrected_ts4,geommlp,proto,subject,macro_f1,1,0.2165214324094143,0.0,0.2165214324094143,0.2165214324094143,True,0.2136545912404158,0.1560646085415412,0.2754802926433731,2000,169,169
B2_corrected_ts4,geommlp,proto,subject,macro_auc,1,0.801582221998482,0.0,0.801582221998482,0.801582221998482,True,0.8003031992236453,0.765574872297478,0.8345208077163516,2000,169,169
B2_corrected_ts4,geommlp,proto,subject,top3_accuracy,1,0.4437869822485207,0.0,0.4437869822485207,0.4437869822485207,True,0.4442100591715976,0.3668639053254438,0.5207100591715976,2000,169,169
B2_corrected_ts4,geommlp,proto,subject,top5_accuracy,1,0.5502958579881657,0.0,0.5502958579881657,0.5502958579881657,True,0.5517218934911243,0.4733727810650887,0.621301775147929,2000,169,169
B2_corrected_ts4,geommlp,knn11,scan,accuracy,1,0.1747368421052631,0.0,0.1747368421052631,0.1747368421052631,True,0.1752915498390144,0.139414321192053,0.2132890958083301,2000,169,475
B2_corrected_ts4,geommlp,knn11,scan,macro_f1,1,0.1373634333662786,0.0,0.1373634333662786,0.1373634333662786,True,0.1352316637339731,0.1055359487439259,0.1680601596986514,2000,169,475
B2_corrected_ts4,geommlp,knn11,scan,macro_auc,1,0.6860560652606227,0.0,0.6860560652606227,0.6860560652606227,True,0.6873813885692385,0.6521688594804936,0.721639075082282,2000,169,475
B2_corrected_ts4,geommlp,knn11,subject,accuracy,1,0.165680473372781,0.0,0.165680473372781,0.165680473372781,True,0.1659319526627219,0.1124260355029585,0.2248520710059171,2000,169,169
B2_corrected_ts4,geommlp,knn11,subject,macro_f1,1,0.1121644161990348,0.0,0.1121644161990348,0.1121644161990348,True,0.1157266695133717,0.0778311732992244,0.1590765663493095,2000,169,169
B2_corrected_ts4,geommlp,knn11,subject,macro_auc,1,0.7153284083919772,0.0,0.7153284083919772,0.7153284083919772,True,0.7105852298420859,0.6705227925916004,0.7477375091709267,2000,169,169
B2_corrected_ts4,pointnet,softmax,scan,accuracy,1,0.1768421052631578,0.0,0.1768421052631578,0.1768421052631578,True,0.177401695391444,0.1355108096551529,0.2214912280701754,2000,169,475
B2_corrected_ts4,pointnet,softmax,scan,macro_f1,1,0.1484924244732443,0.0,0.1484924244732443,0.1484924244732443,True,0.1497007364116158,0.1138259550833368,0.1865119850742383,2000,169,475
B2_corrected_ts4,pointnet,softmax,scan,macro_auc,1,0.8026627802618796,0.0,0.8026627802618796,0.8026627802618796,True,0.8043817462145658,0.7804528129256368,0.8274881896689118,2000,169,475
B2_corrected_ts4,pointnet,softmax,scan,top3_accuracy,1,0.3852631578947368,0.0,0.3852631578947368,0.3852631578947368,True,0.386214530489407,0.3325915755124552,0.4401709401709401,2000,169,475
B2_corrected_ts4,pointnet,softmax,scan,top5_accuracy,1,0.511578947368421,0.0,0.511578947368421,0.511578947368421,True,0.5133102825049622,0.457578125,0.5701780807440288,2000,169,475
B2_corrected_ts4,pointnet,softmax,subject,accuracy,1,0.2071005917159763,0.0,0.2071005917159763,0.2071005917159763,True,0.2080532544378698,0.1479289940828402,0.272189349112426,2000,169,169
B2_corrected_ts4,pointnet,softmax,subject,macro_f1,1,0.1627390187550615,0.0,0.1627390187550615,0.1627390187550615,True,0.1644750369581359,0.114688962389512,0.22065146015831,2000,169,169
B2_corrected_ts4,pointnet,softmax,subject,macro_auc,1,0.8541248303187573,0.0,0.8541248303187573,0.8541248303187573,True,0.8522733099257993,0.8280640494990829,0.8762243633621006,2000,169,169
B2_corrected_ts4,pointnet,softmax,subject,top3_accuracy,1,0.4556213017751479,0.0,0.4556213017751479,0.4556213017751479,True,0.4569349112426035,0.378698224852071,0.5325443786982249,2000,169,169
B2_corrected_ts4,pointnet,softmax,subject,top5_accuracy,1,0.6331360946745562,0.0,0.6331360946745562,0.6331360946745562,True,0.6356715976331361,0.5621301775147929,0.7100591715976331,2000,169,169
B2_corrected_ts4,pointnet,proto,scan,accuracy,1,0.1642105263157894,0.0,0.1642105263157894,0.1642105263157894,True,0.1646851044421405,0.1244806483175995,0.2083333333333333,2000,169,475
B2_corrected_ts4,pointnet,proto,scan,macro_f1,1,0.1416061316132015,0.0,0.1416061316132015,0.1416061316132015,True,0.1403113520684651,0.104329751864286,0.1775933527854795,2000,169,475
B2_corrected_ts4,pointnet,proto,scan,macro_auc,1,0.793820287945518,0.0,0.793820287945518,0.793820287945518,True,0.8025480114321853,0.7762826813380432,0.8291354141525318,2000,169,475
B2_corrected_ts4,pointnet,proto,scan,top3_accuracy,1,0.3894736842105263,0.0,0.3894736842105263,0.3894736842105263,True,0.3908038477086978,0.337938313226037,0.4470995960490524,2000,169,475
B2_corrected_ts4,pointnet,proto,scan,top5_accuracy,1,0.5284210526315789,0.0,0.5284210526315789,0.5284210526315789,True,0.5296617796898121,0.4736781329767837,0.5850347192819036,2000,169,475
B2_corrected_ts4,pointnet,proto,subject,accuracy,1,0.1775147928994082,0.0,0.1775147928994082,0.1775147928994082,True,0.1778372781065089,0.1242603550295858,0.2426035502958579,2000,169,169
B2_corrected_ts4,pointnet,proto,subject,macro_f1,1,0.1778315835169198,0.0,0.1778315835169198,0.1778315835169198,True,0.1701415978236125,0.1082895748230449,0.2340723040611778,2000,169,169
B2_corrected_ts4,pointnet,proto,subject,macro_auc,1,0.8434906762309021,0.0,0.8434906762309021,0.8434906762309021,True,0.8497798465007463,0.8205155504921665,0.8791073808262541,2000,169,169
B2_corrected_ts4,pointnet,proto,subject,top3_accuracy,1,0.4852071005917159,0.0,0.4852071005917159,0.4852071005917159,True,0.4869704142011834,0.4142011834319526,0.5621301775147929,2000,169,169
B2_corrected_ts4,pointnet,proto,subject,top5_accuracy,1,0.650887573964497,0.0,0.650887573964497,0.650887573964497,True,0.6520769230769231,0.5798816568047337,0.727810650887574,2000,169,169
B2_corrected_ts4,pointnet,knn11,scan,accuracy,1,0.1810526315789473,0.0,0.1810526315789473,0.1810526315789473,True,0.1814646893383359,0.1384574468085106,0.2264986139986139,2000,169,475
B2_corrected_ts4,pointnet,knn11,scan,macro_f1,1,0.1449815285911112,0.0,0.1449815285911112,0.1449815285911112,True,0.1436064652839978,0.1078486788105551,0.179272521671435,2000,169,475
B2_corrected_ts4,pointnet,knn11,scan,macro_auc,1,0.7703202745048497,0.0,0.7703202745048497,0.7703202745048497,True,0.7804251180345098,0.7517024683155492,0.808551078550658,2000,169,475
B2_corrected_ts4,pointnet,knn11,subject,accuracy,1,0.1715976331360946,0.0,0.1715976331360946,0.1715976331360946,True,0.1722041420118343,0.1183431952662721,0.2307692307692307,2000,169,169
B2_corrected_ts4,pointnet,knn11,subject,macro_f1,1,0.1444245396117053,0.0,0.1444245396117053,0.1444245396117053,True,0.1453205532195476,0.0948885966839104,0.1974278188179128,2000,169,169
B2_corrected_ts4,pointnet,knn11,subject,macro_auc,1,0.8177965960288545,0.0,0.8177965960288545,0.8177965960288545,True,0.8243896114034692,0.7932783401928748,0.8557041743546812,2000,169,169
B2_corrected_ts4,dgcnn,softmax,scan,accuracy,1,0.2947368421052631,0.0,0.2947368421052631,0.2947368421052631,True,0.29560120723179,0.2405312591392769,0.3514794477112879,2000,169,475
B2_corrected_ts4,dgcnn,softmax,scan,macro_f1,1,0.2210285843206431,0.0,0.2210285843206431,0.2210285843206431,True,0.2291407718589697,0.1888771527060992,0.2711434384568812,2000,169,475
B2_corrected_ts4,dgcnn,softmax,scan,macro_auc,1,0.8626407078536993,0.0,0.8626407078536993,0.8626407078536993,True,0.8643871838336561,0.8343756416141812,0.8914453372011506,2000,169,475
B2_corrected_ts4,dgcnn,softmax,scan,top3_accuracy,1,0.5368421052631579,0.0,0.5368421052631579,0.5368421052631579,True,0.5374100738040261,0.4698577367320521,0.6041763716356107,2000,169,475
B2_corrected_ts4,dgcnn,softmax,scan,top5_accuracy,1,0.64,0.0,0.64,0.64,True,0.6407150609568598,0.5702475007363514,0.7084211848486173,2000,169,475
B2_corrected_ts4,dgcnn,softmax,subject,accuracy,1,0.3846153846153846,0.0,0.3846153846153846,0.3846153846153846,True,0.385008875739645,0.3136094674556213,0.4615384615384615,2000,169,169
B2_corrected_ts4,dgcnn,softmax,subject,macro_f1,1,0.2642727622217644,0.0,0.2642727622217644,0.2642727622217644,True,0.2699168944710711,0.215268985892498,0.3273568034054686,2000,169,169
B2_corrected_ts4,dgcnn,softmax,subject,macro_auc,1,0.912263802694964,0.0,0.912263802694964,0.912263802694964,True,0.9097717746433008,0.882112218385495,0.9355864648140084,2000,169,169
B2_corrected_ts4,dgcnn,softmax,subject,top3_accuracy,1,0.621301775147929,0.0,0.621301775147929,0.621301775147929,True,0.6226331360946746,0.5443786982248521,0.6982248520710059,2000,169,169
B2_corrected_ts4,dgcnn,softmax,subject,top5_accuracy,1,0.6923076923076923,0.0,0.6923076923076923,0.6923076923076923,True,0.6930266272189349,0.621301775147929,0.757544378698224,2000,169,169
B2_corrected_ts4,dgcnn,proto,scan,accuracy,1,0.3136842105263158,0.0,0.3136842105263158,0.3136842105263158,True,0.314492832641058,0.2576663878044246,0.3694692486761204,2000,169,475
B2_corrected_ts4,dgcnn,proto,scan,macro_f1,1,0.2641845815499845,0.0,0.2641845815499845,0.2641845815499845,True,0.2678227630173683,0.2201549788374326,0.3157284639618682,2000,169,475
B2_corrected_ts4,dgcnn,proto,scan,macro_auc,1,0.8546919071240631,0.0,0.8546919071240631,0.8546919071240631,True,0.8611906296031593,0.8359315772209828,0.8864122320241561,2000,169,475
B2_corrected_ts4,dgcnn,proto,scan,top3_accuracy,1,0.5515789473684211,0.0,0.5515789473684211,0.5515789473684211,True,0.5521101465556582,0.4926843167978511,0.6117455251351123,2000,169,475
B2_corrected_ts4,dgcnn,proto,scan,top5_accuracy,1,0.6926315789473684,0.0,0.6926315789473684,0.6926315789473684,True,0.6926615489138542,0.6347296223878773,0.7490374480680889,2000,169,475
B2_corrected_ts4,dgcnn,proto,subject,accuracy,1,0.4792899408284023,0.0,0.4792899408284023,0.4792899408284023,True,0.4797810650887574,0.4023668639053254,0.5562130177514792,2000,169,169
B2_corrected_ts4,dgcnn,proto,subject,macro_f1,1,0.3814429826461912,0.0,0.3814429826461912,0.3814429826461912,True,0.3821219688642946,0.309592098779502,0.4599801143027293,2000,169,169
B2_corrected_ts4,dgcnn,proto,subject,macro_auc,1,0.9127261388883918,0.0,0.9127261388883918,0.9127261388883918,True,0.9155110311711496,0.8927022168752612,0.9386439659235812,2000,169,169
B2_corrected_ts4,dgcnn,proto,subject,top3_accuracy,1,0.7159763313609467,0.0,0.7159763313609467,0.7159763313609467,True,0.7164082840236686,0.6449704142011834,0.7810650887573964,2000,169,169
B2_corrected_ts4,dgcnn,proto,subject,top5_accuracy,1,0.8106508875739645,0.0,0.8106508875739645,0.8106508875739645,True,0.8109644970414202,0.7514792899408284,0.863905325443787,2000,169,169
B2_corrected_ts4,dgcnn,knn11,scan,accuracy,1,0.2547368421052631,0.0,0.2547368421052631,0.2547368421052631,True,0.2558905628792802,0.2060068839501976,0.310725009285238,2000,169,475
B2_corrected_ts4,dgcnn,knn11,scan,macro_f1,1,0.2062188857994878,0.0,0.2062188857994878,0.2062188857994878,True,0.2083148570078457,0.1688624544139068,0.2517719172259303,2000,169,475
B2_corrected_ts4,dgcnn,knn11,scan,macro_auc,1,0.7850559256066892,0.0,0.7850559256066892,0.7850559256066892,True,0.7962943130123801,0.768019990657966,0.826527192938638,2000,169,475
B2_corrected_ts4,dgcnn,knn11,subject,accuracy,1,0.3195266272189349,0.0,0.3195266272189349,0.3195266272189349,True,0.3200443786982248,0.2544378698224852,0.3905325443786982,2000,169,169
B2_corrected_ts4,dgcnn,knn11,subject,macro_f1,1,0.2295090841524562,0.0,0.2295090841524562,0.2295090841524562,True,0.2309531143238889,0.1743130795567959,0.2911608023412395,2000,169,169
B2_corrected_ts4,dgcnn,knn11,subject,macro_auc,1,0.8366327834032662,0.0,0.8366327834032662,0.8366327834032662,True,0.8431753514632601,0.8162149647433632,0.8713024947436266,2000,169,169
B2_corrected_ts4,pointnet2,softmax,scan,accuracy,5,0.2631578947368421,0.0057655006053175,0.2547368421052631,0.2694736842105263,False,0.2630469927911517,0.2167293112249721,0.3117427270708416,2000,169,475
B2_corrected_ts4,pointnet2,softmax,scan,macro_f1,5,0.2246148915386194,0.013120797644016,0.2104991068431055,0.2401662106209089,False,0.2268907258582119,0.1875717637941068,0.2701950499740686,2000,169,475
B2_corrected_ts4,pointnet2,softmax,scan,macro_auc,5,0.8561029500232321,0.0018219946016886,0.853538041713712,0.8578366306663407,False,0.8606390187748858,0.8374128400905381,0.8837922662510374,2000,169,475
B2_corrected_ts4,pointnet2,softmax,scan,top3_accuracy,5,0.5322105263157895,0.0058418681791627,0.5242105263157895,0.5389473684210526,False,0.5323502970139259,0.4744246033389949,0.5899134276591059,2000,169,475
B2_corrected_ts4,pointnet2,softmax,scan,top5_accuracy,5,0.6711578947368422,0.0054493385707556,0.6652631578947369,0.6778947368421052,False,0.6711639322394879,0.6171044868234278,0.72501204496788,2000,169,475
B2_corrected_ts4,pointnet2,softmax,subject,accuracy,5,0.3467455621301775,0.0185236400502941,0.3195266272189349,0.3668639053254438,False,0.3466136094674557,0.2828106508875739,0.4142011834319526,2000,169,169
B2_corrected_ts4,pointnet2,softmax,subject,macro_f1,5,0.268574763287815,0.0271332465572838,0.2438813107543757,0.3000333063382916,False,0.267865619828293,0.2115972511079771,0.3286144212698172,2000,169,169
B2_corrected_ts4,pointnet2,softmax,subject,macro_auc,5,0.9095743431450568,0.0025632964761551,0.9060901841595024,0.9132391631452784,False,0.9097666428401716,0.8908969981966145,0.9277444796770716,2000,169,169
B2_corrected_ts4,pointnet2,softmax,subject,top3_accuracy,5,0.5905325443786983,0.0147336089917026,0.5680473372781065,0.6035502958579881,False,0.5894810650887574,0.5230769230769232,0.6568047337278106,2000,169,169
B2_corrected_ts4,pointnet2,softmax,subject,top5_accuracy,5,0.7538461538461538,0.0231450972965774,0.7218934911242604,0.7751479289940828,False,0.7533668639053256,0.6899408284023669,0.8094674556213018,2000,169,169
B2_corrected_ts4,pointnet2,proto,scan,accuracy,5,0.2976842105263158,0.006918600726381,0.2863157894736842,0.3031578947368421,False,0.2976405157130826,0.2461493123772102,0.3488489523370941,2000,169,475
B2_corrected_ts4,pointnet2,proto,scan,macro_f1,5,0.2511820651360492,0.0076251623445616,0.2376425532271992,0.2556046341508654,False,0.2555404664652537,0.2130370593864671,0.3018929171901115,2000,169,475
B2_corrected_ts4,pointnet2,proto,scan,macro_auc,5,0.8432460913662256,0.0026320113874507,0.8395508909699122,0.8462708660759056,False,0.8525234758303896,0.8281560991988257,0.876974656654078,2000,169,475
B2_corrected_ts4,pointnet2,proto,scan,top3_accuracy,5,0.5397894736842105,0.0103779010895715,0.5263157894736842,0.5536842105263158,False,0.5399076327056667,0.4884404463040446,0.5933504779906219,2000,169,475
B2_corrected_ts4,pointnet2,proto,scan,top5_accuracy,5,0.6938947368421052,0.006756550120371,0.6863157894736842,0.7031578947368421,False,0.6939098293879474,0.6426272623083903,0.7443060156157577,2000,169,475
B2_corrected_ts4,pointnet2,proto,subject,accuracy,5,0.4047337278106509,0.0099013020891606,0.3964497041420118,0.4201183431952662,False,0.4040278106508875,0.336094674556213,0.4745562130177514,2000,169,169
B2_corrected_ts4,pointnet2,proto,subject,macro_f1,5,0.3264978953460824,0.0133935208412055,0.3113556919777016,0.3477654665982961,False,0.3255020225037409,0.2634080205844576,0.3916344297942813,2000,169,169
B2_corrected_ts4,pointnet2,proto,subject,macro_auc,5,0.8961413708340114,0.004699063434931,0.8898451837954614,0.9018541877394652,False,0.901560780623546,0.8790186822111054,0.923418972986778,2000,169,169
B2_corrected_ts4,pointnet2,proto,subject,top3_accuracy,5,0.6437869822485208,0.0198026041783213,0.6153846153846154,0.6627218934911243,False,0.643226627218935,0.5763313609467456,0.7077218934911241,2000,169,169
B2_corrected_ts4,pointnet2,proto,subject,top5_accuracy,5,0.7798816568047338,0.0164194519828539,0.7633136094674556,0.7988165680473372,False,0.7796136094674556,0.7206804733727811,0.834319526627219,2000,169,169
B2_corrected_ts4,pointnet2,knn11,scan,accuracy,5,0.2732631578947369,0.0095783689819598,0.2652631578947368,0.2884210526315789,False,0.2740705368584925,0.2256211180124223,0.3226092361900716,2000,169,475
B2_corrected_ts4,pointnet2,knn11,scan,macro_f1,5,0.2121130920960351,0.0117571852116005,0.1984461108384833,0.2220778190162935,False,0.2144381306671973,0.1790556825182054,0.2513792533458195,2000,169,475
B2_corrected_ts4,pointnet2,knn11,scan,macro_auc,5,0.7708440398544828,0.0016732048050683,0.7686109902888686,0.7723341116642893,False,0.7886209013002545,0.7549080376954787,0.8262155798678334,2000,169,475
B2_corrected_ts4,pointnet2,knn11,subject,accuracy,5,0.3076923076923077,0.007247011073323,0.2958579881656805,0.3136094674556213,False,0.3080408284023668,0.2485207100591716,0.3692307692307692,2000,169,169
B2_corrected_ts4,pointnet2,knn11,subject,macro_f1,5,0.2311950910061908,0.0116128578673466,0.2189607827876928,0.244699683561536,False,0.231134475764015,0.1800357338411054,0.2839617826257216,2000,169,169
B2_corrected_ts4,pointnet2,knn11,subject,macro_auc,5,0.8171651202896,0.0023597322136945,0.8141782248196962,0.8196522390723416,False,0.8324651289617996,0.7982955446100055,0.8704492413785564,2000,169,169
B2_corrected_ts5,geommlp,softmax,scan,accuracy,1,0.1621052631578947,0.0,0.1621052631578947,0.1621052631578947,True,0.1618597397087029,0.1195611615833874,0.2051377118644067,2000,169,475
B2_corrected_ts5,geommlp,softmax,scan,macro_f1,1,0.1369581240437843,0.0,0.1369581240437843,0.1369581240437843,True,0.1330164446552867,0.099246014649682,0.168404020706815,2000,169,475
B2_corrected_ts5,geommlp,softmax,scan,macro_auc,1,0.7619702686386067,0.0,0.7619702686386067,0.7619702686386067,True,0.7567644900643045,0.728053301618249,0.7844211702425087,2000,169,475
B2_corrected_ts5,geommlp,softmax,scan,top3_accuracy,1,0.3431578947368421,0.0,0.3431578947368421,0.3431578947368421,True,0.3428914945396366,0.2902360743744127,0.396043375766148,2000,169,475
B2_corrected_ts5,geommlp,softmax,scan,top5_accuracy,1,0.4842105263157895,0.0,0.4842105263157895,0.4842105263157895,True,0.4846350610958022,0.4276573374428316,0.5420059921414538,2000,169,475
B2_corrected_ts5,geommlp,softmax,subject,accuracy,1,0.1715976331360946,0.0,0.1715976331360946,0.1715976331360946,True,0.1708994082840237,0.1183431952662721,0.2307692307692307,2000,169,169
B2_corrected_ts5,geommlp,softmax,subject,macro_f1,1,0.1574151224306023,0.0,0.1574151224306023,0.1574151224306023,True,0.1529443816210751,0.1026301984261332,0.2045274349535548,2000,169,169
B2_corrected_ts5,geommlp,softmax,subject,macro_auc,1,0.793792658084784,0.0,0.793792658084784,0.793792658084784,True,0.7853987214963513,0.7487522176682246,0.8193167761830403,2000,169,169
B2_corrected_ts5,geommlp,softmax,subject,top3_accuracy,1,0.378698224852071,0.0,0.378698224852071,0.378698224852071,True,0.3790502958579881,0.301775147928994,0.4556213017751479,2000,169,169
B2_corrected_ts5,geommlp,softmax,subject,top5_accuracy,1,0.5088757396449705,0.0,0.5088757396449705,0.5088757396449705,True,0.5097899408284023,0.4319526627218935,0.5857988165680473,2000,169,169
B2_corrected_ts5,geommlp,proto,scan,accuracy,1,0.1705263157894737,0.0,0.1705263157894737,0.1705263157894737,True,0.1702656757007742,0.1275689905591866,0.2140034303534303,2000,169,475
B2_corrected_ts5,geommlp,proto,scan,macro_f1,1,0.1399599693397873,0.0,0.1399599693397873,0.1399599693397873,True,0.1353653970156735,0.1012540924213259,0.1698592385510551,2000,169,475
B2_corrected_ts5,geommlp,proto,scan,macro_auc,1,0.7560891178887936,0.0,0.7560891178887936,0.7560891178887936,True,0.757653320493554,0.7255591045439688,0.788820274332033,2000,169,475
B2_corrected_ts5,geommlp,proto,scan,top3_accuracy,1,0.351578947368421,0.0,0.351578947368421,0.351578947368421,True,0.3511473277466651,0.2970060137457044,0.4100442512002776,2000,169,475
B2_corrected_ts5,geommlp,proto,scan,top5_accuracy,1,0.48,0.0,0.48,0.48,True,0.4804453215882105,0.422074497232725,0.5375345408735231,2000,169,475
B2_corrected_ts5,geommlp,proto,subject,accuracy,1,0.2071005917159763,0.0,0.2071005917159763,0.2071005917159763,True,0.2072544378698224,0.1479289940828402,0.272189349112426,2000,169,169
B2_corrected_ts5,geommlp,proto,subject,macro_f1,1,0.1800971082019553,0.0,0.1800971082019553,0.1800971082019553,True,0.1785512253183701,0.1268094265585835,0.2342458537048319,2000,169,169
B2_corrected_ts5,geommlp,proto,subject,macro_auc,1,0.7902966245474057,0.0,0.7902966245474057,0.7902966245474057,True,0.7889747292722737,0.7530567491363281,0.8240886930040062,2000,169,169
B2_corrected_ts5,geommlp,proto,subject,top3_accuracy,1,0.4142011834319526,0.0,0.4142011834319526,0.4142011834319526,True,0.4148579881656805,0.3431952662721893,0.4852071005917159,2000,169,169
B2_corrected_ts5,geommlp,proto,subject,top5_accuracy,1,0.5207100591715976,0.0,0.5207100591715976,0.5207100591715976,True,0.5212781065088756,0.4437869822485207,0.591863905325443,2000,169,169
B2_corrected_ts5,geommlp,knn11,scan,accuracy,1,0.1747368421052631,0.0,0.1747368421052631,0.1747368421052631,True,0.1752915498390144,0.139414321192053,0.2132890958083301,2000,169,475
B2_corrected_ts5,geommlp,knn11,scan,macro_f1,1,0.1373634333662786,0.0,0.1373634333662786,0.1373634333662786,True,0.1352316637339731,0.1055359487439259,0.1680601596986514,2000,169,475
B2_corrected_ts5,geommlp,knn11,scan,macro_auc,1,0.6860560652606227,0.0,0.6860560652606227,0.6860560652606227,True,0.6873813885692385,0.6521688594804936,0.721639075082282,2000,169,475
B2_corrected_ts5,geommlp,knn11,subject,accuracy,1,0.165680473372781,0.0,0.165680473372781,0.165680473372781,True,0.1659319526627219,0.1124260355029585,0.2248520710059171,2000,169,169
B2_corrected_ts5,geommlp,knn11,subject,macro_f1,1,0.1121644161990348,0.0,0.1121644161990348,0.1121644161990348,True,0.1157266695133717,0.0778311732992244,0.1590765663493095,2000,169,169
B2_corrected_ts5,geommlp,knn11,subject,macro_auc,1,0.7153284083919772,0.0,0.7153284083919772,0.7153284083919772,True,0.7105852298420859,0.6705227925916004,0.7477375091709267,2000,169,169
B2_corrected_ts5,pointnet,softmax,scan,accuracy,1,0.1852631578947368,0.0,0.1852631578947368,0.1852631578947368,True,0.1854259410015393,0.143730015752603,0.2290295428516233,2000,169,475
B2_corrected_ts5,pointnet,softmax,scan,macro_f1,1,0.1567899935066675,0.0,0.1567899935066675,0.1567899935066675,True,0.1552557282698722,0.1162618249313816,0.1940765661672937,2000,169,475
B2_corrected_ts5,pointnet,softmax,scan,macro_auc,1,0.8144785167793664,0.0,0.8144785167793664,0.8144785167793664,True,0.8114368481246154,0.7826123897542481,0.8393272327969259,2000,169,475
B2_corrected_ts5,pointnet,softmax,scan,top3_accuracy,1,0.4294736842105263,0.0,0.4294736842105263,0.4294736842105263,True,0.4302903938843875,0.3695093049719103,0.4930302637043189,2000,169,475
B2_corrected_ts5,pointnet,softmax,scan,top5_accuracy,1,0.5621052631578948,0.0,0.5621052631578948,0.5621052631578948,True,0.5631754958133344,0.5009808853118711,0.6239927685950412,2000,169,475
B2_corrected_ts5,pointnet,softmax,subject,accuracy,1,0.2544378698224852,0.0,0.2544378698224852,0.2544378698224852,True,0.2548461538461539,0.1893491124260355,0.3254437869822485,2000,169,169
B2_corrected_ts5,pointnet,softmax,subject,macro_f1,1,0.2285863126772217,0.0,0.2285863126772217,0.2285863126772217,True,0.2178291113242501,0.1541583116946902,0.2796455877301097,2000,169,169
B2_corrected_ts5,pointnet,softmax,subject,macro_auc,1,0.8507891507014561,0.0,0.8507891507014561,0.8507891507014561,True,0.8448517244037539,0.8112389254808549,0.8758555485523899,2000,169,169
B2_corrected_ts5,pointnet,softmax,subject,top3_accuracy,1,0.4852071005917159,0.0,0.4852071005917159,0.4852071005917159,True,0.486292899408284,0.408284023668639,0.5621301775147929,2000,169,169
B2_corrected_ts5,pointnet,softmax,subject,top5_accuracy,1,0.6449704142011834,0.0,0.6449704142011834,0.6449704142011834,True,0.6461863905325443,0.5739644970414202,0.7159763313609467,2000,169,169
B2_corrected_ts5,pointnet,proto,scan,accuracy,1,0.2042105263157894,0.0,0.2042105263157894,0.2042105263157894,True,0.2044996207201672,0.1588228982580156,0.2532350505317233,2000,169,475
B2_corrected_ts5,pointnet,proto,scan,macro_f1,1,0.1723807889213472,0.0,0.1723807889213472,0.1723807889213472,True,0.1715889851374031,0.1330703157247565,0.2123414919406437,2000,169,475
B2_corrected_ts5,pointnet,proto,scan,macro_auc,1,0.8044028871711513,0.0,0.8044028871711513,0.8044028871711513,True,0.8092140635576661,0.7805477149422319,0.8381393731956375,2000,169,475
B2_corrected_ts5,pointnet,proto,scan,top3_accuracy,1,0.4652631578947368,0.0,0.4652631578947368,0.4652631578947368,True,0.4661069850417854,0.4026534306401563,0.5284312022601234,2000,169,475
B2_corrected_ts5,pointnet,proto,scan,top5_accuracy,1,0.6063157894736843,0.0,0.6063157894736843,0.6063157894736843,True,0.6070658238551411,0.5467640220866027,0.6666839916839915,2000,169,475
B2_corrected_ts5,pointnet,proto,subject,accuracy,1,0.2662721893491124,0.0,0.2662721893491124,0.2662721893491124,True,0.2670414201183432,0.2011834319526627,0.3313609467455621,2000,169,169
B2_corrected_ts5,pointnet,proto,subject,macro_f1,1,0.222124627985872,0.0,0.222124627985872,0.222124627985872,True,0.2199302490879332,0.1617098134792861,0.2827203232182333,2000,169,169
B2_corrected_ts5,pointnet,proto,subject,macro_auc,1,0.8473773574617125,0.0,0.8473773574617125,0.8473773574617125,True,0.8487195100110233,0.8178296407223451,0.8797054912597935,2000,169,169
B2_corrected_ts5,pointnet,proto,subject,top3_accuracy,1,0.5325443786982249,0.0,0.5325443786982249,0.5325443786982249,True,0.5333550295857988,0.4556213017751479,0.6094674556213018,2000,169,169
B2_corrected_ts5,pointnet,proto,subject,top5_accuracy,1,0.6568047337278107,0.0,0.6568047337278107,0.6568047337278107,True,0.6578195266272189,0.5798816568047337,0.727810650887574,2000,169,169
B2_corrected_ts5,pointnet,knn11,scan,accuracy,1,0.2189473684210526,0.0,0.2189473684210526,0.2189473684210526,True,0.2195332026160927,0.1751515678843658,0.2679324894514768,2000,169,475
B2_corrected_ts5,pointnet,knn11,scan,macro_f1,1,0.1812739436991301,0.0,0.1812739436991301,0.1812739436991301,True,0.1800712915602293,0.1407533548905907,0.2244633950388544,2000,169,475
B2_corrected_ts5,pointnet,knn11,scan,macro_auc,1,0.7610848363872087,0.0,0.7610848363872087,0.7610848363872087,True,0.7723043007044431,0.7373961115349078,0.8073409277977183,2000,169,475
B2_corrected_ts5,pointnet,knn11,subject,accuracy,1,0.2189349112426035,0.0,0.2189349112426035,0.2189349112426035,True,0.2191360946745562,0.1596153846153846,0.2840236686390532,2000,169,169
B2_corrected_ts5,pointnet,knn11,subject,macro_f1,1,0.1591754982740745,0.0,0.1591754982740745,0.1591754982740745,True,0.1608547778044121,0.1126395686963594,0.2159579739069018,2000,169,169
B2_corrected_ts5,pointnet,knn11,subject,macro_auc,1,0.8043701721872278,0.0,0.8043701721872278,0.8043701721872278,True,0.8114070010035216,0.7747891461144079,0.8483348400881904,2000,169,169
B2_corrected_ts5,dgcnn,softmax,scan,accuracy,1,0.2778947368421052,0.0,0.2778947368421052,0.2778947368421052,True,0.2784223060595919,0.2239059346908824,0.3367177562141162,2000,169,475
B2_corrected_ts5,dgcnn,softmax,scan,macro_f1,1,0.2049566241281941,0.0,0.2049566241281941,0.2049566241281941,True,0.2087793468303808,0.164621045730764,0.259579717293082,2000,169,475
B2_corrected_ts5,dgcnn,softmax,scan,macro_auc,1,0.8515657996840621,0.0,0.8515657996840621,0.8515657996840621,True,0.8530364306194481,0.8261416389491593,0.8786997153612417,2000,169,475
B2_corrected_ts5,dgcnn,softmax,scan,top3_accuracy,1,0.5452631578947369,0.0,0.5452631578947369,0.5452631578947369,True,0.5452846138784081,0.4789854868121745,0.6142293592250266,2000,169,475
B2_corrected_ts5,dgcnn,softmax,scan,top5_accuracy,1,0.6547368421052632,0.0,0.6547368421052632,0.6547368421052632,True,0.655353128118878,0.5875950899031812,0.7193621040395233,2000,169,475
B2_corrected_ts5,dgcnn,softmax,subject,accuracy,1,0.3727810650887574,0.0,0.3727810650887574,0.3727810650887574,True,0.3733195266272189,0.3016272189349112,0.4497041420118343,2000,169,169
B2_corrected_ts5,dgcnn,softmax,subject,macro_f1,1,0.2777894555434663,0.0,0.2777894555434663,0.2777894555434663,True,0.2720888406052442,0.2093401376052879,0.3373593342725066,2000,169,169
B2_corrected_ts5,dgcnn,softmax,subject,macro_auc,1,0.8976221016070456,0.0,0.8976221016070456,0.8976221016070456,True,0.8954468068167688,0.8680505595478202,0.9210028864187282,2000,169,169
B2_corrected_ts5,dgcnn,softmax,subject,top3_accuracy,1,0.5739644970414202,0.0,0.5739644970414202,0.5739644970414202,True,0.5738905325443787,0.4970414201183432,0.650887573964497,2000,169,169
B2_corrected_ts5,dgcnn,softmax,subject,top5_accuracy,1,0.6982248520710059,0.0,0.6982248520710059,0.6982248520710059,True,0.6983550295857988,0.6272189349112426,0.7633136094674556,2000,169,169
B2_corrected_ts5,dgcnn,proto,scan,accuracy,1,0.2947368421052631,0.0,0.2947368421052631,0.2947368421052631,True,0.2955131659996383,0.2442667292538783,0.3465372535152674,2000,169,475
B2_corrected_ts5,dgcnn,proto,scan,macro_f1,1,0.2416269158391902,0.0,0.2416269158391902,0.2416269158391902,True,0.2463050171225101,0.202759600080972,0.2946718598871974,2000,169,475
B2_corrected_ts5,dgcnn,proto,scan,macro_auc,1,0.8455265114979813,0.0,0.8455265114979813,0.8455265114979813,True,0.8518253386913193,0.8263186606054558,0.8770764387013442,2000,169,475
B2_corrected_ts5,dgcnn,proto,scan,top3_accuracy,1,0.5684210526315789,0.0,0.5684210526315789,0.5684210526315789,True,0.5683328873819132,0.5112879535942555,0.6241900647948164,2000,169,475
B2_corrected_ts5,dgcnn,proto,scan,top5_accuracy,1,0.6884210526315789,0.0,0.6884210526315789,0.6884210526315789,True,0.6880982960822228,0.6293992453960989,0.7448136357132638,2000,169,475
B2_corrected_ts5,dgcnn,proto,subject,accuracy,1,0.4142011834319526,0.0,0.4142011834319526,0.4142011834319526,True,0.4150443786982248,0.3431952662721893,0.4911242603550296,2000,169,169
B2_corrected_ts5,dgcnn,proto,subject,macro_f1,1,0.3195690343763366,0.0,0.3195690343763366,0.3195690343763366,True,0.3238374478636499,0.258937298400507,0.3954023684643188,2000,169,169
B2_corrected_ts5,dgcnn,proto,subject,macro_auc,1,0.905448915635363,0.0,0.905448915635363,0.905448915635363,True,0.9063871212390598,0.8855337331603006,0.9264523086209412,2000,169,169
B2_corrected_ts5,dgcnn,proto,subject,top3_accuracy,1,0.6982248520710059,0.0,0.6982248520710059,0.6982248520710059,True,0.6983609467455622,0.6272189349112426,0.7633136094674556,2000,169,169
B2_corrected_ts5,dgcnn,proto,subject,top5_accuracy,1,0.7869822485207101,0.0,0.7869822485207101,0.7869822485207101,True,0.7872396449704142,0.727810650887574,0.8461538461538461,2000,169,169
B2_corrected_ts5,dgcnn,knn11,scan,accuracy,1,0.2842105263157894,0.0,0.2842105263157894,0.2842105263157894,True,0.2859255466488928,0.2325999298737728,0.3431177545242376,2000,169,475
B2_corrected_ts5,dgcnn,knn11,scan,macro_f1,1,0.2211473604580448,0.0,0.2211473604580448,0.2211473604580448,True,0.2262789486594768,0.1855497353809509,0.2714637371563503,2000,169,475
B2_corrected_ts5,dgcnn,knn11,scan,macro_auc,1,0.7772485374332805,0.0,0.7772485374332805,0.7772485374332805,True,0.7888614454517949,0.7597029017434016,0.8192613968984177,2000,169,475
B2_corrected_ts5,dgcnn,knn11,subject,accuracy,1,0.3076923076923077,0.0,0.3076923076923077,0.3076923076923077,True,0.3089763313609467,0.2426035502958579,0.378698224852071,2000,169,169
B2_corrected_ts5,dgcnn,knn11,subject,macro_f1,1,0.1957003965377171,0.0,0.1957003965377171,0.1957003965377171,True,0.203488664079658,0.1551398112128499,0.2566799948167905,2000,169,169
B2_corrected_ts5,dgcnn,knn11,subject,macro_auc,1,0.828196786170533,0.0,0.828196786170533,0.828196786170533,True,0.8353496860107507,0.8060024697938143,0.8643047663070472,2000,169,169
B2_corrected_ts5,pointnet2,softmax,scan,accuracy,5,0.2867368421052632,0.007933239444807,0.2778947368421052,0.2947368421052631,False,0.2866758048606866,0.2331240295031056,0.3384017201474412,2000,169,475
B2_corrected_ts5,pointnet2,softmax,scan,macro_f1,5,0.2199219258170747,0.0059329128189655,0.2139646214892529,0.2280897750710873,False,0.2234239282967869,0.1832278151834269,0.2647924020041585,2000,169,475
B2_corrected_ts5,pointnet2,softmax,scan,macro_auc,5,0.8366866367773056,0.0037275974807788,0.8339312175011407,0.8430212307759537,False,0.8434271625050005,0.8176950391122126,0.8702100657134296,2000,169,475
B2_corrected_ts5,pointnet2,softmax,scan,top3_accuracy,5,0.5444210526315789,0.006918600726381,0.5368421052631579,0.5515789473684211,False,0.5446672553760585,0.4811522419878458,0.6061043927499422,2000,169,475
B2_corrected_ts5,pointnet2,softmax,scan,top5_accuracy,5,0.655578947368421,0.0082347819855191,0.6442105263157895,0.6631578947368421,False,0.655946877376039,0.5922237330515029,0.715765812492991,2000,169,475
B2_corrected_ts5,pointnet2,softmax,subject,accuracy,5,0.4071005917159763,0.0134932002970312,0.3905325443786982,0.4201183431952662,False,0.4071668639053253,0.3384319526627218,0.4757396449704142,2000,169,169
B2_corrected_ts5,pointnet2,softmax,subject,macro_f1,5,0.2969632374727599,0.0230128345656105,0.2730832642484767,0.3319944418499629,False,0.3008590635134796,0.2381248781592413,0.3683364157335331,2000,169,169
B2_corrected_ts5,pointnet2,softmax,subject,macro_auc,5,0.9014429455825392,0.0039904567995885,0.89613740103712,0.906969672841524,False,0.9015151524164636,0.8797219540245057,0.9225494708554008,2000,169,169
B2_corrected_ts5,pointnet2,softmax,subject,top3_accuracy,5,0.591715976331361,0.0093558510655869,0.5798816568047337,0.6035502958579881,False,0.591771597633136,0.5218934911242604,0.659171597633136,2000,169,169
B2_corrected_ts5,pointnet2,softmax,subject,top5_accuracy,5,0.7491124260355029,0.0148519531337409,0.727810650887574,0.7692307692307693,False,0.749396449704142,0.6828402366863905,0.8094674556213018,2000,169,169
B2_corrected_ts5,pointnet2,proto,scan,accuracy,5,0.3157894736842105,0.0080166032693304,0.3052631578947368,0.3263157894736842,False,0.3154990681719443,0.2659613710349005,0.3660947826086956,2000,169,475
B2_corrected_ts5,pointnet2,proto,scan,macro_f1,5,0.2606474659148409,0.0060438976759486,0.2564226681911263,0.2704959066180747,False,0.2630402402993814,0.218503451432429,0.3099657642157356,2000,169,475
B2_corrected_ts5,pointnet2,proto,scan,macro_auc,5,0.8317745723883867,0.0021026313078905,0.8295662464372409,0.8343399831452005,False,0.8432822043860774,0.8155701888670934,0.8715806819634154,2000,169,475
B2_corrected_ts5,pointnet2,proto,scan,top3_accuracy,5,0.5637894736842105,0.0070455581181816,0.5557894736842105,0.5726315789473684,False,0.5634288172501909,0.5076792828685259,0.6187652799780946,2000,169,475
B2_corrected_ts5,pointnet2,proto,scan,top5_accuracy,5,0.6930526315789474,0.0075025388131391,0.6863157894736842,0.7031578947368421,False,0.6930919760646106,0.6372388663967612,0.7470647853736089,2000,169,475
B2_corrected_ts5,pointnet2,proto,subject,accuracy,5,0.4142011834319526,0.0138769697036196,0.3905325443786982,0.4260355029585799,False,0.4140355029585799,0.3467159763313609,0.4852071005917159,2000,169,169
B2_corrected_ts5,pointnet2,proto,subject,macro_f1,5,0.3463037659944077,0.0144086627220742,0.3255096849324354,0.3643534101907307,False,0.3409298002817391,0.2750377270820937,0.4076509254132567,2000,169,169
B2_corrected_ts5,pointnet2,proto,subject,macro_auc,5,0.8807045727204894,0.0039688566915414,0.8751591151654561,0.886208551507485,False,0.8890637929126469,0.8615218777984581,0.9201239965495024,2000,169,169
B2_corrected_ts5,pointnet2,proto,subject,top3_accuracy,5,0.6804733727810651,0.0110699922685619,0.6686390532544378,0.6923076923076923,False,0.6798266272189348,0.6118343195266273,0.744378698224852,2000,169,169
B2_corrected_ts5,pointnet2,proto,subject,top5_accuracy,5,0.7680473372781066,0.0134932002970312,0.7455621301775148,0.7810650887573964,False,0.7679349112426036,0.7052958579881657,0.8260355029585797,2000,169,169
B2_corrected_ts5,pointnet2,knn11,scan,accuracy,5,0.3027368421052632,0.018377391867617,0.2757894736842105,0.3242105263157894,False,0.3035982821101777,0.2507376925400181,0.3572684246112237,2000,169,475
B2_corrected_ts5,pointnet2,knn11,scan,macro_f1,5,0.2331046140718397,0.0183627430336486,0.2068174473910314,0.2574664062221761,False,0.2351243354459347,0.1932030491592451,0.278926485773815,2000,169,475
B2_corrected_ts5,pointnet2,knn11,scan,macro_auc,5,0.7719273296555906,0.0030636522459417,0.7686842871807423,0.7766890935874694,False,0.7902149075888389,0.7579411657587988,0.8259053274199845,2000,169,475
B2_corrected_ts5,pointnet2,knn11,subject,accuracy,5,0.3266272189349112,0.0255878678230055,0.2899408284023668,0.3609467455621302,False,0.3269792899408283,0.2674556213017751,0.3870118343195264,2000,169,169
B2_corrected_ts5,pointnet2,knn11,subject,macro_f1,5,0.239262494589287,0.0377216938184469,0.1948058318570852,0.2809564912576451,False,0.2375221666951051,0.1860688152403952,0.2898984177035057,2000,169,169
B2_corrected_ts5,pointnet2,knn11,subject,macro_auc,5,0.8166458170562712,0.0030295445679869,0.813282102846184,0.8210391164199514,False,0.8343058583350764,0.7989567487793735,0.8758955725983337,2000,169,169
C_corrected_ts1,geommlp,softmax,scan,accuracy,1,0.848859576806815,0.0,0.848859576806815,0.848859576806815,True,0.8487965913375957,0.8337948251526566,0.8646100900428711,2000,2658,3639
C_corrected_ts1,geommlp,softmax,scan,macro_f1,1,0.8453394349088009,0.0,0.8453394349088009,0.8453394349088009,True,0.84512299889773,0.8291439877191924,0.8612506161761079,2000,2658,3639
C_corrected_ts1,geommlp,softmax,scan,macro_auc,1,0.9138497592786,0.0,0.9138497592786,0.9138497592786,True,0.9137864940975148,0.9017651647113484,0.92534112290687,2000,2658,3639
C_corrected_ts1,geommlp,softmax,subject,accuracy,1,0.8649360421369451,0.0,0.8649360421369451,0.8649360421369451,True,0.8649495861550037,0.8525206922498119,0.8781132430398796,2000,2658,2658
C_corrected_ts1,geommlp,softmax,subject,macro_f1,1,0.8244054590940584,0.0,0.8244054590940584,0.8244054590940584,True,0.8242530318990987,0.8080674638639628,0.8406338981984521,2000,2658,2658
C_corrected_ts1,geommlp,softmax,subject,macro_auc,1,0.902500481044646,0.0,0.902500481044646,0.902500481044646,True,0.902485545096943,0.889564923432331,0.9150472035859724,2000,2658,2658
C_corrected_ts1,pointnet,softmax,scan,accuracy,1,0.8774388568287991,0.0,0.8774388568287991,0.8774388568287991,True,0.8773458918005079,0.8645569263329695,0.890940144945671,2000,2658,3639
C_corrected_ts1,pointnet,softmax,scan,macro_f1,1,0.8739073483619548,0.0,0.8739073483619548,0.8739073483619548,True,0.8736789783293757,0.8598932899944588,0.8877155779520463,2000,2658,3639
C_corrected_ts1,pointnet,softmax,scan,macro_auc,1,0.9383900463300936,0.0,0.9383900463300936,0.9383900463300936,True,0.9383554419851824,0.9278891508329076,0.9481911642381036,2000,2658,3639
C_corrected_ts1,pointnet,softmax,subject,accuracy,1,0.8848758465011287,0.0,0.8848758465011287,0.8848758465011287,True,0.8848243039879609,0.8724604966139955,0.8972911963882618,2000,2658,2658
C_corrected_ts1,pointnet,softmax,subject,macro_f1,1,0.847490806486574,0.0,0.847490806486574,0.847490806486574,True,0.8472807304597834,0.8316201193294839,0.8629838366521755,2000,2658,2658
C_corrected_ts1,pointnet,softmax,subject,macro_auc,1,0.927187033816524,0.0,0.927187033816524,0.927187033816524,True,0.927222471701132,0.9161291386337838,0.9376540573398368,2000,2658,2658
C_corrected_ts1,dgcnn,softmax,scan,accuracy,1,0.8920032976092334,0.0,0.8920032976092334,0.8920032976092334,True,0.8919282831959051,0.8798342541436464,0.9036751616605044,2000,2658,3639
C_corrected_ts1,dgcnn,softmax,scan,macro_f1,1,0.8896627923743855,0.0,0.8896627923743855,0.8896627923743855,True,0.8894738874862625,0.8766089049214834,0.9016033394111695,2000,2658,3639
C_corrected_ts1,dgcnn,softmax,scan,macro_auc,1,0.9579630663973552,0.0,0.9579630663973552,0.9579630663973552,True,0.9578946190763832,0.9502747133567854,0.9648982215396552,2000,2658,3639
C_corrected_ts1,dgcnn,softmax,subject,accuracy,1,0.8961625282167043,0.0,0.8961625282167043,0.8961625282167043,True,0.896117381489842,0.8844996237772762,0.90744920993228,2000,2658,2658
C_corrected_ts1,dgcnn,softmax,subject,macro_f1,1,0.8691317765845479,0.0,0.8691317765845479,0.8691317765845479,True,0.8689386970261909,0.8545507245604814,0.8826003730758445,2000,2658,2658
C_corrected_ts1,dgcnn,softmax,subject,macro_auc,1,0.953216121836354,0.0,0.953216121836354,0.953216121836354,True,0.953134096091312,0.944689813120076,0.9605121272178816,2000,2658,2658
C_corrected_ts1,pointnet2,softmax,scan,accuracy,5,0.9072822203902172,0.00264723156445,0.9043693322341304,0.9104149491618576,False,0.9072345560927444,0.8966720795399431,0.9170965328529184,2000,2658,3639
C_corrected_ts1,pointnet2,softmax,scan,macro_f1,5,0.9041594723780072,0.0027390669588151,0.9012675210364708,0.9074153910125856,False,0.9039996069967696,0.8928787391089368,0.9144388953884952,2000,2658,3639
C_corrected_ts1,pointnet2,softmax,scan,macro_auc,5,0.96319255164684,0.0006295005252608,0.9624351599248728,0.964104118140807,False,0.9631795182609294,0.9558003891693146,0.9697445549941524,2000,2658,3639
C_corrected_ts1,pointnet2,softmax,subject,accuracy,5,0.9182844243792324,0.0018697928728049,0.9149736644093304,0.9194883370955604,False,0.918229194883371,0.908803611738149,0.92686230248307,2000,2658,2658
C_corrected_ts1,pointnet2,softmax,subject,macro_f1,5,0.8925699678129639,0.0024543026182457,0.8882396235584089,0.8940712434075266,False,0.8923759648950685,0.8799129657482442,0.903816458970062,2000,2658,2658
C_corrected_ts1,pointnet2,softmax,subject,macro_auc,5,0.9592437392862396,0.0005020788277064,0.958449997329562,0.9597954590848664,False,0.9591638667430542,0.950956211985792,0.9663863507299744,2000,2658,2658
C_corrected_ts2,geommlp,softmax,scan,accuracy,1,0.8516075845012366,0.0,0.8516075845012366,0.8516075845012366,True,0.851585813947218,0.8367513778019108,0.8666517320864048,2000,2658,3639
C_corrected_ts2,geommlp,softmax,scan,macro_f1,1,0.8484040091093679,0.0,0.8484040091093679,0.8484040091093679,True,0.8482377159623763,0.8325334402682307,0.8642752000466748,2000,2658,3639
C_corrected_ts2,geommlp,softmax,scan,macro_auc,1,0.91089984262555,0.0,0.91089984262555,0.91089984262555,True,0.9108784043598313,0.898507581891494,0.9229464142043348,2000,2658,3639
C_corrected_ts2,geommlp,softmax,subject,accuracy,1,0.8600451467268623,0.0,0.8600451467268623,0.8600451467268623,True,0.8601117381489841,0.8472535741158767,0.873589164785553,2000,2658,2658
C_corrected_ts2,geommlp,softmax,subject,macro_f1,1,0.8184726215260567,0.0,0.8184726215260567,0.8184726215260567,True,0.8183950341135499,0.8016951278544333,0.8354178758352829,2000,2658,2658
C_corrected_ts2,geommlp,softmax,subject,macro_auc,1,0.8967645266337776,0.0,0.8967645266337776,0.8967645266337776,True,0.8968105222861615,0.8835861483956955,0.90926173477817,2000,2658,2658
C_corrected_ts2,pointnet,softmax,scan,accuracy,1,0.8680956306677658,0.0,0.8680956306677658,0.8680956306677658,True,0.8681763283409835,0.8546217496542287,0.881994543453208,2000,2658,3639
C_corrected_ts2,pointnet,softmax,scan,macro_f1,1,0.8637622922178405,0.0,0.8637622922178405,0.8637622922178405,True,0.8637007931605961,0.8490259727700785,0.8780528132925393,2000,2658,3639
C_corrected_ts2,pointnet,softmax,scan,macro_auc,1,0.92850055637118,0.0,0.92850055637118,0.92850055637118,True,0.9284206380912596,0.9172890743491554,0.9391958623691704,2000,2658,3639
C_corrected_ts2,pointnet,softmax,subject,accuracy,1,0.873589164785553,0.0,0.873589164785553,0.873589164785553,True,0.8736331828442438,0.8611738148984198,0.8863807373965388,2000,2658,2658
C_corrected_ts2,pointnet,softmax,subject,macro_f1,1,0.8311979042629197,0.0,0.8311979042629197,0.8311979042629197,True,0.8311172371315841,0.8146224892583027,0.8475988953105321,2000,2658,2658
C_corrected_ts2,pointnet,softmax,subject,macro_auc,1,0.9159148591215942,0.0,0.9159148591215942,0.9159148591215942,True,0.9159006442974812,0.903908042397203,0.9279198412878472,2000,2658,2658
C_corrected_ts2,dgcnn,softmax,scan,accuracy,1,0.8837592745259687,0.0,0.8837592745259687,0.8837592745259687,True,0.8836323211444693,0.8707735206471481,0.8959242226858153,2000,2658,3639
C_corrected_ts2,dgcnn,softmax,scan,macro_f1,1,0.8817702196322342,0.0,0.8817702196322342,0.8817702196322342,True,0.8815269112646208,0.8681758671521115,0.8942065028307101,2000,2658,3639
C_corrected_ts2,dgcnn,softmax,scan,macro_auc,1,0.9535061946385824,0.0,0.9535061946385824,0.9535061946385824,True,0.9534400297151208,0.9453822678890316,0.9611582630721032,2000,2658,3639
C_corrected_ts2,dgcnn,softmax,subject,accuracy,1,0.8863807373965388,0.0,0.8863807373965388,0.8863807373965388,True,0.8861803987960872,0.8739653875094056,0.8972911963882618,2000,2658,2658
C_corrected_ts2,dgcnn,softmax,subject,macro_f1,1,0.8594209385947769,0.0,0.8594209385947769,0.8594209385947769,True,0.8590396552086738,0.8443155665605357,0.8736781731740019,2000,2658,2658
C_corrected_ts2,dgcnn,softmax,subject,macro_auc,1,0.949151934750592,0.0,0.949151934750592,0.949151934750592,True,0.9490381932834212,0.9400217519338788,0.9569798492516484,2000,2658,2658
C_corrected_ts2,pointnet2,softmax,scan,accuracy,5,0.90612805715856,0.0041973512470728,0.8999725199230558,0.9106897499312998,False,0.9061504617061672,0.8958656133442506,0.9162488662573532,2000,2658,3639
C_corrected_ts2,pointnet2,softmax,scan,macro_f1,5,0.9032192332038176,0.0042749434661431,0.896932202566883,0.9077650492882894,False,0.9031321242453152,0.8920905631386753,0.9135197380898984,2000,2658,3639
C_corrected_ts2,pointnet2,softmax,scan,macro_auc,5,0.9620025199793482,0.0004675800739678,0.9613652870359612,0.9624759325197246,False,0.9620159841894108,0.9546040540476062,0.96878545205687,2000,2658,3639
C_corrected_ts2,pointnet2,softmax,subject,accuracy,5,0.912565838976674,0.0036340077173945,0.9078254326561324,0.9172310007524456,False,0.9125418359668924,0.9027840481565086,0.9218209179834462,2000,2658,2658
C_corrected_ts2,pointnet2,softmax,subject,macro_f1,5,0.8860224195016638,0.0045069108037227,0.8801652854541624,0.891416487848139,False,0.8858538432153428,0.8734433671162405,0.898061700526967,2000,2658,2658
C_corrected_ts2,pointnet2,softmax,subject,macro_auc,5,0.9578968142772588,0.0008710942036431,0.9568610867438728,0.9592405201281518,False,0.9578510989893968,0.9503343316764344,0.964943866109806,2000,2658,2658
C_corrected_ts3,geommlp,softmax,scan,accuracy,1,0.8507831821929102,0.0,0.8507831821929102,0.8507831821929102,True,0.8507787003621681,0.8355730318443167,0.8662844251728583,2000,2658,3639
C_corrected_ts3,geommlp,softmax,scan,macro_f1,1,0.8475990203341215,0.0,0.8475990203341215,0.8475990203341215,True,0.8474495622699364,0.8312834754980802,0.8636233155015014,2000,2658,3639
C_corrected_ts3,geommlp,softmax,scan,macro_auc,1,0.9128435692997428,0.0,0.9128435692997428,0.9128435692997428,True,0.9127942296706388,0.9005190695451293,0.9244092485008204,2000,2658,3639
C_corrected_ts3,geommlp,softmax,subject,accuracy,1,0.8630549285176825,0.0,0.8630549285176825,0.8630549285176825,True,0.8631237772761474,0.8502633559066968,0.8762227238525206,2000,2658,2658
C_corrected_ts3,geommlp,softmax,subject,macro_f1,1,0.8223764361168941,0.0,0.8223764361168941,0.8223764361168941,True,0.8223100873574604,0.8061952592507705,0.8386139276184151,2000,2658,2658
C_corrected_ts3,geommlp,softmax,subject,macro_auc,1,0.8999149117987265,0.0,0.8999149117987265,0.8999149117987265,True,0.8999048148364452,0.8866702106082454,0.9123306289655494,2000,2658,2658
C_corrected_ts3,pointnet,softmax,scan,accuracy,1,0.8768892552899148,0.0,0.8768892552899148,0.8768892552899148,True,0.8768698119923557,0.863698571973899,0.8899902075316107,2000,2658,3639
C_corrected_ts3,pointnet,softmax,scan,macro_f1,1,0.8731719582218781,0.0,0.8731719582218781,0.8731719582218781,True,0.8730188842564564,0.8593171020991353,0.8868416318647059,2000,2658,3639
C_corrected_ts3,pointnet,softmax,scan,macro_auc,1,0.936808535622356,0.0,0.936808535622356,0.936808535622356,True,0.9367604005032016,0.9266077142505148,0.9469341758472896,2000,2658,3639
C_corrected_ts3,pointnet,softmax,subject,accuracy,1,0.881489841986456,0.0,0.881489841986456,0.881489841986456,True,0.8814924755455229,0.8686982693754702,0.8935383747178329,2000,2658,2658
C_corrected_ts3,pointnet,softmax,subject,macro_f1,1,0.8433909569767031,0.0,0.8433909569767031,0.8433909569767031,True,0.843249748796153,0.8272535770674267,0.8590423005782234,2000,2658,2658
C_corrected_ts3,pointnet,softmax,subject,macro_auc,1,0.9269082839912,0.0,0.9269082839912,0.9269082839912,True,0.9269857249204584,0.9156849540047224,0.937590717418333,2000,2658,2658
C_corrected_ts3,dgcnn,softmax,scan,accuracy,1,0.8867820829898324,0.0,0.8867820829898324,0.8867820829898324,True,0.8867186821275377,0.8738419440976242,0.8987423249714135,2000,2658,3639
C_corrected_ts3,dgcnn,softmax,scan,macro_f1,1,0.8822357478099294,0.0,0.8822357478099294,0.8822357478099294,True,0.8820288802609119,0.8684426852665555,0.8948986577643837,2000,2658,3639
C_corrected_ts3,dgcnn,softmax,scan,macro_auc,1,0.955784644900987,0.0,0.955784644900987,0.955784644900987,True,0.95578251490401,0.947897606951306,0.963227933829597,2000,2658,3639
C_corrected_ts3,dgcnn,softmax,subject,accuracy,1,0.9048156508653122,0.0,0.9048156508653122,0.9048156508653122,True,0.904759969902182,0.8935195635816403,0.9153498871331828,2000,2658,2658
C_corrected_ts3,dgcnn,softmax,subject,macro_f1,1,0.8739679733210339,0.0,0.8739679733210339,0.8739679733210339,True,0.8737261451797498,0.8584417868021682,0.8875403766108155,2000,2658,2658
C_corrected_ts3,dgcnn,softmax,subject,macro_auc,1,0.953343059092768,0.0,0.953343059092768,0.953343059092768,True,0.9533265446060384,0.9451152555530428,0.9606106716447708,2000,2658,2658
C_corrected_ts3,pointnet2,softmax,scan,accuracy,5,0.9029953283869196,0.002727319763847,0.9007969222313824,0.907666941467436,False,0.902848954039145,0.8920913621459392,0.9130251064681016,2000,2658,3639
C_corrected_ts3,pointnet2,softmax,scan,macro_f1,5,0.900149777898184,0.0027358962146633,0.8979865276697621,0.9048604946771228,False,0.8998886837287497,0.8886942030480991,0.9106560153405284,2000,2658,3639
C_corrected_ts3,pointnet2,softmax,scan,macro_auc,5,0.9595830043049648,0.0005297941810373,0.9588369201826364,0.9601246352211849,False,0.9595554435275646,0.951761995739414,0.966838584183626,2000,2658,3639
C_corrected_ts3,pointnet2,softmax,subject,accuracy,5,0.9132430398796088,0.0012646904675674,0.9115876598946576,0.9149736644093304,False,0.9130255455229496,0.90285741158766,0.9223476297968396,2000,2658,2658
C_corrected_ts3,pointnet2,softmax,subject,macro_f1,5,0.8889607433968937,0.0013724421811059,0.8871448716709471,0.8908292721224528,False,0.8885600673524263,0.8760410144055054,0.9002569207945765,2000,2658,2658
C_corrected_ts3,pointnet2,softmax,subject,macro_auc,5,0.9574729096872516,0.0008381070344348,0.956551059871219,0.9583975031039268,False,0.9573718921313602,0.9499327503770324,0.9643214994158962,2000,2658,2658
C_corrected_ts4,geommlp,softmax,scan,accuracy,1,0.8507831821929102,0.0,0.8507831821929102,0.8507831821929102,True,0.8507474810718333,0.8359222132423276,0.8653304972938775,2000,2658,3639
C_corrected_ts4,geommlp,softmax,scan,macro_f1,1,0.8465559128107503,0.0,0.8465559128107503,0.8465559128107503,True,0.8463735291222927,0.8302164858425778,0.8620255566935595,2000,2658,3639
C_corrected_ts4,geommlp,softmax,scan,macro_auc,1,0.9136164623739622,0.0,0.9136164623739622,0.9136164623739622,True,0.9137031509970012,0.9012641678792443,0.9251817841553548,2000,2658,3639
C_corrected_ts4,geommlp,softmax,subject,accuracy,1,0.8664409330323551,0.0,0.8664409330323551,0.8664409330323551,True,0.8665150489089541,0.8536493604213694,0.8796087283671934,2000,2658,2658
C_corrected_ts4,geommlp,softmax,subject,macro_f1,1,0.8236769134836082,0.0,0.8236769134836082,0.8236769134836082,True,0.8236340686332408,0.8072744821125447,0.8399330988574193,2000,2658,2658
C_corrected_ts4,geommlp,softmax,subject,macro_auc,1,0.8986001783706231,0.0,0.8986001783706231,0.8986001783706231,True,0.8987744106765133,0.8850297327374964,0.911227762193331,2000,2658,2658
C_corrected_ts4,pointnet,softmax,scan,accuracy,1,0.8749656499038198,0.0,0.8749656499038198,0.8749656499038198,True,0.8749013007671398,0.8619829707916659,0.8880120042258746,2000,2658,3639
C_corrected_ts4,pointnet,softmax,scan,macro_f1,1,0.8702181118294893,0.0,0.8702181118294893,0.8702181118294893,True,0.8700038443696091,0.8557132510666142,0.8836589317661544,2000,2658,3639
C_corrected_ts4,pointnet,softmax,scan,macro_auc,1,0.9379265590042354,0.0,0.9379265590042354,0.9379265590042354,True,0.937871797170332,0.927917717311191,0.947212208770898,2000,2658,3639
C_corrected_ts4,pointnet,softmax,subject,accuracy,1,0.8856282919488337,0.0,0.8856282919488337,0.8856282919488337,True,0.8856363807373966,0.8735797592174567,0.8976674191121143,2000,2658,2658
C_corrected_ts4,pointnet,softmax,subject,macro_f1,1,0.8450669981999339,0.0,0.8450669981999339,0.8450669981999339,True,0.8449288693863327,0.8286049748783602,0.8603368632127011,2000,2658,2658
C_corrected_ts4,pointnet,softmax,subject,macro_auc,1,0.927284340185994,0.0,0.927284340185994,0.927284340185994,True,0.9272723933102406,0.916498774344114,0.9384834598730396,2000,2658,2658
C_corrected_ts4,dgcnn,softmax,scan,accuracy,1,0.8788128606760099,0.0,0.8788128606760099,0.8788128606760099,True,0.8787591922661202,0.8661096839320525,0.8914840998043053,2000,2658,3639
C_corrected_ts4,dgcnn,softmax,scan,macro_f1,1,0.875237826098618,0.0,0.875237826098618,0.875237826098618,True,0.8750468287154727,0.8616571246148401,0.8884463633775288,2000,2658,3639
C_corrected_ts4,dgcnn,softmax,scan,macro_auc,1,0.9471152263042104,0.0,0.9471152263042104,0.9471152263042104,True,0.9470867066516524,0.938165350618735,0.9558071672697832,2000,2658,3639
C_corrected_ts4,dgcnn,softmax,subject,accuracy,1,0.8893905191873589,0.0,0.8893905191873589,0.8893905191873589,True,0.8893589164785554,0.8777276147479308,0.9010534236267872,2000,2658,2658
C_corrected_ts4,dgcnn,softmax,subject,macro_f1,1,0.8555853375833091,0.0,0.8555853375833091,0.8555853375833091,True,0.8553706107754487,0.8398602070002955,0.8710483341618295,2000,2658,2658
C_corrected_ts4,dgcnn,softmax,subject,macro_auc,1,0.9417998166543144,0.0,0.9417998166543144,0.9417998166543144,True,0.9417046841912252,0.9319905058659532,0.9508374993199584,2000,2658,2658
C_corrected_ts4,pointnet2,softmax,scan,accuracy,5,0.9015663643858204,0.0011883346144786,0.9002473206924979,0.9029953283869196,False,0.901647672419584,0.8909288929375201,0.9119028968374556,2000,2658,3639
C_corrected_ts4,pointnet2,softmax,scan,macro_f1,5,0.8980392985114666,0.0012046796586663,0.8966380934592633,0.8995068857857733,False,0.898006170618578,0.886906713001448,0.909002769827836,2000,2658,3639
C_corrected_ts4,pointnet2,softmax,scan,macro_auc,5,0.9627101613693876,0.0005523893627355,0.9618356086253376,0.9632016070460014,False,0.9627275525802724,0.9553389839914664,0.969645942094592,2000,2658,3639
C_corrected_ts4,pointnet2,softmax,subject,accuracy,5,0.91196388261851,0.000752445447705,0.9108352144469526,0.9127163280662152,False,0.911932242287434,0.9017287434161024,0.9211455981941308,2000,2658,2658
C_corrected_ts4,pointnet2,softmax,subject,macro_f1,5,0.8839890065524161,0.0011273420882301,0.8824006877349271,0.8854937508216739,False,0.883820301315988,0.8708653233653565,0.8958908101302588,2000,2658,2658
C_corrected_ts4,pointnet2,softmax,subject,macro_auc,5,0.95854419428497,0.0010337952835207,0.9575773494183932,0.9597387580049122,False,0.9584485352713052,0.9506396942942592,0.9654146588616398,2000,2658,2658
C_corrected_ts5,geommlp,softmax,scan,accuracy,1,0.8477603737290464,0.0,0.8477603737290464,0.8477603737290464,True,0.8477782037964816,0.8324863510518979,0.8629442350566073,2000,2658,3639
C_corrected_ts5,geommlp,softmax,scan,macro_f1,1,0.8442672921499825,0.0,0.8442672921499825,0.8442672921499825,True,0.8441377398252081,0.8280227853372517,0.8600008322987778,2000,2658,3639
C_corrected_ts5,geommlp,softmax,scan,macro_auc,1,0.9135214039813934,0.0,0.9135214039813934,0.9135214039813934,True,0.913563625605818,0.9012852362882016,0.9252089197052642,2000,2658,3639
C_corrected_ts5,geommlp,softmax,subject,accuracy,1,0.8630549285176825,0.0,0.8630549285176825,0.8630549285176825,True,0.8631002633559067,0.8498871331828443,0.8765989465763732,2000,2658,2658
C_corrected_ts5,geommlp,softmax,subject,macro_f1,1,0.8220434565408841,0.0,0.8220434565408841,0.8220434565408841,True,0.8219493653319139,0.8053705251975513,0.8381643429867801,2000,2658,2658
C_corrected_ts5,geommlp,softmax,subject,macro_auc,1,0.9004833858519465,0.0,0.9004833858519465,0.9004833858519465,True,0.900589457390237,0.8875650454335585,0.912773662958787,2000,2658,2658
C_corrected_ts5,pointnet,softmax,scan,accuracy,1,0.875515251442704,0.0,0.875515251442704,0.875515251442704,True,0.8754949005052538,0.8622617509801537,0.8894398983576413,2000,2658,3639
C_corrected_ts5,pointnet,softmax,scan,macro_f1,1,0.8713865108158815,0.0,0.8713865108158815,0.8713865108158815,True,0.8712269162008709,0.8567328943149106,0.886316071140617,2000,2658,3639
C_corrected_ts5,pointnet,softmax,scan,macro_auc,1,0.9349331515833436,0.0,0.9349331515833436,0.9349331515833436,True,0.9348405655152954,0.9245081689964176,0.9450690597067014,2000,2658,3639
C_corrected_ts5,pointnet,softmax,subject,accuracy,1,0.8848758465011287,0.0,0.8848758465011287,0.8848758465011287,True,0.8849018058690745,0.872836719337848,0.8980436418359669,2000,2658,2658
C_corrected_ts5,pointnet,softmax,subject,macro_f1,1,0.8451723581296752,0.0,0.8451723581296752,0.8451723581296752,True,0.8450739714835236,0.8289931010779509,0.8614031969147148,2000,2658,2658
C_corrected_ts5,pointnet,softmax,subject,macro_auc,1,0.925504292088846,0.0,0.925504292088846,0.925504292088846,True,0.9255000194256544,0.9140939331298136,0.936249290091707,2000,2658,2658
C_corrected_ts5,dgcnn,softmax,scan,accuracy,1,0.8793624622148942,0.0,0.8793624622148942,0.8793624622148942,True,0.8792943316955665,0.8669247540567856,0.8921589461120341,2000,2658,3639
C_corrected_ts5,dgcnn,softmax,scan,macro_f1,1,0.876788158244345,0.0,0.876788158244345,0.876788158244345,True,0.8765943015138273,0.8630531797482707,0.890154123722073,2000,2658,3639
C_corrected_ts5,dgcnn,softmax,scan,macro_auc,1,0.9468316043682128,0.0,0.9468316043682128,0.9468316043682128,True,0.9468016289590144,0.9381144597839092,0.9549855116389702,2000,2658,3639
C_corrected_ts5,dgcnn,softmax,subject,accuracy,1,0.8886380737396539,0.0,0.8886380737396539,0.8886380737396539,True,0.8885852144469526,0.8773513920240783,0.9003009781790821,2000,2658,2658
C_corrected_ts5,dgcnn,softmax,subject,macro_f1,1,0.8580406942503782,0.0,0.8580406942503782,0.8580406942503782,True,0.8578214091077874,0.843241899668875,0.8728337969621415,2000,2658,2658
C_corrected_ts5,dgcnn,softmax,subject,macro_auc,1,0.942135633373012,0.0,0.942135633373012,0.942135633373012,True,0.9420856999702116,0.9327504719333628,0.9511482312647906,2000,2658,2658
C_corrected_ts5,pointnet2,softmax,scan,accuracy,5,0.9088211046990932,0.0014065934478779,0.9065677383896676,0.9101401483924156,False,0.908806968754857,0.8980422980131286,0.9188896396396398,2000,2658,3639
C_corrected_ts5,pointnet2,softmax,scan,macro_f1,5,0.9061314234766584,0.0014334234041791,0.9038206804426832,0.9074358187901352,False,0.9060109224684296,0.8948043415439118,0.916543080035144,2000,2658,3639
C_corrected_ts5,pointnet2,softmax,scan,macro_auc,5,0.9650746301576166,0.0003110928362298,0.9647439760626816,0.9655735624592664,False,0.9650985399173588,0.9577415372925614,0.9717361867078864,2000,2658,3639
C_corrected_ts5,pointnet2,softmax,subject,accuracy,5,0.9167795334838224,0.0025847349943291,0.9142212189616252,0.9198645598194132,False,0.9166784800601956,0.9066215199398044,0.9260364936042136,2000,2658,2658
C_corrected_ts5,pointnet2,softmax,subject,macro_f1,5,0.892160700756356,0.0033239874716006,0.8887412841611315,0.8960123502255055,False,0.8919031660907922,0.8795756215578882,0.903808109711384,2000,2658,2658
C_corrected_ts5,pointnet2,softmax,subject,macro_auc,5,0.9633990870760314,0.0006340263415321,0.962821833500754,0.9642563708235996,False,0.9633562772644374,0.9564912786523324,0.9694515787029588,2000,2658,2658
A2_fix_ts1,geommlp,softmax,scan,accuracy,1,0.7378640776699029,0.0,0.7378640776699029,0.7378640776699029,True,0.7378286407766991,0.7106796116504854,0.7650485436893204,2000,1030,1030
A2_fix_ts1,geommlp,softmax,scan,macro_f1,1,0.5827557027888303,0.0,0.5827557027888303,0.5827557027888303,True,0.5823973036107337,0.5492393349071519,0.6159312099507166,2000,1030,1030
A2_fix_ts1,geommlp,softmax,scan,macro_auc,1,0.6560626899088438,0.0,0.6560626899088438,0.6560626899088438,True,0.6550624527356077,0.6111430830398636,0.6962721419357495,2000,1030,1030
A2_fix_ts1,pointnet,softmax,scan,accuracy,1,0.641747572815534,0.0,0.641747572815534,0.641747572815534,True,0.641397572815534,0.612621359223301,0.670873786407767,2000,1030,1030
A2_fix_ts1,pointnet,softmax,scan,macro_f1,1,0.5595306388526727,0.0,0.5595306388526727,0.5595306388526727,True,0.5591847556403848,0.5268740152778352,0.5928566263556699,2000,1030,1030
A2_fix_ts1,pointnet,softmax,scan,macro_auc,1,0.657527586758356,0.0,0.657527586758356,0.657527586758356,True,0.6568631591742234,0.6144644299980305,0.6994914210996181,2000,1030,1030
A2_fix_ts1,dgcnn,softmax,scan,accuracy,1,0.7864077669902912,0.0,0.7864077669902912,0.7864077669902912,True,0.7862213592233008,0.7611650485436893,0.8106796116504854,2000,1030,1030
A2_fix_ts1,dgcnn,softmax,scan,macro_f1,1,0.6733288739216681,0.0,0.6733288739216681,0.6733288739216681,True,0.672953328096889,0.6394038158713883,0.707166746016011,2000,1030,1030
A2_fix_ts1,dgcnn,softmax,scan,macro_auc,1,0.7743930913161683,0.0,0.7743930913161683,0.7743930913161683,True,0.7739738728697736,0.7388646830064738,0.8100378142403433,2000,1030,1030
A2_fix_ts1,pointnet2,softmax,scan,accuracy,5,0.8178640776699029,0.0044807692268793,0.8116504854368932,0.8233009708737864,False,0.8175336893203884,0.7968932038834952,0.8374757281553397,2000,1030,1030
A2_fix_ts1,pointnet2,softmax,scan,macro_f1,5,0.7279675493456114,0.0058851227140443,0.7233084455866714,0.7365688840225675,False,0.7272787195503365,0.6973931677465237,0.7554757712763802,2000,1030,1030
A2_fix_ts1,pointnet2,softmax,scan,macro_auc,5,0.8522091795937949,0.003180170293252,0.8496401727170958,0.8563825363825364,False,0.8516434995826613,0.8226444381786708,0.8772446554963049,2000,1030,1030
A2_fix_ts2,geommlp,softmax,scan,accuracy,1,0.7126213592233009,0.0,0.7126213592233009,0.7126213592233009,True,0.7125941747572816,0.683495145631068,0.7407766990291262,2000,1030,1030
A2_fix_ts2,geommlp,softmax,scan,macro_f1,1,0.5932416855227768,0.0,0.5932416855227768,0.5932416855227768,True,0.5928942266877493,0.5575017905187797,0.6273298535178593,2000,1030,1030
A2_fix_ts2,geommlp,softmax,scan,macro_auc,1,0.6514888853350392,0.0,0.6514888853350392,0.6514888853350392,True,0.6506248295694983,0.606213252482938,0.6947534664762821,2000,1030,1030
A2_fix_ts2,pointnet,softmax,scan,accuracy,1,0.7592233009708738,0.0,0.7592233009708738,0.7592233009708738,True,0.7591378640776699,0.7339805825242719,0.7854368932038835,2000,1030,1030
A2_fix_ts2,pointnet,softmax,scan,macro_f1,1,0.6451453370452487,0.0,0.6451453370452487,0.6451453370452487,True,0.6448988078604004,0.6100055527397649,0.679354827204113,2000,1030,1030
A2_fix_ts2,pointnet,softmax,scan,macro_auc,1,0.7679321925475772,0.0,0.7679321925475772,0.7679321925475772,True,0.7676160673813675,0.733070090362284,0.8038345139228223,2000,1030,1030
A2_fix_ts2,dgcnn,softmax,scan,accuracy,1,0.841747572815534,0.0,0.841747572815534,0.841747572815534,True,0.8414014563106795,0.8194174757281554,0.8631067961165049,2000,1030,1030
A2_fix_ts2,dgcnn,softmax,scan,macro_f1,1,0.7566878593198159,0.0,0.7566878593198159,0.7566878593198159,True,0.7560983336624723,0.7248808372592306,0.78766201490465,2000,1030,1030
A2_fix_ts2,dgcnn,softmax,scan,macro_auc,1,0.8566192227730689,0.0,0.8566192227730689,0.8566192227730689,True,0.8557750178279714,0.8261357507258068,0.883588272482672,2000,1030,1030
A2_fix_ts2,pointnet2,softmax,scan,accuracy,5,0.8184466019417476,0.0088716829526684,0.8058252427184466,0.8281553398058252,False,0.8180880582524271,0.7978592233009708,0.8384466019417476,2000,1030,1030
A2_fix_ts2,pointnet2,softmax,scan,macro_f1,5,0.731863008246245,0.0093767487450268,0.7201086956521738,0.7454947503318996,False,0.7312050246458497,0.7023039903834264,0.7596490471999247,2000,1030,1030
A2_fix_ts2,pointnet2,softmax,scan,macro_auc,5,0.8476238605469375,0.0026583163738988,0.8440492563569487,0.850625299856069,False,0.8469229853718554,0.8156921909980545,0.8759005852511035,2000,1030,1030
A2_fix_ts3,geommlp,softmax,scan,accuracy,1,0.7009708737864078,0.0,0.7009708737864078,0.7009708737864078,True,0.7010766990291262,0.670873786407767,0.7300970873786408,2000,1030,1030
A2_fix_ts3,geommlp,softmax,scan,macro_f1,1,0.579248366013072,0.0,0.579248366013072,0.579248366013072,True,0.5791307432517556,0.5458787712569251,0.6130207427896973,2000,1030,1030
A2_fix_ts3,geommlp,softmax,scan,macro_auc,1,0.6518279225971534,0.0,0.6518279225971534,0.6518279225971534,True,0.6510949087164265,0.6082506632674212,0.6926376080167598,2000,1030,1030
A2_fix_ts3,pointnet,softmax,scan,accuracy,1,0.7349514563106796,0.0,0.7349514563106796,0.7349514563106796,True,0.7350276699029126,0.7077669902912621,0.7631067961165049,2000,1030,1030
A2_fix_ts3,pointnet,softmax,scan,macro_f1,1,0.6137346130546409,0.0,0.6137346130546409,0.6137346130546409,True,0.6136491474237857,0.5797269125189654,0.647692009709178,2000,1030,1030
A2_fix_ts3,pointnet,softmax,scan,macro_auc,1,0.7153366384135615,0.0,0.7153366384135615,0.7153366384135615,True,0.7148059562169763,0.6737945636993509,0.7535386459488492,2000,1030,1030
A2_fix_ts3,dgcnn,softmax,scan,accuracy,1,0.8281553398058252,0.0,0.8281553398058252,0.8281553398058252,True,0.8278723300970874,0.8038834951456311,0.8495388349514561,2000,1030,1030
A2_fix_ts3,dgcnn,softmax,scan,macro_f1,1,0.7195312752396468,0.0,0.7195312752396468,0.7195312752396468,True,0.71883729605534,0.6843835311159396,0.7519377995947202,2000,1030,1030
A2_fix_ts3,dgcnn,softmax,scan,macro_auc,1,0.8399232368463138,0.0,0.8399232368463138,0.8399232368463138,True,0.8394496142810662,0.8085510013263925,0.8686195540470674,2000,1030,1030
A2_fix_ts3,pointnet2,softmax,scan,accuracy,5,0.7667961165048544,0.0074066916981594,0.7592233009708738,0.7776699029126214,False,0.7665883495145631,0.7452378640776699,0.7881553398058252,2000,1030,1030
A2_fix_ts3,pointnet2,softmax,scan,macro_f1,5,0.6949261760458225,0.0099809522693502,0.6861638361638361,0.7094835687690217,False,0.6945345744636756,0.6678973791971635,0.7208730892568853,2000,1030,1030
A2_fix_ts3,pointnet2,softmax,scan,macro_auc,5,0.8495851591236206,0.0080337203325697,0.8384583399968015,0.8572589157204542,False,0.8490805354138797,0.8230358805868687,0.8758293249941435,2000,1030,1030
A2_fix_ts4,geommlp,softmax,scan,accuracy,1,0.7135922330097088,0.0,0.7135922330097088,0.7135922330097088,True,0.7133868932038836,0.6854368932038835,0.7398058252427184,2000,1030,1030
A2_fix_ts4,geommlp,softmax,scan,macro_f1,1,0.5826069994546486,0.0,0.5826069994546486,0.5826069994546486,True,0.5820360867832048,0.5471476951539451,0.6166986745038509,2000,1030,1030
A2_fix_ts4,geommlp,softmax,scan,macro_auc,1,0.6529793699024469,0.0,0.6529793699024469,0.6529793699024469,True,0.6520532441777972,0.6080997889020973,0.6954986455975367,2000,1030,1030
A2_fix_ts4,pointnet,softmax,scan,accuracy,1,0.7436893203883496,0.0,0.7436893203883496,0.7436893203883496,True,0.7434368932038835,0.7165048543689321,0.7689320388349514,2000,1030,1030
A2_fix_ts4,pointnet,softmax,scan,macro_f1,1,0.6172491258888908,0.0,0.6172491258888908,0.6172491258888908,True,0.6167206436458135,0.5827063617826561,0.6511319038687513,2000,1030,1030
A2_fix_ts4,pointnet,softmax,scan,macro_auc,1,0.6770190308651847,0.0,0.6770190308651847,0.6770190308651847,True,0.6762108522633535,0.6355225452629191,0.7186157964377062,2000,1030,1030
A2_fix_ts4,dgcnn,softmax,scan,accuracy,1,0.8262135922330097,0.0,0.8262135922330097,0.8262135922330097,True,0.8260611650485437,0.8029126213592233,0.8485436893203884,2000,1030,1030
A2_fix_ts4,dgcnn,softmax,scan,macro_f1,1,0.7259542994570218,0.0,0.7259542994570218,0.7259542994570218,True,0.7255200821279999,0.6919839276333537,0.7585129894868883,2000,1030,1030
A2_fix_ts4,dgcnn,softmax,scan,macro_auc,1,0.8334751319366704,0.0,0.8334751319366704,0.8334751319366704,True,0.8327817947162445,0.7997462732170374,0.8634408866407971,2000,1030,1030
A2_fix_ts4,pointnet2,softmax,scan,accuracy,5,0.7912621359223302,0.0046561471100123,0.7873786407766991,0.7980582524271844,False,0.7910922330097087,0.7695097087378641,0.8124320388349515,2000,1030,1030
A2_fix_ts4,pointnet2,softmax,scan,macro_f1,5,0.7039487126024477,0.0042231889345591,0.700388510708949,0.7098104232021629,False,0.7035383797073282,0.6757027057806724,0.7319223858788938,2000,1030,1030
A2_fix_ts4,pointnet2,softmax,scan,macro_auc,5,0.8396980649288341,0.003217901600601,0.8363409563409563,0.8449512234127619,False,0.838964979462758,0.808730027833357,0.867815315115614,2000,1030,1030
A2_fix_ts5,geommlp,softmax,scan,accuracy,1,0.7427184466019418,0.0,0.7427184466019418,0.7427184466019418,True,0.7425995145631068,0.7155339805825243,0.7699271844660193,2000,1030,1030
A2_fix_ts5,geommlp,softmax,scan,macro_f1,1,0.5833657695941727,0.0,0.5833657695941727,0.5833657695941727,True,0.5828718630998563,0.5472787035621465,0.617774130940564,2000,1030,1030
A2_fix_ts5,geommlp,softmax,scan,macro_auc,1,0.6540476571245802,0.0,0.6540476571245802,0.6540476571245802,True,0.652983965635892,0.6100275149470972,0.6953842607469836,2000,1030,1030
A2_fix_ts5,pointnet,softmax,scan,accuracy,1,0.7990291262135922,0.0,0.7990291262135922,0.7990291262135922,True,0.7987878640776699,0.7728155339805826,0.8242718446601942,2000,1030,1030
A2_fix_ts5,pointnet,softmax,scan,macro_f1,1,0.6461661779275802,0.0,0.6461661779275802,0.6461661779275802,True,0.6457318411829267,0.6064234390352105,0.6847756771456442,2000,1030,1030
A2_fix_ts5,pointnet,softmax,scan,macro_auc,1,0.7441803934111626,0.0,0.7441803934111626,0.7441803934111626,True,0.7440494586339367,0.7030081635714132,0.7856649188267207,2000,1030,1030
A2_fix_ts5,dgcnn,softmax,scan,accuracy,1,0.8174757281553398,0.0,0.8174757281553398,0.8174757281553398,True,0.8169495145631067,0.7932038834951456,0.8388349514563107,2000,1030,1030
A2_fix_ts5,dgcnn,softmax,scan,macro_f1,1,0.7265218963257558,0.0,0.7265218963257558,0.7265218963257558,True,0.7257954577776903,0.6935550985596364,0.7570006132258652,2000,1030,1030
A2_fix_ts5,dgcnn,softmax,scan,macro_auc,1,0.8509067647529186,0.0,0.8509067647529186,0.8509067647529186,True,0.8500701102024432,0.8179957054764352,0.8802185692449288,2000,1030,1030
A2_fix_ts5,pointnet2,softmax,scan,accuracy,5,0.7786407766990291,0.0089246486945875,0.7640776699029126,0.7864077669902912,False,0.7784238834951457,0.756504854368932,0.7996116504854369,2000,1030,1030
A2_fix_ts5,pointnet2,softmax,scan,macro_f1,5,0.693352357653825,0.0113007144216195,0.674194467983739,0.7020757406034215,False,0.6930640719259037,0.664147525231121,0.7205310721762709,2000,1030,1030
A2_fix_ts5,pointnet2,softmax,scan,macro_auc,5,0.8275275867583561,0.0044554369824285,0.8222932992163762,0.832323684631377,False,0.8272579784415723,0.7945667180861185,0.8582047005545442,2000,1030,1030
A1_fix_ts1,geommlp,softmax,scan,accuracy,1,0.5743440233236151,0.0,0.5743440233236151,0.5743440233236151,True,0.5741516034985422,0.5441933916423712,0.6054421768707483,2000,1029,1029
A1_fix_ts1,geommlp,softmax,scan,macro_f1,1,0.2731530606294574,0.0,0.2731530606294574,0.2731530606294574,True,0.2726411462020452,0.2466313097705562,0.3021422978197317,2000,1029,1029
A1_fix_ts1,geommlp,softmax,scan,macro_auc,1,0.5781841300336256,0.0,0.5781841300336256,0.5781841300336256,True,0.5782013372053322,0.5321622352173988,0.623677469066933,2000,1029,1029
A1_fix_ts1,pointnet,softmax,scan,accuracy,1,0.7764820213799806,0.0,0.7764820213799806,0.7764820213799806,True,0.7764475218658892,0.749271137026239,0.8017492711370262,2000,1029,1029
A1_fix_ts1,pointnet,softmax,scan,macro_f1,1,0.247215689628141,0.0,0.247215689628141,0.247215689628141,True,0.247424555955768,0.2316036098847514,0.2642112630941795,2000,1029,1029
A1_fix_ts1,pointnet,softmax,scan,macro_auc,1,0.4687785668227147,0.0,0.4687785668227147,0.4687785668227147,True,0.4682798692784667,0.4237289114261821,0.511342257466987,2000,1029,1029
A1_fix_ts1,dgcnn,softmax,scan,accuracy,1,0.652089407191448,0.0,0.652089407191448,0.652089407191448,True,0.6521000971817298,0.622910592808552,0.6793002915451894,2000,1029,1029
A1_fix_ts1,dgcnn,softmax,scan,macro_f1,1,0.3255607170046123,0.0,0.3255607170046123,0.3255607170046123,True,0.3250529949054711,0.2901411238157333,0.3642448701829454,2000,1029,1029
A1_fix_ts1,dgcnn,softmax,scan,macro_auc,1,0.7027077599944673,0.0,0.7027077599944673,0.7027077599944673,True,0.7026867745236031,0.6643845520306907,0.7391726328474763,2000,1029,1029
A1_fix_ts1,pointnet2,softmax,scan,accuracy,5,0.6089407191448009,0.0053933671236196,0.6044703595724004,0.6180758017492711,False,0.6093192419825073,0.582891156462585,0.6340136054421769,2000,1029,1029
A1_fix_ts1,pointnet2,softmax,scan,macro_f1,5,0.2560075555042898,0.002161143707352,0.2531829837891199,0.2583404619332763,False,0.2560764391697474,0.2415253960999094,0.2696681211147352,2000,1029,1029
A1_fix_ts1,pointnet2,softmax,scan,macro_auc,5,0.642118117626528,0.0060570728931711,0.6371505724874442,0.6524435514486684,False,0.6423084259922651,0.6012898831842982,0.6801799826279606,2000,1029,1029
A1_fix_ts2,geommlp,softmax,scan,accuracy,1,0.6015549076773566,0.0,0.6015549076773566,0.6015549076773566,True,0.601547619047619,0.5714285714285714,0.6316812439261419,2000,1029,1029
A1_fix_ts2,geommlp,softmax,scan,macro_f1,1,0.2863869084390863,0.0,0.2863869084390863,0.2863869084390863,True,0.2856843127564594,0.2548047928829841,0.3190567005759451,2000,1029,1029
A1_fix_ts2,geommlp,softmax,scan,macro_auc,1,0.5914688299136219,0.0,0.5914688299136219,0.5914688299136219,True,0.5917921608936856,0.5481940087576103,0.6337441193494134,2000,1029,1029
A1_fix_ts2,pointnet,softmax,scan,accuracy,1,0.6015549076773566,0.0,0.6015549076773566,0.6015549076773566,True,0.6018075801749271,0.5723760932944606,0.6326530612244898,2000,1029,1029
A1_fix_ts2,pointnet,softmax,scan,macro_f1,1,0.2548198390363682,0.0,0.2548198390363682,0.2548198390363682,True,0.2546286007849366,0.2347291179805837,0.2771936104416309,2000,1029,1029
A1_fix_ts2,pointnet,softmax,scan,macro_auc,1,0.5615248556472476,0.0,0.5615248556472476,0.5615248556472476,True,0.5619910231292015,0.5150248036081063,0.6069690820737265,2000,1029,1029
A1_fix_ts2,dgcnn,softmax,scan,accuracy,1,0.7589893100097181,0.0,0.7589893100097181,0.7589893100097181,True,0.758949465500486,0.7317784256559767,0.7852283770651117,2000,1029,1029
A1_fix_ts2,dgcnn,softmax,scan,macro_f1,1,0.3108449852665205,0.0,0.3108449852665205,0.3108449852665205,True,0.3103873873183223,0.2854752856965129,0.3383618104592406,2000,1029,1029
A1_fix_ts2,dgcnn,softmax,scan,macro_auc,1,0.7110699615923833,0.0,0.7110699615923833,0.7110699615923833,True,0.7111964314238709,0.6715205000047438,0.7518150959390759,2000,1029,1029
A1_fix_ts2,pointnet2,softmax,scan,accuracy,5,0.4787172011661808,0.0049838217317621,0.4723032069970845,0.4839650145772595,False,0.4788095238095238,0.4509232264334305,0.5059280855199223,2000,1029,1029
A1_fix_ts2,pointnet2,softmax,scan,macro_f1,5,0.2312594398232568,0.0047175945483439,0.2247059586785634,0.2358666273526954,False,0.2309608770822769,0.2077907020037999,0.2582161173912725,2000,1029,1029
A1_fix_ts2,pointnet2,softmax,scan,macro_auc,5,0.5761554146788759,0.0057739562865684,0.569153720656491,0.5820677122274789,False,0.5762204050072579,0.5377360700848716,0.6146299688363606,2000,1029,1029
A1_fix_ts3,geommlp,softmax,scan,accuracy,1,0.5636540330417882,0.0,0.5636540330417882,0.5636540330417882,True,0.563301749271137,0.532555879494655,0.5957240038872692,2000,1029,1029
A1_fix_ts3,geommlp,softmax,scan,macro_f1,1,0.2819869990795511,0.0,0.2819869990795511,0.2819869990795511,True,0.280735292528708,0.2504326259090787,0.3141692711935757,2000,1029,1029
A1_fix_ts3,geommlp,softmax,scan,macro_auc,1,0.5720260676843287,0.0,0.5720260676843287,0.5720260676843287,True,0.5719188016468968,0.524352167795145,0.6181032125132682,2000,1029,1029
A1_fix_ts3,pointnet,softmax,scan,accuracy,1,0.7755102040816326,0.0,0.7755102040816326,0.7755102040816326,True,0.7753445092322643,0.749271137026239,0.8008017492711369,2000,1029,1029
A1_fix_ts3,pointnet,softmax,scan,macro_f1,1,0.2423610371900469,0.0,0.2423610371900469,0.2423610371900469,True,0.2422750551826428,0.2276945695818153,0.258473076900699,2000,1029,1029
A1_fix_ts3,pointnet,softmax,scan,macro_auc,1,0.5608259312379318,0.0,0.5608259312379318,0.5608259312379318,True,0.5606465068589853,0.5131555250674624,0.6057974187063564,2000,1029,1029
A1_fix_ts3,dgcnn,softmax,scan,accuracy,1,0.7891156462585034,0.0,0.7891156462585034,0.7891156462585034,True,0.7890918367346939,0.7648202137998056,0.814382896015549,2000,1029,1029
A1_fix_ts3,dgcnn,softmax,scan,macro_f1,1,0.2859896097576448,0.0,0.2859896097576448,0.2859896097576448,True,0.285270702114639,0.2541300323614859,0.3228993233113383,2000,1029,1029
A1_fix_ts3,dgcnn,softmax,scan,macro_auc,1,0.6619440277949095,0.0,0.6619440277949095,0.6619440277949095,True,0.6606684214288306,0.6174002011726211,0.7041042337975542,2000,1029,1029
A1_fix_ts3,pointnet2,softmax,scan,accuracy,5,0.6040816326530611,0.0040421058004053,0.5996112730806609,0.60932944606414,False,0.6040134110787171,0.578226433430515,0.6303255587949466,2000,1029,1029
A1_fix_ts3,pointnet2,softmax,scan,macro_f1,5,0.3151472214551822,0.0061953304160166,0.3055624654230232,0.3201196705759115,False,0.3144338980968587,0.2822669955994598,0.349517210560003,2000,1029,1029
A1_fix_ts3,pointnet2,softmax,scan,macro_auc,5,0.7132131937144341,0.0052664411508199,0.7080709440047136,0.7205682640704681,False,0.713492060604161,0.6760321463535284,0.7511368684181213,2000,1029,1029
A1_fix_ts4,geommlp,softmax,scan,accuracy,1,0.5821185617103984,0.0,0.5821185617103984,0.5821185617103984,True,0.5820121477162293,0.5510204081632653,0.6122448979591837,2000,1029,1029
A1_fix_ts4,geommlp,softmax,scan,macro_f1,1,0.2757802449545852,0.0,0.2757802449545852,0.2757802449545852,True,0.2754369002832151,0.2480807205726369,0.3058404044144013,2000,1029,1029
A1_fix_ts4,geommlp,softmax,scan,macro_auc,1,0.59481536869334,0.0,0.59481536869334,0.59481536869334,True,0.5949674172136286,0.5492848708545582,0.6410227348645305,2000,1029,1029
A1_fix_ts4,pointnet,softmax,scan,accuracy,1,0.7793974732750243,0.0,0.7793974732750243,0.7793974732750243,True,0.7793138969873663,0.7541059280855199,0.8056365403304179,2000,1029,1029
A1_fix_ts4,pointnet,softmax,scan,macro_f1,1,0.2359673467346734,0.0,0.2359673467346734,0.2359673467346734,True,0.2357141224383698,0.2229687650728498,0.2504466731768918,2000,1029,1029
A1_fix_ts4,pointnet,softmax,scan,macro_auc,1,0.5674355501350821,0.0,0.5674355501350821,0.5674355501350821,True,0.5674995516239164,0.5296283041314015,0.6074589312231572,2000,1029,1029
A1_fix_ts4,dgcnn,softmax,scan,accuracy,1,0.7482993197278912,0.0,0.7482993197278912,0.7482993197278912,True,0.7480903790087464,0.7220602526724975,0.7745383867832848,2000,1029,1029
A1_fix_ts4,dgcnn,softmax,scan,macro_f1,1,0.308816289026769,0.0,0.308816289026769,0.308816289026769,True,0.3081489468240111,0.2765471716068244,0.3433699407944747,2000,1029,1029
A1_fix_ts4,dgcnn,softmax,scan,macro_auc,1,0.6874588043028607,0.0,0.6874588043028607,0.6874588043028607,True,0.687150366101934,0.6484799316269801,0.7262400360535048,2000,1029,1029
A1_fix_ts4,pointnet2,softmax,scan,accuracy,5,0.7364431486880467,0.0069876299367337,0.7249757045675413,0.7424684159378037,False,0.7365659863945577,0.7115646258503402,0.7611273080660835,2000,1029,1029
A1_fix_ts4,pointnet2,softmax,scan,macro_f1,5,0.2555391727153497,0.0054097354232173,0.2490602358665186,0.2638588124086964,False,0.255623673020736,0.2426999310362208,0.2696455176936319,2000,1029,1029
A1_fix_ts4,pointnet2,softmax,scan,macro_auc,5,0.5818725637969403,0.0213036651852048,0.5579096592318175,0.6136813576588375,False,0.5809253825264534,0.5418412030909195,0.619971505784396,2000,1029,1029
A1_fix_ts5,geommlp,softmax,scan,accuracy,1,0.5860058309037901,0.0,0.5860058309037901,0.5860058309037901,True,0.586098153547133,0.5558551992225461,0.6151846452866859,2000,1029,1029
A1_fix_ts5,geommlp,softmax,scan,macro_f1,1,0.2976105866089054,0.0,0.2976105866089054,0.2976105866089054,True,0.2971897421678789,0.2668203252272815,0.3314577596806913,2000,1029,1029
A1_fix_ts5,geommlp,softmax,scan,macro_auc,1,0.6118685724878107,0.0,0.6118685724878107,0.6118685724878107,True,0.6118753537865741,0.5664498741508173,0.6583125471500436,2000,1029,1029
A1_fix_ts5,pointnet,softmax,scan,accuracy,1,0.750242954324587,0.0,0.750242954324587,0.750242954324587,True,0.7501195335276968,0.7240038872691934,0.7764820213799806,2000,1029,1029
A1_fix_ts5,pointnet,softmax,scan,macro_f1,1,0.241491327412529,0.0,0.241491327412529,0.241491327412529,True,0.2413609278714908,0.2271705649656623,0.2564433154657373,2000,1029,1029
A1_fix_ts5,pointnet,softmax,scan,macro_auc,1,0.4958944599549733,0.0,0.4958944599549733,0.4958944599549733,True,0.4963143448273165,0.4546580302583034,0.5371668209328155,2000,1029,1029
A1_fix_ts5,dgcnn,softmax,scan,accuracy,1,0.543245869776482,0.0,0.543245869776482,0.543245869776482,True,0.5431467444120506,0.5121477162293488,0.5724003887269193,2000,1029,1029
A1_fix_ts5,dgcnn,softmax,scan,macro_f1,1,0.2666289589942706,0.0,0.2666289589942706,0.2666289589942706,True,0.2663327281943745,0.2402981221352792,0.2951001610848763,2000,1029,1029
A1_fix_ts5,dgcnn,softmax,scan,macro_auc,1,0.6561098408122941,0.0,0.6561098408122941,0.6561098408122941,True,0.6560141337640039,0.620121088953422,0.6910398711455933,2000,1029,1029
A1_fix_ts5,pointnet2,softmax,scan,accuracy,5,0.7376093294460642,0.0065911856007048,0.7317784256559767,0.7473275024295433,False,0.7377502429543247,0.7123372206025267,0.7622934888241011,2000,1029,1029
A1_fix_ts5,pointnet2,softmax,scan,macro_f1,5,0.2550042549412837,0.0051116547611081,0.2487306736244557,0.262735326688815,False,0.2548329066493839,0.2408731961918191,0.2696094148112166,2000,1029,1029
A1_fix_ts5,pointnet2,softmax,scan,macro_auc,5,0.5950578347283978,0.0055536626430193,0.5884804593715017,0.6006556645287077,False,0.5960113317202306,0.5531131904143348,0.6380860825958773,2000,1029,1029
