base_task,encoder,head,level,metric,train_seed_mean,train_seed_sd,train_seed_min,train_seed_max,n_train_seeds,infer_seed_sd,n_units,n_subjects,train_seed_range,boot_ci_lo,boot_ci_hi,boot_ci_width,legacy_value,legacy_ci_lo,legacy_ci_hi,legacy_z,legacy_inside_seed_range
A1,dgcnn,softmax,scan,accuracy,0.6816326530612244,0.07358781288578409,0.6219630709426628,0.8007774538386784,5,0.0,1029,1029,0.1788143828960156,0.6530563654033041,0.7096307094266278,0.05657434402332362,0.7677356656948494,0.7424684159378037,0.7949465500485908,1.170071636281211,True
A1,dgcnn,softmax,scan,f1_class::Cleft Lip,0.013793103448275858,0.030842316931031573,0.0,0.0689655172413793,5,0.0,1029,1029,0.0689655172413793,,,,,,,,False
A1,dgcnn,softmax,scan,f1_class::Cleft Lip and Palate,0.17882491913873677,0.07549215509279286,0.0921052631578947,0.2638888888888889,5,0.0,1029,1029,0.1717836257309942,,,,,,,,False
A1,dgcnn,softmax,scan,f1_class::Cleft Palate,0.0240495137046861,0.033519381725005355,0.0,0.0689655172413793,5,0.0,1029,1029,0.0689655172413793,,,,,,,,False
A1,dgcnn,softmax,scan,f1_class::Unaffected,0.8132776773749735,0.04910957340029125,0.7739018087855297,0.8909487459105779,5,0.0,1029,1029,0.11704693712504821,,,,,,,,False
A1,dgcnn,softmax,scan,macro_auc,0.546855480157818,0.04080282249424303,0.5032794066256552,0.5967248245974297,5,0.0,1029,1029,0.09344541797177452,0.5027678010105007,0.5901900628535097,0.08742226184300905,0.5509136999136456,0.5101888940375554,0.5911463077918703,0.09945929001357995,True
A1,dgcnn,softmax,scan,macro_f1,0.257486303416668,0.01552845943643292,0.2431634339616812,0.2822967839924865,5,0.0,1029,1029,0.039133350030805286,0.2366276925066016,0.28032088432697744,0.04369319182037584,0.2607658137016918,0.2385075839534784,0.2861308180678474,0.2111935378038449,True
A1,geommlp,softmax,scan,accuracy,0.586977648202138,0.02938040127858305,0.5568513119533528,0.6355685131195336,5,0.0,1029,1029,0.07871720116618075,0.5566472303206996,0.6171137026239066,0.06046647230320701,0.565597667638484,0.5364431486880467,0.597667638483965,-0.7276953218211863,True
A1,geommlp,softmax,scan,f1_class::Cleft Lip,0.07757829443399397,0.02100300403387443,0.0620155038759689,0.1098901098901098,5,0.0,1029,1029,0.047874606014140904,,,,,,,,False
A1,geommlp,softmax,scan,f1_class::Cleft Lip and Palate,0.1992882659541766,0.04364514881766893,0.131578947368421,0.2387267904509283,5,0.0,1029,1029,0.1071478430825073,,,,,,,,False
A1,geommlp,softmax,scan,f1_class::Cleft Palate,0.07196285708699099,0.01938186739110574,0.0454545454545454,0.0930232558139534,5,0.0,1029,1029,0.047568710359408004,,,,,,,,False
A1,geommlp,softmax,scan,f1_class::Unaffected,0.7529067735032962,0.025912398934466115,0.7277701778385773,0.7964489537095751,5,0.0,1029,1029,0.0686787758709978,,,,,,,,False
A1,geommlp,softmax,scan,macro_auc,0.5936916249270726,0.01576205876654054,0.577400076274474,0.6118685724878107,5,0.0,1029,1029,0.0344684962133367,0.5487359928669273,0.6392199494875884,0.09048395662066111,0.5987632422239528,0.5551392795752618,0.6399584130585616,0.32176109555219834,True
A1,geommlp,softmax,scan,macro_f1,0.27543404774461444,0.015109678322534867,0.2550364110109983,0.2976105866089054,5,0.0,1029,1029,0.042574175597907105,0.24743881127096187,0.3054281013007162,0.05798929002975431,0.2772093751769742,0.2464785462274712,0.3116633155246897,0.11749604422166915,True
A1,pointnet,softmax,scan,accuracy,0.7343051506316812,0.07152139569267893,0.6219630709426628,0.7959183673469388,5,0.0,1029,1029,0.17395529640427598,0.7072886297376093,0.7607385811467444,0.05344995140913511,0.7473275024295433,0.7201166180758017,0.7745383867832848,0.18207630977753744,True
A1,pointnet,softmax,scan,f1_class::Cleft Lip,0.0,0.0,0.0,0.0,5,0.0,1029,1029,0.0,,,,,,,,False
A1,pointnet,softmax,scan,f1_class::Cleft Lip and Palate,0.10112938643760097,0.050140916489683,0.0264900662251655,0.1584158415841584,5,0.0,1029,1029,0.13192577535899289,,,,,,,,False
A1,pointnet,softmax,scan,f1_class::Cleft Palate,0.0,0.0,0.0,0.0,5,0.0,1029,1029,0.0,,,,,,,,False
A1,pointnet,softmax,scan,f1_class::Unaffected,0.8452620675764981,0.05035007713913307,0.7647798742138365,0.8865979381443299,5,0.0,1029,1029,0.12181806393049333,,,,,,,,False
A1,pointnet,softmax,scan,macro_auc,0.5017327225570309,0.013713147439689556,0.488893226122471,0.523483620659425,5,0.0,1029,1029,0.034590394536954006,0.4597831338047548,0.5425741677678351,0.0827910339630803,0.5051097463777534,0.4660588599254038,0.5459828408847897,0.24626175978743212,True
A1,pointnet,softmax,scan,macro_f1,0.2365978635035247,0.006569287030179982,0.2282720010923738,0.2426654216760961,5,0.0,1029,1029,0.014393420583722283,0.2234997988194857,0.25121858135209485,0.02771878253260915,0.234808943546163,0.2216566038848564,0.2487852299651339,-0.27231569409941064,True
A1,pointnet2,softmax,scan,accuracy,0.7154130223517978,0.03380510858233823,0.681438289601555,0.7636540330417881,5,0.006323376764653757,1029,1029,0.08221574344023319,0.6887852283770651,0.7412662779397473,0.05248104956268218,0.7306122448979592,0.706511175898931,0.7529689018464528,0.44961318521255444,True
A1,pointnet2,softmax,scan,f1_class::Cleft Lip,0.00562569213732004,0.01257943003953369,0.0,0.028128460686600198,5,0.008345566676616557,1029,1029,0.028128460686600198,,,,,,,,False
A1,pointnet2,softmax,scan,f1_class::Cleft Lip and Palate,0.1294787389910999,0.05442537936423729,0.05496764438293668,0.18372840674541768,5,0.018439395220059728,1029,1029,0.12876076236248102,,,,,,,,False
A1,pointnet2,softmax,scan,f1_class::Cleft Palate,0.0,0.0,0.0,0.0,5,0.0,1029,1029,0.0,,,,,,,,False
A1,pointnet2,softmax,scan,f1_class::Unaffected,0.8360244858606019,0.022833987551781808,0.8114183774500715,0.8672593426272582,5,0.004057929692706906,1029,1029,0.05584096517718673,,,,,,,,False
A1,pointnet2,softmax,scan,macro_auc,0.49867916599865014,0.024174105542024996,0.4711719070400001,0.5258715448832908,5,0.011772884056697122,1029,1029,0.05469963784329068,0.4604462110006766,0.5358047800627777,0.07535856906210103,0.5730195884399846,0.5372684317510477,0.609059751129266,3.0752088143281577,False
A1,pointnet2,softmax,scan,macro_f1,0.24278222924725545,0.014375416776347853,0.22564268877687504,0.26189373728120885,5,0.007321243373455999,1029,1029,0.036251048504333805,0.2298469221746826,0.2562463070573752,0.02639938488269261,0.2552732467525087,0.2431039120183014,0.2676620133871131,0.8689151556151701,True
A1_fix,dgcnn,softmax,scan,accuracy,0.6983479105928085,0.10075688144988179,0.543245869776482,0.7891156462585034,5,0.0,1029,1029,0.24586977648202135,0.6707434402332362,0.7251700680272108,0.05442662779397467,0.7677356656948494,0.7424684159378037,0.7949465500485908,0.6886651720811301,True
A1_fix,dgcnn,softmax,scan,f1_class::Cleft Lip,0.052630407417641425,0.046153696762624354,0.0,0.1269841269841269,5,0.0,1029,1029,0.1269841269841269,,,,,,,,False
A1_fix,dgcnn,softmax,scan,f1_class::Cleft Lip and Palate,0.26585336551966143,0.06188000339584426,0.1724137931034483,0.3297491039426523,5,0.0,1029,1029,0.157335310839204,,,,,,,,False
A1_fix,dgcnn,softmax,scan,f1_class::Cleft Palate,0.0503892092742262,0.013984773933658167,0.0377358490566037,0.0714285714285714,5,0.0,1029,1029,0.033692722371967694,,,,,,,,False
A1_fix,dgcnn,softmax,scan,f1_class::Unaffected,0.8293994658283248,0.07163988373830245,0.7202846975088968,0.8912556053811659,5,0.0,1029,1029,0.1709709078722691,,,,,,,,False
A1_fix,dgcnn,softmax,scan,macro_auc,0.683858078899383,0.02428452497611643,0.6561098408122941,0.7110699615923833,5,0.0,1029,1029,0.05496012078008927,0.6443812547576916,0.7224743739566409,0.07809311919894935,0.5509136999136456,0.5101888940375554,0.5911463077918703,-5.474448403519805,False
A1_fix,dgcnn,softmax,scan,macro_f1,0.29956811200996347,0.02322539390297782,0.2666289589942706,0.3255607170046123,5,0.0,1029,1029,0.05893175801034173,0.26931834712316716,0.33279522116657506,0.0634768740434079,0.2607658137016918,0.2385075839534784,0.2861308180678474,-1.6706841860407242,False
A1_fix,geommlp,softmax,scan,accuracy,0.5815354713313897,0.01407626282487844,0.5636540330417882,0.6015549076773566,5,0.0,1029,1029,0.03790087463556846,0.5510106899902818,0.6120553935860058,0.061044703595724004,0.565597667638484,0.5364431486880467,0.597667638483965,-1.1322468109033335,True
A1_fix,geommlp,softmax,scan,f1_class::Cleft Lip,0.09682562885754427,0.03254519023013336,0.0620155038759689,0.1320754716981132,5,0.0,1029,1029,0.0700599678221443,,,,,,,,False
A1_fix,geommlp,softmax,scan,f1_class::Cleft Lip and Palate,0.21431947556121173,0.021209282591162563,0.1850746268656716,0.2387267904509283,5,0.0,1029,1029,0.05365216358525668,,,,,,,,False
A1_fix,geommlp,softmax,scan,f1_class::Cleft Palate,0.07166801403447651,0.014630644013184353,0.0558659217877094,0.0930232558139534,5,0.0,1029,1029,0.03715733402624401,,,,,,,,False
A1_fix,geommlp,softmax,scan,f1_class::Unaffected,0.7491211213160357,0.012482394455171703,0.7362637362637363,0.7690271343481139,5,0.0,1029,1029,0.03276339808437756,,,,,,,,False
A1_fix,geommlp,softmax,scan,macro_auc,0.5896725937625453,0.015538023936070183,0.5720260676843287,0.6118685724878107,5,0.0,1029,1029,0.03984250480348195,0.544088631355106,0.6349720165888377,0.09088338523373174,0.5987632422239528,0.5551392795752618,0.6399584130585616,0.5850582093842928,True
A1_fix,geommlp,softmax,scan,macro_f1,0.28298355994231705,0.00968313336685705,0.2731530606294574,0.2976105866089054,5,0.0,1029,1029,0.024457525979448003,0.25335395487250745,0.314533286736869,0.06117933186436153,0.2772093751769742,0.2464785462274712,0.3116633155246897,-0.5963136669279444,True
A1_fix,pointnet,softmax,scan,accuracy,0.7366375121477162,0.07641908049872402,0.6015549076773566,0.7793974732750243,5,0.0,1029,1029,0.17784256559766765,0.7098056365403304,0.7634645286686104,0.05365889212828001,0.7473275024295433,0.7201166180758017,0.7745383867832848,0.139886402872978,True
A1_fix,pointnet,softmax,scan,f1_class::Cleft Lip,0.0,0.0,0.0,0.0,5,0.0,1029,1029,0.0,,,,,,,,False
A1_fix,pointnet,softmax,scan,f1_class::Cleft Lip and Palate,0.11903263215646478,0.056590009149537594,0.0681818181818181,0.215633423180593,5,0.0,1029,1029,0.1474516049987749,,,,,,,,False
A1_fix,pointnet,softmax,scan,f1_class::Cleft Palate,0.00944881889763778,0.0211282013622027,0.0,0.0472440944881889,5,0.0,1029,1029,0.0472440944881889,,,,,,,,False
A1_fix,pointnet,softmax,scan,f1_class::Unaffected,0.8490027409473043,0.05218624383132344,0.7564018384766907,0.8761799000555247,5,0.0,1029,1029,0.11977806157883397,,,,,,,,False
A1_fix,pointnet,softmax,scan,macro_auc,0.5308918727595898,0.04542232251638225,0.4687785668227147,0.5674355501350821,5,0.0,1029,1029,0.09865698331236739,0.4872391148982912,0.5737469020806085,0.08650778718231733,0.5051097463777534,0.4660588599254038,0.5459828408847897,-0.5676091611682272,True
A1_fix,pointnet,softmax,scan,macro_f1,0.24437104800035167,0.007075032671110525,0.2359673467346734,0.2548198390363682,5,0.0,1029,1029,0.01885249230169478,0.2288333254971325,0.2613535878158277,0.032520262318695176,0.234808943546163,0.2216566038848564,0.2487852299651339,-1.3515279573525656,False
A1_fix,pointnet2,softmax,scan,accuracy,0.6331584062196307,0.10823790271466716,0.4787172011661808,0.7376093294460642,5,0.005599622038645142,1029,1029,0.2588921282798834,0.6071885325558795,0.6587376093294461,0.05154907677356668,0.7306122448979592,0.706511175898931,0.7529689018464528,0.9003670270222507,True
A1_fix,pointnet2,softmax,scan,f1_class::Cleft Lip,0.016679834326893146,0.03729724340836752,0.0,0.08339917163446572,5,0.003856228852307354,1029,1029,0.08339917163446572,,,,,,,,False
A1_fix,pointnet2,softmax,scan,f1_class::Cleft Lip and Palate,0.23550933979656996,0.07356844446324097,0.1681335324158016,0.34352324471548307,5,0.010693326323186444,1029,1029,0.17538971229968148,,,,,,,,False
A1_fix,pointnet2,softmax,scan,f1_class::Cleft Palate,0.03240412273106523,0.044702176119537834,0.0,0.08868931797865695,5,0.009883138345433577,1029,1029,0.08868931797865695,,,,,,,,False
A1_fix,pointnet2,softmax,scan,f1_class::Unaffected,0.7657728186969615,0.0921043331052906,0.628657209569188,0.8518834873493333,5,0.00498590479828876,1029,1029,0.22322627778014525,,,,,,,,False
A1_fix,pointnet2,softmax,scan,macro_auc,0.6216834249090353,0.05736266572104933,0.5761554146788759,0.7132131937144341,5,0.008790959631756742,1029,1029,0.13705777903555827,0.5820024986255905,0.6608008816525432,0.07879838302695275,0.5730195884399846,0.5372684317510477,0.609059751129266,-0.8483538178943699,False
A1_fix,pointnet2,softmax,scan,macro_f1,0.26259152888787246,0.031202771453121836,0.2312594398232568,0.31514722145518226,5,0.0047190917712076185,1029,1029,0.08388778163192545,0.2430312441862418,0.2833312763141718,0.04030003212793001,0.2552732467525087,0.2431039120183014,0.2676620133871131,-0.23453949103074276,True
A2,dgcnn,softmax,scan,accuracy,0.8054368932038833,0.02507036003352141,0.7640776699029126,0.8262135922330097,5,0.0,1030,1030,0.062135922330097126,0.7807718446601941,0.829131067961165,0.048359223300970866,0.8116504854368932,0.7883495145631068,0.8349514563106796,0.24784615078131014,True
A2,dgcnn,softmax,scan,f1_class::Affected,0.45736151569868877,0.1269595790085265,0.2789317507418398,0.5850340136054422,5,0.0,1030,1030,0.30610226286360237,,,,,,,,False
A2,dgcnn,softmax,scan,f1_class::Unaffected,0.8810936180447404,0.01290717616435081,0.8589669181659896,0.8917120387174834,5,0.0,1030,1030,0.03274512055149381,,,,,,,,False
A2,dgcnn,softmax,scan,macro_auc,0.766595234287542,0.10465661446842854,0.5919846473692627,0.8508236046697585,5,0.0,1030,1030,0.2588389573004958,0.7293178057245104,0.800505824904793,0.07118801918028261,0.805117543579082,0.7695066638999666,0.8370501133873516,0.36808289172359016,True
A2,dgcnn,softmax,scan,macro_f1,0.6692275668717146,0.06933544678745275,0.5689493344539147,0.7360006386742467,5,0.0,1030,1030,0.167051304220332,0.6335148662324326,0.7028808839769952,0.06936601774456264,0.6979179894659822,0.6619725354375,0.732034638153635,0.4137915586268281,True
A2,geommlp,softmax,scan,accuracy,0.6780582524271844,0.015375404190158573,0.658252427184466,0.7,5,0.0,1030,1030,0.041747572815533984,0.6477669902912622,0.7062184466019417,0.058451456310679495,0.6854368932038835,0.6563106796116505,0.7126213592233009,0.4798989792685854,True
A2,geommlp,softmax,scan,f1_class::Affected,0.3402852948346466,0.013804676843790326,0.326797385620915,0.3623188405797101,5,0.0,1030,1030,0.03552145495879511,,,,,,,,False
A2,geommlp,softmax,scan,f1_class::Unaffected,0.7867373525632817,0.01486599527423453,0.76657824933687,0.8069956277326671,5,0.0,1030,1030,0.040417378395797066,,,,,,,,False
A2,geommlp,softmax,scan,macro_auc,0.6684215576523269,0.0074741626518351825,0.6624084439469055,0.6811450503758196,5,0.0,1030,1030,0.01873660642891417,0.625738517762431,0.7094632185861489,0.08372470082371797,0.6488149688149688,0.6055234232553836,0.6903097804688622,-2.6232488842805646,False
A2,geommlp,softmax,scan,macro_f1,0.5635113236989642,0.0022393816887525207,0.5611158956296963,0.566896506676791,5,0.0,1030,1030,0.005780611047094708,0.5295731151035508,0.5962901091482256,0.0667169940446748,0.5507293983338808,0.516624002925326,0.5830870898788768,-5.707792213038829,False
A2,pointnet,softmax,scan,accuracy,0.6757281553398059,0.09739030411523726,0.5475728155339806,0.7844660194174757,5,0.0,1030,1030,0.2368932038834951,0.6471844660194175,0.703495145631068,0.05631067961165048,0.7737864077669903,0.7466019417475728,0.7980582524271844,1.0068584682840371,True
A2,pointnet,softmax,scan,f1_class::Affected,0.2420999306189921,0.0879109196832323,0.1461538461538461,0.3413848631239936,5,0.0,1030,1030,0.19523101697014747,,,,,,,,False
A2,pointnet,softmax,scan,f1_class::Unaffected,0.7841743056108983,0.0884005648285794,0.6676176890156919,0.8766666666666667,5,0.0,1030,1030,0.20904897765097485,,,,,,,,False
A2,pointnet,softmax,scan,macro_auc,0.5683051335359027,0.04917604832679778,0.5229217975371822,0.6361426515272669,5,0.0,1030,1030,0.11322085399008475,0.525031473821451,0.6119365993573682,0.08690512553591723,0.5430993123300816,0.4981955272371116,0.5869322052932882,-0.5125629663920271,True
A2,pointnet,softmax,scan,macro_f1,0.5131371181149452,0.027453042801406626,0.4797055010428003,0.5500245091142806,5,0.0,1030,1030,0.07031900807148028,0.48229710850106244,0.5447913304438925,0.06249422194283005,0.5110975299210594,0.4792771846446321,0.5431804130468361,-0.07429370247371375,True
A2,pointnet2,softmax,scan,accuracy,0.6973980582524272,0.04661318634565898,0.6409708737864077,0.7654368932038835,5,0.003315985578581973,1030,1030,0.12446601941747581,0.6709106796116504,0.7233058252427185,0.05239514563106806,0.8295145631067962,0.8081504854368932,0.8499029126213593,2.8343161069200926,False
A2,pointnet2,softmax,scan,f1_class::Affected,0.22517318420916171,0.048589385549244746,0.17023602323826315,0.2923297550290805,5,0.008368536064351473,1030,1030,0.12209373179081734,,,,,,,,False
A2,pointnet2,softmax,scan,f1_class::Unaffected,0.8098865836611745,0.038675016081506926,0.7594371127298281,0.8634054565688775,5,0.0025740708103412307,1030,1030,0.1039683438390494,,,,,,,,False
A2,pointnet2,softmax,scan,macro_auc,0.5435245802015032,0.030708323713178994,0.5091239405085559,0.5888271229809691,5,0.004933148649662168,1030,1030,0.07970318247241315,0.49927770105343894,0.5872766952702981,0.0879989942168592,0.8491181832720294,0.8206812257831,0.8766639626438031,9.951490870189556,False
A2,pointnet2,softmax,scan,macro_f1,0.5175298839351681,0.008953724135797618,0.5052586154234857,0.5265180460168702,5,0.004395687253501016,1030,1030,0.021259430593384532,0.4888709821194118,0.5468547303683241,0.05798374824891228,0.7351856475578376,0.7047044597942594,0.7636975070841558,24.308964663370233,False
A2_fix,dgcnn,softmax,scan,accuracy,0.82,0.020693509163973747,0.7864077669902912,0.841747572815534,5,0.0,1030,1030,0.05533980582524278,0.7961165048543689,0.842140776699029,0.04602427184466007,0.8116504854368932,0.7883495145631068,0.8349514563106796,-0.4034847109277518,True
A2_fix,dgcnn,softmax,scan,f1_class::Affected,0.5535899449945557,0.04771883576181885,0.4811320754716981,0.6128266033254157,5,0.0,1030,1030,0.1316945278537176,,,,,,,,False
A2_fix,dgcnn,softmax,scan,f1_class::Unaffected,0.8872197367110077,0.013457207108173979,0.8655256723716381,0.900549115314216,5,0.0,1030,1030,0.035023442942577865,,,,,,,,False
A2_fix,dgcnn,softmax,scan,macro_auc,0.831063489525028,0.03294956846638599,0.7743930913161683,0.8566192227730689,5,0.0,1030,1030,0.08222613145690061,0.7982586827504291,0.8611810193311618,0.06292233658073265,0.805117543579082,0.7695066638999666,0.8370501133873516,-0.7874441807156005,True
A2_fix,dgcnn,softmax,scan,macro_f1,0.7204048408527817,0.030006591221423816,0.6733288739216681,0.7566878593198159,5,0.0,1030,1030,0.08335898539814779,0.6868414420879098,0.7524560326456269,0.06561459055771712,0.6979179894659822,0.6619725354375,0.732034638153635,-0.7493970648270293,True
A2_fix,geommlp,softmax,scan,accuracy,0.7215533980582525,0.01789412837588734,0.7009708737864078,0.7427184466019418,5,0.0,1030,1030,0.041747572815533984,0.6932038834951456,0.749131067961165,0.05592718446601941,0.6854368932038835,0.6563106796116505,0.7126213592233009,-2.018343900060349,False
A2_fix,geommlp,softmax,scan,f1_class::Affected,0.34573327177395385,0.019374762660104298,0.3256997455470738,0.3728813559322034,5,0.0,1030,1030,0.04718161038512958,,,,,,,,False
A2_fix,geommlp,softmax,scan,f1_class::Unaffected,0.8227541375754462,0.015499811226727873,0.8055555555555556,0.8410317936412718,5,0.0,1030,1030,0.035476238085716205,,,,,,,,False
A2_fix,geommlp,softmax,scan,macro_auc,0.6532813049736127,0.0018533517648687942,0.6514888853350392,0.6560626899088438,5,0.0,1030,1030,0.0045738045738045185,0.6087468605278834,0.6949092245546623,0.0861623640267789,0.6488149688149688,0.6055234232553836,0.6903097804688622,-2.4098696444493255,False
A2_fix,geommlp,softmax,scan,macro_f1,0.5842437046747,0.0052815904631566355,0.579248366013072,0.5932416855227768,5,0.0,1030,1030,0.013993319509704838,0.5494092590797897,0.6181509223405376,0.06874166326074793,0.5507293983338808,0.516624002925326,0.5830870898788768,-6.345495088005893,False
A2_fix,pointnet,softmax,scan,accuracy,0.7357281553398058,0.05799863809543833,0.641747572815534,0.7990291262135922,5,0.0,1030,1030,0.15728155339805827,0.7087378640776699,0.7625242718446602,0.053786407766990285,0.7737864077669903,0.7466019417475728,0.7980582524271844,0.656192174108615,True
A2_fix,pointnet,softmax,scan,f1_class::Affected,0.4042771917265421,0.027321982373886156,0.3692307692307692,0.4439461883408072,5,0.0,1030,1030,0.07471541911003798,,,,,,,,False
A2_fix,pointnet,softmax,scan,f1_class::Unaffected,0.8284531653810712,0.047722614650686807,0.7498305084745762,0.8787346221441125,5,0.0,1030,1030,0.12890411366953625,,,,,,,,False
A2_fix,pointnet,softmax,scan,macro_auc,0.7123991683991684,0.045730833056331265,0.657527586758356,0.7679321925475772,5,0.0,1030,1030,0.11040460578922118,0.6719719585787995,0.7522290592471433,0.0802571006683438,0.5430993123300816,0.4981955272371116,0.5869322052932882,-3.7020942929367404,False
A2_fix,pointnet,softmax,scan,macro_f1,0.6163651785538067,0.035193263656716135,0.5595306388526727,0.6461661779275802,5,0.0,1030,1030,0.08663553907490751,0.5811472562708864,0.6511622088566713,0.07001495258578494,0.5110975299210594,0.4792771846446321,0.5431804130468361,-2.991130622597386,False
A2_fix,pointnet2,softmax,scan,accuracy,0.7946019417475728,0.0231774232688321,0.7667961165048544,0.8184466019417476,5,0.00686798793646143,1030,1030,0.05165048543689321,0.7732009708737864,0.8152242718446601,0.0420233009708737,0.8295145631067962,0.8081504854368932,0.8499029126213593,1.5063202218070628,False
A2_fix,pointnet2,softmax,scan,f1_class::Affected,0.5545639863697363,0.020169097121263312,0.5316448530857631,0.5795179272416069,5,0.012203164658679377,1030,1030,0.04787307415584374,,,,,,,,False
A2_fix,pointnet2,softmax,scan,f1_class::Unaffected,0.8662591351878444,0.01815542133688603,0.8429789060786431,0.8843297662141489,5,0.004896712128426325,1030,1030,0.04135086013550582,,,,,,,,False
A2_fix,pointnet2,softmax,scan,macro_auc,0.8433287701903087,0.009991387458405351,0.8275275867583559,0.8522091795937949,5,0.004309109116550053,1030,1030,0.024681592835439026,0.812933851136614,0.870998916282342,0.05806506514572807,0.8491181832720294,0.8206812257831,0.8766639626438031,0.5794403535867535,True
A2_fix,pointnet2,softmax,scan,macro_f1,0.7104115607787903,0.01830955550487665,0.6933523576538249,0.731863008246245,5,0.008153345416920022,1030,1030,0.03851065059242009,0.6814889536677814,0.737690273157671,0.0562013194898896,0.7351856475578376,0.7047044597942594,0.7636975070841558,1.353068717176056,False
B1_corrected,dgcnn,knn11,scan,accuracy,0.2794565217391304,0.006868068769314863,0.2728260869565217,0.2896739130434783,5,0.0,1840,733,0.016847826086956563,0.25252874576887,0.30671550546916,0.054186759700289966,0.2728260869565217,0.2463259441883854,0.3002822601023238,-0.9654001736604764,True
B1_corrected,dgcnn,knn11,scan,f1_class::Cartilage,0.21208840524292055,0.045604180643255686,0.1764705882352941,0.2816901408450704,5,0.0,1840,733,0.10521955260977628,,,,,,,,False
B1_corrected,dgcnn,knn11,scan,f1_class::Ciliopathy,0.25759109185485174,0.024398837180948763,0.2325581395348837,0.2857142857142857,5,0.0,1840,733,0.05315614617940201,,,,,,,,False
B1_corrected,dgcnn,knn11,scan,f1_class::Cohesinopathy,0.13279792103321514,0.028288335560289035,0.0909090909090909,0.1587301587301587,5,0.0,1840,733,0.0678210678210678,,,,,,,,False
B1_corrected,dgcnn,knn11,scan,f1_class::Connective Tissue,0.27146629888290186,0.01483114437205207,0.2598870056497175,0.2935779816513761,5,0.0,1840,733,0.0336909760016586,,,,,,,,False
B1_corrected,dgcnn,knn11,scan,f1_class::Control,0.5043692019303274,0.010803595028232041,0.4872340425531914,0.5166130760986066,5,0.0,1840,733,0.029379033545415212,,,,,,,,False
B1_corrected,dgcnn,knn11,scan,f1_class::DNA Repair,0.054677152239360885,0.016275480272399067,0.0434782608695652,0.0833333333333333,5,0.0,1840,733,0.0398550724637681,,,,,,,,False
B1_corrected,dgcnn,knn11,scan,f1_class::Deletion,0.22652536462263054,0.020771242090546503,0.210016155088853,0.261437908496732,5,0.0,1840,733,0.051421753407878995,,,,,,,,False
B1_corrected,dgcnn,knn11,scan,f1_class::Duplication,0.0635918278961685,0.024087069203046443,0.0285714285714285,0.0821917808219178,5,0.0,1840,733,0.053620352250489306,,,,,,,,False
B1_corrected,dgcnn,knn11,scan,f1_class::Ectodermal,0.10336492336492331,0.07648064682607507,0.0,0.1818181818181818,5,0.0,1840,733,0.1818181818181818,,,,,,,,False
B1_corrected,dgcnn,knn11,scan,f1_class::Growth,0.01818181818181818,0.040655781409087086,0.0,0.0909090909090909,5,0.0,1840,733,0.0909090909090909,,,,,,,,False
B1_corrected,dgcnn,knn11,scan,f1_class::Imprinting,0.12332012485025878,0.012405943204349791,0.1081081081081081,0.1347150259067357,5,0.0,1840,733,0.026606917798627602,,,,,,,,False
B1_corrected,dgcnn,knn11,scan,f1_class::Lysozome,0.09704382424652536,0.0581035309222401,0.0285714285714285,0.1791044776119403,5,0.0,1840,733,0.1505330490405118,,,,,,,,False
B1_corrected,dgcnn,knn11,scan,f1_class::Neurocristopathy,0.09510528086273286,0.019093746406798385,0.074074074074074,0.1161290322580645,5,0.0,1840,733,0.04205495818399049,,,,,,,,False
B1_corrected,dgcnn,knn11,scan,f1_class::Peroxisome,0.29727349313975454,0.027612463942901278,0.2553191489361702,0.3265306122448979,5,0.0,1840,733,0.07121146330872768,,,,,,,,False
B1_corrected,dgcnn,knn11,scan,f1_class::Primary Palate,0.3538018433179723,0.019089343762874696,0.3225806451612903,0.375,5,0.0,1840,733,0.052419354838709686,,,,,,,,False
B1_corrected,dgcnn,knn11,scan,f1_class::Rasopathy,0.2437060605185699,0.03134050384592409,0.2024291497975708,0.2835249042145594,5,0.0,1840,733,0.0810957544169886,,,,,,,,False
B1_corrected,dgcnn,knn11,scan,f1_class::Sex Chromosome,0.10767100862849859,0.04264924155716654,0.0695652173913043,0.1694915254237288,5,0.0,1840,733,0.09992630803242451,,,,,,,,False
B1_corrected,dgcnn,knn11,scan,f1_class::Trisomy,0.20069147659063624,0.026816988511652963,0.16,0.2352941176470588,5,0.0,1840,733,0.07529411764705879,,,,,,,,False
B1_corrected,dgcnn,knn11,scan,f1_class::Uncategorized,0.24248750273569802,0.010491985805473312,0.2333333333333333,0.2584269662921348,5,0.0,1840,733,0.025093632958801487,,,,,,,,False
B1_corrected,dgcnn,knn11,scan,macro_auc,0.7065391003338719,0.0032514972375098407,0.7015315920573157,0.7105809046269453,5,0.0,1840,733,0.009049312569629597,0.6844167623816444,0.7275992448317161,0.043182482450071724,0.70227086104319,0.678848800073278,0.725124071460276,-1.312699651545977,True
B1_corrected,dgcnn,knn11,scan,macro_f1,0.18977655895472445,0.007778186318530797,0.1775847482665357,0.198174982975897,5,0.0,1840,733,0.020590234709361305,0.15700504300882928,0.21820604014484032,0.06120099713601104,0.1863763586762573,0.1531974737039478,0.2151733662803694,-0.4371456454271995,True
B1_corrected,dgcnn,knn11,subject,accuracy,0.29113233287858115,0.006725106435943377,0.2796725784447476,0.2974079126875852,5,0.0,733,733,0.01773533424283763,0.25811732605729876,0.32496589358799455,0.06684856753069579,0.2919508867667121,0.2592087312414734,0.3260572987721691,0.12171612389003524,True
B1_corrected,dgcnn,knn11,subject,f1_class::Cartilage,0.28027502065314225,0.03870624680806095,0.2325581395348837,0.3333333333333333,5,0.0,733,733,0.10077519379844962,,,,,,,,False
B1_corrected,dgcnn,knn11,subject,f1_class::Ciliopathy,0.26505050505050504,0.06294153293094451,0.2,0.3636363636363636,5,0.0,733,733,0.16363636363636358,,,,,,,,False
B1_corrected,dgcnn,knn11,subject,f1_class::Cohesinopathy,0.11702461450745201,0.0318156515835714,0.0869565217391304,0.1538461538461538,5,0.0,733,733,0.0668896321070234,,,,,,,,False
B1_corrected,dgcnn,knn11,subject,f1_class::Connective Tissue,0.2851146260837759,0.032919247651449504,0.240506329113924,0.3170731707317073,5,0.0,733,733,0.07656684161778332,,,,,,,,False
B1_corrected,dgcnn,knn11,subject,f1_class::Control,0.5256374773350123,0.007105203120948465,0.5164556962025316,0.535,5,0.0,733,733,0.01854430379746841,,,,,,,,False
B1_corrected,dgcnn,knn11,subject,f1_class::DNA Repair,0.11272727272727272,0.1031728069753535,0.0,0.2,5,0.0,733,733,0.2,,,,,,,,False
B1_corrected,dgcnn,knn11,subject,f1_class::Deletion,0.1961365756706784,0.044770822516630754,0.1182266009852216,0.2242990654205607,5,0.0,733,733,0.10607246443533909,,,,,,,,False
B1_corrected,dgcnn,knn11,subject,f1_class::Duplication,0.05232124197641438,0.05211309793052737,0.0,0.1212121212121212,5,0.0,733,733,0.1212121212121212,,,,,,,,False
B1_corrected,dgcnn,knn11,subject,f1_class::Ectodermal,0.10444444444444445,0.1058767044406364,0.0,0.2222222222222222,5,0.0,733,733,0.2222222222222222,,,,,,,,False
B1_corrected,dgcnn,knn11,subject,f1_class::Growth,0.0,0.0,0.0,0.0,5,0.0,733,733,0.0,,,,,,,,False
B1_corrected,dgcnn,knn11,subject,f1_class::Imprinting,0.09417126269956456,0.060556694698841375,0.0,0.16,5,0.0,733,733,0.16,,,,,,,,False
B1_corrected,dgcnn,knn11,subject,f1_class::Lysozome,0.048529411764705876,0.06650246502702949,0.0,0.125,5,0.0,733,733,0.125,,,,,,,,False
B1_corrected,dgcnn,knn11,subject,f1_class::Neurocristopathy,0.051781512605042004,0.021409793863508792,0.0333333333333333,0.0784313725490196,5,0.0,733,733,0.04509803921568631,,,,,,,,False
B1_corrected,dgcnn,knn11,subject,f1_class::Peroxisome,0.3952380952380952,0.08518354199999198,0.2857142857142857,0.5,5,0.0,733,733,0.2142857142857143,,,,,,,,False
B1_corrected,dgcnn,knn11,subject,f1_class::Primary Palate,0.4782985130811217,0.05408257829794801,0.4347826086956521,0.5714285714285714,5,0.0,733,733,0.1366459627329193,,,,,,,,False
B1_corrected,dgcnn,knn11,subject,f1_class::Rasopathy,0.22288002597114667,0.03727931609733075,0.1935483870967742,0.2857142857142857,5,0.0,733,733,0.09216589861751151,,,,,,,,False
B1_corrected,dgcnn,knn11,subject,f1_class::Sex Chromosome,0.11126310471138054,0.06438319712717835,0.0357142857142857,0.2068965517241379,5,0.0,733,733,0.1711822660098522,,,,,,,,False
B1_corrected,dgcnn,knn11,subject,f1_class::Trisomy,0.2666666666666666,0.054207708545449436,0.1818181818181818,0.303030303030303,5,0.0,733,733,0.12121212121212119,,,,,,,,False
B1_corrected,dgcnn,knn11,subject,f1_class::Uncategorized,0.21736102121317114,0.03606254082871889,0.1630434782608695,0.2513089005235602,5,0.0,733,733,0.08826542226269068,,,,,,,,False
B1_corrected,dgcnn,knn11,subject,macro_auc,0.7270238186667004,0.0029871362340798888,0.7231823053048269,0.7312714732195149,5,0.0,733,733,0.008089167914688056,0.7038618599834848,0.7489971629372161,0.04513530295373125,0.7236182701280378,0.7009498376466721,0.7461808240131287,-1.1400713833567713,True
B1_corrected,dgcnn,knn11,subject,macro_f1,0.2013116522315574,0.01703232962800624,0.1737764178181147,0.2196333402088851,5,0.0,733,733,0.04585692239077038,0.1577862772292064,0.23635022806143896,0.07856395083223255,0.2037214451288071,0.1617733867286109,0.2383340588296897,0.14148345821626734,True
B1_corrected,dgcnn,proto,scan,accuracy,0.2394565217391304,0.021584367592904663,0.2016304347826087,0.2554347826086957,5,0.0,1840,733,0.05380434782608698,0.21291915427852742,0.2657262579928288,0.05280710371430136,0.2081521739130434,0.1827944023787297,0.2326432565536346,-1.4503249952237451,True
B1_corrected,dgcnn,proto,scan,f1_class::Cartilage,0.2630479972109393,0.04995626475245245,0.1864406779661017,0.32,5,0.0,1840,733,0.1335593220338983,,,,,,,,False
B1_corrected,dgcnn,proto,scan,f1_class::Ciliopathy,0.2579518442019979,0.029305368702565917,0.2222222222222222,0.2912621359223301,5,0.0,1840,733,0.06903991370010787,,,,,,,,False
B1_corrected,dgcnn,proto,scan,f1_class::Cohesinopathy,0.22302140104416215,0.03234558547161533,0.1764705882352941,0.2586206896551724,5,0.0,1840,733,0.08215010141987827,,,,,,,,False
B1_corrected,dgcnn,proto,scan,f1_class::Connective Tissue,0.3174718801969644,0.0071461103656648975,0.3092783505154639,0.3244837758112094,5,0.0,1840,733,0.015205425295745534,,,,,,,,False
B1_corrected,dgcnn,proto,scan,f1_class::Control,0.5007323626877664,0.02502384263963584,0.4728682170542636,0.5231316725978647,5,0.0,1840,733,0.050263455543601177,,,,,,,,False
B1_corrected,dgcnn,proto,scan,f1_class::DNA Repair,0.2718324746848757,0.04017014438607411,0.217391304347826,0.3296703296703296,5,0.0,1840,733,0.11227902532250361,,,,,,,,False
B1_corrected,dgcnn,proto,scan,f1_class::Deletion,0.11435068578866377,0.04732456535028664,0.0462046204620462,0.1590909090909091,5,0.0,1840,733,0.11288628862886288,,,,,,,,False
B1_corrected,dgcnn,proto,scan,f1_class::Duplication,0.04621657255886928,0.03916388978587276,0.0,0.101010101010101,5,0.0,1840,733,0.101010101010101,,,,,,,,False
B1_corrected,dgcnn,proto,scan,f1_class::Ectodermal,0.17311372131010055,0.025115037251020576,0.1395348837209302,0.202020202020202,5,0.0,1840,733,0.062485318299271786,,,,,,,,False
B1_corrected,dgcnn,proto,scan,f1_class::Growth,0.19874065696934345,0.025277482842186866,0.1834862385321101,0.2432432432432432,5,0.0,1840,733,0.0597570047111331,,,,,,,,False
B1_corrected,dgcnn,proto,scan,f1_class::Imprinting,0.2012613212946946,0.026748381203923626,0.1709401709401709,0.2279411764705882,5,0.0,1840,733,0.057001005530417315,,,,,,,,False
B1_corrected,dgcnn,proto,scan,f1_class::Lysozome,0.25744497450638315,0.04752978237660012,0.1888412017167382,0.3125,5,0.0,1840,733,0.12365879828326179,,,,,,,,False
B1_corrected,dgcnn,proto,scan,f1_class::Neurocristopathy,0.10515137347496854,0.044985903424488494,0.0437956204379562,0.1573033707865168,5,0.0,1840,733,0.11350775034856059,,,,,,,,False
B1_corrected,dgcnn,proto,scan,f1_class::Peroxisome,0.19145819395406574,0.021984656073508007,0.1529411764705882,0.2075471698113207,5,0.0,1840,733,0.05460599334073252,,,,,,,,False
B1_corrected,dgcnn,proto,scan,f1_class::Primary Palate,0.1966120872638836,0.02963065355844424,0.1680672268907563,0.2439024390243902,5,0.0,1840,733,0.07583521213363392,,,,,,,,False
B1_corrected,dgcnn,proto,scan,f1_class::Rasopathy,0.23694306286411546,0.06749972195743355,0.1297297297297297,0.3125,5,0.0,1840,733,0.1827702702702703,,,,,,,,False
B1_corrected,dgcnn,proto,scan,f1_class::Sex Chromosome,0.17543196689193735,0.02983176710355464,0.1458333333333333,0.213903743315508,5,0.0,1840,733,0.0680704099821747,,,,,,,,False
B1_corrected,dgcnn,proto,scan,f1_class::Trisomy,0.20552371712020023,0.0261248658826863,0.1636363636363636,0.2238805970149253,5,0.0,1840,733,0.06024423337856169,,,,,,,,False
B1_corrected,dgcnn,proto,scan,f1_class::Uncategorized,0.08885302179670596,0.023183840658938304,0.0521172638436482,0.1152737752161383,5,0.0,1840,733,0.06315651137249009,,,,,,,,False
B1_corrected,dgcnn,proto,scan,macro_auc,0.7817858124952599,0.008634851758839332,0.7713891855990976,0.790509399290549,5,0.0,1840,733,0.019120213691451338,0.7596009814277009,0.8039901695225893,0.04438918809488834,0.7615701337942375,0.7388780642738666,0.7856794617873014,-2.341172641479104,False
B1_corrected,dgcnn,proto,scan,macro_f1,0.21185049030634934,0.021810882583413092,0.1735861314436043,0.2249230091392308,5,0.0,1840,733,0.051336877695626504,0.18280097391242656,0.23464449298778067,0.051843519075354116,0.1884903504276563,0.1611325671780095,0.2100251576033082,-1.0710313894614305,True
B1_corrected,dgcnn,proto,scan,top3_accuracy,0.4977173913043478,0.0472910412270682,0.4146739130434783,0.532608695652174,5,0.0,1840,733,0.11793478260869567,0.4665830004038842,0.528353332977991,0.061770332574106857,,,,,False
B1_corrected,dgcnn,proto,scan,top5_accuracy,0.6811956521739131,0.045830719694053015,0.6016304347826087,0.7086956521739131,5,0.0,1840,733,0.10706521739130437,0.6515165794480395,0.709351328187374,0.057834748739334474,,,,,False
B1_corrected,dgcnn,proto,subject,accuracy,0.3085948158253752,0.02918679996068946,0.2605729877216917,0.330150068212824,5,0.0,733,733,0.06957708049113231,0.2758458390177353,0.3413437926330149,0.0654979536152796,0.2578444747612551,0.2264665757162346,0.2892223738062756,-1.7388114192879551,False
B1_corrected,dgcnn,proto,subject,f1_class::Cartilage,0.37630671612411104,0.08834648201085449,0.2258064516129032,0.4516129032258064,5,0.0,733,733,0.2258064516129032,,,,,,,,False
B1_corrected,dgcnn,proto,subject,f1_class::Ciliopathy,0.31757497239224813,0.03960864833076081,0.2790697674418604,0.3783783783783784,5,0.0,733,733,0.099308610936518,,,,,,,,False
B1_corrected,dgcnn,proto,subject,f1_class::Cohesinopathy,0.3134962512932891,0.11914080545688087,0.1694915254237288,0.4827586206896552,5,0.0,733,733,0.3132670952659264,,,,,,,,False
B1_corrected,dgcnn,proto,subject,f1_class::Connective Tissue,0.34536505719832805,0.012058608022738834,0.325,0.3542857142857142,5,0.0,733,733,0.029285714285714193,,,,,,,,False
B1_corrected,dgcnn,proto,subject,f1_class::Control,0.5537566042153749,0.009799269173846338,0.5375494071146245,0.5615384615384615,5,0.0,733,733,0.02398905442383703,,,,,,,,False
B1_corrected,dgcnn,proto,subject,f1_class::DNA Repair,0.4944419018560895,0.10683581347112163,0.4,0.6666666666666666,5,0.0,733,733,0.2666666666666666,,,,,,,,False
B1_corrected,dgcnn,proto,subject,f1_class::Deletion,0.19422224223392492,0.0739873587004138,0.0769230769230769,0.2753623188405797,5,0.0,733,733,0.1984392419175028,,,,,,,,False
B1_corrected,dgcnn,proto,subject,f1_class::Duplication,0.0452485380116959,0.04686379507108687,0.0,0.1111111111111111,5,0.0,733,733,0.1111111111111111,,,,,,,,False
B1_corrected,dgcnn,proto,subject,f1_class::Ectodermal,0.2635006086881396,0.06393640081512854,0.1587301587301587,0.3255813953488372,5,0.0,733,733,0.16685123661867848,,,,,,,,False
B1_corrected,dgcnn,proto,subject,f1_class::Growth,0.3326705653021442,0.1089889678971491,0.2666666666666666,0.5263157894736842,5,0.0,733,733,0.2596491228070176,,,,,,,,False
B1_corrected,dgcnn,proto,subject,f1_class::Imprinting,0.18790758408093725,0.04146388672109791,0.125,0.2409638554216867,5,0.0,733,733,0.11596385542168669,,,,,,,,False
B1_corrected,dgcnn,proto,subject,f1_class::Lysozome,0.34447330447330443,0.07044377753566758,0.2222222222222222,0.4,5,0.0,733,733,0.1777777777777778,,,,,,,,False
B1_corrected,dgcnn,proto,subject,f1_class::Neurocristopathy,0.1366667401936338,0.07990253081740797,0.0655737704918032,0.2580645161290322,5,0.0,733,733,0.192490745637229,,,,,,,,False
B1_corrected,dgcnn,proto,subject,f1_class::Peroxisome,0.24186205318280787,0.03855027616338379,0.1886792452830188,0.2857142857142857,5,0.0,733,733,0.0970350404312669,,,,,,,,False
B1_corrected,dgcnn,proto,subject,f1_class::Primary Palate,0.3529040913631862,0.05836116580697806,0.2758620689655172,0.4210526315789473,5,0.0,733,733,0.1451905626134301,,,,,,,,False
B1_corrected,dgcnn,proto,subject,f1_class::Rasopathy,0.26933613678464935,0.08507623582747113,0.125,0.3333333333333333,5,0.0,733,733,0.20833333333333331,,,,,,,,False
B1_corrected,dgcnn,proto,subject,f1_class::Sex Chromosome,0.23583533368347043,0.03545181283010667,0.1927710843373494,0.2666666666666666,5,0.0,733,733,0.0738955823293172,,,,,,,,False
B1_corrected,dgcnn,proto,subject,f1_class::Trisomy,0.3500125609065938,0.05742128753141557,0.2580645161290322,0.4,5,0.0,733,733,0.14193548387096783,,,,,,,,False
B1_corrected,dgcnn,proto,subject,f1_class::Uncategorized,0.13520068379073769,0.02927758553621048,0.0869565217391304,0.1632653061224489,5,0.0,733,733,0.0763087843833185,,,,,,,,False
B1_corrected,dgcnn,proto,subject,macro_auc,0.8183222539499717,0.007973483754684603,0.805977699519395,0.8260527021308023,5,0.0,733,733,0.020075002611407267,0.7962314350162975,0.8389671796475453,0.04273574463124785,0.7944331411495464,0.7723199207354245,0.8147108009216986,-2.9960696648299905,False
B1_corrected,dgcnn,proto,subject,macro_f1,0.2889885234618245,0.03571001012021803,0.2281165179559169,0.3142811941605427,5,0.0,733,733,0.08616467620462578,0.2451370004776682,0.3223844278932933,0.0772474274156251,0.2340688744990844,0.1984800750866295,0.2645354651647709,-1.5379342872727477,True
B1_corrected,dgcnn,proto,subject,top3_accuracy,0.5844474761255116,0.03960575429012113,0.514324693042292,0.6111869031377899,5,0.0,733,733,0.09686221009549789,0.548431105047749,0.6199249658935879,0.07149386084583897,,,,,False
B1_corrected,dgcnn,proto,subject,top5_accuracy,0.7459754433833561,0.03226113234129867,0.6889495225102319,0.7639836289222374,5,0.0,733,733,0.07503410641200547,0.7145907230559345,0.7770804911323329,0.06248976807639839,,,,,False
B1_corrected,dgcnn,softmax,scan,accuracy,0.23663043478260865,0.03302854711284823,0.1788043478260869,0.2614130434782609,5,0.0,1840,733,0.08260869565217399,0.2101104050826088,0.2640201859594761,0.053909780876867264,0.1934782608695652,0.1698199886509201,0.2185953995783071,-1.3065114177019634,True
B1_corrected,dgcnn,softmax,scan,f1_class::Cartilage,0.23040174789365878,0.02627479855939455,0.2013422818791946,0.2580645161290322,5,0.0,1840,733,0.056722234249837605,,,,,,,,False
B1_corrected,dgcnn,softmax,scan,f1_class::Ciliopathy,0.2684618803341544,0.05788674778639047,0.1897810218978102,0.3368421052631579,5,0.0,1840,733,0.14706108336534768,,,,,,,,False
B1_corrected,dgcnn,softmax,scan,f1_class::Cohesinopathy,0.16658818482347892,0.09931286458348453,0.0444444444444444,0.2857142857142857,5,0.0,1840,733,0.2412698412698413,,,,,,,,False
B1_corrected,dgcnn,softmax,scan,f1_class::Connective Tissue,0.27680362245054524,0.061484427029502305,0.1690140845070422,0.3231197771587744,5,0.0,1840,733,0.15410569265173218,,,,,,,,False
B1_corrected,dgcnn,softmax,scan,f1_class::Control,0.5418758880369312,0.035668781541599186,0.4785714285714286,0.5622254758418741,5,0.0,1840,733,0.08365404727044551,,,,,,,,False
B1_corrected,dgcnn,softmax,scan,f1_class::DNA Repair,0.2591401283130606,0.05001106874060954,0.2162162162162162,0.3428571428571428,5,0.0,1840,733,0.1266409266409266,,,,,,,,False
B1_corrected,dgcnn,softmax,scan,f1_class::Deletion,0.05854056997246941,0.015191998369146777,0.0453074433656957,0.0843373493975903,5,0.0,1840,733,0.0390299060318946,,,,,,,,False
B1_corrected,dgcnn,softmax,scan,f1_class::Duplication,0.13581159516876912,0.030068368614241673,0.1157024793388429,0.1857923497267759,5,0.0,1840,733,0.07008987038793302,,,,,,,,False
B1_corrected,dgcnn,softmax,scan,f1_class::Ectodermal,0.2226802675976673,0.048151426762185034,0.1645569620253164,0.2727272727272727,5,0.0,1840,733,0.10817031070195632,,,,,,,,False
B1_corrected,dgcnn,softmax,scan,f1_class::Growth,0.21341476110368257,0.041534636466905125,0.1481481481481481,0.2553191489361702,5,0.0,1840,733,0.10717100078802208,,,,,,,,False
B1_corrected,dgcnn,softmax,scan,f1_class::Imprinting,0.14197476374404597,0.03467386136633052,0.0946745562130177,0.1872340425531914,5,0.0,1840,733,0.0925594863401737,,,,,,,,False
B1_corrected,dgcnn,softmax,scan,f1_class::Lysozome,0.2544649221867525,0.0548239326732423,0.1748071979434447,0.3142857142857143,5,0.0,1840,733,0.13947851634226957,,,,,,,,False
B1_corrected,dgcnn,softmax,scan,f1_class::Neurocristopathy,0.0870181359683039,0.03544414225902836,0.0465116279069767,0.125,5,0.0,1840,733,0.0784883720930233,,,,,,,,False
B1_corrected,dgcnn,softmax,scan,f1_class::Peroxisome,0.2371854559342384,0.07093580176688015,0.1365853658536585,0.3243243243243243,5,0.0,1840,733,0.1877389584706658,,,,,,,,False
B1_corrected,dgcnn,softmax,scan,f1_class::Primary Palate,0.1775406729252035,0.06184766881055486,0.0858369098712446,0.2456140350877192,5,0.0,1840,733,0.1597771252164746,,,,,,,,False
B1_corrected,dgcnn,softmax,scan,f1_class::Rasopathy,0.1397671337600766,0.08295451252955767,0.0136054421768707,0.2289156626506024,5,0.0,1840,733,0.2153102204737317,,,,,,,,False
B1_corrected,dgcnn,softmax,scan,f1_class::Sex Chromosome,0.19194055594126452,0.028607327545574306,0.1538461538461538,0.2264150943396226,5,0.0,1840,733,0.07256894049346879,,,,,,,,False
B1_corrected,dgcnn,softmax,scan,f1_class::Trisomy,0.25275447107104754,0.022519506979726305,0.2150537634408602,0.2714285714285714,5,0.0,1840,733,0.05637480798771122,,,,,,,,False
B1_corrected,dgcnn,softmax,scan,f1_class::Uncategorized,0.06514326065261626,0.052289592964294536,0.0,0.1205479452054794,5,0.0,1840,733,0.1205479452054794,,,,,,,,False
B1_corrected,dgcnn,softmax,scan,macro_auc,0.7937257150726735,0.006412100434105777,0.7876125522438473,0.8022663546121456,5,0.0,1840,733,0.014653802368298274,0.7718383711726812,0.8152466882375601,0.04340831706487891,0.7812840341888926,0.7586789827938942,0.8045401290484601,-1.9403440435218398,False
B1_corrected,dgcnn,softmax,scan,macro_f1,0.20639515883568244,0.026333568262527387,0.1601259523102185,0.2262263937740167,5,0.0,1840,733,0.0661004414637982,0.17382166668833227,0.231109121191365,0.05728745450303274,0.1693508458257579,0.1418306016318604,0.1913359910114563,-1.406733513689389,True
B1_corrected,dgcnn,softmax,scan,top3_accuracy,0.514891304347826,0.05592230212747235,0.4163043478260869,0.5554347826086956,5,0.0,1840,733,0.13913043478260873,0.48296485671923656,0.5470038700978581,0.06403901337862156,,,,,False
B1_corrected,dgcnn,softmax,scan,top5_accuracy,0.7118478260869565,0.061044488564660625,0.6032608695652174,0.7467391304347826,5,0.0,1840,733,0.14347826086956517,0.6826958735579803,0.7417669526404103,0.05907107908242992,,,,,False
B1_corrected,dgcnn,softmax,subject,accuracy,0.28458390177353343,0.044255353136306935,0.2073669849931787,0.3151432469304229,5,0.0,733,733,0.10777626193724418,0.2521077762619372,0.3165211459754433,0.06441336971350609,0.252387448840382,0.2210095497953615,0.2851296043656207,-0.7275154450578223,True
B1_corrected,dgcnn,softmax,subject,f1_class::Cartilage,0.32041010791010793,0.05743485645448395,0.25,0.3783783783783784,5,0.0,733,733,0.1283783783783784,,,,,,,,False
B1_corrected,dgcnn,softmax,subject,f1_class::Ciliopathy,0.286923952884239,0.05042304784991065,0.2413793103448276,0.3684210526315789,5,0.0,733,733,0.12704174228675133,,,,,,,,False
B1_corrected,dgcnn,softmax,subject,f1_class::Cohesinopathy,0.17224880382775115,0.17078055787152865,0.0,0.3636363636363636,5,0.0,733,733,0.3636363636363636,,,,,,,,False
B1_corrected,dgcnn,softmax,subject,f1_class::Connective Tissue,0.3014426306253431,0.07701348759992814,0.1698113207547169,0.3615819209039548,5,0.0,733,733,0.1917706001492379,,,,,,,,False
B1_corrected,dgcnn,softmax,subject,f1_class::Control,0.5747275936755345,0.036103857739656915,0.5153846153846153,0.6078431372549019,5,0.0,733,733,0.09245852187028658,,,,,,,,False
B1_corrected,dgcnn,softmax,subject,f1_class::DNA Repair,0.3127272727272727,0.1015681554173259,0.2,0.4444444444444444,5,0.0,733,733,0.2444444444444444,,,,,,,,False
B1_corrected,dgcnn,softmax,subject,f1_class::Deletion,0.05984225702506808,0.03449879896231851,0.0,0.0824742268041237,5,0.0,733,733,0.0824742268041237,,,,,,,,False
B1_corrected,dgcnn,softmax,subject,f1_class::Duplication,0.16348855881172214,0.053484193474404786,0.1063829787234042,0.25,5,0.0,733,733,0.1436170212765958,,,,,,,,False
B1_corrected,dgcnn,softmax,subject,f1_class::Ectodermal,0.3132866310177711,0.09499681408050231,0.1951219512195122,0.4186046511627907,5,0.0,733,733,0.22348269994327852,,,,,,,,False
B1_corrected,dgcnn,softmax,subject,f1_class::Growth,0.2979020979020979,0.07394692100749552,0.1818181818181818,0.3809523809523809,5,0.0,733,733,0.19913419913419908,,,,,,,,False
B1_corrected,dgcnn,softmax,subject,f1_class::Imprinting,0.07339382561535253,0.0716602208884568,0.0,0.1568627450980392,5,0.0,733,733,0.1568627450980392,,,,,,,,False
B1_corrected,dgcnn,softmax,subject,f1_class::Lysozome,0.22373741162486346,0.0516871514446494,0.140625,0.2622950819672131,5,0.0,733,733,0.12167008196721307,,,,,,,,False
B1_corrected,dgcnn,softmax,subject,f1_class::Neurocristopathy,0.1124655132291927,0.06080372745679388,0.0465116279069767,0.1702127659574468,5,0.0,733,733,0.1237011380504701,,,,,,,,False
B1_corrected,dgcnn,softmax,subject,f1_class::Peroxisome,0.3099541011405418,0.09098520405550048,0.1694915254237288,0.4,5,0.0,733,733,0.23050847457627122,,,,,,,,False
B1_corrected,dgcnn,softmax,subject,f1_class::Primary Palate,0.2897552697700053,0.1155332781755075,0.1333333333333333,0.4516129032258064,5,0.0,733,733,0.3182795698924731,,,,,,,,False
B1_corrected,dgcnn,softmax,subject,f1_class::Rasopathy,0.1545165379283026,0.09077158996684083,0.0392156862745098,0.25,5,0.0,733,733,0.2107843137254902,,,,,,,,False
B1_corrected,dgcnn,softmax,subject,f1_class::Sex Chromosome,0.24009703931695978,0.04921345746966481,0.1785714285714285,0.2898550724637681,5,0.0,733,733,0.11128364389233963,,,,,,,,False
B1_corrected,dgcnn,softmax,subject,f1_class::Trisomy,0.3916528944209624,0.04426880671876924,0.3272727272727272,0.4482758620689655,5,0.0,733,733,0.12100313479623831,,,,,,,,False
B1_corrected,dgcnn,softmax,subject,f1_class::Uncategorized,0.057645330218890053,0.04811980967587578,0.0,0.1102362204724409,5,0.0,733,733,0.1102362204724409,,,,,,,,False
B1_corrected,dgcnn,softmax,subject,macro_auc,0.827160924266377,0.00484567408332234,0.8231576448045719,0.8352523772521891,5,0.0,733,733,0.012094732447617274,0.8046415187563358,0.8480721281041218,0.043430609347785976,0.8128047431499528,0.7889515190538121,0.833981700562117,-2.962679880975651,False
B1_corrected,dgcnn,softmax,subject,macro_f1,0.24506409629852516,0.03908788351315958,0.1757568712405993,0.2677020132549314,5,0.0,733,733,0.09194514201433213,0.19941309867654025,0.28033512217668577,0.08092202350014552,0.2170970074061433,0.1759833555683777,0.2489606397818431,-0.7154925357615304,True
B1_corrected,dgcnn,softmax,subject,top3_accuracy,0.5410641200545703,0.053219993263261385,0.4474761255115961,0.5757162346521146,5,0.0,733,733,0.12824010914051853,0.5055934515688949,0.5768076398362891,0.07121418826739423,,,,,False
B1_corrected,dgcnn,softmax,subject,top5_accuracy,0.7236016371077763,0.05556394064359179,0.626193724420191,0.7667121418826739,5,0.0,733,733,0.14051841746248295,0.6914051841746248,0.7552523874488404,0.06384720327421556,,,,,False
B1_corrected,geommlp,knn11,scan,accuracy,0.2146739130434782,0.0,0.2146739130434782,0.2146739130434782,5,0.0,1840,733,0.0,0.191078060283636,0.2394525955299207,0.04837453524628471,0.2146739130434782,0.191078060283636,0.2394525955299207,,True
B1_corrected,geommlp,knn11,scan,f1_class::Cartilage,0.0,0.0,0.0,0.0,5,0.0,1840,733,0.0,,,,,,,,False
B1_corrected,geommlp,knn11,scan,f1_class::Ciliopathy,0.05555555555555549,7.757919228897728e-18,0.0555555555555555,0.0555555555555555,5,0.0,1840,733,0.0,,,,,,,,False
B1_corrected,geommlp,knn11,scan,f1_class::Cohesinopathy,0.0,0.0,0.0,0.0,5,0.0,1840,733,0.0,,,,,,,,False
B1_corrected,geommlp,knn11,scan,f1_class::Connective Tissue,0.2199488491048593,0.0,0.2199488491048593,0.2199488491048593,5,0.0,1840,733,0.0,,,,,,,,False
B1_corrected,geommlp,knn11,scan,f1_class::Control,0.3512690355329949,0.0,0.3512690355329949,0.3512690355329949,5,0.0,1840,733,0.0,,,,,,,,False
B1_corrected,geommlp,knn11,scan,f1_class::DNA Repair,0.0444444444444444,0.0,0.0444444444444444,0.0444444444444444,5,0.0,1840,733,0.0,,,,,,,,False
B1_corrected,geommlp,knn11,scan,f1_class::Deletion,0.24752475247524747,3.1031676915590914e-17,0.2475247524752475,0.2475247524752475,5,0.0,1840,733,0.0,,,,,,,,False
B1_corrected,geommlp,knn11,scan,f1_class::Duplication,0.05555555555555549,7.757919228897728e-18,0.0555555555555555,0.0555555555555555,5,0.0,1840,733,0.0,,,,,,,,False
B1_corrected,geommlp,knn11,scan,f1_class::Ectodermal,0.0,0.0,0.0,0.0,5,0.0,1840,733,0.0,,,,,,,,False
B1_corrected,geommlp,knn11,scan,f1_class::Growth,0.0,0.0,0.0,0.0,5,0.0,1840,733,0.0,,,,,,,,False
B1_corrected,geommlp,knn11,scan,f1_class::Imprinting,0.0769230769230769,0.0,0.0769230769230769,0.0769230769230769,5,0.0,1840,733,0.0,,,,,,,,False
B1_corrected,geommlp,knn11,scan,f1_class::Lysozome,0.0,0.0,0.0,0.0,5,0.0,1840,733,0.0,,,,,,,,False
B1_corrected,geommlp,knn11,scan,f1_class::Neurocristopathy,0.0512820512820512,0.0,0.0512820512820512,0.0512820512820512,5,0.0,1840,733,0.0,,,,,,,,False
B1_corrected,geommlp,knn11,scan,f1_class::Peroxisome,0.2727272727272727,0.0,0.2727272727272727,0.2727272727272727,5,0.0,1840,733,0.0,,,,,,,,False
B1_corrected,geommlp,knn11,scan,f1_class::Primary Palate,0.2608695652173913,0.0,0.2608695652173913,0.2608695652173913,5,0.0,1840,733,0.0,,,,,,,,False
B1_corrected,geommlp,knn11,scan,f1_class::Rasopathy,0.0840336134453781,0.0,0.0840336134453781,0.0840336134453781,5,0.0,1840,733,0.0,,,,,,,,False
B1_corrected,geommlp,knn11,scan,f1_class::Sex Chromosome,0.0517241379310344,0.0,0.0517241379310344,0.0517241379310344,5,0.0,1840,733,0.0,,,,,,,,False
B1_corrected,geommlp,knn11,scan,f1_class::Trisomy,0.0,0.0,0.0,0.0,5,0.0,1840,733,0.0,,,,,,,,False
B1_corrected,geommlp,knn11,scan,f1_class::Uncategorized,0.2537313432835821,0.0,0.2537313432835821,0.2537313432835821,5,0.0,1840,733,0.0,,,,,,,,False
B1_corrected,geommlp,knn11,scan,macro_auc,0.597755176036891,0.0,0.597755176036891,0.597755176036891,5,0.0,1840,733,0.0,0.5726891470407258,0.6230731051657271,0.050383958125001294,0.597755176036891,0.5726891470407258,0.6230731051657271,,True
B1_corrected,geommlp,knn11,scan,macro_f1,0.1066099607093918,0.0,0.1066099607093918,0.1066099607093918,5,0.0,1840,733,0.0,0.0827189715068913,0.1281560932014839,0.045437121694592617,0.1066099607093918,0.0827189715068913,0.1281560932014839,,True
B1_corrected,geommlp,knn11,subject,accuracy,0.21555252387448837,3.1031676915590914e-17,0.2155525238744884,0.2155525238744884,5,0.0,733,733,0.0,0.1855388813096862,0.24556616643929047,0.06002728512960426,0.2155525238744884,0.1855388813096862,0.2455661664392905,,True
B1_corrected,geommlp,knn11,subject,f1_class::Cartilage,0.0,0.0,0.0,0.0,5,0.0,733,733,0.0,,,,,,,,False
B1_corrected,geommlp,knn11,subject,f1_class::Ciliopathy,0.0,0.0,0.0,0.0,5,0.0,733,733,0.0,,,,,,,,False
B1_corrected,geommlp,knn11,subject,f1_class::Cohesinopathy,0.0952380952380952,0.0,0.0952380952380952,0.0952380952380952,5,0.0,733,733,0.0,,,,,,,,False
B1_corrected,geommlp,knn11,subject,f1_class::Connective Tissue,0.227027027027027,0.0,0.227027027027027,0.227027027027027,5,0.0,733,733,0.0,,,,,,,,False
B1_corrected,geommlp,knn11,subject,f1_class::Control,0.3764705882352941,0.0,0.3764705882352941,0.3764705882352941,5,0.0,733,733,0.0,,,,,,,,False
B1_corrected,geommlp,knn11,subject,f1_class::DNA Repair,0.0,0.0,0.0,0.0,5,0.0,733,733,0.0,,,,,,,,False
B1_corrected,geommlp,knn11,subject,f1_class::Deletion,0.24299065420560736,3.1031676915590914e-17,0.2429906542056074,0.2429906542056074,5,0.0,733,733,0.0,,,,,,,,False
B1_corrected,geommlp,knn11,subject,f1_class::Duplication,0.0,0.0,0.0,0.0,5,0.0,733,733,0.0,,,,,,,,False
B1_corrected,geommlp,knn11,subject,f1_class::Ectodermal,0.0,0.0,0.0,0.0,5,0.0,733,733,0.0,,,,,,,,False
B1_corrected,geommlp,knn11,subject,f1_class::Growth,0.0,0.0,0.0,0.0,5,0.0,733,733,0.0,,,,,,,,False
B1_corrected,geommlp,knn11,subject,f1_class::Imprinting,0.0444444444444444,0.0,0.0444444444444444,0.0444444444444444,5,0.0,733,733,0.0,,,,,,,,False
B1_corrected,geommlp,knn11,subject,f1_class::Lysozome,0.0,0.0,0.0,0.0,5,0.0,733,733,0.0,,,,,,,,False
B1_corrected,geommlp,knn11,subject,f1_class::Neurocristopathy,0.0363636363636363,0.0,0.0363636363636363,0.0363636363636363,5,0.0,733,733,0.0,,,,,,,,False
B1_corrected,geommlp,knn11,subject,f1_class::Peroxisome,0.1333333333333333,0.0,0.1333333333333333,0.1333333333333333,5,0.0,733,733,0.0,,,,,,,,False
B1_corrected,geommlp,knn11,subject,f1_class::Primary Palate,0.3529411764705882,0.0,0.3529411764705882,0.3529411764705882,5,0.0,733,733,0.0,,,,,,,,False
B1_corrected,geommlp,knn11,subject,f1_class::Rasopathy,0.11111111111111112,1.5515838457795457e-17,0.1111111111111111,0.1111111111111111,5,0.0,733,733,0.0,,,,,,,,False
B1_corrected,geommlp,knn11,subject,f1_class::Sex Chromosome,0.0357142857142857,0.0,0.0357142857142857,0.0357142857142857,5,0.0,733,733,0.0,,,,,,,,False
B1_corrected,geommlp,knn11,subject,f1_class::Trisomy,0.0,0.0,0.0,0.0,5,0.0,733,733,0.0,,,,,,,,False
B1_corrected,geommlp,knn11,subject,f1_class::Uncategorized,0.1853658536585365,0.0,0.1853658536585365,0.1853658536585365,5,0.0,733,733,0.0,,,,,,,,False
B1_corrected,geommlp,knn11,subject,macro_auc,0.6105832580398209,0.0,0.6105832580398209,0.6105832580398209,5,0.0,733,733,0.0,0.5825467436730715,0.6393929027611364,0.056846159088064896,0.6105832580398209,0.5825467436730715,0.6393929027611364,,True
B1_corrected,geommlp,knn11,subject,macro_f1,0.0968947476737873,0.0,0.0968947476737873,0.0968947476737873,5,0.0,733,733,0.0,0.0711953578652764,0.1207233414060094,0.049527983540733,0.0968947476737873,0.0711953578652764,0.1207233414060094,,True
B1_corrected,geommlp,proto,scan,accuracy,0.0970652173913043,0.004975127170150348,0.0902173913043478,0.1021739130434782,5,0.0,1840,733,0.011956521739130394,0.07957806526792624,0.11599616049780628,0.03641809522988004,0.0945652173913043,0.0764018453937808,0.1130321411474454,-0.5024997179970482,True
B1_corrected,geommlp,proto,scan,f1_class::Cartilage,0.08429860421805499,0.02162673576688521,0.048,0.1014492753623188,5,0.0,1840,733,0.053449275362318804,,,,,,,,False
B1_corrected,geommlp,proto,scan,f1_class::Ciliopathy,0.08732396384751856,0.017158582520496964,0.0694980694980695,0.1111111111111111,5,0.0,1840,733,0.04161304161304161,,,,,,,,False
B1_corrected,geommlp,proto,scan,f1_class::Cohesinopathy,0.13789612065253792,0.01709903513504503,0.1123595505617977,0.1538461538461538,5,0.0,1840,733,0.041486603284356105,,,,,,,,False
B1_corrected,geommlp,proto,scan,f1_class::Connective Tissue,0.1912808727457577,0.022376344733064185,0.1676646706586826,0.2192513368983957,5,0.0,1840,733,0.051586666239713114,,,,,,,,False
B1_corrected,geommlp,proto,scan,f1_class::Control,0.11742830045626196,0.045320175650619576,0.071625344352617,0.1836228287841191,5,0.0,1840,733,0.11199748443150209,,,,,,,,False
B1_corrected,geommlp,proto,scan,f1_class::DNA Repair,0.09297752909157292,0.009949507474531067,0.0769230769230769,0.1022727272727272,5,0.0,1840,733,0.025349650349650296,,,,,,,,False
B1_corrected,geommlp,proto,scan,f1_class::Deletion,0.037962879665322004,0.02562584925146722,0.0067340067340067,0.0596026490066225,5,0.0,1840,733,0.0528686422726158,,,,,,,,False
B1_corrected,geommlp,proto,scan,f1_class::Duplication,0.03708969180545562,0.011752303409443237,0.02,0.05,5,0.0,1840,733,0.030000000000000002,,,,,,,,False
B1_corrected,geommlp,proto,scan,f1_class::Ectodermal,0.07366461142863848,0.006566883548027577,0.0662983425414364,0.0821917808219178,5,0.0,1840,733,0.015893438280481398,,,,,,,,False
B1_corrected,geommlp,proto,scan,f1_class::Growth,0.0837383668962616,0.013449145180705386,0.0669856459330143,0.1,5,0.0,1840,733,0.033014354066985704,,,,,,,,False
B1_corrected,geommlp,proto,scan,f1_class::Imprinting,0.07458021430624168,0.04552670947471473,0.0,0.1168831168831168,5,0.0,1840,733,0.1168831168831168,,,,,,,,False
B1_corrected,geommlp,proto,scan,f1_class::Lysozome,0.15345360682821546,0.017712873957361316,0.1276595744680851,0.1708542713567839,5,0.0,1840,733,0.043194696888698814,,,,,,,,False
B1_corrected,geommlp,proto,scan,f1_class::Neurocristopathy,0.0523668239242143,0.017064353038542705,0.0330578512396694,0.0704225352112676,5,0.0,1840,733,0.037364683971598193,,,,,,,,False
B1_corrected,geommlp,proto,scan,f1_class::Peroxisome,0.22659717286582953,0.01559848126147226,0.2,0.2388059701492537,5,0.0,1840,733,0.03880597014925369,,,,,,,,False
B1_corrected,geommlp,proto,scan,f1_class::Primary Palate,0.10938839805305581,0.026227008819703555,0.0792079207920792,0.1481481481481481,5,0.0,1840,733,0.06894022735606892,,,,,,,,False
B1_corrected,geommlp,proto,scan,f1_class::Rasopathy,0.054946503390004495,0.03871866325587696,0.0309278350515463,0.1237113402061855,5,0.0,1840,733,0.0927835051546392,,,,,,,,False
B1_corrected,geommlp,proto,scan,f1_class::Sex Chromosome,0.09809519021251578,0.016526941715597026,0.08,0.1224489795918367,5,0.0,1840,733,0.0424489795918367,,,,,,,,False
B1_corrected,geommlp,proto,scan,f1_class::Trisomy,0.0064516129032257995,0.01442624501612766,0.0,0.032258064516129,5,0.0,1840,733,0.032258064516129,,,,,,,,False
B1_corrected,geommlp,proto,scan,f1_class::Uncategorized,0.01730452472152434,0.007305174571428493,0.0067796610169491,0.0258899676375404,5,0.0,1840,733,0.019110306620591298,,,,,,,,False
B1_corrected,geommlp,proto,scan,macro_auc,0.6538745501060493,0.007801127623142352,0.6405710528282222,0.6597315296087057,5,0.0,1840,733,0.019160476780483493,0.6277678073621511,0.678038326470001,0.050270519107849854,0.6355508149241372,0.6111142788630393,0.6594473197020551,-2.348857250784364,False
B1_corrected,geommlp,proto,scan,macro_f1,0.09141289410590572,0.0053549437332795395,0.0862988157122266,0.0984456231309387,5,0.0,1840,733,0.012146807418712102,0.07282218307717646,0.10799932993753388,0.03517714686035742,0.0767616763244891,0.059608759655737,0.0916680100278957,-2.736017129435596,False
B1_corrected,geommlp,proto,scan,top3_accuracy,0.2796739130434783,0.013453694301535517,0.2570652173913043,0.2896739130434783,5,0.0,1840,733,0.032608695652174,0.251596445831357,0.30850410844332493,0.056907662611967946,,,,,False
B1_corrected,geommlp,proto,scan,top5_accuracy,0.43663043478260866,0.02168675756507182,0.4,0.4559782608695652,5,0.0,1840,733,0.0559782608695652,0.40504301103604295,0.46743795672431326,0.06239494568827031,,,,,False
B1_corrected,geommlp,proto,subject,accuracy,0.11841746248294675,0.0076203219884141285,0.111869031377899,0.1309686221009549,5,0.0,733,733,0.019099590723055893,0.09603683492496587,0.14188949522510225,0.04585266030013638,0.1145975443383356,0.0914051841746248,0.1377899045020464,-0.5012804118275997,True
B1_corrected,geommlp,proto,subject,f1_class::Cartilage,0.14433478600349162,0.0347358560937891,0.0909090909090909,0.1791044776119403,5,0.0,733,733,0.08819538670284939,,,,,,,,False
B1_corrected,geommlp,proto,subject,f1_class::Ciliopathy,0.08588235657530849,0.013547134408467488,0.0697674418604651,0.1052631578947368,5,0.0,733,733,0.03549571603427169,,,,,,,,False
B1_corrected,geommlp,proto,subject,f1_class::Cohesinopathy,0.14986829825397932,0.017644914490248357,0.1290322580645161,0.1739130434782608,5,0.0,733,733,0.04488078541374471,,,,,,,,False
B1_corrected,geommlp,proto,subject,f1_class::Connective Tissue,0.2145599967113827,0.023675700623452603,0.1871345029239766,0.2444444444444444,5,0.0,733,733,0.05730994152046781,,,,,,,,False
B1_corrected,geommlp,proto,subject,f1_class::Control,0.14005884756314288,0.040776958894354856,0.1005586592178771,0.2083333333333333,5,0.0,733,733,0.10777467411545619,,,,,,,,False
B1_corrected,geommlp,proto,subject,f1_class::DNA Repair,0.08977193538169145,0.011479737349200589,0.0727272727272727,0.1,5,0.0,733,733,0.02727272727272731,,,,,,,,False
B1_corrected,geommlp,proto,subject,f1_class::Deletion,0.07228974983235562,0.024794528596789656,0.0392156862745098,0.0961538461538461,5,0.0,733,733,0.0569381598793363,,,,,,,,False
B1_corrected,geommlp,proto,subject,f1_class::Duplication,0.0,0.0,0.0,0.0,5,0.0,733,733,0.0,,,,,,,,False
B1_corrected,geommlp,proto,subject,f1_class::Ectodermal,0.08260185674648876,0.009954147431970449,0.0697674418604651,0.0952380952380952,5,0.0,733,733,0.025470653377630104,,,,,,,,False
B1_corrected,geommlp,proto,subject,f1_class::Growth,0.12254659876271254,0.02407681879678482,0.1,0.1568627450980392,5,0.0,733,733,0.05686274509803921,,,,,,,,False
B1_corrected,geommlp,proto,subject,f1_class::Imprinting,0.14768553459119496,0.10960039754545849,0.0,0.2641509433962264,5,0.0,733,733,0.2641509433962264,,,,,,,,False
B1_corrected,geommlp,proto,subject,f1_class::Lysozome,0.12055331770841986,0.03811985750711865,0.0701754385964912,0.1739130434782608,5,0.0,733,733,0.10373760488176961,,,,,,,,False
B1_corrected,geommlp,proto,subject,f1_class::Neurocristopathy,0.05678607590007202,0.040120957220866726,0.0,0.1052631578947368,5,0.0,733,733,0.1052631578947368,,,,,,,,False
B1_corrected,geommlp,proto,subject,f1_class::Peroxisome,0.24628244733691274,0.025790452552161523,0.2040816326530612,0.2702702702702703,5,0.0,733,733,0.06618863761720908,,,,,,,,False
B1_corrected,geommlp,proto,subject,f1_class::Primary Palate,0.23868133707066055,0.03360280117293444,0.1951219512195122,0.2727272727272727,5,0.0,733,733,0.0776053215077605,,,,,,,,False
B1_corrected,geommlp,proto,subject,f1_class::Rasopathy,0.054351661410484906,0.03360793604515115,0.0294117647058823,0.1,5,0.0,733,733,0.0705882352941177,,,,,,,,False
B1_corrected,geommlp,proto,subject,f1_class::Sex Chromosome,0.16154050386162308,0.03762965395853463,0.1111111111111111,0.2133333333333333,5,0.0,733,733,0.10222222222222219,,,,,,,,False
B1_corrected,geommlp,proto,subject,f1_class::Trisomy,0.010526315789473679,0.023537557657892512,0.0,0.0526315789473684,5,0.0,733,733,0.0526315789473684,,,,,,,,False
B1_corrected,geommlp,proto,subject,f1_class::Uncategorized,0.00357142857142856,0.007985957062499223,0.0,0.0178571428571428,5,0.0,733,733,0.0178571428571428,,,,,,,,False
B1_corrected,geommlp,proto,subject,macro_auc,0.6664535078632463,0.009337867814008775,0.6504025351022542,0.6736883604008358,5,0.0,733,733,0.023285825298581586,0.6363765443373375,0.6961785401401063,0.05980199580276879,0.6413887081298146,0.6131756636229087,0.6703189724761827,-2.6842101679603108,False
B1_corrected,geommlp,proto,subject,macro_f1,0.11273121305635911,0.009402438505711416,0.100235126865362,0.1233604246464529,5,0.0,733,733,0.023125297781090903,0.08861710205405068,0.13475930257309138,0.046142200519040694,0.1033551341362148,0.0793505661298752,0.126311632031749,-0.9971965160366536,True
B1_corrected,geommlp,proto,subject,top3_accuracy,0.3121418826739427,0.028688338361015794,0.2660300136425648,0.3437926330150068,5,0.0,733,733,0.077762619372442,0.2793997271487039,0.34762619372442016,0.06822646657571624,,,,,False
B1_corrected,geommlp,proto,subject,top5_accuracy,0.4717598908594815,0.03279043734388753,0.4188267394270122,0.5020463847203275,5,0.0,733,733,0.08321964529331527,0.43600954979536144,0.5091405184174624,0.073130968622101,,,,,False
B1_corrected,geommlp,softmax,scan,accuracy,0.10586956521739126,0.00443859064980336,0.1005434782608695,0.1108695652173913,5,0.0,1840,733,0.010326086956521804,0.08812515479059457,0.12469226932818085,0.03656711453758628,0.1146739130434782,0.0956991448470262,0.1335506514234349,1.983590855912111,False
B1_corrected,geommlp,softmax,scan,f1_class::Cartilage,0.13256522310191526,0.03715522670587023,0.0826446280991735,0.1846153846153846,5,0.0,1840,733,0.1019707565162111,,,,,,,,False
B1_corrected,geommlp,softmax,scan,f1_class::Ciliopathy,0.1138648111189097,0.018244337360985866,0.0993788819875776,0.1443298969072164,5,0.0,1840,733,0.04495101491963879,,,,,,,,False
B1_corrected,geommlp,softmax,scan,f1_class::Cohesinopathy,0.14333641992158325,0.015637162160186104,0.1238938053097345,0.1666666666666666,5,0.0,1840,733,0.042772861356932104,,,,,,,,False
B1_corrected,geommlp,softmax,scan,f1_class::Connective Tissue,0.21102969669151062,0.012515228867630653,0.1994301994301994,0.2312138728323699,5,0.0,1840,733,0.031783673402170504,,,,,,,,False
B1_corrected,geommlp,softmax,scan,f1_class::Control,0.17447335572455822,0.0221749280495864,0.1538461538461538,0.2090261282660332,5,0.0,1840,733,0.0551799744198794,,,,,,,,False
B1_corrected,geommlp,softmax,scan,f1_class::DNA Repair,0.1262032958794092,0.02000865525917099,0.0946745562130177,0.1428571428571428,5,0.0,1840,733,0.0481825866441251,,,,,,,,False
B1_corrected,geommlp,softmax,scan,f1_class::Deletion,0.05922299511760726,0.01060464275345278,0.046979865771812,0.0743034055727554,5,0.0,1840,733,0.027323539800943403,,,,,,,,False
B1_corrected,geommlp,softmax,scan,f1_class::Duplication,0.0661146790521536,0.019572844549071024,0.043010752688172,0.0909090909090909,5,0.0,1840,733,0.0478983382209189,,,,,,,,False
B1_corrected,geommlp,softmax,scan,f1_class::Ectodermal,0.05905207189899271,0.006033770091194014,0.0529100529100529,0.0661157024793388,5,0.0,1840,733,0.013205649569285903,,,,,,,,False
B1_corrected,geommlp,softmax,scan,f1_class::Growth,0.06439064065593,0.01155059469457873,0.046875,0.075,5,0.0,1840,733,0.028124999999999997,,,,,,,,False
B1_corrected,geommlp,softmax,scan,f1_class::Imprinting,0.09272046251768394,0.02543233589983824,0.0522875816993464,0.1169590643274853,5,0.0,1840,733,0.0646714826281389,,,,,,,,False
B1_corrected,geommlp,softmax,scan,f1_class::Lysozome,0.11749999566895812,0.017487069369104755,0.0909090909090909,0.1324041811846689,5,0.0,1840,733,0.041495090275578,,,,,,,,False
B1_corrected,geommlp,softmax,scan,f1_class::Neurocristopathy,0.05332627788297502,0.019155319504162268,0.037037037037037,0.0863309352517985,5,0.0,1840,733,0.049293898214761496,,,,,,,,False
B1_corrected,geommlp,softmax,scan,f1_class::Peroxisome,0.2954959990661545,0.043190183837721594,0.2290076335877862,0.3478260869565217,5,0.0,1840,733,0.11881845336873548,,,,,,,,False
B1_corrected,geommlp,softmax,scan,f1_class::Primary Palate,0.08913645697424134,0.009619802619469004,0.0772200772200772,0.099009900990099,5,0.0,1840,733,0.021789823770021796,,,,,,,,False
B1_corrected,geommlp,softmax,scan,f1_class::Rasopathy,0.03907955761524642,0.014535100385229986,0.0238095238095238,0.0561797752808988,5,0.0,1840,733,0.032370251471375,,,,,,,,False
B1_corrected,geommlp,softmax,scan,f1_class::Sex Chromosome,0.08159126179372882,0.02589591271168634,0.0555555555555555,0.1176470588235294,5,0.0,1840,733,0.0620915032679739,,,,,,,,False
B1_corrected,geommlp,softmax,scan,f1_class::Trisomy,0.0120854157201272,0.016611665443133677,0.0,0.032258064516129,5,0.0,1840,733,0.032258064516129,,,,,,,,False
B1_corrected,geommlp,softmax,scan,f1_class::Uncategorized,0.01317864376181696,0.00897023100236756,0.0067567567567567,0.0258064516129032,5,0.0,1840,733,0.0190496948561465,,,,,,,,False
B1_corrected,geommlp,softmax,scan,macro_auc,0.670107631546206,0.009314758059760337,0.65474090025951,0.677504705506426,5,0.0,1840,733,0.022763805246916013,0.6440033673727814,0.6954717590848839,0.05146839171210249,0.6495292255770928,0.6225847808388084,0.6747654751845298,-2.209226030036326,False
B1_corrected,geommlp,softmax,scan,macro_f1,0.10233511895597378,0.004878426810910288,0.0980807101498329,0.1100108439427671,5,0.0,1840,733,0.0119301337929342,0.08155192149999362,0.12050122090668876,0.03894929940669514,0.1025147654992728,0.0823630724945253,0.1200264207722453,0.03682468760159617,True
B1_corrected,geommlp,softmax,scan,top3_accuracy,0.2901086956521739,0.008092170479073086,0.2826086956521739,0.3010869565217391,5,0.0,1840,733,0.018478260869565222,0.2625247091870482,0.31813665422977094,0.055611945042722766,,,,,False
B1_corrected,geommlp,softmax,scan,top5_accuracy,0.4559782608695652,0.0140570838656278,0.4423913043478261,0.4782608695652174,5,0.0,1840,733,0.03586956521739132,0.4264148108753053,0.48550308374137624,0.059088272866070934,,,,,False
B1_corrected,geommlp,softmax,subject,accuracy,0.12905866302864938,0.00897718083293975,0.1145975443383356,0.1377899045020464,5,0.0,733,733,0.02319236016371079,0.10532060027285126,0.15361527967257843,0.048294679399727175,0.1227830832196452,0.0995907230559345,0.145975443383356,-0.699059083891609,True
B1_corrected,geommlp,softmax,subject,f1_class::Cartilage,0.15968919968919965,0.07064779829099994,0.0571428571428571,0.2307692307692307,5,0.0,733,733,0.1736263736263736,,,,,,,,False
B1_corrected,geommlp,softmax,subject,f1_class::Ciliopathy,0.13369201477448897,0.023013418225735677,0.1030927835051546,0.1621621621621621,5,0.0,733,733,0.05906937865700748,,,,,,,,False
B1_corrected,geommlp,softmax,subject,f1_class::Cohesinopathy,0.15000819000818996,0.009167387174306601,0.1363636363636363,0.1621621621621621,5,0.0,733,733,0.02579852579852579,,,,,,,,False
B1_corrected,geommlp,softmax,subject,f1_class::Connective Tissue,0.24187491423364796,0.016490012088040424,0.216867469879518,0.2584269662921348,5,0.0,733,733,0.0415594964126168,,,,,,,,False
B1_corrected,geommlp,softmax,subject,f1_class::Control,0.19722949771701712,0.041078440733060516,0.1468926553672316,0.231578947368421,5,0.0,733,733,0.0846862920011894,,,,,,,,False
B1_corrected,geommlp,softmax,subject,f1_class::DNA Repair,0.11191401215374927,0.023266785918184183,0.0784313725490196,0.1333333333333333,5,0.0,733,733,0.0549019607843137,,,,,,,,False
B1_corrected,geommlp,softmax,subject,f1_class::Deletion,0.06669694684400565,0.0368804505615453,0.0208333333333333,0.1153846153846153,5,0.0,733,733,0.09455128205128199,,,,,,,,False
B1_corrected,geommlp,softmax,subject,f1_class::Duplication,0.0711873338333245,0.04803611456847594,0.0,0.1132075471698113,5,0.0,733,733,0.1132075471698113,,,,,,,,False
B1_corrected,geommlp,softmax,subject,f1_class::Ectodermal,0.08144890954026704,0.026358297871133817,0.0576923076923076,0.125,5,0.0,733,733,0.0673076923076924,,,,,,,,False
B1_corrected,geommlp,softmax,subject,f1_class::Growth,0.09420899949567112,0.01827405900221061,0.0759493670886076,0.1176470588235294,5,0.0,733,733,0.0416976917349218,,,,,,,,False
B1_corrected,geommlp,softmax,subject,f1_class::Imprinting,0.09501756697408867,0.07414212982540198,0.0,0.2083333333333333,5,0.0,733,733,0.2083333333333333,,,,,,,,False
B1_corrected,geommlp,softmax,subject,f1_class::Lysozome,0.09233949095106189,0.033273570165626314,0.0526315789473684,0.1276595744680851,5,0.0,733,733,0.0750279955207167,,,,,,,,False
B1_corrected,geommlp,softmax,subject,f1_class::Neurocristopathy,0.03693259121830546,0.029104745519979006,0.0,0.0816326530612244,5,0.0,733,733,0.0816326530612244,,,,,,,,False
B1_corrected,geommlp,softmax,subject,f1_class::Peroxisome,0.2824605681748539,0.05548501531936031,0.2040816326530612,0.3571428571428571,5,0.0,733,733,0.1530612244897959,,,,,,,,False
B1_corrected,geommlp,softmax,subject,f1_class::Primary Palate,0.1967077508231846,0.03930699218130464,0.135593220338983,0.2272727272727272,5,0.0,733,733,0.09167950693374421,,,,,,,,False
B1_corrected,geommlp,softmax,subject,f1_class::Rasopathy,0.046230232126317064,0.012971715345292397,0.0344827586206896,0.0625,5,0.0,733,733,0.0280172413793104,,,,,,,,False
B1_corrected,geommlp,softmax,subject,f1_class::Sex Chromosome,0.14223457675753226,0.0380195658243823,0.0941176470588235,0.1875,5,0.0,733,733,0.0933823529411765,,,,,,,,False
B1_corrected,geommlp,softmax,subject,f1_class::Trisomy,0.010526315789473679,0.023537557657892512,0.0,0.0526315789473684,5,0.0,733,733,0.0526315789473684,,,,,,,,False
B1_corrected,geommlp,softmax,subject,f1_class::Uncategorized,0.0073734284743459,0.01009666142959966,0.0,0.0185185185185185,5,0.0,733,733,0.0185185185185185,,,,,,,,False
B1_corrected,geommlp,softmax,subject,macro_auc,0.687161493616592,0.011768089637128356,0.6672405751865427,0.6960762569346497,5,0.0,733,733,0.028835681748107023,0.6568458663459165,0.7164010682798094,0.059555201933892965,0.6515052578709298,0.6207649867222422,0.682338703159046,-3.0299085786334086,False
B1_corrected,geommlp,softmax,subject,macro_f1,0.11672487050414337,0.007458370422988751,0.1060033665836399,0.1262720041587275,5,0.0,733,733,0.020268637575087595,0.0907715607232977,0.14006454741516466,0.04929298669186696,0.1070927689299878,0.0842163185241249,0.1281130253833625,-1.2914485373999105,True
B1_corrected,geommlp,softmax,subject,top3_accuracy,0.32223738062755797,0.008541596639835522,0.3137789904502046,0.3315143246930423,5,0.0,733,733,0.01773533424283774,0.2897680763983629,0.35607776261937235,0.06630968622100947,,,,,False
B1_corrected,geommlp,softmax,subject,top5_accuracy,0.47012278308321964,0.008606717760211454,0.461118690313779,0.4802182810368349,5,0.0,733,733,0.019099590723055893,0.4346521145975443,0.5064120054570259,0.07175989085948159,,,,,False
B1_corrected,pointnet,knn11,scan,accuracy,0.20923913043478257,0.010531425203845693,0.1918478260869565,0.2195652173913043,5,0.0,1840,733,0.027717391304347805,0.1862223556868628,0.23254250043360897,0.04632014474674617,0.2108695652173913,0.1874983359957401,0.2350809361521069,0.15481615745733696,True
B1_corrected,pointnet,knn11,scan,f1_class::Cartilage,0.09098692677640041,0.07140247327254957,0.0,0.1578947368421052,5,0.0,1840,733,0.1578947368421052,,,,,,,,False
B1_corrected,pointnet,knn11,scan,f1_class::Ciliopathy,0.18134390999000155,0.06297601271350689,0.1071428571428571,0.2372881355932203,5,0.0,1840,733,0.1301452784503632,,,,,,,,False
B1_corrected,pointnet,knn11,scan,f1_class::Cohesinopathy,0.09320524950661932,0.0379625611401026,0.0512820512820512,0.15,5,0.0,1840,733,0.0987179487179488,,,,,,,,False
B1_corrected,pointnet,knn11,scan,f1_class::Connective Tissue,0.22960324571401544,0.020802725665417736,0.2080924855491329,0.2578796561604584,5,0.0,1840,733,0.04978717061132548,,,,,,,,False
B1_corrected,pointnet,knn11,scan,f1_class::Control,0.38948166676626367,0.026432288758604372,0.359375,0.4187192118226601,5,0.0,1840,733,0.05934421182266009,,,,,,,,False
B1_corrected,pointnet,knn11,scan,f1_class::DNA Repair,0.07696969696969692,0.06455327879735805,0.0,0.1666666666666666,5,0.0,1840,733,0.1666666666666666,,,,,,,,False
B1_corrected,pointnet,knn11,scan,f1_class::Deletion,0.2217993940065815,0.022679993911225868,0.1939586645468998,0.2514792899408284,5,0.0,1840,733,0.057520625393928604,,,,,,,,False
B1_corrected,pointnet,knn11,scan,f1_class::Duplication,0.04114752879970268,0.039953449833508604,0.0,0.1066666666666666,5,0.0,1840,733,0.1066666666666666,,,,,,,,False
B1_corrected,pointnet,knn11,scan,f1_class::Ectodermal,0.06666369578134282,0.045932818023735306,0.0,0.125,5,0.0,1840,733,0.125,,,,,,,,False
B1_corrected,pointnet,knn11,scan,f1_class::Growth,0.030814814814814802,0.04224690636477053,0.0,0.08,5,0.0,1840,733,0.08,,,,,,,,False
B1_corrected,pointnet,knn11,scan,f1_class::Imprinting,0.08385412436760158,0.01947353641660752,0.0531914893617021,0.1020408163265306,5,0.0,1840,733,0.0488493269648285,,,,,,,,False
B1_corrected,pointnet,knn11,scan,f1_class::Lysozome,0.13522928566870046,0.06280545713225771,0.0273972602739726,0.1797752808988764,5,0.0,1840,733,0.1523780206249038,,,,,,,,False
B1_corrected,pointnet,knn11,scan,f1_class::Neurocristopathy,0.0159190454039462,0.005169598283677077,0.0132450331125827,0.0251572327044025,5,0.0,1840,733,0.0119121995918198,,,,,,,,False
B1_corrected,pointnet,knn11,scan,f1_class::Peroxisome,0.218661028893587,0.09829865052837596,0.1333333333333333,0.3720930232558139,5,0.0,1840,733,0.2387596899224806,,,,,,,,False
B1_corrected,pointnet,knn11,scan,f1_class::Primary Palate,0.09510348494014553,0.05458936660591837,0.0,0.1379310344827586,5,0.0,1840,733,0.1379310344827586,,,,,,,,False
B1_corrected,pointnet,knn11,scan,f1_class::Rasopathy,0.097227323447002,0.040277629752454885,0.0579710144927536,0.1636363636363636,5,0.0,1840,733,0.10566534914361,,,,,,,,False
B1_corrected,pointnet,knn11,scan,f1_class::Sex Chromosome,0.05321728370381472,0.019447847551188596,0.0363636363636363,0.0747663551401869,5,0.0,1840,733,0.0384027187765506,,,,,,,,False
B1_corrected,pointnet,knn11,scan,f1_class::Trisomy,0.02219835302542068,0.02039873903794358,0.0,0.0408163265306122,5,0.0,1840,733,0.0408163265306122,,,,,,,,False
B1_corrected,pointnet,knn11,scan,f1_class::Uncategorized,0.19332115452152482,0.026037808260005877,0.1621621621621621,0.2268760907504363,5,0.0,1840,733,0.06471392858827421,,,,,,,,False
B1_corrected,pointnet,knn11,scan,macro_auc,0.6492832152864147,0.019693397406557202,0.628802869311561,0.673907730015934,5,0.0,1840,733,0.04510486070437292,0.6245924990157856,0.6739060775289325,0.04931357851314688,0.6435049971255242,0.6182085902316474,0.6676987449060556,-0.2934089045989893,True
B1_corrected,pointnet,knn11,scan,macro_f1,0.12298669542616744,0.021478309125411415,0.0869714840196275,0.141173935997743,5,0.0,1840,733,0.054202451978115504,0.0975336612567487,0.14498760072709996,0.04745393947035126,0.1377429148467327,0.1092078660250984,0.163092868992676,0.687028915283973,True
B1_corrected,pointnet,knn11,subject,accuracy,0.20791268758526602,0.008332022638255087,0.1937244201909959,0.2141882673942701,5,0.0,733,733,0.02046384720327421,0.17952251023192356,0.23819918144611182,0.058676671214188264,0.2223738062755798,0.1923601637107776,0.2510231923601637,1.7356072250593713,False
B1_corrected,pointnet,knn11,subject,f1_class::Cartilage,0.11642000929926624,0.08000309903306294,0.0,0.2051282051282051,5,0.0,733,733,0.2051282051282051,,,,,,,,False
B1_corrected,pointnet,knn11,subject,f1_class::Ciliopathy,0.19406029715157502,0.07756623629703849,0.0769230769230769,0.2758620689655172,5,0.0,733,733,0.19893899204244028,,,,,,,,False
B1_corrected,pointnet,knn11,subject,f1_class::Cohesinopathy,0.027777777777777755,0.03928371006591928,0.0,0.0833333333333333,5,0.0,733,733,0.0833333333333333,,,,,,,,False
B1_corrected,pointnet,knn11,subject,f1_class::Connective Tissue,0.26321989972630605,0.029068264029628116,0.2333333333333333,0.3048780487804878,5,0.0,733,733,0.07154471544715449,,,,,,,,False
B1_corrected,pointnet,knn11,subject,f1_class::Control,0.3951175991722723,0.03376087353144822,0.3523573200992556,0.4404761904761904,5,0.0,733,733,0.08811887037693483,,,,,,,,False
B1_corrected,pointnet,knn11,subject,f1_class::DNA Repair,0.15058823529411763,0.09463095318677743,0.0,0.2352941176470588,5,0.0,733,733,0.2352941176470588,,,,,,,,False
B1_corrected,pointnet,knn11,subject,f1_class::Deletion,0.18636698619882547,0.029264178690565818,0.1570247933884297,0.2323651452282157,5,0.0,733,733,0.07534035183978599,,,,,,,,False
B1_corrected,pointnet,knn11,subject,f1_class::Duplication,0.0,0.0,0.0,0.0,5,0.0,733,733,0.0,,,,,,,,False
B1_corrected,pointnet,knn11,subject,f1_class::Ectodermal,0.06257703081232492,0.05773149337227941,0.0,0.1176470588235294,5,0.0,733,733,0.1176470588235294,,,,,,,,False
B1_corrected,pointnet,knn11,subject,f1_class::Growth,0.0,0.0,0.0,0.0,5,0.0,733,733,0.0,,,,,,,,False
B1_corrected,pointnet,knn11,subject,f1_class::Imprinting,0.069808263875428,0.033849203708004,0.0363636363636363,0.1269841269841269,5,0.0,733,733,0.0906204906204906,,,,,,,,False
B1_corrected,pointnet,knn11,subject,f1_class::Lysozome,0.02857142857142856,0.06388765649999396,0.0,0.1428571428571428,5,0.0,733,733,0.1428571428571428,,,,,,,,False
B1_corrected,pointnet,knn11,subject,f1_class::Neurocristopathy,0.03747723974139066,0.037442264797001565,0.0,0.0769230769230769,5,0.0,733,733,0.0769230769230769,,,,,,,,False
B1_corrected,pointnet,knn11,subject,f1_class::Peroxisome,0.30947940947940944,0.15782002847340978,0.1818181818181818,0.5,5,0.0,733,733,0.31818181818181823,,,,,,,,False
B1_corrected,pointnet,knn11,subject,f1_class::Primary Palate,0.16698412698412696,0.09437706012828566,0.0,0.2222222222222222,5,0.0,733,733,0.2222222222222222,,,,,,,,False
B1_corrected,pointnet,knn11,subject,f1_class::Rasopathy,0.07437430267327172,0.04586380985376236,0.0,0.1237113402061855,5,0.0,733,733,0.1237113402061855,,,,,,,,False
B1_corrected,pointnet,knn11,subject,f1_class::Sex Chromosome,0.08897808012093725,0.036115949562988525,0.0408163265306122,0.125,5,0.0,733,733,0.08418367346938779,,,,,,,,False
B1_corrected,pointnet,knn11,subject,f1_class::Trisomy,0.012903225806451599,0.028852490032255325,0.0,0.064516129032258,5,0.0,733,733,0.064516129032258,,,,,,,,False
B1_corrected,pointnet,knn11,subject,f1_class::Uncategorized,0.1597977837474944,0.027810324333097478,0.1256038647342995,0.2,5,0.0,733,733,0.07439613526570052,,,,,,,,False
B1_corrected,pointnet,knn11,subject,macro_auc,0.6671068636008922,0.01847334203989178,0.649154743420037,0.6920934792520128,5,0.0,733,733,0.04293873583197583,0.6391384286456908,0.6932840836158072,0.054145654970116364,0.6671934391423413,0.6388204579751801,0.6943915872432577,0.00468651212445112,True
B1_corrected,pointnet,knn11,subject,macro_f1,0.12339482612802125,0.02310181730088386,0.0845359746902744,0.1444837386707803,5,0.0,733,733,0.059947763980505886,0.08865302058599675,0.15399862370919998,0.06534560312320323,0.148965503609691,0.1138604031997546,0.1802522222410694,1.1068686566355725,False
B1_corrected,pointnet,proto,scan,accuracy,0.10195652173913036,0.023865441752016728,0.0728260869565217,0.1315217391304347,5,0.0,1840,733,0.058695652173912996,0.08370805279365709,0.1208720185016939,0.03716396570803682,0.0994565217391304,0.0818260015523349,0.1170607410128093,-0.10475397966554298,True
B1_corrected,pointnet,proto,scan,f1_class::Cartilage,0.11371231632459355,0.08415184505852263,0.0,0.2365591397849462,5,0.0,1840,733,0.2365591397849462,,,,,,,,False
B1_corrected,pointnet,proto,scan,f1_class::Ciliopathy,0.14537883825769882,0.05850885550768475,0.0783132530120482,0.2051282051282051,5,0.0,1840,733,0.1268149521161569,,,,,,,,False
B1_corrected,pointnet,proto,scan,f1_class::Cohesinopathy,0.11437268846720099,0.027210643564031276,0.072072072072072,0.1466666666666666,5,0.0,1840,733,0.07459459459459461,,,,,,,,False
B1_corrected,pointnet,proto,scan,f1_class::Connective Tissue,0.2039566349393002,0.022255760484247586,0.1749049429657794,0.2222222222222222,5,0.0,1840,733,0.0473172792564428,,,,,,,,False
B1_corrected,pointnet,proto,scan,f1_class::Control,0.151016587943349,0.14106997079631534,0.0,0.3139013452914798,5,0.0,1840,733,0.3139013452914798,,,,,,,,False
B1_corrected,pointnet,proto,scan,f1_class::DNA Repair,0.09775235787926434,0.024895329198234402,0.0701754385964912,0.1235955056179775,5,0.0,1840,733,0.0534200670214863,,,,,,,,False
B1_corrected,pointnet,proto,scan,f1_class::Deletion,0.0083045977011494,0.01137165218912232,0.0,0.0208333333333333,5,0.0,1840,733,0.0208333333333333,,,,,,,,False
B1_corrected,pointnet,proto,scan,f1_class::Duplication,0.00470588235294116,0.01052267283529309,0.0,0.0235294117647058,5,0.0,1840,733,0.0235294117647058,,,,,,,,False
B1_corrected,pointnet,proto,scan,f1_class::Ectodermal,0.09059805247529043,0.018163255295211993,0.0625,0.1123595505617977,5,0.0,1840,733,0.049859550561797694,,,,,,,,False
B1_corrected,pointnet,proto,scan,f1_class::Growth,0.058088649113711,0.019114625747024327,0.0368663594470046,0.0808080808080808,5,0.0,1840,733,0.0439417213610762,,,,,,,,False
B1_corrected,pointnet,proto,scan,f1_class::Imprinting,0.0800472706796381,0.021792730557484576,0.0479041916167664,0.1088435374149659,5,0.0,1840,733,0.0609393457981995,,,,,,,,False
B1_corrected,pointnet,proto,scan,f1_class::Lysozome,0.17604898807159114,0.05105615130112844,0.1105527638190954,0.2264150943396226,5,0.0,1840,733,0.11586233052052719,,,,,,,,False
B1_corrected,pointnet,proto,scan,f1_class::Neurocristopathy,0.05186100131752304,0.047352758013052366,0.0,0.0875,5,0.0,1840,733,0.0875,,,,,,,,False
B1_corrected,pointnet,proto,scan,f1_class::Peroxisome,0.17708946491802274,0.03648821254844916,0.1351351351351351,0.233009708737864,5,0.0,1840,733,0.09787457360272891,,,,,,,,False
B1_corrected,pointnet,proto,scan,f1_class::Primary Palate,0.061359764464012354,0.03792749015582302,0.0,0.0961538461538461,5,0.0,1840,733,0.0961538461538461,,,,,,,,False
B1_corrected,pointnet,proto,scan,f1_class::Rasopathy,0.10040955491132916,0.027227196822861045,0.0682926829268292,0.1328671328671328,5,0.0,1840,733,0.0645744499403036,,,,,,,,False
B1_corrected,pointnet,proto,scan,f1_class::Sex Chromosome,0.11049953115261621,0.03284536483775494,0.0756756756756756,0.1567164179104477,5,0.0,1840,733,0.08104074223477209,,,,,,,,False
B1_corrected,pointnet,proto,scan,f1_class::Trisomy,0.0101142421934501,0.014382059189786684,0.0,0.0307692307692307,5,0.0,1840,733,0.0307692307692307,,,,,,,,False
B1_corrected,pointnet,proto,scan,f1_class::Uncategorized,0.01628535982521476,0.023126738966049887,0.0,0.055045871559633,5,0.0,1840,733,0.055045871559633,,,,,,,,False
B1_corrected,pointnet,proto,scan,macro_auc,0.6754064468138904,0.014900616262328407,0.6566542052958478,0.6915847177314829,5,0.0,1840,733,0.03493051243563505,0.6495002753997242,0.7004737065058297,0.05097343110610553,0.676740056349567,0.6521375452092371,0.7017351808759014,0.08950029396087772,True
B1_corrected,pointnet,proto,scan,macro_f1,0.09324219910462613,0.023375467597220447,0.0603521339159841,0.1183950346705183,5,0.0,1840,733,0.0580429007545342,0.07422098562359365,0.1099635613953788,0.03574257577178515,0.0953636036835391,0.0766642418545291,0.1111503360178406,0.0907534606565575,True
B1_corrected,pointnet,proto,scan,top3_accuracy,0.2839130434782608,0.03287167508181337,0.2380434782608695,0.3206521739130434,5,0.0,1840,733,0.08260869565217391,0.2554208256311805,0.31247716741018033,0.05705634177899982,,,,,False
B1_corrected,pointnet,proto,scan,top5_accuracy,0.4660869565217391,0.05175128876142903,0.3929347826086956,0.5157608695652174,5,0.0,1840,733,0.12282608695652181,0.4351643513073711,0.49701116489815184,0.06184681359078076,,,,,False
B1_corrected,pointnet,proto,subject,accuracy,0.13206002728512958,0.03564601428356693,0.0845839017735334,0.1664392905866303,5,0.0,733,733,0.0818553888130969,0.10804229195088673,0.15635743519781709,0.048315143246930356,0.1364256480218281,0.111869031377899,0.1623465211459754,0.12247149714887212,True
B1_corrected,pointnet,proto,subject,f1_class::Cartilage,0.18606837606837603,0.13646524393504003,0.0,0.3846153846153846,5,0.0,733,733,0.3846153846153846,,,,,,,,False
B1_corrected,pointnet,proto,subject,f1_class::Ciliopathy,0.17668506931664824,0.05850809843936733,0.1025641025641025,0.2272727272727272,5,0.0,733,733,0.1247086247086247,,,,,,,,False
B1_corrected,pointnet,proto,subject,f1_class::Cohesinopathy,0.129600538000679,0.03646065172409917,0.0821917808219178,0.1818181818181818,5,0.0,733,733,0.09962640099626399,,,,,,,,False
B1_corrected,pointnet,proto,subject,f1_class::Connective Tissue,0.24722507150088577,0.03525976479395233,0.1917808219178082,0.2857142857142857,5,0.0,733,733,0.09393346379647749,,,,,,,,False
B1_corrected,pointnet,proto,subject,f1_class::Control,0.17298642162210717,0.15031496694562757,0.0,0.3219512195121951,5,0.0,733,733,0.3219512195121951,,,,,,,,False
B1_corrected,pointnet,proto,subject,f1_class::DNA Repair,0.14957912457912456,0.07192636575338442,0.0909090909090909,0.2727272727272727,5,0.0,733,733,0.18181818181818182,,,,,,,,False
B1_corrected,pointnet,proto,subject,f1_class::Deletion,0.035747332290433795,0.015277067474769312,0.0206185567010309,0.0571428571428571,5,0.0,733,733,0.036524300441826196,,,,,,,,False
B1_corrected,pointnet,proto,subject,f1_class::Duplication,0.0,0.0,0.0,0.0,5,0.0,733,733,0.0,,,,,,,,False
B1_corrected,pointnet,proto,subject,f1_class::Ectodermal,0.1236394154392472,0.031038648909362483,0.0952380952380952,0.1707317073170731,5,0.0,733,733,0.0754936120789779,,,,,,,,False
B1_corrected,pointnet,proto,subject,f1_class::Growth,0.07443458289219337,0.0303129711818807,0.0408163265306122,0.12,5,0.0,733,733,0.07918367346938779,,,,,,,,False
B1_corrected,pointnet,proto,subject,f1_class::Imprinting,0.11217359855334537,0.06577311481668653,0.0,0.1714285714285714,5,0.0,733,733,0.1714285714285714,,,,,,,,False
B1_corrected,pointnet,proto,subject,f1_class::Lysozome,0.20960556591116858,0.07836397148003117,0.12,0.3225806451612903,5,0.0,733,733,0.20258064516129032,,,,,,,,False
B1_corrected,pointnet,proto,subject,f1_class::Neurocristopathy,0.0673599037778142,0.06553796224109962,0.0,0.1492537313432835,5,0.0,733,733,0.1492537313432835,,,,,,,,False
B1_corrected,pointnet,proto,subject,f1_class::Peroxisome,0.23655894633109006,0.04583041949833001,0.1951219512195122,0.3125,5,0.0,733,733,0.1173780487804878,,,,,,,,False
B1_corrected,pointnet,proto,subject,f1_class::Primary Palate,0.13338989961841324,0.08255156345850391,0.0,0.217391304347826,5,0.0,733,733,0.217391304347826,,,,,,,,False
B1_corrected,pointnet,proto,subject,f1_class::Rasopathy,0.09445554852658859,0.033987182804668316,0.056338028169014,0.125,5,0.0,733,733,0.06866197183098599,,,,,,,,False
B1_corrected,pointnet,proto,subject,f1_class::Sex Chromosome,0.1404590089016419,0.06159908622599736,0.0631578947368421,0.2037037037037037,5,0.0,733,733,0.14054580896686159,,,,,,,,False
B1_corrected,pointnet,proto,subject,f1_class::Trisomy,0.0070175438596491195,0.015691705105261675,0.0,0.0350877192982456,5,0.0,733,733,0.0350877192982456,,,,,,,,False
B1_corrected,pointnet,proto,subject,f1_class::Uncategorized,0.0471475674840386,0.012718418632007877,0.0347826086956521,0.0655737704918032,5,0.0,733,733,0.0307911617961511,,,,,,,,False
B1_corrected,pointnet,proto,subject,macro_auc,0.7025386804465382,0.015667258895318333,0.6835068347132905,0.7177071598495602,5,0.0,733,733,0.034200325136269694,0.6740230920296829,0.7283776271573986,0.05435453512771571,0.710362900116416,0.6823370446962501,0.736482066112609,0.4993993985901265,True
B1_corrected,pointnet,proto,subject,macro_f1,0.12337544814070758,0.03567402768996643,0.0714585786869604,0.1533551528582951,5,0.0,733,733,0.0818965741713347,0.0969481176139334,0.14648118011541653,0.04953306250148312,0.1369430423555307,0.1082133349447012,0.1611358217478347,0.3803213456225214,True
B1_corrected,pointnet,proto,subject,top3_accuracy,0.3372442019099591,0.04254862042430228,0.276944065484311,0.3751705320600272,5,0.0,733,733,0.09822646657571621,0.30341064120054567,0.3710777626193724,0.06766712141882675,,,,,False
B1_corrected,pointnet,proto,subject,top5_accuracy,0.513506139154161,0.061555034686561726,0.4297407912687585,0.5716234652114598,5,0.0,733,733,0.14188267394270127,0.47802182810368343,0.5481718963165074,0.07015006821282399,,,,,False
B1_corrected,pointnet,softmax,scan,accuracy,0.11706521739130431,0.009741762551928042,0.1059782608695652,0.1298913043478261,5,0.0,1840,733,0.023913043478260884,0.09782509817026805,0.1367074063882742,0.038882308218006145,0.1233695652173913,0.1038010317870222,0.142699863673986,0.6471465294377624,True
B1_corrected,pointnet,softmax,scan,f1_class::Cartilage,0.10579564289412006,0.09150783334299455,0.0,0.2201834862385321,5,0.0,1840,733,0.2201834862385321,,,,,,,,False
B1_corrected,pointnet,softmax,scan,f1_class::Ciliopathy,0.17061402009139442,0.088536758437806,0.0821917808219178,0.2790697674418604,5,0.0,1840,733,0.1968779866199426,,,,,,,,False
B1_corrected,pointnet,softmax,scan,f1_class::Cohesinopathy,0.11440706194129353,0.025986142936372716,0.0845070422535211,0.1438848920863309,5,0.0,1840,733,0.059377849832809804,,,,,,,,False
B1_corrected,pointnet,softmax,scan,f1_class::Connective Tissue,0.21356905864031547,0.032520673408903626,0.1838235294117647,0.2594936708860759,5,0.0,1840,733,0.0756701414743112,,,,,,,,False
B1_corrected,pointnet,softmax,scan,f1_class::Control,0.29226452420667115,0.05998265468932747,0.1947743467933491,0.3485477178423236,5,0.0,1840,733,0.15377337104897448,,,,,,,,False
B1_corrected,pointnet,softmax,scan,f1_class::DNA Repair,0.0963798046150987,0.0410198027741628,0.0363636363636363,0.1428571428571428,5,0.0,1840,733,0.1064935064935065,,,,,,,,False
B1_corrected,pointnet,softmax,scan,f1_class::Deletion,0.00554597735794458,0.009024992474819325,0.0,0.0207612456747404,5,0.0,1840,733,0.0207612456747404,,,,,,,,False
B1_corrected,pointnet,softmax,scan,f1_class::Duplication,0.025944433197955703,0.02353340412008397,0.0,0.0602409638554216,5,0.0,1840,733,0.0602409638554216,,,,,,,,False
B1_corrected,pointnet,softmax,scan,f1_class::Ectodermal,0.07379748577902802,0.014791994376581845,0.0545454545454545,0.0909090909090909,5,0.0,1840,733,0.0363636363636364,,,,,,,,False
B1_corrected,pointnet,softmax,scan,f1_class::Growth,0.06872252526741686,0.04977932702760776,0.0168067226890756,0.1403508771929824,5,0.0,1840,733,0.1235441545039068,,,,,,,,False
B1_corrected,pointnet,softmax,scan,f1_class::Imprinting,0.07222885477936718,0.04089374222814542,0.0427807486631016,0.1367521367521367,5,0.0,1840,733,0.0939713880890351,,,,,,,,False
B1_corrected,pointnet,softmax,scan,f1_class::Lysozome,0.17827390292959297,0.06153710283325964,0.1221374045801526,0.2718446601941747,5,0.0,1840,733,0.1497072556140221,,,,,,,,False
B1_corrected,pointnet,softmax,scan,f1_class::Neurocristopathy,0.039208877366001385,0.019134955255344775,0.0148148148148148,0.0652173913043478,5,0.0,1840,733,0.050402576489532995,,,,,,,,False
B1_corrected,pointnet,softmax,scan,f1_class::Peroxisome,0.20362927770208997,0.02407183822339896,0.1869158878504672,0.2452830188679245,5,0.0,1840,733,0.0583671310174573,,,,,,,,False
B1_corrected,pointnet,softmax,scan,f1_class::Primary Palate,0.052626236061434836,0.03087865963006052,0.0,0.0816326530612244,5,0.0,1840,733,0.0816326530612244,,,,,,,,False
B1_corrected,pointnet,softmax,scan,f1_class::Rasopathy,0.03483351321783204,0.028980517043667834,0.0125786163522012,0.0857142857142857,5,0.0,1840,733,0.0731356693620845,,,,,,,,False
B1_corrected,pointnet,softmax,scan,f1_class::Sex Chromosome,0.12293625356504352,0.023789171370669427,0.0825688073394495,0.1434977578475336,5,0.0,1840,733,0.0609289505080841,,,,,,,,False
B1_corrected,pointnet,softmax,scan,f1_class::Trisomy,0.033865284502943876,0.043349244780591954,0.0,0.106060606060606,5,0.0,1840,733,0.106060606060606,,,,,,,,False
B1_corrected,pointnet,softmax,scan,f1_class::Uncategorized,0.00671694151409472,0.006678700059122815,0.0,0.0134228187919463,5,0.0,1840,733,0.0134228187919463,,,,,,,,False
B1_corrected,pointnet,softmax,scan,macro_auc,0.6898399020759574,0.014633281203728074,0.6672327993598174,0.7035579116109286,5,0.0,1840,733,0.036325112251111236,0.6656536776779255,0.713563152529187,0.04790947485126151,0.6940092588914348,0.6715788413159286,0.7169280048620351,0.28492289305663465,True
B1_corrected,pointnet,softmax,scan,macro_f1,0.10059787766471781,0.013000663921533906,0.0811679727194615,0.1169963394830518,5,0.0,1840,733,0.0358283667635903,0.07992409032807571,0.11835677667732539,0.03843268634924968,0.1070058827152048,0.0868995980952713,0.1241385657988994,0.4928982926689581,True
B1_corrected,pointnet,softmax,scan,top3_accuracy,0.30597826086956514,0.041718815821794084,0.2418478260869565,0.3429347826086956,5,0.0,1840,733,0.10108695652173907,0.27740874140986094,0.3347362798625875,0.05732753845272659,,,,,False
B1_corrected,pointnet,softmax,scan,top5_accuracy,0.5017391304347826,0.061645146238940976,0.4119565217391304,0.5510869565217391,5,0.0,1840,733,0.13913043478260873,0.4715903795433899,0.5320237033791069,0.06043332383571698,,,,,False
B1_corrected,pointnet,softmax,subject,accuracy,0.14215552523874483,0.012702978823448619,0.1241473396998635,0.1541609822646657,5,0.0,733,733,0.030013642564802212,0.1167803547066848,0.16753069577080487,0.050750341064120075,0.1596180081855388,0.1336971350613915,0.1869031377899045,1.3746762227580605,False
B1_corrected,pointnet,softmax,subject,f1_class::Cartilage,0.13630820105820105,0.1215808517443843,0.0,0.32,5,0.0,733,733,0.32,,,,,,,,False
B1_corrected,pointnet,softmax,subject,f1_class::Ciliopathy,0.1806594068918012,0.06993642965562145,0.1126760563380281,0.2857142857142857,5,0.0,733,733,0.1730382293762576,,,,,,,,False
B1_corrected,pointnet,softmax,subject,f1_class::Cohesinopathy,0.1464513361956515,0.029276695127985395,0.1219512195121951,0.1951219512195122,5,0.0,733,733,0.0731707317073171,,,,,,,,False
B1_corrected,pointnet,softmax,subject,f1_class::Connective Tissue,0.2275822642591419,0.04820068454636074,0.1739130434782608,0.2678571428571428,5,0.0,733,733,0.09394409937888198,,,,,,,,False
B1_corrected,pointnet,softmax,subject,f1_class::Control,0.30210950603137915,0.03900410432333689,0.2631578947368421,0.3454545454545454,5,0.0,733,733,0.08229665071770331,,,,,,,,False
B1_corrected,pointnet,softmax,subject,f1_class::DNA Repair,0.16835164835164834,0.0692662999701628,0.1,0.25,5,0.0,733,733,0.15,,,,,,,,False
B1_corrected,pointnet,softmax,subject,f1_class::Deletion,0.00421052631578946,0.009415023063156978,0.0,0.0210526315789473,5,0.0,733,733,0.0210526315789473,,,,,,,,False
B1_corrected,pointnet,softmax,subject,f1_class::Duplication,0.00851063829787234,0.019030365765955657,0.0,0.0425531914893617,5,0.0,733,733,0.0425531914893617,,,,,,,,False
B1_corrected,pointnet,softmax,subject,f1_class::Ectodermal,0.09433537962194394,0.04175117996559071,0.032258064516129,0.1359223300970873,5,0.0,733,733,0.10366426558095829,,,,,,,,False
B1_corrected,pointnet,softmax,subject,f1_class::Growth,0.07277818282034898,0.06583633102945823,0.0,0.16,5,0.0,733,733,0.16,,,,,,,,False
B1_corrected,pointnet,softmax,subject,f1_class::Imprinting,0.07662486047050394,0.03313090998855269,0.0408163265306122,0.1071428571428571,5,0.0,733,733,0.06632653061224489,,,,,,,,False
B1_corrected,pointnet,softmax,subject,f1_class::Lysozome,0.21666009247693552,0.06710104756489764,0.1132075471698113,0.2857142857142857,5,0.0,733,733,0.1725067385444744,,,,,,,,False
B1_corrected,pointnet,softmax,subject,f1_class::Neurocristopathy,0.07294166862760473,0.06673759820834202,0.0,0.175438596491228,5,0.0,733,733,0.175438596491228,,,,,,,,False
B1_corrected,pointnet,softmax,subject,f1_class::Peroxisome,0.2119334344864411,0.020317235218734853,0.1904761904761904,0.2325581395348837,5,0.0,733,733,0.04208194905869328,,,,,,,,False
B1_corrected,pointnet,softmax,subject,f1_class::Primary Palate,0.11439462005499738,0.02994217349673159,0.0909090909090909,0.1632653061224489,5,0.0,733,733,0.07235621521335801,,,,,,,,False
B1_corrected,pointnet,softmax,subject,f1_class::Rasopathy,0.04067830209006678,0.005455476382433271,0.0357142857142857,0.05,5,0.0,733,733,0.014285714285714304,,,,,,,,False
B1_corrected,pointnet,softmax,subject,f1_class::Sex Chromosome,0.163196521771692,0.039839497796485344,0.101010101010101,0.208695652173913,5,0.0,733,733,0.10768555116381201,,,,,,,,False
B1_corrected,pointnet,softmax,subject,f1_class::Trisomy,0.03090909090909088,0.047932459368960206,0.0,0.109090909090909,5,0.0,733,733,0.109090909090909,,,,,,,,False
B1_corrected,pointnet,softmax,subject,f1_class::Uncategorized,0.0,0.0,0.0,0.0,5,0.0,733,733,0.0,,,,,,,,False
B1_corrected,pointnet,softmax,subject,macro_auc,0.7090549712487347,0.01612270648717103,0.6835369534469996,0.7261293898442674,5,0.0,733,733,0.04259243639726784,0.6821761353521836,0.7345453326895984,0.05236919733741485,0.7204116974585583,0.6907480259144931,0.7475684078024386,0.7043932865031173,True
B1_corrected,pointnet,softmax,subject,macro_f1,0.1194018779332163,0.019597557361599138,0.0868455618424563,0.138269576137102,5,0.0,733,733,0.0514240142946457,0.092725542974731,0.14334128665217083,0.05061574367743983,0.1353507300175189,0.1051636380185624,0.1611923071683058,0.8138183647087536,True
B1_corrected,pointnet,softmax,subject,top3_accuracy,0.33478854024556615,0.037740867805915505,0.2714870395634379,0.3683492496589359,5,0.0,733,733,0.096862210095498,0.30095497953615274,0.3683560709413369,0.06740109140518413,,,,,False
B1_corrected,pointnet,softmax,subject,top5_accuracy,0.519781718963165,0.0537887421656653,0.4351978171896316,0.5784447476125512,5,0.0,733,733,0.14324693042291958,0.4837585266030014,0.555525238744884,0.07176671214188263,,,,,False
B1_corrected,pointnet2,knn11,scan,accuracy,0.2824347826086956,0.011356901252064745,0.2670652173913043,0.2945652173913043,5,0.006865302644839627,1840,733,0.027500000000000024,0.25605410166594844,0.30899442642492525,0.05294032475897681,0.2847826086956521,0.2587079640023661,0.3116486043110649,0.20673122314325376,True
B1_corrected,pointnet2,knn11,scan,f1_class::Cartilage,0.18274651203874873,0.04843555428519541,0.12612816675669208,0.25996246335236534,5,0.035099472629304025,1840,733,0.13383429659567325,,,,,,,,False
B1_corrected,pointnet2,knn11,scan,f1_class::Ciliopathy,0.24497406149813722,0.0345947931615132,0.20670706269015127,0.2990571967316153,5,0.04032620328633294,1840,733,0.09235013404146403,,,,,,,,False
B1_corrected,pointnet2,knn11,scan,f1_class::Cohesinopathy,0.12345857089293462,0.012710309096131234,0.1075271512113617,0.14015570950823922,5,0.05211874218871959,1840,733,0.032628558296877525,,,,,,,,False
B1_corrected,pointnet2,knn11,scan,f1_class::Connective Tissue,0.2593763161737568,0.02982603910018815,0.21506516671379333,0.29366009114497793,5,0.020776979978181565,1840,733,0.0785949244311846,,,,,,,,False
B1_corrected,pointnet2,knn11,scan,f1_class::Control,0.5059174578167118,0.014736094599461607,0.4918072359909188,0.5300567303270576,5,0.008687726921470613,1840,733,0.03824949433613878,,,,,,,,False
B1_corrected,pointnet2,knn11,scan,f1_class::DNA Repair,0.23764289441021905,0.059587862224330025,0.15700137261112868,0.29511778194705024,5,0.04700928575830375,1840,733,0.13811640933592156,,,,,,,,False
B1_corrected,pointnet2,knn11,scan,f1_class::Deletion,0.24533240261218978,0.014248736645195593,0.22979300260989563,0.2573871403283058,5,0.016700747834464454,1840,733,0.027594137718410156,,,,,,,,False
B1_corrected,pointnet2,knn11,scan,f1_class::Duplication,0.09403828628020516,0.020377547467236547,0.06573315202634356,0.11384509960573404,5,0.030590855063552035,1840,733,0.04811194757939048,,,,,,,,False
B1_corrected,pointnet2,knn11,scan,f1_class::Ectodermal,0.17544922965471246,0.06933531214141563,0.07992733553709161,0.2508305647840531,5,0.06406674196181646,1840,733,0.17090322924696147,,,,,,,,False
B1_corrected,pointnet2,knn11,scan,f1_class::Growth,0.04873865072125941,0.052748289946011905,0.01666666666666666,0.14199628390932736,5,0.05068455894221148,1840,733,0.1253296172426607,,,,,,,,False
B1_corrected,pointnet2,knn11,scan,f1_class::Imprinting,0.10716831641730684,0.030372420196913025,0.06603356127996356,0.1466481983205859,5,0.024042732182693424,1840,733,0.08061463704062234,,,,,,,,False
B1_corrected,pointnet2,knn11,scan,f1_class::Lysozome,0.222447273912416,0.03490529635406147,0.1835860027164375,0.2667036469834604,5,0.03603964996188438,1840,733,0.0831176442670229,,,,,,,,False
B1_corrected,pointnet2,knn11,scan,f1_class::Neurocristopathy,0.058968729119186866,0.011841617983440376,0.04766428145206516,0.07554569211811935,5,0.022050829994283882,1840,733,0.027881410666054186,,,,,,,,False
B1_corrected,pointnet2,knn11,scan,f1_class::Peroxisome,0.3008098817692512,0.01702333150222842,0.28111837879279733,0.3269029678529037,5,0.038050195947529564,1840,733,0.04578458906010635,,,,,,,,False
B1_corrected,pointnet2,knn11,scan,f1_class::Primary Palate,0.28524701899464705,0.045702462678663104,0.24302704463994784,0.3622894847088395,5,0.025167358919830622,1840,733,0.11926244006889164,,,,,,,,False
B1_corrected,pointnet2,knn11,scan,f1_class::Rasopathy,0.25165241503991914,0.014595302486319442,0.22639594476926073,0.26409838148609904,5,0.016124699109204076,1840,733,0.03770243671683832,,,,,,,,False
B1_corrected,pointnet2,knn11,scan,f1_class::Sex Chromosome,0.07640040254558471,0.017148444333141968,0.05358165561284206,0.10131809253696536,5,0.02329917052669924,1840,733,0.0477364369241233,,,,,,,,False
B1_corrected,pointnet2,knn11,scan,f1_class::Trisomy,0.19046479878357503,0.04723616097826148,0.11171828731492595,0.22676752378100082,5,0.033621154877962446,1840,733,0.11504923646607487,,,,,,,,False
B1_corrected,pointnet2,knn11,scan,f1_class::Uncategorized,0.22773949836675395,0.01969836625616921,0.1973369633219436,0.25151120137570726,5,0.01603527896922273,1840,733,0.054174238053763674,,,,,,,,False
B1_corrected,pointnet2,knn11,scan,macro_auc,0.737055714103996,0.005021432770553011,0.730566817769089,0.7437148881343403,5,0.0012922064897636087,1840,733,0.01314807036525123,0.7184171362255104,0.7561040871031226,0.0376869508776122,0.729294563698153,0.7103696679971547,0.7490924023787331,-1.54560476271958,False
B1_corrected,pointnet2,knn11,scan,macro_f1,0.20203014300250083,0.012941153066513198,0.18056807490491972,0.21576205363340195,5,0.006960037873218181,1840,733,0.035193978728482234,0.16764359523426106,0.22955350978699923,0.06190991455273817,0.1853465201967403,0.1545397372149299,0.2111856324607084,-1.2891913664889274,True
B1_corrected,pointnet2,knn11,subject,accuracy,0.3048294679399727,0.009794943501741489,0.29140518417462485,0.31596180081855385,5,0.01134906430519544,733,733,0.024556616643928997,0.2747544338335607,0.3343560709413369,0.05960163710777622,0.2933151432469304,0.2638403819918144,0.3219645293315143,-1.175537632350311,True
B1_corrected,pointnet2,knn11,subject,f1_class::Cartilage,0.2290764473598414,0.0447009631393192,0.19112138136528378,0.3050318611294221,5,0.05258756768910291,733,733,0.11391047976413832,,,,,,,,False
B1_corrected,pointnet2,knn11,subject,f1_class::Ciliopathy,0.282992570552942,0.023033555405100378,0.261327829377365,0.31614035087719294,5,0.0382846504522532,733,733,0.05481252149982796,,,,,,,,False
B1_corrected,pointnet2,knn11,subject,f1_class::Cohesinopathy,0.12802419124489667,0.05604318470464691,0.059946949602122004,0.17820914717466438,5,0.054527492122838084,733,733,0.11826219757254237,,,,,,,,False
B1_corrected,pointnet2,knn11,subject,f1_class::Connective Tissue,0.277502548762965,0.015110851280832893,0.2566767431350703,0.2926235655795404,5,0.025911871627959167,733,733,0.03594682244447012,,,,,,,,False
B1_corrected,pointnet2,knn11,subject,f1_class::Control,0.5271319475197986,0.007628654908518557,0.5211668128844209,0.5368338368752574,5,0.01579607850150692,733,733,0.015667023990836526,,,,,,,,False
B1_corrected,pointnet2,knn11,subject,f1_class::DNA Repair,0.23185869685869687,0.14524257534199742,0.08888888888888888,0.45984015984015986,5,0.08889151207416661,733,733,0.370951270951271,,,,,,,,False
B1_corrected,pointnet2,knn11,subject,f1_class::Deletion,0.24975815604654059,0.01992068671557139,0.21935057912590458,0.27302534381099114,5,0.02183333231652529,733,733,0.05367476468508656,,,,,,,,False
B1_corrected,pointnet2,knn11,subject,f1_class::Duplication,0.09047990094715923,0.04095985170682667,0.04686609686609684,0.1383794309962274,5,0.05124910758305569,733,733,0.09151333413013056,,,,,,,,False
B1_corrected,pointnet2,knn11,subject,f1_class::Ectodermal,0.20685993873911493,0.060115739882855464,0.12140335027291546,0.26454545454545453,5,0.07361076706780147,733,733,0.14314210427253907,,,,,,,,False
B1_corrected,pointnet2,knn11,subject,f1_class::Growth,0.029939393939393932,0.04115771810259048,0.0,0.08,5,0.041026248113039974,733,733,0.08,,,,,,,,False
B1_corrected,pointnet2,knn11,subject,f1_class::Imprinting,0.07557011362637941,0.03836986962007155,0.04483116883116882,0.1399555449710248,5,0.03462999036022579,733,733,0.09512437613985598,,,,,,,,False
B1_corrected,pointnet2,knn11,subject,f1_class::Lysozome,0.24712277265218438,0.10947697266742838,0.10606060606060604,0.34928104575163393,5,0.11159925910515704,733,733,0.2432204396910279,,,,,,,,False
B1_corrected,pointnet2,knn11,subject,f1_class::Neurocristopathy,0.05784723595667307,0.029177119740492436,0.03192340481343038,0.09957446808510638,5,0.03723212264935356,733,733,0.067651063271676,,,,,,,,False
B1_corrected,pointnet2,knn11,subject,f1_class::Peroxisome,0.34731313131313135,0.05211071854275411,0.26303030303030306,0.4,5,0.054297164551606915,733,733,0.13696969696969696,,,,,,,,False
B1_corrected,pointnet2,knn11,subject,f1_class::Primary Palate,0.40068800957496603,0.061155976279764476,0.344927536231884,0.48923671497584537,5,0.0348968415526696,733,733,0.14430917874396137,,,,,,,,False
B1_corrected,pointnet2,knn11,subject,f1_class::Rasopathy,0.24691424131403625,0.03524897768321741,0.21962276089126767,0.2885309959567385,5,0.03585956150446473,733,733,0.06890823506547081,,,,,,,,False
B1_corrected,pointnet2,knn11,subject,f1_class::Sex Chromosome,0.10238328553070682,0.02830643225381277,0.053728841964136055,0.1280382952039732,5,0.03592937403408521,733,733,0.07430945323983715,,,,,,,,False
B1_corrected,pointnet2,knn11,subject,f1_class::Trisomy,0.2846946881946882,0.07350509969347814,0.16082442067736186,0.34016636957813423,5,0.047962664581233105,733,733,0.17934194890077237,,,,,,,,False
B1_corrected,pointnet2,knn11,subject,f1_class::Uncategorized,0.21965909310738557,0.022439145401780207,0.18558457898803796,0.24166900778742884,5,0.026912630749772893,733,733,0.05608442879939088,,,,,,,,False
B1_corrected,pointnet2,knn11,subject,macro_auc,0.7659779025588479,0.0052866142905394,0.7600356179352481,0.7722674644263388,5,0.0014825020028260804,733,733,0.012231846491090659,0.7462009157374124,0.7847880631275999,0.038587147390187426,0.7598985287140594,0.7395437865829877,0.7789681324939083,-1.149956004104137,False
B1_corrected,pointnet2,knn11,subject,macro_f1,0.2229377033285,0.013767918276953596,0.1993919800245637,0.2322749977947766,5,0.012058868843012048,733,733,0.03288301777021288,0.17824640713582623,0.2549232388836587,0.07667683174783246,0.1916991712124183,0.1526564470147398,0.22176090909065,-2.2689364860897316,False
B1_corrected,pointnet2,proto,scan,accuracy,0.24404347826086953,0.021198076784399042,0.2160869565217391,0.27478260869565213,5,0.005425119848967241,1840,733,0.05869565217391304,0.21867081213765668,0.26905318627691044,0.050382374139253755,0.266195652173913,0.241195732994642,0.2903900663942799,1.0450086646231327,True
B1_corrected,pointnet2,proto,scan,f1_class::Cartilage,0.2271170699547235,0.021879392407759043,0.19820857469803974,0.24970465608056958,5,0.023016277212707152,1840,733,0.05149608138252984,,,,,,,,False
B1_corrected,pointnet2,proto,scan,f1_class::Ciliopathy,0.2506568008230905,0.022876744405339017,0.22862838216566886,0.28359992272771173,5,0.024714858856542204,1840,733,0.05497154056204287,,,,,,,,False
B1_corrected,pointnet2,proto,scan,f1_class::Cohesinopathy,0.16072703055637505,0.013050089202129666,0.13977985001555512,0.17167677476982118,5,0.015653970674145444,1840,733,0.03189692475426606,,,,,,,,False
B1_corrected,pointnet2,proto,scan,f1_class::Connective Tissue,0.2752895532298357,0.025729326722569005,0.25787862096173003,0.3200421619261064,5,0.012542626007907587,1840,733,0.062163540964376374,,,,,,,,False
B1_corrected,pointnet2,proto,scan,f1_class::Control,0.5040744603546242,0.031405811760268,0.466070949999901,0.5500458768648118,5,0.012225659357637477,1840,733,0.08397492686491076,,,,,,,,False
B1_corrected,pointnet2,proto,scan,f1_class::DNA Repair,0.38412587670202714,0.05160778264258528,0.3017186887815071,0.4418523468826166,5,0.0388884284285201,1840,733,0.1401336581011095,,,,,,,,False
B1_corrected,pointnet2,proto,scan,f1_class::Deletion,0.11230305762225332,0.04416427949587535,0.045896334921846624,0.15420638016397276,5,0.01751123795348964,1840,733,0.10831004524212613,,,,,,,,False
B1_corrected,pointnet2,proto,scan,f1_class::Duplication,0.11488762187114374,0.06668753005282334,0.025889578261211,0.18893597279778193,5,0.01687222738858892,1840,733,0.16304639453657094,,,,,,,,False
B1_corrected,pointnet2,proto,scan,f1_class::Ectodermal,0.16665948921322685,0.029910291369198084,0.14144953771557825,0.21445098715816385,5,0.017881989972823403,1840,733,0.0730014494425856,,,,,,,,False
B1_corrected,pointnet2,proto,scan,f1_class::Growth,0.17719042135797308,0.023065663044294082,0.14936821863395766,0.19821480798268465,5,0.03049139905747661,1840,733,0.04884658934872699,,,,,,,,False
B1_corrected,pointnet2,proto,scan,f1_class::Imprinting,0.23084146006297707,0.03341409272619701,0.17622010532545818,0.2615514210954754,5,0.018779035783986733,1840,733,0.08533131577001724,,,,,,,,False
B1_corrected,pointnet2,proto,scan,f1_class::Lysozome,0.4012331544288073,0.02715502058758952,0.36442664083488907,0.43843206664768364,5,0.017816917001342476,1840,733,0.07400542581279457,,,,,,,,False
B1_corrected,pointnet2,proto,scan,f1_class::Neurocristopathy,0.15742398111035533,0.016265994912671004,0.13775373304247024,0.17864893709108753,5,0.013229982291173586,1840,733,0.040895204048617295,,,,,,,,False
B1_corrected,pointnet2,proto,scan,f1_class::Peroxisome,0.1839023899168144,0.01823462675408933,0.1554215252832274,0.20243261216654834,5,0.018434624314137615,1840,733,0.04701108688332095,,,,,,,,False
B1_corrected,pointnet2,proto,scan,f1_class::Primary Palate,0.1563861769801616,0.013352222289775858,0.13802479862318165,0.1707375338799487,5,0.010091180336455594,1840,733,0.032712735256767045,,,,,,,,False
B1_corrected,pointnet2,proto,scan,f1_class::Rasopathy,0.2656423572793468,0.0705976127939951,0.153008365413409,0.3452063123980233,5,0.01804541070236961,1840,733,0.1921979469846143,,,,,,,,False
B1_corrected,pointnet2,proto,scan,f1_class::Sex Chromosome,0.1800203133205146,0.02479244494161053,0.1557395395382291,0.20777890890541725,5,0.015400427591625233,1840,733,0.05203936936718814,,,,,,,,False
B1_corrected,pointnet2,proto,scan,f1_class::Trisomy,0.23742536764163127,0.018183765417793464,0.21547942567426706,0.2591221646548828,5,0.019510012931775504,1840,733,0.04364273898061574,,,,,,,,False
B1_corrected,pointnet2,proto,scan,f1_class::Uncategorized,0.08088771809088698,0.029722791821874026,0.03174914220905678,0.10393595927516334,5,0.012827068759684318,1840,733,0.07218681706610657,,,,,,,,False
B1_corrected,pointnet2,proto,scan,macro_auc,0.7747882790142461,0.009327654478982931,0.7649322020638067,0.7856195624282962,5,0.0025154616771551007,1840,733,0.020687360364489482,0.7522575530036655,0.7968578047846955,0.04460025178103,0.7694826131176292,0.7474136576685563,0.7929131871511584,-0.5688102950823893,True
B1_corrected,pointnet2,proto,scan,macro_f1,0.2245681210798299,0.017106911173713546,0.20231813885337271,0.24817058167295653,5,0.005049125989360631,1840,733,0.04585244281958381,0.19577159350489828,0.24636077342883275,0.05058917992393447,0.2439286471465354,0.2128499316976575,0.2661800731189606,1.1317371014619428,True
B1_corrected,pointnet2,proto,scan,top3_accuracy,0.5295434782608696,0.035576155036532074,0.47076086956521734,0.5601086956521739,5,0.005229468344860215,1840,733,0.08934782608695657,0.5010030931880556,0.5574805458281045,0.056477452640048886,,,,,False
B1_corrected,pointnet2,proto,scan,top5_accuracy,0.7166521739130435,0.02863087632949933,0.6670652173913043,0.7393478260869565,5,0.005145911451652914,1840,733,0.07228260869565217,0.6891600572606846,0.7423469509162447,0.053186893655560064,,,,,False
B1_corrected,pointnet2,proto,subject,accuracy,0.3120873124147339,0.025646135021016415,0.27066848567530694,0.3413369713506139,5,0.006948214367353123,733,733,0.07066848567530698,0.28179809004092765,0.3425934515688949,0.06079536152796727,0.3574351978171896,0.3263233287858117,0.3874488403819918,1.7682151858474624,False
B1_corrected,pointnet2,proto,subject,f1_class::Cartilage,0.34153665262866745,0.02200166001043486,0.32064689123512646,0.3741472218654097,5,0.03748367122381033,733,733,0.053500330630283255,,,,,,,,False
B1_corrected,pointnet2,proto,subject,f1_class::Ciliopathy,0.3432854159218919,0.03782000726005707,0.3103688687770844,0.4027737609689779,5,0.02742933348191536,733,733,0.09240489219189346,,,,,,,,False
B1_corrected,pointnet2,proto,subject,f1_class::Cohesinopathy,0.24936218641605007,0.06137372362289183,0.18945000617970584,0.325923645320197,5,0.041463109293510526,733,733,0.13647363914049118,,,,,,,,False
B1_corrected,pointnet2,proto,subject,f1_class::Connective Tissue,0.30742050799772574,0.023021812262880335,0.28323976961531405,0.3444679429193084,5,0.015797373114634358,733,733,0.06122817330399433,,,,,,,,False
B1_corrected,pointnet2,proto,subject,f1_class::Control,0.5414786829836148,0.029212245769863164,0.5084675766182137,0.5828477162851665,5,0.014782267368841018,733,733,0.07438013966695278,,,,,,,,False
B1_corrected,pointnet2,proto,subject,f1_class::DNA Repair,0.5465098891476601,0.06465446176286294,0.46474358974358976,0.636969696969697,5,0.06406747933496007,733,733,0.1722261072261072,,,,,,,,False
B1_corrected,pointnet2,proto,subject,f1_class::Deletion,0.21986954304941123,0.06222930768331381,0.10963346178814141,0.2558421570636649,5,0.020993622742454688,733,733,0.1462086952755235,,,,,,,,False
B1_corrected,pointnet2,proto,subject,f1_class::Duplication,0.17851419724049705,0.10646904262176737,0.04563222724987428,0.3291589861751152,5,0.043057366255675425,733,733,0.28352675892524093,,,,,,,,False
B1_corrected,pointnet2,proto,subject,f1_class::Ectodermal,0.21281857734510629,0.05880489998015358,0.15876712701627946,0.30081605351170565,5,0.03406976482327605,733,733,0.1420489264954262,,,,,,,,False
B1_corrected,pointnet2,proto,subject,f1_class::Growth,0.25733388561083065,0.061496058015039295,0.1577708949192325,0.31368381743194335,5,0.05672239901785901,733,733,0.15591292251271086,,,,,,,,False
B1_corrected,pointnet2,proto,subject,f1_class::Imprinting,0.21912737348222594,0.013786586977358925,0.19586552108291236,0.22853324168480543,5,0.025559176643872573,733,733,0.032667720601893074,,,,,,,,False
B1_corrected,pointnet2,proto,subject,f1_class::Lysozome,0.5544453741471838,0.08371453692950925,0.4234241558631803,0.6389253065774805,5,0.053768398927496686,733,733,0.2155011507143002,,,,,,,,False
B1_corrected,pointnet2,proto,subject,f1_class::Neurocristopathy,0.20632990334111553,0.02066402834376647,0.1792003278304648,0.2277567980838795,5,0.033185174166742035,733,733,0.048556470253414696,,,,,,,,False
B1_corrected,pointnet2,proto,subject,f1_class::Peroxisome,0.2944490813425042,0.034838813648399955,0.2620863007959782,0.3379608217869087,5,0.055466450292742595,733,733,0.0758745209909305,,,,,,,,False
B1_corrected,pointnet2,proto,subject,f1_class::Primary Palate,0.32939012013567714,0.03753827408525115,0.2718994282972511,0.375606013537048,5,0.018845156820216025,733,733,0.10370658523979687,,,,,,,,False
B1_corrected,pointnet2,proto,subject,f1_class::Rasopathy,0.289091927187272,0.06179756287044317,0.19938319560884601,0.35093810037499357,5,0.02057205938970188,733,733,0.15155490476614755,,,,,,,,False
B1_corrected,pointnet2,proto,subject,f1_class::Sex Chromosome,0.21593428993239489,0.045482417023132916,0.16037905147403364,0.2661516576851592,5,0.024127524807631456,733,733,0.10577260621112555,,,,,,,,False
B1_corrected,pointnet2,proto,subject,f1_class::Trisomy,0.4345697690922726,0.04032130204287922,0.37790781365958886,0.4917229630527184,5,0.03286850733594547,733,733,0.11381514939312953,,,,,,,,False
B1_corrected,pointnet2,proto,subject,f1_class::Uncategorized,0.13496708436944918,0.05212069728480185,0.0428344328108293,0.1709586873001842,5,0.02112273968682207,733,733,0.1281242544893549,,,,,,,,False
B1_corrected,pointnet2,proto,subject,macro_auc,0.8106109024957172,0.008564810937805692,0.8008265555790309,0.8213150380818345,5,0.002202235826398566,733,733,0.02048848250280355,0.785751882553275,0.8329129477405466,0.04716106518727159,0.8118637811150421,0.7881004754446393,0.8329063549376469,0.1462821104193422,True
B1_corrected,pointnet2,proto,subject,macro_f1,0.3092860242827132,0.026943410901966284,0.26656876350490016,0.33638904783103524,5,0.008120751445631754,733,733,0.06982028432613507,0.2672833919279328,0.3406785676916094,0.0733951757636766,0.3490137988651774,0.3012819439092879,0.3798812984121614,1.4744894299765503,False
B1_corrected,pointnet2,proto,subject,top3_accuracy,0.6088403819918144,0.03309923523398729,0.5544338335607094,0.642837653478854,5,0.007282815090203671,733,733,0.08840381991814461,0.5761487039563439,0.6398390177353341,0.06369031377899026,,,,,False
B1_corrected,pointnet2,proto,subject,top5_accuracy,0.7627285129604365,0.0299941645838084,0.7096862210095498,0.7806275579809003,5,0.0056075162099254285,733,733,0.07094133697135052,0.7341323328785812,0.7899099590723055,0.055777626193724394,,,,,False
B1_corrected,pointnet2,softmax,scan,accuracy,0.2668478260869565,0.028840010736503968,0.22152173913043477,0.2967391304347826,5,0.0054872258445794655,1840,733,0.07521739130434785,0.2418493354466141,0.2918561612306281,0.05000682578401397,0.2952173913043478,0.270297048557544,0.3202246356838119,0.9836877481284293,True
B1_corrected,pointnet2,softmax,scan,f1_class::Cartilage,0.23842689749347556,0.031351148635960675,0.19759927263110297,0.27595721925133687,5,0.017947629017655776,1840,733,0.0783579466202339,,,,,,,,False
B1_corrected,pointnet2,softmax,scan,f1_class::Ciliopathy,0.2795788338836911,0.05289921354922465,0.20092940219069103,0.3436774989716166,5,0.02719391003159959,1840,733,0.14274809678092557,,,,,,,,False
B1_corrected,pointnet2,softmax,scan,f1_class::Cohesinopathy,0.1490503989606226,0.03418266012378311,0.11536449397828501,0.2030311392977246,5,0.03216486146278714,1840,733,0.08766664531943959,,,,,,,,False
B1_corrected,pointnet2,softmax,scan,f1_class::Connective Tissue,0.27167240851799457,0.027638612300670332,0.2397942754077905,0.3126686494012175,5,0.01932986206323898,1840,733,0.07287437399342703,,,,,,,,False
B1_corrected,pointnet2,softmax,scan,f1_class::Control,0.5476583513001045,0.03618866856852737,0.4977603936094502,0.5917479952016922,5,0.014715977418664544,1840,733,0.09398760159224201,,,,,,,,False
B1_corrected,pointnet2,softmax,scan,f1_class::DNA Repair,0.39366739088996805,0.07416612533996104,0.2827994227994227,0.48844199663004506,5,0.03312990196663207,1840,733,0.20564257383062234,,,,,,,,False
B1_corrected,pointnet2,softmax,scan,f1_class::Deletion,0.1778077512522362,0.07457553878395358,0.06845912858446083,0.2597867481751065,5,0.014780711453991197,1840,733,0.19132761959064565,,,,,,,,False
B1_corrected,pointnet2,softmax,scan,f1_class::Duplication,0.15411187021298517,0.032445349518672874,0.10674764002944234,0.18414865219483917,5,0.017789247991240088,1840,733,0.07740101216539683,,,,,,,,False
B1_corrected,pointnet2,softmax,scan,f1_class::Ectodermal,0.23087748183157628,0.046123981744384125,0.19567354335424075,0.3094377978548674,5,0.029459702824653756,1840,733,0.11376425450062666,,,,,,,,False
B1_corrected,pointnet2,softmax,scan,f1_class::Growth,0.19805066479727174,0.028647833785878575,0.1643521594684385,0.2304948821218853,5,0.034767656303850134,1840,733,0.06614272265344678,,,,,,,,False
B1_corrected,pointnet2,softmax,scan,f1_class::Imprinting,0.21620007715953332,0.03818626974407961,0.15186465269703125,0.24840443569394624,5,0.017742655348509963,1840,733,0.09653978299691499,,,,,,,,False
B1_corrected,pointnet2,softmax,scan,f1_class::Lysozome,0.461432018426234,0.038839967375454504,0.4127035742035742,0.5148458724204745,5,0.02304800255129615,1840,733,0.10214229821690035,,,,,,,,False
B1_corrected,pointnet2,softmax,scan,f1_class::Neurocristopathy,0.15480916481108406,0.016869542662874746,0.14188370514210133,0.18410847351362772,5,0.01786147993247832,1840,733,0.04222476837152639,,,,,,,,False
B1_corrected,pointnet2,softmax,scan,f1_class::Peroxisome,0.20190515773389653,0.02287209361800669,0.17817234868073842,0.22976921971134492,5,0.02448935090715106,1840,733,0.051596871030606506,,,,,,,,False
B1_corrected,pointnet2,softmax,scan,f1_class::Primary Palate,0.17248693586395364,0.02731689727350399,0.12503722084367241,0.19112997658079625,5,0.008896944587446488,1840,733,0.06609275573712384,,,,,,,,False
B1_corrected,pointnet2,softmax,scan,f1_class::Rasopathy,0.2568626941405481,0.07623365739004276,0.1323031754070903,0.3224948208931787,5,0.019915533327019987,1840,733,0.1901916454860884,,,,,,,,False
B1_corrected,pointnet2,softmax,scan,f1_class::Sex Chromosome,0.18862323549234555,0.02573013744105778,0.14481323068149413,0.2104748511286843,5,0.01796960333035492,1840,733,0.06566162044719018,,,,,,,,False
B1_corrected,pointnet2,softmax,scan,f1_class::Trisomy,0.23552255688240775,0.020818429406611095,0.20189040129522834,0.2534895991548388,5,0.022221420554510426,1840,733,0.05159919785961048,,,,,,,,False
B1_corrected,pointnet2,softmax,scan,f1_class::Uncategorized,0.11373001766242771,0.03886655456640707,0.05385061240801542,0.14944701263381463,5,0.019321563313455227,1840,733,0.09559640022579921,,,,,,,,False
B1_corrected,pointnet2,softmax,scan,macro_auc,0.7749225051206415,0.009080650257816174,0.7658004737252699,0.7848524352157619,5,0.0024160104451572953,1840,733,0.01905196149049193,0.7522070178775049,0.7970948047019653,0.044887786824460374,0.7741697062998971,0.7506003299953552,0.7982693572444193,-0.08290142218575634,True
B1_corrected,pointnet2,softmax,scan,macro_f1,0.24434073196380823,0.023720311518362933,0.2088370765092192,0.27170723074457825,5,0.005208675498318524,1840,733,0.06287015423535905,0.2126309429670358,0.26861119729944855,0.05598025433241274,0.265127896308225,0.2302035425819801,0.2899421524396954,0.8763444918640502,True
B1_corrected,pointnet2,softmax,scan,top3_accuracy,0.5756304347826087,0.04606242938400171,0.49793478260869567,0.6139130434782609,5,0.005779367029757149,1840,733,0.11597826086956525,0.546922404989789,0.6041466365574059,0.05722423156761691,,,,,False
B1_corrected,pointnet2,softmax,scan,top5_accuracy,0.7478478260869565,0.029938243777043527,0.696304347826087,0.7727173913043478,5,0.004351889143519012,1840,733,0.07641304347826083,0.7207782348080897,0.7745612152552692,0.05378298044717955,,,,,False
B1_corrected,pointnet2,softmax,subject,accuracy,0.30881309686221003,0.028054235362893937,0.26302864938608456,0.3386084583901773,5,0.01018537731015697,733,733,0.07557980900409272,0.2787967257844475,0.33888403819918145,0.06008731241473397,0.3495225102319236,0.3175989085948158,0.3798090040927694,1.451096878710801,False
B1_corrected,pointnet2,softmax,subject,f1_class::Cartilage,0.31737488309379824,0.033289645278995784,0.2911281044915997,0.3720833333333333,5,0.035916704202460334,733,733,0.08095522884173362,,,,,,,,False
B1_corrected,pointnet2,softmax,subject,f1_class::Ciliopathy,0.3023975374434569,0.0528577493169449,0.2430997404523544,0.3857288560021065,5,0.0336306184236551,733,733,0.14262911554975208,,,,,,,,False
B1_corrected,pointnet2,softmax,subject,f1_class::Cohesinopathy,0.21171348823132438,0.05507207242391723,0.1547122074636306,0.29075539275539275,5,0.048446788464218044,733,733,0.13604318529176215,,,,,,,,False
B1_corrected,pointnet2,softmax,subject,f1_class::Connective Tissue,0.29182782466706864,0.042166796020486126,0.2325923274613532,0.34133235510784055,5,0.025445296560962356,733,733,0.10874002764648735,,,,,,,,False
B1_corrected,pointnet2,softmax,subject,f1_class::Control,0.5738329572910702,0.02634350663843075,0.5410272126459944,0.6123922492406757,5,0.013596597561224494,733,733,0.0713650365946813,,,,,,,,False
B1_corrected,pointnet2,softmax,subject,f1_class::DNA Repair,0.5669896323147097,0.08315621706668319,0.4503846153846154,0.6681318681318682,5,0.09622287035802854,733,733,0.21774725274725282,,,,,,,,False
B1_corrected,pointnet2,softmax,subject,f1_class::Deletion,0.17811477107721402,0.07610887038062582,0.06580629214100325,0.25523165727354974,5,0.023819530406573156,733,733,0.18942536513254649,,,,,,,,False
B1_corrected,pointnet2,softmax,subject,f1_class::Duplication,0.19430165438542174,0.06261335045256708,0.11613543242758831,0.2887904848731191,5,0.024558217087025574,733,733,0.17265505244553078,,,,,,,,False
B1_corrected,pointnet2,softmax,subject,f1_class::Ectodermal,0.25823574267537036,0.06162420581903752,0.20289562289562285,0.3360862415867471,5,0.03507583862020346,733,733,0.13319061869112425,,,,,,,,False
B1_corrected,pointnet2,softmax,subject,f1_class::Growth,0.2866525194328263,0.052372131409534464,0.2188888888888889,0.3591106719367589,5,0.07026238508812233,733,733,0.14022178304786997,,,,,,,,False
B1_corrected,pointnet2,softmax,subject,f1_class::Imprinting,0.21902815395137187,0.0469732888641967,0.1411119390627587,0.2522634548738284,5,0.020739333641667256,733,733,0.11115151581106969,,,,,,,,False
B1_corrected,pointnet2,softmax,subject,f1_class::Lysozome,0.5455250972815369,0.07995109130952761,0.4515411417850442,0.6239768926725449,5,0.04486712233199469,733,733,0.17243575088750068,,,,,,,,False
B1_corrected,pointnet2,softmax,subject,f1_class::Neurocristopathy,0.1940283369750005,0.02980561863898303,0.16675566596598296,0.2329584661450787,5,0.0275577611201559,733,733,0.06620280017909574,,,,,,,,False
B1_corrected,pointnet2,softmax,subject,f1_class::Peroxisome,0.24239391715488617,0.02655615866998321,0.19865601377845818,0.261936832170425,5,0.039724311908262935,733,733,0.06328081839196684,,,,,,,,False
B1_corrected,pointnet2,softmax,subject,f1_class::Primary Palate,0.2932577013569604,0.03945194085065587,0.22324217850098976,0.31888257729079295,5,0.024383823921311353,733,733,0.09564039878980318,,,,,,,,False
B1_corrected,pointnet2,softmax,subject,f1_class::Rasopathy,0.26220364707701244,0.1038451987407068,0.10024475524475522,0.3710974368623174,5,0.04417947178319802,733,733,0.27085268161756215,,,,,,,,False
B1_corrected,pointnet2,softmax,subject,f1_class::Sex Chromosome,0.23673530030925774,0.0406010979044569,0.1861263816553561,0.281739993103601,5,0.03601908674824941,733,733,0.09561361144824487,,,,,,,,False
B1_corrected,pointnet2,softmax,subject,f1_class::Trisomy,0.39963926683663936,0.03865717548266548,0.33652887759216876,0.43436840992174985,5,0.028420047216953827,733,733,0.09783953232958109,,,,,,,,False
B1_corrected,pointnet2,softmax,subject,f1_class::Uncategorized,0.09629250460934806,0.040616788398778116,0.032124039295967924,0.12815268816076456,5,0.022741130801159595,733,733,0.09602864886479663,,,,,,,,False
B1_corrected,pointnet2,softmax,subject,macro_auc,0.8057405097635586,0.005681562896639605,0.7983669556284433,0.8116702797669479,5,0.003287558484757552,733,733,0.013303324138504657,0.7809344459987072,0.8284350358688333,0.047500589870126064,0.8109247968527333,0.7870477420944804,0.8326381307379751,0.9124755253947837,True
B1_corrected,pointnet2,softmax,subject,macro_f1,0.2984497334823302,0.030483932844215442,0.25038001373261976,0.32830017395639083,5,0.01094592673695113,733,733,0.07792016022377107,0.2573780484051261,0.33025775665682433,0.0728797082516982,0.3259332927297086,0.2823866878045897,0.3562218959763804,0.901575245813258,True
B1_corrected,pointnet2,softmax,subject,top3_accuracy,0.5998362892223739,0.04622740355644593,0.5246930422919509,0.6510231923601637,5,0.008129104477340932,733,733,0.1263301500682128,0.5687830832196454,0.6309427012278308,0.06215961800818537,,,,,False
B1_corrected,pointnet2,softmax,subject,top5_accuracy,0.7634379263301501,0.027753148409170907,0.7195088676671214,0.793724420190996,5,0.006856647382536568,733,733,0.07421555252387457,0.7352769440654843,0.7905075034106412,0.05523055934515697,,,,,False
B2_corrected,dgcnn,knn11,scan,accuracy,0.26442105263157895,0.014091116236363369,0.2505263157894737,0.2842105263157894,5,0.0,475,169,0.033684210526315705,0.21518179505600515,0.3205111529354815,0.10532935787947634,0.2610526315789473,0.2101341299548901,0.3162535919540229,-0.2390457218668826,True
B2_corrected,dgcnn,knn11,scan,f1_class::4p Deletion Wolff-Hirschhorn Syndrome,0.28514256984845215,0.10307944009021913,0.1428571428571428,0.4,5,0.0,475,169,0.25714285714285723,,,,,,,,False
B2_corrected,dgcnn,knn11,scan,f1_class::5p-,0.2865108225108225,0.17700754417771725,0.0,0.4761904761904761,5,0.0,475,169,0.4761904761904761,,,,,,,,False
B2_corrected,dgcnn,knn11,scan,f1_class::Achondroplasia,0.3581905744754042,0.035824944296672954,0.3157894736842105,0.4,5,0.0,475,169,0.08421052631578951,,,,,,,,False
B2_corrected,dgcnn,knn11,scan,f1_class::Angelman Syndrome,0.08963585434173668,0.09759804700383386,0.0,0.2352941176470588,5,0.0,475,169,0.2352941176470588,,,,,,,,False
B2_corrected,dgcnn,knn11,scan,f1_class::Apert Syndrome,0.23234654234654234,0.04922028240497487,0.1818181818181818,0.3076923076923077,5,0.0,475,169,0.12587412587412591,,,,,,,,False
B2_corrected,dgcnn,knn11,scan,f1_class::Bohring-Opitz Syndrome,0.26403701561596293,0.11168775911487305,0.1428571428571428,0.4,5,0.0,475,169,0.25714285714285723,,,,,,,,False
B2_corrected,dgcnn,knn11,scan,f1_class::CDKL5,0.0,0.0,0.0,0.0,5,0.0,475,169,0.0,,,,,,,,False
B2_corrected,dgcnn,knn11,scan,f1_class::CFC,0.03505323505323504,0.0535503796670337,0.0,0.1212121212121212,5,0.0,475,169,0.1212121212121212,,,,,,,,False
B2_corrected,dgcnn,knn11,scan,f1_class::CHARGE Syndrome,0.12051587301587299,0.05184755779379734,0.0555555555555555,0.1875,5,0.0,475,169,0.1319444444444445,,,,,,,,False
B2_corrected,dgcnn,knn11,scan,f1_class::CdLS,0.12289278505945575,0.04180009739223738,0.0888888888888888,0.1951219512195122,5,0.0,475,169,0.1062330623306234,,,,,,,,False
B2_corrected,dgcnn,knn11,scan,f1_class::Cockayne Syndrome,0.23735294117647054,0.023703400833480933,0.2083333333333333,0.2745098039215686,5,0.0,475,169,0.06617647058823531,,,,,,,,False
B2_corrected,dgcnn,knn11,scan,f1_class::Cohen Syndrome,0.2998974358974359,0.040069630387881486,0.2307692307692307,0.3333333333333333,5,0.0,475,169,0.10256410256410262,,,,,,,,False
B2_corrected,dgcnn,knn11,scan,f1_class::Costello Syndrome,0.2032199908964544,0.053485795938467626,0.1153846153846153,0.2456140350877192,5,0.0,475,169,0.13022941970310392,,,,,,,,False
B2_corrected,dgcnn,knn11,scan,f1_class::Crouzon Syndrome,0.0,0.0,0.0,0.0,5,0.0,475,169,0.0,,,,,,,,False
B2_corrected,dgcnn,knn11,scan,f1_class::Down Syndrome,0.6832233626588465,0.039757192453033455,0.625,0.7272727272727273,5,0.0,475,169,0.10227272727272729,,,,,,,,False
B2_corrected,dgcnn,knn11,scan,f1_class::Ehlers-Danlos Syndrome,0.24375682619585057,0.09307329784000264,0.1621621621621621,0.3902439024390244,5,0.0,475,169,0.22808174027686232,,,,,,,,False
B2_corrected,dgcnn,knn11,scan,"f1_class::Facial Dysmorphia, possibly genetic",0.1864757888844267,0.03604802194242516,0.1395348837209302,0.2307692307692307,5,0.0,475,169,0.0912343470483005,,,,,,,,False
B2_corrected,dgcnn,knn11,scan,f1_class::Jacobsen Syndrome,0.2859140859140859,0.09445000162475749,0.1333333333333333,0.3636363636363636,5,0.0,475,169,0.2303030303030303,,,,,,,,False
B2_corrected,dgcnn,knn11,scan,f1_class::Joubert Syndrome,0.14005602240896353,0.09701020605228003,0.0,0.2666666666666666,5,0.0,475,169,0.2666666666666666,,,,,,,,False
B2_corrected,dgcnn,knn11,scan,f1_class::Loeys-Dietz Syndrome,0.3755324139225068,0.05953044625330484,0.3157894736842105,0.4545454545454545,5,0.0,475,169,0.13875598086124397,,,,,,,,False
B2_corrected,dgcnn,knn11,scan,f1_class::Marfan Syndrome,0.18799818728628515,0.08142916988416793,0.1290322580645161,0.3225806451612903,5,0.0,475,169,0.19354838709677422,,,,,,,,False
B2_corrected,dgcnn,knn11,scan,f1_class::Mucopolysaccharidosis type IIIB (Sanfilippo B),0.0,0.0,0.0,0.0,5,0.0,475,169,0.0,,,,,,,,False
B2_corrected,dgcnn,knn11,scan,f1_class::Noonan Syndrome,0.366554366427422,0.05531786323199986,0.2978723404255319,0.4489795918367347,5,0.0,475,169,0.1511072514112028,,,,,,,,False
B2_corrected,dgcnn,knn11,scan,f1_class::Pallister-Killian Syndrome,0.3011827956989247,0.03980020050485445,0.25,0.3333333333333333,5,0.0,475,169,0.08333333333333331,,,,,,,,False
B2_corrected,dgcnn,knn11,scan,f1_class::Phelan McDermid Syndrome,0.5407224904534824,0.04481722226919871,0.490566037735849,0.5858585858585859,5,0.0,475,169,0.09529254812273685,,,,,,,,False
B2_corrected,dgcnn,knn11,scan,f1_class::Pitt Hopkins,0.3063157894736842,0.008648250907976303,0.3,0.3157894736842105,5,0.0,475,169,0.01578947368421052,,,,,,,,False
B2_corrected,dgcnn,knn11,scan,f1_class::Rett Syndrome,0.0,0.0,0.0,0.0,5,0.0,475,169,0.0,,,,,,,,False
B2_corrected,dgcnn,knn11,scan,f1_class::Rubinstein-Taybi Syndrome,0.05,0.11180339887498951,0.0,0.25,5,0.0,475,169,0.25,,,,,,,,False
B2_corrected,dgcnn,knn11,scan,f1_class::Smith-Lemli-Opitz,0.04444444444444444,0.09938079899999064,0.0,0.2222222222222222,5,0.0,475,169,0.2222222222222222,,,,,,,,False
B2_corrected,dgcnn,knn11,scan,f1_class::Tetrasomy 18p,0.13171428571428573,0.1196572959778284,0.0,0.32,5,0.0,475,169,0.32,,,,,,,,False
B2_corrected,dgcnn,knn11,scan,f1_class::Trisomy 18,0.2958041958041958,0.07577729705651791,0.1666666666666666,0.3636363636363636,5,0.0,475,169,0.196969696969697,,,,,,,,False
B2_corrected,dgcnn,knn11,scan,f1_class::Turner Syndrome,0.02857142857142856,0.06388765649999396,0.0,0.1428571428571428,5,0.0,475,169,0.1428571428571428,,,,,,,,False
B2_corrected,dgcnn,knn11,scan,f1_class::Williams Syndrome,0.2773854711475233,0.05646105492029077,0.1851851851851851,0.3265306122448979,5,0.0,475,169,0.14134542705971279,,,,,,,,False
B2_corrected,dgcnn,knn11,scan,macro_auc,0.7738962665791023,0.010395788940051621,0.7570326030457346,0.7850559256066892,5,0.0,475,169,0.028023322560954633,0.7559817891560355,0.816192679441826,0.06021089028579052,0.7699952291648259,0.7504249371845055,0.8085280425282587,-0.37525169439011485,True
B2_corrected,dgcnn,knn11,scan,macro_f1,0.21152871500740003,0.007974793662953105,0.2031118082477754,0.2211473604580448,5,0.0,475,169,0.018035552210269423,0.17171554105273198,0.2578622238401133,0.08614668278738133,0.2150023675334286,0.1688414921862404,0.2589524455995674,0.4355789845905888,True
B2_corrected,dgcnn,knn11,subject,accuracy,0.30532544378698223,0.00897381709355213,0.2958579881656805,0.3195266272189349,5,0.0,169,169,0.023668639053254392,0.23786982248520702,0.376360946745562,0.13849112426035495,0.301775147928994,0.2366863905325443,0.378698224852071,-0.39562828403747796,True
B2_corrected,dgcnn,knn11,subject,f1_class::4p Deletion Wolff-Hirschhorn Syndrome,0.13714285714285715,0.12999215046945514,0.0,0.2857142857142857,5,0.0,169,169,0.2857142857142857,,,,,,,,False
B2_corrected,dgcnn,knn11,subject,f1_class::5p-,0.19047619047619047,0.17496355305594127,0.0,0.3333333333333333,5,0.0,169,169,0.3333333333333333,,,,,,,,False
B2_corrected,dgcnn,knn11,subject,f1_class::Achondroplasia,0.5028973950026582,0.10731433987285934,0.4166666666666667,0.6666666666666666,5,0.0,169,169,0.24999999999999994,,,,,,,,False
B2_corrected,dgcnn,knn11,subject,f1_class::Angelman Syndrome,0.0,0.0,0.0,0.0,5,0.0,169,169,0.0,,,,,,,,False
B2_corrected,dgcnn,knn11,subject,f1_class::Apert Syndrome,0.19999999999999998,0.2981423969999719,0.0,0.6666666666666666,5,0.0,169,169,0.6666666666666666,,,,,,,,False
B2_corrected,dgcnn,knn11,subject,f1_class::Bohring-Opitz Syndrome,0.0,0.0,0.0,0.0,5,0.0,169,169,0.0,,,,,,,,False
B2_corrected,dgcnn,knn11,subject,f1_class::CDKL5,0.0,0.0,0.0,0.0,5,0.0,169,169,0.0,,,,,,,,False
B2_corrected,dgcnn,knn11,subject,f1_class::CFC,0.14713286713286713,0.08438910969318582,0.0,0.2,5,0.0,169,169,0.2,,,,,,,,False
B2_corrected,dgcnn,knn11,subject,f1_class::CHARGE Syndrome,0.19999999999999996,0.040824829046386304,0.1666666666666666,0.2666666666666666,5,0.0,169,169,0.1,,,,,,,,False
B2_corrected,dgcnn,knn11,subject,f1_class::CdLS,0.12828910220214565,0.12514569736271644,0.0,0.2857142857142857,5,0.0,169,169,0.2857142857142857,,,,,,,,False
B2_corrected,dgcnn,knn11,subject,f1_class::Cockayne Syndrome,0.39668109668109663,0.1596656807384847,0.1818181818181818,0.5714285714285714,5,0.0,169,169,0.38961038961038963,,,,,,,,False
B2_corrected,dgcnn,knn11,subject,f1_class::Cohen Syndrome,0.4023809523809524,0.15712481858948968,0.25,0.5714285714285714,5,0.0,169,169,0.3214285714285714,,,,,,,,False
B2_corrected,dgcnn,knn11,subject,f1_class::Costello Syndrome,0.23575757575757575,0.08683153422098379,0.1333333333333333,0.3636363636363636,5,0.0,169,169,0.2303030303030303,,,,,,,,False
B2_corrected,dgcnn,knn11,subject,f1_class::Crouzon Syndrome,0.0,0.0,0.0,0.0,5,0.0,169,169,0.0,,,,,,,,False
B2_corrected,dgcnn,knn11,subject,f1_class::Down Syndrome,0.7463218390804598,0.04008100530665195,0.6896551724137931,0.8,5,0.0,169,169,0.1103448275862069,,,,,,,,False
B2_corrected,dgcnn,knn11,subject,f1_class::Ehlers-Danlos Syndrome,0.28507002801120446,0.12111127811429664,0.1333333333333333,0.4705882352941176,5,0.0,169,169,0.3372549019607843,,,,,,,,False
B2_corrected,dgcnn,knn11,subject,"f1_class::Facial Dysmorphia, possibly genetic",0.1514083628042438,0.07545737810395486,0.0909090909090909,0.2608695652173913,5,0.0,169,169,0.1699604743083004,,,,,,,,False
B2_corrected,dgcnn,knn11,subject,f1_class::Jacobsen Syndrome,0.47523809523809524,0.10596709368153236,0.3333333333333333,0.5714285714285714,5,0.0,169,169,0.23809523809523808,,,,,,,,False
B2_corrected,dgcnn,knn11,subject,f1_class::Joubert Syndrome,0.13426573426573424,0.1849118196479822,0.0,0.3636363636363636,5,0.0,169,169,0.3636363636363636,,,,,,,,False
B2_corrected,dgcnn,knn11,subject,f1_class::Loeys-Dietz Syndrome,0.4999267399267399,0.06856297496496465,0.4,0.5714285714285714,5,0.0,169,169,0.17142857142857137,,,,,,,,False
B2_corrected,dgcnn,knn11,subject,f1_class::Marfan Syndrome,0.2457142857142857,0.07480890242535422,0.1428571428571428,0.3333333333333333,5,0.0,169,169,0.19047619047619052,,,,,,,,False
B2_corrected,dgcnn,knn11,subject,f1_class::Mucopolysaccharidosis type IIIB (Sanfilippo B),0.0,0.0,0.0,0.0,5,0.0,169,169,0.0,,,,,,,,False
B2_corrected,dgcnn,knn11,subject,f1_class::Noonan Syndrome,0.3761904761904762,0.09851505174084382,0.2666666666666666,0.5,5,0.0,169,169,0.2333333333333334,,,,,,,,False
B2_corrected,dgcnn,knn11,subject,f1_class::Pallister-Killian Syndrome,0.3866666666666666,0.27243755655603397,0.0,0.6,5,0.0,169,169,0.6,,,,,,,,False
B2_corrected,dgcnn,knn11,subject,f1_class::Phelan McDermid Syndrome,0.475,0.11614008958220785,0.375,0.625,5,0.0,169,169,0.25,,,,,,,,False
B2_corrected,dgcnn,knn11,subject,f1_class::Pitt Hopkins,0.2141414141414141,0.07424070636368872,0.1333333333333333,0.3333333333333333,5,0.0,169,169,0.2,,,,,,,,False
B2_corrected,dgcnn,knn11,subject,f1_class::Rett Syndrome,0.0,0.0,0.0,0.0,5,0.0,169,169,0.0,,,,,,,,False
B2_corrected,dgcnn,knn11,subject,f1_class::Rubinstein-Taybi Syndrome,0.0,0.0,0.0,0.0,5,0.0,169,169,0.0,,,,,,,,False
B2_corrected,dgcnn,knn11,subject,f1_class::Smith-Lemli-Opitz,0.0,0.0,0.0,0.0,5,0.0,169,169,0.0,,,,,,,,False
B2_corrected,dgcnn,knn11,subject,f1_class::Tetrasomy 18p,0.0,0.0,0.0,0.0,5,0.0,169,169,0.0,,,,,,,,False
B2_corrected,dgcnn,knn11,subject,f1_class::Trisomy 18,0.0,0.0,0.0,0.0,5,0.0,169,169,0.0,,,,,,,,False
B2_corrected,dgcnn,knn11,subject,f1_class::Turner Syndrome,0.0,0.0,0.0,0.0,5,0.0,169,169,0.0,,,,,,,,False
B2_corrected,dgcnn,knn11,subject,f1_class::Williams Syndrome,0.3049742002063983,0.1197485512597814,0.1052631578947368,0.4,5,0.0,169,169,0.29473684210526324,,,,,,,,False
B2_corrected,dgcnn,knn11,subject,macro_auc,0.8233471897470181,0.012330575077490247,0.8033494026023337,0.8366327834032662,5,0.0,169,169,0.033283380800932516,0.8007531567793276,0.8595741448104739,0.058820988031146326,0.817412501947714,0.7935475143381944,0.851648323399967,-0.48129854139066747,True
B2_corrected,dgcnn,knn11,subject,macro_f1,0.20714169330369883,0.014200851091227372,0.1948443861545465,0.2295090841524562,5,0.0,169,169,0.034664697997909694,0.16065061662899738,0.26860595896575357,0.10795534233675619,0.2282704624809887,0.1677623570648418,0.2938431157428357,1.4878523154391954,True
B2_corrected,dgcnn,proto,scan,accuracy,0.2825263157894736,0.04139934561287796,0.2105263157894736,0.3136842105263158,5,0.0,475,169,0.1031578947368422,0.22924055767290263,0.33606132729705684,0.10682076962415421,0.2547368421052631,0.2052845528455284,0.3087369745672906,-0.671253935848835,True
B2_corrected,dgcnn,proto,scan,f1_class::4p Deletion Wolff-Hirschhorn Syndrome,0.23944444444444443,0.10104393372790807,0.125,0.4,5,0.0,475,169,0.275,,,,,,,,False
B2_corrected,dgcnn,proto,scan,f1_class::5p-,0.36784461152882203,0.06265736841683714,0.2857142857142857,0.4210526315789473,5,0.0,475,169,0.1353383458646616,,,,,,,,False
B2_corrected,dgcnn,proto,scan,f1_class::Achondroplasia,0.41824307118424764,0.18244819692270547,0.0952380952380952,0.5405405405405406,5,0.0,475,169,0.44530244530244534,,,,,,,,False
B2_corrected,dgcnn,proto,scan,f1_class::Angelman Syndrome,0.07184628237259813,0.06712811116404316,0.0,0.1428571428571428,5,0.0,475,169,0.1428571428571428,,,,,,,,False
B2_corrected,dgcnn,proto,scan,f1_class::Apert Syndrome,0.0,0.0,0.0,0.0,5,0.0,475,169,0.0,,,,,,,,False
B2_corrected,dgcnn,proto,scan,f1_class::Bohring-Opitz Syndrome,0.3267949595869507,0.049565923212507725,0.2702702702702703,0.4,5,0.0,475,169,0.12972972972972974,,,,,,,,False
B2_corrected,dgcnn,proto,scan,f1_class::CDKL5,0.042222222222222223,0.05794846582402355,0.0,0.1111111111111111,5,0.0,475,169,0.1111111111111111,,,,,,,,False
B2_corrected,dgcnn,proto,scan,f1_class::CFC,0.1913763440860215,0.1623720072790631,0.0,0.4166666666666667,5,0.0,475,169,0.4166666666666667,,,,,,,,False
B2_corrected,dgcnn,proto,scan,f1_class::CHARGE Syndrome,0.12855797101449276,0.12800687308428324,0.0,0.3333333333333333,5,0.0,475,169,0.3333333333333333,,,,,,,,False
B2_corrected,dgcnn,proto,scan,f1_class::CdLS,0.07981862446258726,0.027897068218946844,0.054054054054054,0.1142857142857142,5,0.0,475,169,0.0602316602316602,,,,,,,,False
B2_corrected,dgcnn,proto,scan,f1_class::Cockayne Syndrome,0.37613587962826023,0.10844066526336527,0.2857142857142857,0.5625,5,0.0,475,169,0.2767857142857143,,,,,,,,False
B2_corrected,dgcnn,proto,scan,f1_class::Cohen Syndrome,0.38038507490120393,0.04777825929237829,0.3225806451612903,0.45,5,0.0,475,169,0.1274193548387097,,,,,,,,False
B2_corrected,dgcnn,proto,scan,f1_class::Costello Syndrome,0.23456221198156682,0.07132030180322331,0.1666666666666666,0.3333333333333333,5,0.0,475,169,0.1666666666666667,,,,,,,,False
B2_corrected,dgcnn,proto,scan,f1_class::Crouzon Syndrome,0.0,0.0,0.0,0.0,5,0.0,475,169,0.0,,,,,,,,False
B2_corrected,dgcnn,proto,scan,f1_class::Down Syndrome,0.588711001642036,0.10531620996230243,0.4137931034482758,0.6666666666666666,5,0.0,475,169,0.25287356321839083,,,,,,,,False
B2_corrected,dgcnn,proto,scan,f1_class::Ehlers-Danlos Syndrome,0.29325434843461406,0.10366926031511636,0.1935483870967742,0.4242424242424242,5,0.0,475,169,0.23069403714565,,,,,,,,False
B2_corrected,dgcnn,proto,scan,"f1_class::Facial Dysmorphia, possibly genetic",0.12059553349875926,0.10069443141263983,0.0,0.2424242424242424,5,0.0,475,169,0.2424242424242424,,,,,,,,False
B2_corrected,dgcnn,proto,scan,f1_class::Jacobsen Syndrome,0.23070947353300292,0.12698412822560282,0.08,0.4117647058823529,5,0.0,475,169,0.3317647058823529,,,,,,,,False
B2_corrected,dgcnn,proto,scan,f1_class::Joubert Syndrome,0.1905105105105105,0.05151255944871025,0.1081081081081081,0.2285714285714285,5,0.0,475,169,0.12046332046332041,,,,,,,,False
B2_corrected,dgcnn,proto,scan,f1_class::Loeys-Dietz Syndrome,0.22219461697722567,0.11533804527192101,0.0869565217391304,0.3478260869565217,5,0.0,475,169,0.26086956521739124,,,,,,,,False
B2_corrected,dgcnn,proto,scan,f1_class::Marfan Syndrome,0.4418640111776811,0.08976080013426513,0.3243243243243243,0.5454545454545454,5,0.0,475,169,0.22113022113022113,,,,,,,,False
B2_corrected,dgcnn,proto,scan,f1_class::Mucopolysaccharidosis type IIIB (Sanfilippo B),0.032,0.07155417527999328,0.0,0.16,5,0.0,475,169,0.16,,,,,,,,False
B2_corrected,dgcnn,proto,scan,f1_class::Noonan Syndrome,0.37156093524016365,0.11839326042232562,0.1860465116279069,0.5098039215686274,5,0.0,475,169,0.32375740994072055,,,,,,,,False
B2_corrected,dgcnn,proto,scan,f1_class::Pallister-Killian Syndrome,0.40312472427049845,0.09925076537240006,0.2666666666666666,0.5,5,0.0,475,169,0.2333333333333334,,,,,,,,False
B2_corrected,dgcnn,proto,scan,f1_class::Phelan McDermid Syndrome,0.39583078909983804,0.1420160409044143,0.1538461538461538,0.5121951219512195,5,0.0,475,169,0.3583489681050657,,,,,,,,False
B2_corrected,dgcnn,proto,scan,f1_class::Pitt Hopkins,0.38469264069264064,0.0869007568095882,0.2727272727272727,0.4761904761904761,5,0.0,475,169,0.2034632034632034,,,,,,,,False
B2_corrected,dgcnn,proto,scan,f1_class::Rett Syndrome,0.09352941176470586,0.10972423579150939,0.0,0.2666666666666666,5,0.0,475,169,0.2666666666666666,,,,,,,,False
B2_corrected,dgcnn,proto,scan,f1_class::Rubinstein-Taybi Syndrome,0.36279638490164806,0.13311560823147708,0.1818181818181818,0.5,5,0.0,475,169,0.31818181818181823,,,,,,,,False
B2_corrected,dgcnn,proto,scan,f1_class::Smith-Lemli-Opitz,0.20564102564102563,0.07676051198284513,0.1333333333333333,0.3076923076923077,5,0.0,475,169,0.1743589743589744,,,,,,,,False
B2_corrected,dgcnn,proto,scan,f1_class::Tetrasomy 18p,0.3081615552203787,0.15236749903329325,0.1666666666666666,0.5294117647058824,5,0.0,475,169,0.36274509803921573,,,,,,,,False
B2_corrected,dgcnn,proto,scan,f1_class::Trisomy 18,0.2639327731092437,0.137710638808182,0.1176470588235294,0.4705882352941176,5,0.0,475,169,0.3529411764705882,,,,,,,,False
B2_corrected,dgcnn,proto,scan,f1_class::Turner Syndrome,0.01739130434782608,0.03888813873912676,0.0,0.0869565217391304,5,0.0,475,169,0.0869565217391304,,,,,,,,False
B2_corrected,dgcnn,proto,scan,f1_class::Williams Syndrome,0.26595138510032124,0.08552120348671527,0.1702127659574468,0.3703703703703703,5,0.0,475,169,0.2001576044129235,,,,,,,,False
B2_corrected,dgcnn,proto,scan,macro_auc,0.8458748859721789,0.015403226832712173,0.8238676922695286,0.8647935145752271,5,0.0,475,169,0.04092582230569852,0.8278662224971542,0.877091998434177,0.04922577593702271,0.8426810790513573,0.8244915889172789,0.8695345178385513,-0.20734661350560965,True
B2_corrected,dgcnn,proto,scan,macro_f1,0.2439298218962284,0.027538650932756575,0.1976416710043542,0.2641845815499845,5,0.0,475,169,0.06654291054563027,0.19991336036039487,0.2947009743808772,0.09478761402048236,0.2150349830539711,0.17389933611109,0.2651393813063518,-1.049246708301443,True
B2_corrected,dgcnn,proto,scan,top3_accuracy,0.5292631578947369,0.04285128570977316,0.4568421052631579,0.5684210526315789,5,0.0,475,169,0.11157894736842106,0.4695533436035701,0.5883845782863808,0.1188312346828107,,,,,False
B2_corrected,dgcnn,proto,scan,top5_accuracy,0.6703157894736842,0.02284962282309915,0.6378947368421053,0.6926315789473684,5,0.0,475,169,0.054736842105263084,0.613089106102628,0.7262632776236834,0.11317417152105536,,,,,False
B2_corrected,dgcnn,proto,subject,accuracy,0.4071005917159763,0.07887820324015649,0.2781065088757396,0.4792899408284023,5,0.0,169,169,0.2011834319526627,0.33491124260355026,0.48047337278106506,0.1455621301775148,0.3668639053254438,0.2958579881656805,0.4378698224852071,-0.5101115991197962,True
B2_corrected,dgcnn,proto,subject,f1_class::4p Deletion Wolff-Hirschhorn Syndrome,0.2526984126984127,0.05528733437599996,0.2,0.3333333333333333,5,0.0,169,169,0.1333333333333333,,,,,,,,False
B2_corrected,dgcnn,proto,subject,f1_class::5p-,0.42603174603174604,0.0889498090560972,0.2857142857142857,0.5,5,0.0,169,169,0.2142857142857143,,,,,,,,False
B2_corrected,dgcnn,proto,subject,f1_class::Achondroplasia,0.5757421800765454,0.2475126102348701,0.1538461538461538,0.7777777777777778,5,0.0,169,169,0.6239316239316239,,,,,,,,False
B2_corrected,dgcnn,proto,subject,f1_class::Angelman Syndrome,0.3,0.18257418583505536,0.0,0.5,5,0.0,169,169,0.5,,,,,,,,False
B2_corrected,dgcnn,proto,subject,f1_class::Apert Syndrome,0.0,0.0,0.0,0.0,5,0.0,169,169,0.0,,,,,,,,False
B2_corrected,dgcnn,proto,subject,f1_class::Bohring-Opitz Syndrome,0.5,0.11785113019775792,0.3333333333333333,0.6666666666666666,5,0.0,169,169,0.3333333333333333,,,,,,,,False
B2_corrected,dgcnn,proto,subject,f1_class::CDKL5,0.0,0.0,0.0,0.0,5,0.0,169,169,0.0,,,,,,,,False
B2_corrected,dgcnn,proto,subject,f1_class::CFC,0.20714285714285713,0.21189138534559035,0.0,0.5,5,0.0,169,169,0.5,,,,,,,,False
B2_corrected,dgcnn,proto,subject,f1_class::CHARGE Syndrome,0.22495726495726495,0.17451643635643796,0.0,0.4615384615384615,5,0.0,169,169,0.4615384615384615,,,,,,,,False
B2_corrected,dgcnn,proto,subject,f1_class::CdLS,0.14055555555555554,0.0913631338244383,0.0,0.2222222222222222,5,0.0,169,169,0.2222222222222222,,,,,,,,False
B2_corrected,dgcnn,proto,subject,f1_class::Cockayne Syndrome,0.5142857142857142,0.29043715584717916,0.0,0.6666666666666666,5,0.0,169,169,0.6666666666666666,,,,,,,,False
B2_corrected,dgcnn,proto,subject,f1_class::Cohen Syndrome,0.6033333333333333,0.10826921179274476,0.5,0.75,5,0.0,169,169,0.25,,,,,,,,False
B2_corrected,dgcnn,proto,subject,f1_class::Costello Syndrome,0.4084848484848485,0.1632205716341888,0.2,0.6,5,0.0,169,169,0.39999999999999997,,,,,,,,False
B2_corrected,dgcnn,proto,subject,f1_class::Crouzon Syndrome,0.0,0.0,0.0,0.0,5,0.0,169,169,0.0,,,,,,,,False
B2_corrected,dgcnn,proto,subject,f1_class::Down Syndrome,0.6556932722449964,0.11193917325557538,0.4615384615384615,0.7333333333333333,5,0.0,169,169,0.2717948717948718,,,,,,,,False
B2_corrected,dgcnn,proto,subject,f1_class::Ehlers-Danlos Syndrome,0.4148717948717948,0.1287475703989368,0.3076923076923077,0.6,5,0.0,169,169,0.29230769230769227,,,,,,,,False
B2_corrected,dgcnn,proto,subject,"f1_class::Facial Dysmorphia, possibly genetic",0.21126050420168063,0.12165966205166229,0.0,0.3,5,0.0,169,169,0.3,,,,,,,,False
B2_corrected,dgcnn,proto,subject,f1_class::Jacobsen Syndrome,0.37666666666666665,0.09249624617007739,0.25,0.5,5,0.0,169,169,0.25,,,,,,,,False
B2_corrected,dgcnn,proto,subject,f1_class::Joubert Syndrome,0.27487179487179486,0.12341982813813301,0.125,0.4,5,0.0,169,169,0.275,,,,,,,,False
B2_corrected,dgcnn,proto,subject,f1_class::Loeys-Dietz Syndrome,0.27904761904761904,0.20810123125291594,0.0,0.5,5,0.0,169,169,0.5,,,,,,,,False
B2_corrected,dgcnn,proto,subject,f1_class::Marfan Syndrome,0.5704260651629072,0.1034210457987934,0.4210526315789473,0.6666666666666666,5,0.0,169,169,0.24561403508771934,,,,,,,,False
B2_corrected,dgcnn,proto,subject,f1_class::Mucopolysaccharidosis type IIIB (Sanfilippo B),0.1,0.223606797749979,0.0,0.5,5,0.0,169,169,0.5,,,,,,,,False
B2_corrected,dgcnn,proto,subject,f1_class::Noonan Syndrome,0.4402941176470588,0.2248671058687931,0.1333333333333333,0.625,5,0.0,169,169,0.4916666666666667,,,,,,,,False
B2_corrected,dgcnn,proto,subject,f1_class::Pallister-Killian Syndrome,0.3835032614444379,0.11879983334515014,0.1818181818181818,0.4705882352941176,5,0.0,169,169,0.28877005347593576,,,,,,,,False
B2_corrected,dgcnn,proto,subject,f1_class::Phelan McDermid Syndrome,0.7116526610644257,0.17370488479561988,0.4285714285714285,0.9,5,0.0,169,169,0.47142857142857153,,,,,,,,False
B2_corrected,dgcnn,proto,subject,f1_class::Pitt Hopkins,0.5031746031746032,0.04510562615359626,0.4444444444444444,0.5714285714285714,5,0.0,169,169,0.12698412698412698,,,,,,,,False
B2_corrected,dgcnn,proto,subject,f1_class::Rett Syndrome,0.05714285714285714,0.12777531299998798,0.0,0.2857142857142857,5,0.0,169,169,0.2857142857142857,,,,,,,,False
B2_corrected,dgcnn,proto,subject,f1_class::Rubinstein-Taybi Syndrome,0.5476190476190477,0.07338588098772589,0.5,0.6666666666666666,5,0.0,169,169,0.16666666666666663,,,,,,,,False
B2_corrected,dgcnn,proto,subject,f1_class::Smith-Lemli-Opitz,0.4066666666666666,0.05962847939999439,0.3333333333333333,0.5,5,0.0,169,169,0.16666666666666669,,,,,,,,False
B2_corrected,dgcnn,proto,subject,f1_class::Tetrasomy 18p,0.2942857142857143,0.2754588009492675,0.0,0.5714285714285714,5,0.0,169,169,0.5714285714285714,,,,,,,,False
B2_corrected,dgcnn,proto,subject,f1_class::Trisomy 18,0.2742857142857143,0.08231348737650247,0.1333333333333333,0.3333333333333333,5,0.0,169,169,0.2,,,,,,,,False
B2_corrected,dgcnn,proto,subject,f1_class::Turner Syndrome,0.1,0.13693063937629155,0.0,0.25,5,0.0,169,169,0.25,,,,,,,,False
B2_corrected,dgcnn,proto,subject,f1_class::Williams Syndrome,0.36802005012531325,0.05664648325514541,0.2857142857142857,0.4210526315789473,5,0.0,169,169,0.1353383458646616,,,,,,,,False
B2_corrected,dgcnn,proto,subject,macro_auc,0.90082398020631,0.01895471277469337,0.8730596765336323,0.9212763157833856,5,0.0,169,169,0.04821663924975339,0.8812628688642914,0.9262799204330158,0.045017051568724376,0.9003378224601585,0.8804937863452666,0.9199761163915388,-0.025648383699100216,True
B2_corrected,dgcnn,proto,subject,macro_f1,0.33705194918453263,0.05208556338987654,0.2601996930944299,0.3886879429167636,5,0.0,169,169,0.1284882498223337,0.2673974762724938,0.4137814883949525,0.14638401212245872,0.3256143556054429,0.2474706046002405,0.4044210867909762,-0.21959239441216793,True
B2_corrected,dgcnn,proto,subject,top3_accuracy,0.6556213017751479,0.062256844674852735,0.5562130177514792,0.7159763313609467,5,0.0,169,169,0.1597633136094675,0.5834023668639053,0.7254437869822485,0.1420414201183432,,,,,False
B2_corrected,dgcnn,proto,subject,top5_accuracy,0.7822485207100591,0.0343501189910059,0.7337278106508875,0.8165680473372781,5,0.0,169,169,0.08284023668639051,0.7207100591715976,0.8414201183431953,0.12071005917159772,,,,,False
B2_corrected,dgcnn,softmax,scan,accuracy,0.2799999999999999,0.03938586722919936,0.2168421052631579,0.3242105263157894,5,0.0,475,169,0.1073684210526315,0.2275206715467414,0.33592607479662784,0.10840540324988643,0.2252631578947368,0.1797722408677464,0.2768256302727335,-1.3897584579446065,True
B2_corrected,dgcnn,softmax,scan,f1_class::4p Deletion Wolff-Hirschhorn Syndrome,0.10510078157136978,0.1029516036061514,0.0,0.2352941176470588,5,0.0,475,169,0.2352941176470588,,,,,,,,False
B2_corrected,dgcnn,softmax,scan,f1_class::5p-,0.3711974820670473,0.07011181802616501,0.2608695652173913,0.4444444444444444,5,0.0,475,169,0.18357487922705312,,,,,,,,False
B2_corrected,dgcnn,softmax,scan,f1_class::Achondroplasia,0.533966768525592,0.12601190792144534,0.3636363636363636,0.7142857142857143,5,0.0,475,169,0.3506493506493507,,,,,,,,False
B2_corrected,dgcnn,softmax,scan,f1_class::Angelman Syndrome,0.019047619047619042,0.04259177099999598,0.0,0.0952380952380952,5,0.0,475,169,0.0952380952380952,,,,,,,,False
B2_corrected,dgcnn,softmax,scan,f1_class::Apert Syndrome,0.0,0.0,0.0,0.0,5,0.0,475,169,0.0,,,,,,,,False
B2_corrected,dgcnn,softmax,scan,f1_class::Bohring-Opitz Syndrome,0.3603263303413228,0.09674602553984306,0.2857142857142857,0.5217391304347826,5,0.0,475,169,0.2360248447204969,,,,,,,,False
B2_corrected,dgcnn,softmax,scan,f1_class::CDKL5,0.0,0.0,0.0,0.0,5,0.0,475,169,0.0,,,,,,,,False
B2_corrected,dgcnn,softmax,scan,f1_class::CFC,0.03076923076923076,0.06880209161537813,0.0,0.1538461538461538,5,0.0,475,169,0.1538461538461538,,,,,,,,False
B2_corrected,dgcnn,softmax,scan,f1_class::CHARGE Syndrome,0.07688787185354688,0.08643708520506063,0.0,0.2105263157894736,5,0.0,475,169,0.2105263157894736,,,,,,,,False
B2_corrected,dgcnn,softmax,scan,f1_class::CdLS,0.0,0.0,0.0,0.0,5,0.0,475,169,0.0,,,,,,,,False
B2_corrected,dgcnn,softmax,scan,f1_class::Cockayne Syndrome,0.40508676508676505,0.1265004853503637,0.2727272727272727,0.5384615384615384,5,0.0,475,169,0.26573426573426573,,,,,,,,False
B2_corrected,dgcnn,softmax,scan,f1_class::Cohen Syndrome,0.3350854526497121,0.08430803035091194,0.2105263157894736,0.4186046511627907,5,0.0,475,169,0.20807833537331713,,,,,,,,False
B2_corrected,dgcnn,softmax,scan,f1_class::Costello Syndrome,0.25838866161446805,0.08930028191124062,0.1666666666666666,0.3783783783783784,5,0.0,475,169,0.2117117117117118,,,,,,,,False
B2_corrected,dgcnn,softmax,scan,f1_class::Crouzon Syndrome,0.17743589743589744,0.18531207574653222,0.0,0.4,5,0.0,475,169,0.4,,,,,,,,False
B2_corrected,dgcnn,softmax,scan,f1_class::Down Syndrome,0.5727696817521054,0.0824078625276739,0.4642857142857143,0.6521739130434783,5,0.0,475,169,0.18788819875776397,,,,,,,,False
B2_corrected,dgcnn,softmax,scan,f1_class::Ehlers-Danlos Syndrome,0.2412163742690058,0.05960190676130178,0.1904761904761904,0.3428571428571428,5,0.0,475,169,0.1523809523809524,,,,,,,,False
B2_corrected,dgcnn,softmax,scan,"f1_class::Facial Dysmorphia, possibly genetic",0.22734337136614174,0.053900912053755766,0.1612903225806451,0.2745098039215686,5,0.0,475,169,0.1132194813409235,,,,,,,,False
B2_corrected,dgcnn,softmax,scan,f1_class::Jacobsen Syndrome,0.33758075258075254,0.047036747321317664,0.2564102564102564,0.375,5,0.0,475,169,0.11858974358974361,,,,,,,,False
B2_corrected,dgcnn,softmax,scan,f1_class::Joubert Syndrome,0.15372492431315957,0.08701408052568001,0.074074074074074,0.2941176470588235,5,0.0,475,169,0.22004357298474947,,,,,,,,False
B2_corrected,dgcnn,softmax,scan,f1_class::Loeys-Dietz Syndrome,0.36448292448292446,0.11572014696568371,0.1904761904761904,0.4848484848484848,5,0.0,475,169,0.2943722943722944,,,,,,,,False
B2_corrected,dgcnn,softmax,scan,f1_class::Marfan Syndrome,0.1017269686834904,0.08267172516200517,0.0,0.2307692307692307,5,0.0,475,169,0.2307692307692307,,,,,,,,False
B2_corrected,dgcnn,softmax,scan,f1_class::Mucopolysaccharidosis type IIIB (Sanfilippo B),0.0297560975609756,0.04458814102480154,0.0,0.1,5,0.0,475,169,0.1,,,,,,,,False
B2_corrected,dgcnn,softmax,scan,f1_class::Noonan Syndrome,0.376571319901246,0.11537365092298114,0.2580645161290322,0.5238095238095238,5,0.0,475,169,0.26574500768049164,,,,,,,,False
B2_corrected,dgcnn,softmax,scan,f1_class::Pallister-Killian Syndrome,0.34291706822843304,0.07802905073881285,0.238095238095238,0.425531914893617,5,0.0,475,169,0.18743667679837903,,,,,,,,False
B2_corrected,dgcnn,softmax,scan,f1_class::Phelan McDermid Syndrome,0.43773291925465835,0.18609937316966796,0.1333333333333333,0.6166666666666667,5,0.0,475,169,0.4833333333333334,,,,,,,,False
B2_corrected,dgcnn,softmax,scan,f1_class::Pitt Hopkins,0.3757492507492507,0.2310898789608743,0.0,0.625,5,0.0,475,169,0.625,,,,,,,,False
B2_corrected,dgcnn,softmax,scan,f1_class::Rett Syndrome,0.042105263157894715,0.09415023063157005,0.0,0.2105263157894736,5,0.0,475,169,0.2105263157894736,,,,,,,,False
B2_corrected,dgcnn,softmax,scan,f1_class::Rubinstein-Taybi Syndrome,0.11400000000000002,0.1580506248010428,0.0,0.32,5,0.0,475,169,0.32,,,,,,,,False
B2_corrected,dgcnn,softmax,scan,f1_class::Smith-Lemli-Opitz,0.10046620046620043,0.09224557020546803,0.0,0.1818181818181818,5,0.0,475,169,0.1818181818181818,,,,,,,,False
B2_corrected,dgcnn,softmax,scan,f1_class::Tetrasomy 18p,0.1700495829870167,0.1817605923344336,0.0,0.4324324324324324,5,0.0,475,169,0.4324324324324324,,,,,,,,False
B2_corrected,dgcnn,softmax,scan,f1_class::Trisomy 18,0.16290209790209792,0.11255214341380146,0.0,0.3076923076923077,5,0.0,475,169,0.3076923076923077,,,,,,,,False
B2_corrected,dgcnn,softmax,scan,f1_class::Turner Syndrome,0.08995401386705733,0.052232383109634635,0.05,0.1739130434782608,5,0.0,475,169,0.1239130434782608,,,,,,,,False
B2_corrected,dgcnn,softmax,scan,f1_class::Williams Syndrome,0.20716573399500224,0.09536220102805208,0.0606060606060606,0.2926829268292683,5,0.0,475,169,0.23207686622320767,,,,,,,,False
B2_corrected,dgcnn,softmax,scan,macro_auc,0.857406208427907,0.008888089488372867,0.848234281801079,0.8701231179866062,5,0.0,475,169,0.021888836185527283,0.832759260962653,0.8843570313997459,0.051597770437092905,0.8532582120421238,0.8266546576068526,0.8785908721365546,-0.46669156416679997,True
B2_corrected,dgcnn,softmax,scan,macro_f1,0.2158032547418177,0.02568374028514266,0.1773952079646429,0.2427775054266937,5,0.0,475,169,0.06538229746205082,0.17692117498862192,0.2642805058686949,0.08735933088007297,0.2032294774558953,0.1647066536669864,0.2488247069523635,-0.4895617673410272,True
B2_corrected,dgcnn,softmax,scan,top3_accuracy,0.5069473684210527,0.04126530606653177,0.4442105263157895,0.5452631578947369,5,0.0,475,169,0.1010526315789474,0.44121973996262637,0.5736130286663266,0.1323932887037002,,,,,False
B2_corrected,dgcnn,softmax,scan,top5_accuracy,0.6252631578947369,0.028440539128644846,0.5831578947368421,0.6547368421052632,5,0.0,475,169,0.07157894736842108,0.5600353129766059,0.6898273612761425,0.1297920482995366,,,,,False
B2_corrected,dgcnn,softmax,subject,accuracy,0.3715976331360946,0.041080603450200676,0.301775147928994,0.408284023668639,5,0.0,169,169,0.10650887573964496,0.30174556213017745,0.44733727810650886,0.14559171597633142,0.3491124260355029,0.2781065088757396,0.4201183431952662,-0.5473436418198933,True
B2_corrected,dgcnn,softmax,subject,f1_class::4p Deletion Wolff-Hirschhorn Syndrome,0.15666666666666668,0.1714318782749839,0.0,0.4,5,0.0,169,169,0.4,,,,,,,,False
B2_corrected,dgcnn,softmax,subject,f1_class::5p-,0.4515151515151515,0.13474535457874978,0.2222222222222222,0.5454545454545454,5,0.0,169,169,0.3232323232323232,,,,,,,,False
B2_corrected,dgcnn,softmax,subject,f1_class::Achondroplasia,0.72544061302682,0.15143932011414413,0.4827586206896552,0.8888888888888888,5,0.0,169,169,0.40613026819923365,,,,,,,,False
B2_corrected,dgcnn,softmax,subject,f1_class::Angelman Syndrome,0.08,0.17888543819998318,0.0,0.4,5,0.0,169,169,0.4,,,,,,,,False
B2_corrected,dgcnn,softmax,subject,f1_class::Apert Syndrome,0.0,0.0,0.0,0.0,5,0.0,169,169,0.0,,,,,,,,False
B2_corrected,dgcnn,softmax,subject,f1_class::Bohring-Opitz Syndrome,0.40444444444444444,0.1636014428382752,0.2222222222222222,0.6666666666666666,5,0.0,169,169,0.4444444444444444,,,,,,,,False
B2_corrected,dgcnn,softmax,subject,f1_class::CDKL5,0.0,0.0,0.0,0.0,5,0.0,169,169,0.0,,,,,,,,False
B2_corrected,dgcnn,softmax,subject,f1_class::CFC,0.0,0.0,0.0,0.0,5,0.0,169,169,0.0,,,,,,,,False
B2_corrected,dgcnn,softmax,subject,f1_class::CHARGE Syndrome,0.07076923076923076,0.09826904260105422,0.0,0.2,5,0.0,169,169,0.2,,,,,,,,False
B2_corrected,dgcnn,softmax,subject,f1_class::CdLS,0.0,0.0,0.0,0.0,5,0.0,169,169,0.0,,,,,,,,False
B2_corrected,dgcnn,softmax,subject,f1_class::Cockayne Syndrome,0.4680952380952381,0.34378017286666757,0.0,0.8571428571428571,5,0.0,169,169,0.8571428571428571,,,,,,,,False
B2_corrected,dgcnn,softmax,subject,f1_class::Cohen Syndrome,0.4791341991341991,0.10587155162059199,0.3333333333333333,0.5714285714285714,5,0.0,169,169,0.23809523809523808,,,,,,,,False
B2_corrected,dgcnn,softmax,subject,f1_class::Costello Syndrome,0.33939393939393936,0.19292664866769005,0.2222222222222222,0.6666666666666666,5,0.0,169,169,0.4444444444444444,,,,,,,,False
B2_corrected,dgcnn,softmax,subject,f1_class::Crouzon Syndrome,0.36,0.4098780306383839,0.0,1.0,5,0.0,169,169,1.0,,,,,,,,False
B2_corrected,dgcnn,softmax,subject,f1_class::Down Syndrome,0.7827935190956434,0.08987377359984824,0.6341463414634146,0.8571428571428571,5,0.0,169,169,0.22299651567944245,,,,,,,,False
B2_corrected,dgcnn,softmax,subject,f1_class::Ehlers-Danlos Syndrome,0.3247419247419247,0.055594821967925846,0.2666666666666666,0.4,5,0.0,169,169,0.13333333333333341,,,,,,,,False
B2_corrected,dgcnn,softmax,subject,"f1_class::Facial Dysmorphia, possibly genetic",0.23153153153153147,0.15139944210105008,0.0,0.3809523809523809,5,0.0,169,169,0.3809523809523809,,,,,,,,False
B2_corrected,dgcnn,softmax,subject,f1_class::Jacobsen Syndrome,0.3141538461538461,0.1297991165258361,0.2,0.5,5,0.0,169,169,0.3,,,,,,,,False
B2_corrected,dgcnn,softmax,subject,f1_class::Joubert Syndrome,0.20124542124542125,0.1504829492260016,0.0,0.4,5,0.0,169,169,0.4,,,,,,,,False
B2_corrected,dgcnn,softmax,subject,f1_class::Loeys-Dietz Syndrome,0.5079918864097362,0.11504510238467967,0.32,0.6,5,0.0,169,169,0.27999999999999997,,,,,,,,False
B2_corrected,dgcnn,softmax,subject,f1_class::Marfan Syndrome,0.07272727272727272,0.09958591954639383,0.0,0.1818181818181818,5,0.0,169,169,0.1818181818181818,,,,,,,,False
B2_corrected,dgcnn,softmax,subject,f1_class::Mucopolysaccharidosis type IIIB (Sanfilippo B),0.04444444444444444,0.09938079899999064,0.0,0.2222222222222222,5,0.0,169,169,0.2222222222222222,,,,,,,,False
B2_corrected,dgcnn,softmax,subject,f1_class::Noonan Syndrome,0.42231164088749223,0.14017848411819012,0.2352941176470588,0.6153846153846154,5,0.0,169,169,0.38009049773755665,,,,,,,,False
B2_corrected,dgcnn,softmax,subject,f1_class::Pallister-Killian Syndrome,0.4634105763517528,0.1383609036467581,0.2222222222222222,0.5454545454545454,5,0.0,169,169,0.3232323232323232,,,,,,,,False
B2_corrected,dgcnn,softmax,subject,f1_class::Phelan McDermid Syndrome,0.46521848739495797,0.2899007857430971,0.0,0.72,5,0.0,169,169,0.72,,,,,,,,False
B2_corrected,dgcnn,softmax,subject,f1_class::Pitt Hopkins,0.37333333333333335,0.23851391759997753,0.0,0.6666666666666666,5,0.0,169,169,0.6666666666666666,,,,,,,,False
B2_corrected,dgcnn,softmax,subject,f1_class::Rett Syndrome,0.0,0.0,0.0,0.0,5,0.0,169,169,0.0,,,,,,,,False
B2_corrected,dgcnn,softmax,subject,f1_class::Rubinstein-Taybi Syndrome,0.3022222222222222,0.29380433566290504,0.0,0.6666666666666666,5,0.0,169,169,0.6666666666666666,,,,,,,,False
B2_corrected,dgcnn,softmax,subject,f1_class::Smith-Lemli-Opitz,0.2,0.2738612787525831,0.0,0.5,5,0.0,169,169,0.5,,,,,,,,False
B2_corrected,dgcnn,softmax,subject,f1_class::Tetrasomy 18p,0.12000000000000002,0.1788854381999832,0.0,0.4,5,0.0,169,169,0.4,,,,,,,,False
B2_corrected,dgcnn,softmax,subject,f1_class::Trisomy 18,0.22666666666666666,0.2553864174583727,0.0,0.5,5,0.0,169,169,0.5,,,,,,,,False
B2_corrected,dgcnn,softmax,subject,f1_class::Turner Syndrome,0.0,0.0,0.0,0.0,5,0.0,169,169,0.0,,,,,,,,False
B2_corrected,dgcnn,softmax,subject,f1_class::Williams Syndrome,0.24456876456876456,0.15793520471251757,0.0,0.4,5,0.0,169,169,0.4,,,,,,,,False
B2_corrected,dgcnn,softmax,subject,macro_auc,0.906859653372643,0.007882663068553458,0.8976221016070456,0.9152694781889162,5,0.0,169,169,0.017647376581870655,0.8796766264641876,0.9296300559945424,0.049953429530354754,0.9006878964899896,0.8743114432809028,0.9233594536018498,-0.7829532772083765,True
B2_corrected,dgcnn,softmax,subject,macro_f1,0.2676612430551727,0.030140665690715697,0.2179115380627458,0.2969062029948927,5,0.0,169,169,0.07899466493214688,0.20712459331470373,0.3323243337098469,0.12519974039514314,0.2725413357126912,0.202501504685876,0.3378098793147663,0.1619105797992283,True
B2_corrected,dgcnn,softmax,subject,top3_accuracy,0.5905325443786982,0.0255878678230055,0.5562130177514792,0.621301775147929,5,0.0,169,169,0.0650887573964497,0.514792899408284,0.6650887573964497,0.1502958579881657,,,,,False
B2_corrected,dgcnn,softmax,subject,top5_accuracy,0.6923076923076923,0.011069992268561969,0.6745562130177515,0.7041420118343196,5,0.0,169,169,0.029585798816568087,0.6213017751479291,0.7597928994082839,0.13849112426035481,,,,,False
B2_corrected,geommlp,knn11,scan,accuracy,0.1747368421052631,0.0,0.1747368421052631,0.1747368421052631,5,0.0,475,169,0.0,0.139414321192053,0.21328909580833014,0.07387477461627714,0.1747368421052631,0.139414321192053,0.2132890958083301,,True
B2_corrected,geommlp,knn11,scan,f1_class::4p Deletion Wolff-Hirschhorn Syndrome,0.1428571428571428,0.0,0.1428571428571428,0.1428571428571428,5,0.0,475,169,0.0,,,,,,,,False
B2_corrected,geommlp,knn11,scan,f1_class::5p-,0.0,0.0,0.0,0.0,5,0.0,475,169,0.0,,,,,,,,False
B2_corrected,geommlp,knn11,scan,f1_class::Achondroplasia,0.0588235294117647,0.0,0.0588235294117647,0.0588235294117647,5,0.0,475,169,0.0,,,,,,,,False
B2_corrected,geommlp,knn11,scan,f1_class::Angelman Syndrome,0.0833333333333333,0.0,0.0833333333333333,0.0833333333333333,5,0.0,475,169,0.0,,,,,,,,False
B2_corrected,geommlp,knn11,scan,f1_class::Apert Syndrome,0.0,0.0,0.0,0.0,5,0.0,475,169,0.0,,,,,,,,False
B2_corrected,geommlp,knn11,scan,f1_class::Bohring-Opitz Syndrome,0.2857142857142857,0.0,0.2857142857142857,0.2857142857142857,5,0.0,475,169,0.0,,,,,,,,False
B2_corrected,geommlp,knn11,scan,f1_class::CDKL5,0.1538461538461538,0.0,0.1538461538461538,0.1538461538461538,5,0.0,475,169,0.0,,,,,,,,False
B2_corrected,geommlp,knn11,scan,f1_class::CFC,0.1379310344827586,0.0,0.1379310344827586,0.1379310344827586,5,0.0,475,169,0.0,,,,,,,,False
B2_corrected,geommlp,knn11,scan,f1_class::CHARGE Syndrome,0.1290322580645161,0.0,0.1290322580645161,0.1290322580645161,5,0.0,475,169,0.0,,,,,,,,False
B2_corrected,geommlp,knn11,scan,f1_class::CdLS,0.0952380952380952,0.0,0.0952380952380952,0.0952380952380952,5,0.0,475,169,0.0,,,,,,,,False
B2_corrected,geommlp,knn11,scan,f1_class::Cockayne Syndrome,0.20512820512820512,3.1031676915590914e-17,0.2051282051282051,0.2051282051282051,5,0.0,475,169,0.0,,,,,,,,False
B2_corrected,geommlp,knn11,scan,f1_class::Cohen Syndrome,0.1538461538461538,0.0,0.1538461538461538,0.1538461538461538,5,0.0,475,169,0.0,,,,,,,,False
B2_corrected,geommlp,knn11,scan,f1_class::Costello Syndrome,0.0909090909090909,0.0,0.0909090909090909,0.0909090909090909,5,0.0,475,169,0.0,,,,,,,,False
B2_corrected,geommlp,knn11,scan,f1_class::Crouzon Syndrome,0.0,0.0,0.0,0.0,5,0.0,475,169,0.0,,,,,,,,False
B2_corrected,geommlp,knn11,scan,f1_class::Down Syndrome,0.1714285714285714,0.0,0.1714285714285714,0.1714285714285714,5,0.0,475,169,0.0,,,,,,,,False
B2_corrected,geommlp,knn11,scan,f1_class::Ehlers-Danlos Syndrome,0.20833333333333331,3.1031676915590914e-17,0.2083333333333333,0.2083333333333333,5,0.0,475,169,0.0,,,,,,,,False
B2_corrected,geommlp,knn11,scan,"f1_class::Facial Dysmorphia, possibly genetic",0.05,0.0,0.05,0.05,5,0.0,475,169,0.0,,,,,,,,False
B2_corrected,geommlp,knn11,scan,f1_class::Jacobsen Syndrome,0.24390243902439018,3.1031676915590914e-17,0.2439024390243902,0.2439024390243902,5,0.0,475,169,0.0,,,,,,,,False
B2_corrected,geommlp,knn11,scan,f1_class::Joubert Syndrome,0.08,0.0,0.08,0.08,5,0.0,475,169,0.0,,,,,,,,False
B2_corrected,geommlp,knn11,scan,f1_class::Loeys-Dietz Syndrome,0.0952380952380952,0.0,0.0952380952380952,0.0952380952380952,5,0.0,475,169,0.0,,,,,,,,False
B2_corrected,geommlp,knn11,scan,f1_class::Marfan Syndrome,0.3684210526315789,0.0,0.3684210526315789,0.3684210526315789,5,0.0,475,169,0.0,,,,,,,,False
B2_corrected,geommlp,knn11,scan,f1_class::Mucopolysaccharidosis type IIIB (Sanfilippo B),0.0,0.0,0.0,0.0,5,0.0,475,169,0.0,,,,,,,,False
B2_corrected,geommlp,knn11,scan,f1_class::Noonan Syndrome,0.1764705882352941,0.0,0.1764705882352941,0.1764705882352941,5,0.0,475,169,0.0,,,,,,,,False
B2_corrected,geommlp,knn11,scan,f1_class::Pallister-Killian Syndrome,0.5,0.0,0.5,0.5,5,0.0,475,169,0.0,,,,,,,,False
B2_corrected,geommlp,knn11,scan,f1_class::Phelan McDermid Syndrome,0.3529411764705882,0.0,0.3529411764705882,0.3529411764705882,5,0.0,475,169,0.0,,,,,,,,False
B2_corrected,geommlp,knn11,scan,f1_class::Pitt Hopkins,0.25,0.0,0.25,0.25,5,0.0,475,169,0.0,,,,,,,,False
B2_corrected,geommlp,knn11,scan,f1_class::Rett Syndrome,0.0,0.0,0.0,0.0,5,0.0,475,169,0.0,,,,,,,,False
B2_corrected,geommlp,knn11,scan,f1_class::Rubinstein-Taybi Syndrome,0.1818181818181818,0.0,0.1818181818181818,0.1818181818181818,5,0.0,475,169,0.0,,,,,,,,False
B2_corrected,geommlp,knn11,scan,f1_class::Smith-Lemli-Opitz,0.0,0.0,0.0,0.0,5,0.0,475,169,0.0,,,,,,,,False
B2_corrected,geommlp,knn11,scan,f1_class::Tetrasomy 18p,0.0,0.0,0.0,0.0,5,0.0,475,169,0.0,,,,,,,,False
B2_corrected,geommlp,knn11,scan,f1_class::Trisomy 18,0.1538461538461538,0.0,0.1538461538461538,0.1538461538461538,5,0.0,475,169,0.0,,,,,,,,False
B2_corrected,geommlp,knn11,scan,f1_class::Turner Syndrome,0.0,0.0,0.0,0.0,5,0.0,475,169,0.0,,,,,,,,False
B2_corrected,geommlp,knn11,scan,f1_class::Williams Syndrome,0.1639344262295081,0.0,0.1639344262295081,0.1639344262295081,5,0.0,475,169,0.0,,,,,,,,False
B2_corrected,geommlp,knn11,scan,macro_auc,0.6860560652606227,0.0,0.6860560652606227,0.6860560652606227,5,0.0,475,169,0.0,0.6521688594804936,0.721639075082282,0.06947021560178834,0.6860560652606227,0.6521688594804936,0.721639075082282,,True
B2_corrected,geommlp,knn11,scan,macro_f1,0.1373634333662786,0.0,0.1373634333662786,0.1373634333662786,5,0.0,475,169,0.0,0.10553594874392588,0.1680601596986514,0.06252421095472552,0.1373634333662786,0.1055359487439259,0.1680601596986514,,True
B2_corrected,geommlp,knn11,subject,accuracy,0.165680473372781,0.0,0.165680473372781,0.165680473372781,5,0.0,169,169,0.0,0.11242603550295852,0.22485207100591706,0.11242603550295854,0.165680473372781,0.1124260355029585,0.2248520710059171,,True
B2_corrected,geommlp,knn11,subject,f1_class::4p Deletion Wolff-Hirschhorn Syndrome,0.0,0.0,0.0,0.0,5,0.0,169,169,0.0,,,,,,,,False
B2_corrected,geommlp,knn11,subject,f1_class::5p-,0.0,0.0,0.0,0.0,5,0.0,169,169,0.0,,,,,,,,False
B2_corrected,geommlp,knn11,subject,f1_class::Achondroplasia,0.11111111111111112,1.5515838457795457e-17,0.1111111111111111,0.1111111111111111,5,0.0,169,169,0.0,,,,,,,,False
B2_corrected,geommlp,knn11,subject,f1_class::Angelman Syndrome,0.2857142857142857,0.0,0.2857142857142857,0.2857142857142857,5,0.0,169,169,0.0,,,,,,,,False
B2_corrected,geommlp,knn11,subject,f1_class::Apert Syndrome,0.0,0.0,0.0,0.0,5,0.0,169,169,0.0,,,,,,,,False
B2_corrected,geommlp,knn11,subject,f1_class::Bohring-Opitz Syndrome,0.0,0.0,0.0,0.0,5,0.0,169,169,0.0,,,,,,,,False
B2_corrected,geommlp,knn11,subject,f1_class::CDKL5,0.0,0.0,0.0,0.0,5,0.0,169,169,0.0,,,,,,,,False
B2_corrected,geommlp,knn11,subject,f1_class::CFC,0.0,0.0,0.0,0.0,5,0.0,169,169,0.0,,,,,,,,False
B2_corrected,geommlp,knn11,subject,f1_class::CHARGE Syndrome,0.0,0.0,0.0,0.0,5,0.0,169,169,0.0,,,,,,,,False
B2_corrected,geommlp,knn11,subject,f1_class::CdLS,0.2666666666666666,0.0,0.2666666666666666,0.2666666666666666,5,0.0,169,169,0.0,,,,,,,,False
B2_corrected,geommlp,knn11,subject,f1_class::Cockayne Syndrome,0.0,0.0,0.0,0.0,5,0.0,169,169,0.0,,,,,,,,False
B2_corrected,geommlp,knn11,subject,f1_class::Cohen Syndrome,0.1666666666666666,0.0,0.1666666666666666,0.1666666666666666,5,0.0,169,169,0.0,,,,,,,,False
B2_corrected,geommlp,knn11,subject,f1_class::Costello Syndrome,0.11111111111111112,1.5515838457795457e-17,0.1111111111111111,0.1111111111111111,5,0.0,169,169,0.0,,,,,,,,False
B2_corrected,geommlp,knn11,subject,f1_class::Crouzon Syndrome,0.0,0.0,0.0,0.0,5,0.0,169,169,0.0,,,,,,,,False
B2_corrected,geommlp,knn11,subject,f1_class::Down Syndrome,0.24,0.0,0.24,0.24,5,0.0,169,169,0.0,,,,,,,,False
B2_corrected,geommlp,knn11,subject,f1_class::Ehlers-Danlos Syndrome,0.3157894736842105,0.0,0.3157894736842105,0.3157894736842105,5,0.0,169,169,0.0,,,,,,,,False
B2_corrected,geommlp,knn11,subject,"f1_class::Facial Dysmorphia, possibly genetic",0.0,0.0,0.0,0.0,5,0.0,169,169,0.0,,,,,,,,False
B2_corrected,geommlp,knn11,subject,f1_class::Jacobsen Syndrome,0.22222222222222224,3.1031676915590914e-17,0.2222222222222222,0.2222222222222222,5,0.0,169,169,0.0,,,,,,,,False
B2_corrected,geommlp,knn11,subject,f1_class::Joubert Syndrome,0.2,0.0,0.2,0.2,5,0.0,169,169,0.0,,,,,,,,False
B2_corrected,geommlp,knn11,subject,f1_class::Loeys-Dietz Syndrome,0.125,0.0,0.125,0.125,5,0.0,169,169,0.0,,,,,,,,False
B2_corrected,geommlp,knn11,subject,f1_class::Marfan Syndrome,0.2352941176470588,0.0,0.2352941176470588,0.2352941176470588,5,0.0,169,169,0.0,,,,,,,,False
B2_corrected,geommlp,knn11,subject,f1_class::Mucopolysaccharidosis type IIIB (Sanfilippo B),0.0,0.0,0.0,0.0,5,0.0,169,169,0.0,,,,,,,,False
B2_corrected,geommlp,knn11,subject,f1_class::Noonan Syndrome,0.1666666666666666,0.0,0.1666666666666666,0.1666666666666666,5,0.0,169,169,0.0,,,,,,,,False
B2_corrected,geommlp,knn11,subject,f1_class::Pallister-Killian Syndrome,0.6666666666666666,0.0,0.6666666666666666,0.6666666666666666,5,0.0,169,169,0.0,,,,,,,,False
B2_corrected,geommlp,knn11,subject,f1_class::Phelan McDermid Syndrome,0.3157894736842105,0.0,0.3157894736842105,0.3157894736842105,5,0.0,169,169,0.0,,,,,,,,False
B2_corrected,geommlp,knn11,subject,f1_class::Pitt Hopkins,0.0,0.0,0.0,0.0,5,0.0,169,169,0.0,,,,,,,,False
B2_corrected,geommlp,knn11,subject,f1_class::Rett Syndrome,0.0,0.0,0.0,0.0,5,0.0,169,169,0.0,,,,,,,,False
B2_corrected,geommlp,knn11,subject,f1_class::Rubinstein-Taybi Syndrome,0.0,0.0,0.0,0.0,5,0.0,169,169,0.0,,,,,,,,False
B2_corrected,geommlp,knn11,subject,f1_class::Smith-Lemli-Opitz,0.0,0.0,0.0,0.0,5,0.0,169,169,0.0,,,,,,,,False
B2_corrected,geommlp,knn11,subject,f1_class::Tetrasomy 18p,0.0,0.0,0.0,0.0,5,0.0,169,169,0.0,,,,,,,,False
B2_corrected,geommlp,knn11,subject,f1_class::Trisomy 18,0.0,0.0,0.0,0.0,5,0.0,169,169,0.0,,,,,,,,False
B2_corrected,geommlp,knn11,subject,f1_class::Turner Syndrome,0.0,0.0,0.0,0.0,5,0.0,169,169,0.0,,,,,,,,False
B2_corrected,geommlp,knn11,subject,f1_class::Williams Syndrome,0.2727272727272727,0.0,0.2727272727272727,0.2727272727272727,5,0.0,169,169,0.0,,,,,,,,False
B2_corrected,geommlp,knn11,subject,macro_auc,0.7153284083919772,0.0,0.7153284083919772,0.7153284083919772,5,0.0,169,169,0.0,0.6705227925916004,0.7477375091709267,0.07721471657932633,0.7153284083919772,0.6705227925916004,0.7477375091709267,,True
B2_corrected,geommlp,knn11,subject,macro_f1,0.1121644161990348,0.0,0.1121644161990348,0.1121644161990348,5,0.0,169,169,0.0,0.0778311732992244,0.1590765663493095,0.0812453930500851,0.1121644161990348,0.0778311732992244,0.1590765663493095,,True
B2_corrected,geommlp,proto,scan,accuracy,0.1717894736842105,0.011199525118543491,0.1536842105263157,0.1810526315789473,5,0.0,475,169,0.027368421052631597,0.128713533322874,0.2162628242622712,0.0875492909393972,0.1663157894736842,0.1208992325888436,0.2116231165121565,-0.488742527257991,True
B2_corrected,geommlp,proto,scan,f1_class::4p Deletion Wolff-Hirschhorn Syndrome,0.0,0.0,0.0,0.0,5,0.0,475,169,0.0,,,,,,,,False
B2_corrected,geommlp,proto,scan,f1_class::5p-,0.12476190476190474,0.05486647480884029,0.0952380952380952,0.2222222222222222,5,0.0,475,169,0.126984126984127,,,,,,,,False
B2_corrected,geommlp,proto,scan,f1_class::Achondroplasia,0.14298366689671033,0.03571540627998755,0.0833333333333333,0.1739130434782608,5,0.0,475,169,0.09057971014492751,,,,,,,,False
B2_corrected,geommlp,proto,scan,f1_class::Angelman Syndrome,0.062322472848788626,0.057174848265995615,0.0,0.1111111111111111,5,0.0,475,169,0.1111111111111111,,,,,,,,False
B2_corrected,geommlp,proto,scan,f1_class::Apert Syndrome,0.0,0.0,0.0,0.0,5,0.0,475,169,0.0,,,,,,,,False
B2_corrected,geommlp,proto,scan,f1_class::Bohring-Opitz Syndrome,0.3657556935817805,0.042489899927297785,0.3,0.4,5,0.0,475,169,0.10000000000000003,,,,,,,,False
B2_corrected,geommlp,proto,scan,f1_class::CDKL5,0.26615384615384613,0.03964628286365152,0.2307692307692307,0.3333333333333333,5,0.0,475,169,0.10256410256410262,,,,,,,,False
B2_corrected,geommlp,proto,scan,f1_class::CFC,0.2747855365246669,0.06856104430657194,0.1818181818181818,0.3703703703703703,5,0.0,475,169,0.1885521885521885,,,,,,,,False
B2_corrected,geommlp,proto,scan,f1_class::CHARGE Syndrome,0.19747183480220182,0.057632643184684605,0.1333333333333333,0.2758620689655172,5,0.0,475,169,0.14252873563218388,,,,,,,,False
B2_corrected,geommlp,proto,scan,f1_class::CdLS,0.0,0.0,0.0,0.0,5,0.0,475,169,0.0,,,,,,,,False
B2_corrected,geommlp,proto,scan,f1_class::Cockayne Syndrome,0.1788071805530085,0.0532180571915528,0.1052631578947368,0.2285714285714285,5,0.0,475,169,0.12330827067669171,,,,,,,,False
B2_corrected,geommlp,proto,scan,f1_class::Cohen Syndrome,0.1523038805272688,0.02438940011566527,0.125,0.1818181818181818,5,0.0,475,169,0.056818181818181795,,,,,,,,False
B2_corrected,geommlp,proto,scan,f1_class::Costello Syndrome,0.0148148148148148,0.03312693299999685,0.0,0.074074074074074,5,0.0,475,169,0.074074074074074,,,,,,,,False
B2_corrected,geommlp,proto,scan,f1_class::Crouzon Syndrome,0.0,0.0,0.0,0.0,5,0.0,475,169,0.0,,,,,,,,False
B2_corrected,geommlp,proto,scan,f1_class::Down Syndrome,0.12049689440993785,0.07462253215317892,0.0,0.1739130434782608,5,0.0,475,169,0.1739130434782608,,,,,,,,False
B2_corrected,geommlp,proto,scan,f1_class::Ehlers-Danlos Syndrome,0.25439301832918854,0.03478035462904065,0.2127659574468085,0.2916666666666667,5,0.0,475,169,0.07890070921985817,,,,,,,,False
B2_corrected,geommlp,proto,scan,"f1_class::Facial Dysmorphia, possibly genetic",0.0655394524959742,0.036946565619918735,0.0,0.0869565217391304,5,0.0,475,169,0.0869565217391304,,,,,,,,False
B2_corrected,geommlp,proto,scan,f1_class::Jacobsen Syndrome,0.24645550527903465,0.13235632512980738,0.0833333333333333,0.4117647058823529,5,0.0,475,169,0.3284313725490196,,,,,,,,False
B2_corrected,geommlp,proto,scan,f1_class::Joubert Syndrome,0.0975226205155426,0.030119365579453262,0.054054054054054,0.1304347826086956,5,0.0,475,169,0.07638072855464159,,,,,,,,False
B2_corrected,geommlp,proto,scan,f1_class::Loeys-Dietz Syndrome,0.0,0.0,0.0,0.0,5,0.0,475,169,0.0,,,,,,,,False
B2_corrected,geommlp,proto,scan,f1_class::Marfan Syndrome,0.22712067591264146,0.11446286726310821,0.08,0.3902439024390244,5,0.0,475,169,0.3102439024390244,,,,,,,,False
B2_corrected,geommlp,proto,scan,f1_class::Mucopolysaccharidosis type IIIB (Sanfilippo B),0.10289710808133226,0.026697807718876507,0.0851063829787234,0.15,5,0.0,475,169,0.06489361702127659,,,,,,,,False
B2_corrected,geommlp,proto,scan,f1_class::Noonan Syndrome,0.2604052684903749,0.0669533106495791,0.1702127659574468,0.3333333333333333,5,0.0,475,169,0.1631205673758865,,,,,,,,False
B2_corrected,geommlp,proto,scan,f1_class::Pallister-Killian Syndrome,0.2764484885070169,0.017408007667433993,0.2608695652173913,0.2978723404255319,5,0.0,475,169,0.037002775208140604,,,,,,,,False
B2_corrected,geommlp,proto,scan,f1_class::Phelan McDermid Syndrome,0.09757942309657865,0.05693069662802035,0.0,0.1428571428571428,5,0.0,475,169,0.1428571428571428,,,,,,,,False
B2_corrected,geommlp,proto,scan,f1_class::Pitt Hopkins,0.2631247459111236,0.01653791125864903,0.2352941176470588,0.2777777777777778,5,0.0,475,169,0.042483660130719,,,,,,,,False
B2_corrected,geommlp,proto,scan,f1_class::Rett Syndrome,0.0,0.0,0.0,0.0,5,0.0,475,169,0.0,,,,,,,,False
B2_corrected,geommlp,proto,scan,f1_class::Rubinstein-Taybi Syndrome,0.0,0.0,0.0,0.0,5,0.0,475,169,0.0,,,,,,,,False
B2_corrected,geommlp,proto,scan,f1_class::Smith-Lemli-Opitz,0.0,0.0,0.0,0.0,5,0.0,475,169,0.0,,,,,,,,False
B2_corrected,geommlp,proto,scan,f1_class::Tetrasomy 18p,0.2947476383265857,0.07413205343878447,0.2,0.3846153846153846,5,0.0,475,169,0.18461538461538457,,,,,,,,False
B2_corrected,geommlp,proto,scan,f1_class::Trisomy 18,0.32376243827856727,0.07945230796655474,0.2222222222222222,0.4166666666666667,5,0.0,475,169,0.19444444444444448,,,,,,,,False
B2_corrected,geommlp,proto,scan,f1_class::Turner Syndrome,0.0148148148148148,0.03312693299999685,0.0,0.074074074074074,5,0.0,475,169,0.074074074074074,,,,,,,,False
B2_corrected,geommlp,proto,scan,f1_class::Williams Syndrome,0.2932096442216946,0.014866561198679469,0.2769230769230769,0.3142857142857143,5,0.0,475,169,0.037362637362637396,,,,,,,,False
B2_corrected,geommlp,proto,scan,macro_auc,0.7587975162185728,0.006644870348290807,0.7490599508154191,0.7653029052465029,5,0.0,475,169,0.01624295443108381,0.7288434295831758,0.7918125849886556,0.06296915540547976,0.7509570973405784,0.7226786440133575,0.7855460178262851,-1.179920520196633,True
B2_corrected,geommlp,proto,scan,macro_f1,0.14299025964046663,0.0110281867264906,0.1251963448511456,0.1529953048811838,5,0.0,475,169,0.027798960030038178,0.10437796500785665,0.17381471791852138,0.06943675291066473,0.1354961354082155,0.0947330655080215,0.1660927408419635,-0.6795427406256762,True
B2_corrected,geommlp,proto,scan,top3_accuracy,0.3604210526315789,0.006385579321306591,0.351578947368421,0.3684210526315789,5,0.0,475,169,0.016842105263157936,0.30490089690894506,0.41744819634499153,0.11254729943604647,,,,,False
B2_corrected,geommlp,proto,scan,top5_accuracy,0.48842105263157887,0.010096487417500457,0.4778947368421052,0.4989473684210526,5,0.0,475,169,0.02105263157894738,0.42932894423719326,0.5471133435406437,0.11778439930345042,,,,,False
B2_corrected,geommlp,proto,subject,accuracy,0.22603550295857983,0.021087017374207657,0.2071005917159763,0.2485207100591716,5,0.0,169,169,0.041420118343195284,0.1644970414201183,0.2911242603550296,0.12662721893491127,0.1715976331360946,0.1183431952662721,0.2307692307692307,-2.5815822530250423,False
B2_corrected,geommlp,proto,subject,f1_class::4p Deletion Wolff-Hirschhorn Syndrome,0.0,0.0,0.0,0.0,5,0.0,169,169,0.0,,,,,,,,False
B2_corrected,geommlp,proto,subject,f1_class::5p-,0.0,0.0,0.0,0.0,5,0.0,169,169,0.0,,,,,,,,False
B2_corrected,geommlp,proto,subject,f1_class::Achondroplasia,0.25659340659340657,0.061048382150297,0.1538461538461538,0.3076923076923077,5,0.0,169,169,0.1538461538461539,,,,,,,,False
B2_corrected,geommlp,proto,subject,f1_class::Angelman Syndrome,0.05714285714285714,0.12777531299998798,0.0,0.2857142857142857,5,0.0,169,169,0.2857142857142857,,,,,,,,False
B2_corrected,geommlp,proto,subject,f1_class::Apert Syndrome,0.0,0.0,0.0,0.0,5,0.0,169,169,0.0,,,,,,,,False
B2_corrected,geommlp,proto,subject,f1_class::Bohring-Opitz Syndrome,0.6666666666666666,0.0,0.6666666666666666,0.6666666666666666,5,0.0,169,169,0.0,,,,,,,,False
B2_corrected,geommlp,proto,subject,f1_class::CDKL5,0.47333333333333333,0.11642832797715318,0.4,0.6666666666666666,5,0.0,169,169,0.2666666666666666,,,,,,,,False
B2_corrected,geommlp,proto,subject,f1_class::CFC,0.3377777777777778,0.1270753640488515,0.2,0.4444444444444444,5,0.0,169,169,0.2444444444444444,,,,,,,,False
B2_corrected,geommlp,proto,subject,f1_class::CHARGE Syndrome,0.25515151515151513,0.09973334511866284,0.1666666666666666,0.3636363636363636,5,0.0,169,169,0.196969696969697,,,,,,,,False
B2_corrected,geommlp,proto,subject,f1_class::CdLS,0.0,0.0,0.0,0.0,5,0.0,169,169,0.0,,,,,,,,False
B2_corrected,geommlp,proto,subject,f1_class::Cockayne Syndrome,0.23239538239538238,0.038463838882056796,0.1818181818181818,0.2857142857142857,5,0.0,169,169,0.1038961038961039,,,,,,,,False
B2_corrected,geommlp,proto,subject,f1_class::Cohen Syndrome,0.2753968253968254,0.04195853932662318,0.2222222222222222,0.3333333333333333,5,0.0,169,169,0.1111111111111111,,,,,,,,False
B2_corrected,geommlp,proto,subject,f1_class::Costello Syndrome,0.0,0.0,0.0,0.0,5,0.0,169,169,0.0,,,,,,,,False
B2_corrected,geommlp,proto,subject,f1_class::Crouzon Syndrome,0.0,0.0,0.0,0.0,5,0.0,169,169,0.0,,,,,,,,False
B2_corrected,geommlp,proto,subject,f1_class::Down Syndrome,0.1092414831545266,0.07378292365394962,0.0,0.1818181818181818,5,0.0,169,169,0.1818181818181818,,,,,,,,False
B2_corrected,geommlp,proto,subject,f1_class::Ehlers-Danlos Syndrome,0.31811614597992305,0.02964507616246321,0.2727272727272727,0.3529411764705882,5,0.0,169,169,0.0802139037433155,,,,,,,,False
B2_corrected,geommlp,proto,subject,"f1_class::Facial Dysmorphia, possibly genetic",0.26212454212454206,0.06883796543999712,0.1428571428571428,0.3076923076923077,5,0.0,169,169,0.16483516483516492,,,,,,,,False
B2_corrected,geommlp,proto,subject,f1_class::Jacobsen Syndrome,0.36666666666666664,0.10650160840378228,0.25,0.4444444444444444,5,0.0,169,169,0.19444444444444442,,,,,,,,False
B2_corrected,geommlp,proto,subject,f1_class::Joubert Syndrome,0.22084321475625818,0.05833937941675297,0.1739130434782608,0.3,5,0.0,169,169,0.12608695652173918,,,,,,,,False
B2_corrected,geommlp,proto,subject,f1_class::Loeys-Dietz Syndrome,0.0,0.0,0.0,0.0,5,0.0,169,169,0.0,,,,,,,,False
B2_corrected,geommlp,proto,subject,f1_class::Marfan Syndrome,0.2893645879404393,0.11250923019786944,0.1428571428571428,0.4210526315789473,5,0.0,169,169,0.2781954887218045,,,,,,,,False
B2_corrected,geommlp,proto,subject,f1_class::Mucopolysaccharidosis type IIIB (Sanfilippo B),0.0,0.0,0.0,0.0,5,0.0,169,169,0.0,,,,,,,,False
B2_corrected,geommlp,proto,subject,f1_class::Noonan Syndrome,0.24117647058823527,0.008054743492723048,0.2352941176470588,0.25,5,0.0,169,169,0.014705882352941207,,,,,,,,False
B2_corrected,geommlp,proto,subject,f1_class::Pallister-Killian Syndrome,0.31260233918128655,0.07685960485045577,0.2222222222222222,0.4,5,0.0,169,169,0.1777777777777778,,,,,,,,False
B2_corrected,geommlp,proto,subject,f1_class::Phelan McDermid Syndrome,0.40596619754514485,0.09487301801115627,0.3076923076923077,0.5333333333333333,5,0.0,169,169,0.22564102564102562,,,,,,,,False
B2_corrected,geommlp,proto,subject,f1_class::Pitt Hopkins,0.45074925074925076,0.057114338328190635,0.3636363636363636,0.5,5,0.0,169,169,0.1363636363636364,,,,,,,,False
B2_corrected,geommlp,proto,subject,f1_class::Rett Syndrome,0.0,0.0,0.0,0.0,5,0.0,169,169,0.0,,,,,,,,False
B2_corrected,geommlp,proto,subject,f1_class::Rubinstein-Taybi Syndrome,0.06666666666666667,0.14907119849998599,0.0,0.3333333333333333,5,0.0,169,169,0.3333333333333333,,,,,,,,False
B2_corrected,geommlp,proto,subject,f1_class::Smith-Lemli-Opitz,0.0,0.0,0.0,0.0,5,0.0,169,169,0.0,,,,,,,,False
B2_corrected,geommlp,proto,subject,f1_class::Tetrasomy 18p,0.1,0.223606797749979,0.0,0.5,5,0.0,169,169,0.5,,,,,,,,False
B2_corrected,geommlp,proto,subject,f1_class::Trisomy 18,0.36,0.08663817195385747,0.2222222222222222,0.4444444444444444,5,0.0,169,169,0.2222222222222222,,,,,,,,False
B2_corrected,geommlp,proto,subject,f1_class::Turner Syndrome,0.0,0.0,0.0,0.0,5,0.0,169,169,0.0,,,,,,,,False
B2_corrected,geommlp,proto,subject,f1_class::Williams Syndrome,0.42292397660818715,0.11327713318178713,0.3157894736842105,0.6,5,0.0,169,169,0.28421052631578947,,,,,,,,False
B2_corrected,geommlp,proto,subject,macro_auc,0.7964476493319013,0.0060616427284864004,0.7902966245474057,0.803228583447771,5,0.0,169,169,0.012931958900365359,0.759871198469965,0.8297404791487631,0.06986928067879816,0.7891034630903255,0.7534385568708549,0.825776369343647,-1.211583488261702,False
B2_corrected,geommlp,proto,subject,macro_f1,0.1963908880732997,0.01662207304941765,0.1800971082019553,0.2165214324094143,5,0.0,169,169,0.036424324207459,0.1381627092412004,0.2526318119063932,0.11446910266519283,0.1524418118704637,0.09735894621022,0.2003343294287504,-2.644018954325059,False
B2_corrected,geommlp,proto,subject,top3_accuracy,0.42366863905325436,0.01852364005029415,0.408284023668639,0.4437869822485207,5,0.0,169,169,0.03550295857988173,0.3514792899408284,0.4958579881656805,0.1443786982248521,,,,,False
B2_corrected,geommlp,proto,subject,top5_accuracy,0.5384615384615385,0.013876969703619627,0.5207100591715976,0.5502958579881657,5,0.0,169,169,0.029585798816568087,0.46390532544378693,0.6106804733727809,0.14677514792899393,,,,,False
B2_corrected,geommlp,softmax,scan,accuracy,0.15326315789473682,0.017064323477186907,0.1305263157894736,0.1747368421052631,5,0.0,475,169,0.044210526315789506,0.1108427994498016,0.195698444251595,0.08485564480179339,0.1684210526315789,0.1230125100887812,0.2173018712162905,0.8882798522371236,True
B2_corrected,geommlp,softmax,scan,f1_class::4p Deletion Wolff-Hirschhorn Syndrome,0.0,0.0,0.0,0.0,5,0.0,475,169,0.0,,,,,,,,False
B2_corrected,geommlp,softmax,scan,f1_class::5p-,0.0148148148148148,0.03312693299999685,0.0,0.074074074074074,5,0.0,475,169,0.074074074074074,,,,,,,,False
B2_corrected,geommlp,softmax,scan,f1_class::Achondroplasia,0.15707578050377236,0.07044541631582911,0.0588235294117647,0.25,5,0.0,475,169,0.1911764705882353,,,,,,,,False
B2_corrected,geommlp,softmax,scan,f1_class::Angelman Syndrome,0.036,0.04979959839195493,0.0,0.1,5,0.0,475,169,0.1,,,,,,,,False
B2_corrected,geommlp,softmax,scan,f1_class::Apert Syndrome,0.013793103448275858,0.030842316931031576,0.0,0.0689655172413793,5,0.0,475,169,0.0689655172413793,,,,,,,,False
B2_corrected,geommlp,softmax,scan,f1_class::Bohring-Opitz Syndrome,0.33610481472550435,0.04817862847885516,0.2758620689655172,0.4,5,0.0,475,169,0.12413793103448284,,,,,,,,False
B2_corrected,geommlp,softmax,scan,f1_class::CDKL5,0.164719642242862,0.10894796792456891,0.0,0.2666666666666666,5,0.0,475,169,0.2666666666666666,,,,,,,,False
B2_corrected,geommlp,softmax,scan,f1_class::CFC,0.19129670329670329,0.050821437407664295,0.1142857142857142,0.24,5,0.0,475,169,0.12571428571428578,,,,,,,,False
B2_corrected,geommlp,softmax,scan,f1_class::CHARGE Syndrome,0.09162277814351547,0.08937277134827981,0.0,0.2040816326530612,5,0.0,475,169,0.2040816326530612,,,,,,,,False
B2_corrected,geommlp,softmax,scan,f1_class::CdLS,0.0,0.0,0.0,0.0,5,0.0,475,169,0.0,,,,,,,,False
B2_corrected,geommlp,softmax,scan,f1_class::Cockayne Syndrome,0.2069805555304348,0.08761727412417776,0.074074074074074,0.2962962962962963,5,0.0,475,169,0.22222222222222227,,,,,,,,False
B2_corrected,geommlp,softmax,scan,f1_class::Cohen Syndrome,0.135979926703315,0.06529055277754192,0.0625,0.2222222222222222,5,0.0,475,169,0.1597222222222222,,,,,,,,False
B2_corrected,geommlp,softmax,scan,f1_class::Costello Syndrome,0.040489432703003314,0.061217502349686995,0.0,0.1379310344827586,5,0.0,475,169,0.1379310344827586,,,,,,,,False
B2_corrected,geommlp,softmax,scan,f1_class::Crouzon Syndrome,0.0,0.0,0.0,0.0,5,0.0,475,169,0.0,,,,,,,,False
B2_corrected,geommlp,softmax,scan,f1_class::Down Syndrome,0.08529824561403507,0.10749135835336952,0.0,0.2631578947368421,5,0.0,475,169,0.2631578947368421,,,,,,,,False
B2_corrected,geommlp,softmax,scan,f1_class::Ehlers-Danlos Syndrome,0.2762630052873955,0.0320430797209322,0.2439024390243902,0.3181818181818182,5,0.0,475,169,0.07427937915742797,,,,,,,,False
B2_corrected,geommlp,softmax,scan,"f1_class::Facial Dysmorphia, possibly genetic",0.03194139194139192,0.04659248507393823,0.0,0.1025641025641025,5,0.0,475,169,0.1025641025641025,,,,,,,,False
B2_corrected,geommlp,softmax,scan,f1_class::Jacobsen Syndrome,0.3543809938971229,0.12028881473721946,0.25,0.5625,5,0.0,475,169,0.3125,,,,,,,,False
B2_corrected,geommlp,softmax,scan,f1_class::Joubert Syndrome,0.0344548872180451,0.03164625949026602,0.0,0.0625,5,0.0,475,169,0.0625,,,,,,,,False
B2_corrected,geommlp,softmax,scan,f1_class::Loeys-Dietz Syndrome,0.044242424242424236,0.06104387318664487,0.0,0.1212121212121212,5,0.0,475,169,0.1212121212121212,,,,,,,,False
B2_corrected,geommlp,softmax,scan,f1_class::Marfan Syndrome,0.14458874458874454,0.1091561682083344,0.0,0.2424242424242424,5,0.0,475,169,0.2424242424242424,,,,,,,,False
B2_corrected,geommlp,softmax,scan,f1_class::Mucopolysaccharidosis type IIIB (Sanfilippo B),0.0880191181310349,0.05293523301020981,0.0,0.1379310344827586,5,0.0,475,169,0.1379310344827586,,,,,,,,False
B2_corrected,geommlp,softmax,scan,f1_class::Noonan Syndrome,0.2994513310302783,0.06998626563831613,0.1904761904761904,0.3809523809523809,5,0.0,475,169,0.19047619047619047,,,,,,,,False
B2_corrected,geommlp,softmax,scan,f1_class::Pallister-Killian Syndrome,0.305695429648918,0.03749902423373894,0.25,0.3428571428571428,5,0.0,475,169,0.0928571428571428,,,,,,,,False
B2_corrected,geommlp,softmax,scan,f1_class::Phelan McDermid Syndrome,0.13833517313539112,0.04959358904520379,0.0923076923076923,0.2058823529411764,5,0.0,475,169,0.1135746606334841,,,,,,,,False
B2_corrected,geommlp,softmax,scan,f1_class::Pitt Hopkins,0.2651533651533651,0.04734908627597478,0.2272727272727272,0.3333333333333333,5,0.0,475,169,0.1060606060606061,,,,,,,,False
B2_corrected,geommlp,softmax,scan,f1_class::Rett Syndrome,0.01818181818181818,0.040655781409087086,0.0,0.0909090909090909,5,0.0,475,169,0.0909090909090909,,,,,,,,False
B2_corrected,geommlp,softmax,scan,f1_class::Rubinstein-Taybi Syndrome,0.0,0.0,0.0,0.0,5,0.0,475,169,0.0,,,,,,,,False
B2_corrected,geommlp,softmax,scan,f1_class::Smith-Lemli-Opitz,0.0,0.0,0.0,0.0,5,0.0,475,169,0.0,,,,,,,,False
B2_corrected,geommlp,softmax,scan,f1_class::Tetrasomy 18p,0.14242625329581848,0.07389922731341197,0.0769230769230769,0.2608695652173913,5,0.0,475,169,0.1839464882943144,,,,,,,,False
B2_corrected,geommlp,softmax,scan,f1_class::Trisomy 18,0.33038961038961034,0.10401661481281967,0.2424242424242424,0.5,5,0.0,475,169,0.25757575757575757,,,,,,,,False
B2_corrected,geommlp,softmax,scan,f1_class::Turner Syndrome,0.045959595959595936,0.04397131082763416,0.0,0.0909090909090909,5,0.0,475,169,0.0909090909090909,,,,,,,,False
B2_corrected,geommlp,softmax,scan,f1_class::Williams Syndrome,0.25753607103218645,0.04270309980193235,0.2,0.3137254901960784,5,0.0,475,169,0.11372549019607842,,,,,,,,False
B2_corrected,geommlp,softmax,scan,macro_auc,0.7625552576897588,0.0035561157157039574,0.7577246373103725,0.7676005575723329,5,0.0,475,169,0.00987592026196038,0.7292830704147539,0.7859055527055503,0.05662248229079636,0.7681732315128335,0.7357299185911188,0.7896524609257765,1.579806247098596,False
B2_corrected,geommlp,softmax,scan,macro_f1,0.1288240912381629,0.014000432419498852,0.1093758158497033,0.1461839305884642,5,0.0,475,169,0.036808114738760916,0.09330576524295678,0.15883136440439607,0.0655255991614393,0.1311075410207021,0.0948191076320515,0.1651168879900988,0.16309851825426186,True
B2_corrected,geommlp,softmax,scan,top3_accuracy,0.33768421052631575,0.018329093776571725,0.3094736842105263,0.36,5,0.0,475,169,0.0505263157894737,0.2834766751873829,0.3916749975057478,0.1081983223183649,,,,,False
B2_corrected,geommlp,softmax,scan,top5_accuracy,0.4774736842105263,0.02026965036111314,0.4547368421052631,0.5031578947368421,5,0.0,475,169,0.04842105263157903,0.4192282426684101,0.5346250753675296,0.11539683269911949,,,,,False
B2_corrected,geommlp,softmax,subject,accuracy,0.16804733727810645,0.01804491204967681,0.1420118343195266,0.1893491124260355,5,0.0,169,169,0.047337278106508895,0.11242603550295853,0.22488165680473352,0.11245562130177499,0.1775147928994082,0.1242603550295858,0.2366863905325443,0.5246606686271608,True
B2_corrected,geommlp,softmax,subject,f1_class::4p Deletion Wolff-Hirschhorn Syndrome,0.0,0.0,0.0,0.0,5,0.0,169,169,0.0,,,,,,,,False
B2_corrected,geommlp,softmax,subject,f1_class::5p-,0.0,0.0,0.0,0.0,5,0.0,169,169,0.0,,,,,,,,False
B2_corrected,geommlp,softmax,subject,f1_class::Achondroplasia,0.24513368983957218,0.08850779067223505,0.1111111111111111,0.3529411764705882,5,0.0,169,169,0.2418300653594771,,,,,,,,False
B2_corrected,geommlp,softmax,subject,f1_class::Angelman Syndrome,0.0,0.0,0.0,0.0,5,0.0,169,169,0.0,,,,,,,,False
B2_corrected,geommlp,softmax,subject,f1_class::Apert Syndrome,0.03333333333333332,0.07453559924999296,0.0,0.1666666666666666,5,0.0,169,169,0.1666666666666666,,,,,,,,False
B2_corrected,geommlp,softmax,subject,f1_class::Bohring-Opitz Syndrome,0.41,0.10246950765959598,0.25,0.5,5,0.0,169,169,0.25,,,,,,,,False
B2_corrected,geommlp,softmax,subject,f1_class::CDKL5,0.3333333333333333,0.31180478223116176,0.0,0.6666666666666666,5,0.0,169,169,0.6666666666666666,,,,,,,,False
B2_corrected,geommlp,softmax,subject,f1_class::CFC,0.21666666666666665,0.045643546458763874,0.1666666666666666,0.25,5,0.0,169,169,0.0833333333333334,,,,,,,,False
B2_corrected,geommlp,softmax,subject,f1_class::CHARGE Syndrome,0.06666666666666667,0.09428090415820635,0.0,0.2,5,0.0,169,169,0.2,,,,,,,,False
B2_corrected,geommlp,softmax,subject,f1_class::CdLS,0.0,0.0,0.0,0.0,5,0.0,169,169,0.0,,,,,,,,False
B2_corrected,geommlp,softmax,subject,f1_class::Cockayne Syndrome,0.26,0.16355427233796127,0.0,0.4,5,0.0,169,169,0.4,,,,,,,,False
B2_corrected,geommlp,softmax,subject,f1_class::Cohen Syndrome,0.1638095238095238,0.15698404673630123,0.0,0.3333333333333333,5,0.0,169,169,0.3333333333333333,,,,,,,,False
B2_corrected,geommlp,softmax,subject,f1_class::Costello Syndrome,0.04,0.08944271909999159,0.0,0.2,5,0.0,169,169,0.2,,,,,,,,False
B2_corrected,geommlp,softmax,subject,f1_class::Crouzon Syndrome,0.0,0.0,0.0,0.0,5,0.0,169,169,0.0,,,,,,,,False
B2_corrected,geommlp,softmax,subject,f1_class::Down Syndrome,0.10261136712749615,0.13186489191874226,0.0,0.3225806451612903,5,0.0,169,169,0.3225806451612903,,,,,,,,False
B2_corrected,geommlp,softmax,subject,f1_class::Ehlers-Danlos Syndrome,0.31461232266185823,0.052659589613453614,0.2352941176470588,0.3809523809523809,5,0.0,169,169,0.14565826330532208,,,,,,,,False
B2_corrected,geommlp,softmax,subject,"f1_class::Facial Dysmorphia, possibly genetic",0.06710526315789471,0.09673513829322525,0.0,0.2105263157894736,5,0.0,169,169,0.2105263157894736,,,,,,,,False
B2_corrected,geommlp,softmax,subject,f1_class::Jacobsen Syndrome,0.38686868686868686,0.20494567405372419,0.2222222222222222,0.6666666666666666,5,0.0,169,169,0.4444444444444444,,,,,,,,False
B2_corrected,geommlp,softmax,subject,f1_class::Joubert Syndrome,0.042577030812324924,0.05883686656858766,0.0,0.1176470588235294,5,0.0,169,169,0.1176470588235294,,,,,,,,False
B2_corrected,geommlp,softmax,subject,f1_class::Loeys-Dietz Syndrome,0.07067669172932327,0.09969142282085543,0.0,0.2105263157894736,5,0.0,169,169,0.2105263157894736,,,,,,,,False
B2_corrected,geommlp,softmax,subject,f1_class::Marfan Syndrome,0.19606227106227103,0.15083101461039622,0.0,0.3809523809523809,5,0.0,169,169,0.3809523809523809,,,,,,,,False
B2_corrected,geommlp,softmax,subject,f1_class::Mucopolysaccharidosis type IIIB (Sanfilippo B),0.07333333333333332,0.10110500592068733,0.0,0.2,5,0.0,169,169,0.2,,,,,,,,False
B2_corrected,geommlp,softmax,subject,f1_class::Noonan Syndrome,0.31974358974358974,0.05426879311943807,0.25,0.4,5,0.0,169,169,0.15000000000000002,,,,,,,,False
B2_corrected,geommlp,softmax,subject,f1_class::Pallister-Killian Syndrome,0.30606060606060603,0.0634195440498677,0.2,0.3636363636363636,5,0.0,169,169,0.16363636363636358,,,,,,,,False
B2_corrected,geommlp,softmax,subject,f1_class::Phelan McDermid Syndrome,0.06713286713286712,0.09245590982399109,0.0,0.1818181818181818,5,0.0,169,169,0.1818181818181818,,,,,,,,False
B2_corrected,geommlp,softmax,subject,f1_class::Pitt Hopkins,0.2658178422884305,0.06061597463456095,0.2222222222222222,0.3636363636363636,5,0.0,169,169,0.14141414141414138,,,,,,,,False
B2_corrected,geommlp,softmax,subject,f1_class::Rett Syndrome,0.0,0.0,0.0,0.0,5,0.0,169,169,0.0,,,,,,,,False
B2_corrected,geommlp,softmax,subject,f1_class::Rubinstein-Taybi Syndrome,0.0,0.0,0.0,0.0,5,0.0,169,169,0.0,,,,,,,,False
B2_corrected,geommlp,softmax,subject,f1_class::Smith-Lemli-Opitz,0.0,0.0,0.0,0.0,5,0.0,169,169,0.0,,,,,,,,False
B2_corrected,geommlp,softmax,subject,f1_class::Tetrasomy 18p,0.0,0.0,0.0,0.0,5,0.0,169,169,0.0,,,,,,,,False
B2_corrected,geommlp,softmax,subject,f1_class::Trisomy 18,0.4425685425685425,0.09755692973335908,0.3333333333333333,0.5714285714285714,5,0.0,169,169,0.23809523809523808,,,,,,,,False
B2_corrected,geommlp,softmax,subject,f1_class::Turner Syndrome,0.0,0.0,0.0,0.0,5,0.0,169,169,0.0,,,,,,,,False
B2_corrected,geommlp,softmax,subject,f1_class::Williams Syndrome,0.3312693498452012,0.06573633500182076,0.2352941176470588,0.4210526315789473,5,0.0,169,169,0.1857585139318885,,,,,,,,False
B2_corrected,geommlp,softmax,subject,macro_auc,0.7969651932071404,0.003361133987790313,0.793792658084784,0.8017602539371287,5,0.0,169,169,0.007967595852344633,0.754336667364201,0.8228136362309323,0.06847696886673127,0.8016211472877149,0.7610035500584104,0.8272083441822594,1.3852331080783364,True
B2_corrected,geommlp,softmax,subject,macro_f1,0.1441025144861067,0.021110193742243974,0.1167314167314167,0.1666700672751897,5,0.0,169,169,0.049938650543773014,0.09404890713748978,0.19159247951577965,0.09754357237828987,0.1381425935605502,0.0948845639184315,0.1856693909590581,-0.28232431205167,True
B2_corrected,geommlp,softmax,subject,top3_accuracy,0.39053254437869817,0.03373300074257805,0.3431952662721893,0.4260355029585799,5,0.0,169,169,0.08284023668639057,0.3171005917159763,0.46278106508875705,0.14568047337278073,,,,,False
B2_corrected,geommlp,softmax,subject,top5_accuracy,0.5313609467455621,0.03485603899413759,0.4911242603550296,0.5798816568047337,5,0.0,169,169,0.0887573964497041,0.4556213017751479,0.6059171597633136,0.1502958579881657,,,,,False
B2_corrected,pointnet,knn11,scan,accuracy,0.1941052631578947,0.01633445451896493,0.1810526315789473,0.2189473684210526,5,0.0,475,169,0.037894736842105314,0.15066930772880155,0.24196337651149133,0.09129406878268978,0.1978947368421052,0.1551351764500349,0.2460899984325795,0.2319926680019088,True
B2_corrected,pointnet,knn11,scan,f1_class::4p Deletion Wolff-Hirschhorn Syndrome,0.06222222222222222,0.09081251885201133,0.0,0.2,5,0.0,475,169,0.2,,,,,,,,False
B2_corrected,pointnet,knn11,scan,f1_class::5p-,0.15669876384780052,0.06258790250976058,0.08,0.2307692307692307,5,0.0,475,169,0.1507692307692307,,,,,,,,False
B2_corrected,pointnet,knn11,scan,f1_class::Achondroplasia,0.2262096774193548,0.041273955968271145,0.1875,0.2857142857142857,5,0.0,475,169,0.0982142857142857,,,,,,,,False
B2_corrected,pointnet,knn11,scan,f1_class::Angelman Syndrome,0.09024175824175822,0.09580925380336788,0.0,0.2142857142857142,5,0.0,475,169,0.2142857142857142,,,,,,,,False
B2_corrected,pointnet,knn11,scan,f1_class::Apert Syndrome,0.04,0.08944271909999159,0.0,0.2,5,0.0,475,169,0.2,,,,,,,,False
B2_corrected,pointnet,knn11,scan,f1_class::Bohring-Opitz Syndrome,0.4143137254901961,0.13355949676919093,0.25,0.5882352941176471,5,0.0,475,169,0.3382352941176471,,,,,,,,False
B2_corrected,pointnet,knn11,scan,f1_class::CDKL5,0.0,0.0,0.0,0.0,5,0.0,475,169,0.0,,,,,,,,False
B2_corrected,pointnet,knn11,scan,f1_class::CFC,0.15843608124253283,0.0469367612418592,0.125,0.24,5,0.0,475,169,0.11499999999999999,,,,,,,,False
B2_corrected,pointnet,knn11,scan,f1_class::CHARGE Syndrome,0.05619047619047616,0.07913936156397036,0.0,0.1666666666666666,5,0.0,475,169,0.1666666666666666,,,,,,,,False
B2_corrected,pointnet,knn11,scan,f1_class::CdLS,0.09678151306058277,0.09715210025835791,0.0,0.238095238095238,5,0.0,475,169,0.238095238095238,,,,,,,,False
B2_corrected,pointnet,knn11,scan,f1_class::Cockayne Syndrome,0.13793394000674075,0.051671241955843945,0.0833333333333333,0.1904761904761904,5,0.0,475,169,0.10714285714285711,,,,,,,,False
B2_corrected,pointnet,knn11,scan,f1_class::Cohen Syndrome,0.1909186223841396,0.02131139062616952,0.1621621621621621,0.2162162162162162,5,0.0,475,169,0.05405405405405411,,,,,,,,False
B2_corrected,pointnet,knn11,scan,f1_class::Costello Syndrome,0.14826958535495602,0.08192113005414434,0.0425531914893617,0.2608695652173913,5,0.0,475,169,0.2183163737280296,,,,,,,,False
B2_corrected,pointnet,knn11,scan,f1_class::Crouzon Syndrome,0.0,0.0,0.0,0.0,5,0.0,475,169,0.0,,,,,,,,False
B2_corrected,pointnet,knn11,scan,f1_class::Down Syndrome,0.1598930481283422,0.11550678351485637,0.0,0.3181818181818182,5,0.0,475,169,0.3181818181818182,,,,,,,,False
B2_corrected,pointnet,knn11,scan,f1_class::Ehlers-Danlos Syndrome,0.19726087953791935,0.0793554552992134,0.1142857142857142,0.3076923076923077,5,0.0,475,169,0.1934065934065935,,,,,,,,False
B2_corrected,pointnet,knn11,scan,"f1_class::Facial Dysmorphia, possibly genetic",0.059510273008725,0.04189597119976177,0.0,0.1176470588235294,5,0.0,475,169,0.1176470588235294,,,,,,,,False
B2_corrected,pointnet,knn11,scan,f1_class::Jacobsen Syndrome,0.15807881773399016,0.08278544603947172,0.0689655172413793,0.25,5,0.0,475,169,0.18103448275862072,,,,,,,,False
B2_corrected,pointnet,knn11,scan,f1_class::Joubert Syndrome,0.11535249222630624,0.0778502553399066,0.0606060606060606,0.2352941176470588,5,0.0,475,169,0.17468805704099818,,,,,,,,False
B2_corrected,pointnet,knn11,scan,f1_class::Loeys-Dietz Syndrome,0.1458715197845632,0.0415483410984238,0.0769230769230769,0.1818181818181818,5,0.0,475,169,0.1048951048951049,,,,,,,,False
B2_corrected,pointnet,knn11,scan,f1_class::Marfan Syndrome,0.17595992243051065,0.09791138231035211,0.0666666666666666,0.2564102564102564,5,0.0,475,169,0.1897435897435898,,,,,,,,False
B2_corrected,pointnet,knn11,scan,f1_class::Mucopolysaccharidosis type IIIB (Sanfilippo B),0.0,0.0,0.0,0.0,5,0.0,475,169,0.0,,,,,,,,False
B2_corrected,pointnet,knn11,scan,f1_class::Noonan Syndrome,0.3164226378512093,0.0725115908946244,0.25,0.4081632653061224,5,0.0,475,169,0.1581632653061224,,,,,,,,False
B2_corrected,pointnet,knn11,scan,f1_class::Pallister-Killian Syndrome,0.15193719064686803,0.11247472856544238,0.0,0.2777777777777778,5,0.0,475,169,0.2777777777777778,,,,,,,,False
B2_corrected,pointnet,knn11,scan,f1_class::Phelan McDermid Syndrome,0.46573798419585605,0.014229334868406343,0.4482758620689655,0.4827586206896552,5,0.0,475,169,0.03448275862068967,,,,,,,,False
B2_corrected,pointnet,knn11,scan,f1_class::Pitt Hopkins,0.2453801169590643,0.16378946700274427,0.0,0.4444444444444444,5,0.0,475,169,0.4444444444444444,,,,,,,,False
B2_corrected,pointnet,knn11,scan,f1_class::Rett Syndrome,0.09926381170317095,0.0723271450685699,0.0,0.1739130434782608,5,0.0,475,169,0.1739130434782608,,,,,,,,False
B2_corrected,pointnet,knn11,scan,f1_class::Rubinstein-Taybi Syndrome,0.19170163170163168,0.1454345213639006,0.0,0.3636363636363636,5,0.0,475,169,0.3636363636363636,,,,,,,,False
B2_corrected,pointnet,knn11,scan,f1_class::Smith-Lemli-Opitz,0.0,0.0,0.0,0.0,5,0.0,475,169,0.0,,,,,,,,False
B2_corrected,pointnet,knn11,scan,f1_class::Tetrasomy 18p,0.14497647280255974,0.0752522830593395,0.0869565217391304,0.2608695652173913,5,0.0,475,169,0.1739130434782609,,,,,,,,False
B2_corrected,pointnet,knn11,scan,f1_class::Trisomy 18,0.21642341146985106,0.11324458328665493,0.1052631578947368,0.3529411764705882,5,0.0,475,169,0.24767801857585142,,,,,,,,False
B2_corrected,pointnet,knn11,scan,f1_class::Turner Syndrome,0.09609719485880473,0.06080717299143035,0.0,0.1666666666666666,5,0.0,475,169,0.1666666666666666,,,,,,,,False
B2_corrected,pointnet,knn11,scan,f1_class::Williams Syndrome,0.26488044962998625,0.07803939070319393,0.1739130434782608,0.3389830508474576,5,0.0,475,169,0.1650700073691968,,,,,,,,False
B2_corrected,pointnet,knn11,scan,macro_auc,0.7546794934629297,0.0135384350560298,0.7342494114077456,0.7703202745048497,5,0.0,475,169,0.03607086309710417,0.7342354493332633,0.7998669721869204,0.06563152285365703,0.7328200653964072,0.7146850425586612,0.7895130396687153,-1.6146200041626442,False
B2_corrected,pointnet,knn11,scan,macro_f1,0.15099891576151872,0.018714039430517283,0.130143608037233,0.1812739436991301,5,0.0,475,169,0.05113033566189712,0.11404154780150053,0.18775763392979866,0.07371608612829814,0.1640193686995043,0.1251443210313246,0.1977358891248363,0.6957585499554364,True
B2_corrected,pointnet,knn11,subject,accuracy,0.18816568047337273,0.02190148582641628,0.165680473372781,0.2189349112426035,5,0.0,169,169,0.05325443786982251,0.13133136094674552,0.24973372781065067,0.11840236686390515,0.1893491124260355,0.1359467455621301,0.2485207100591716,0.054034322695831936,True
B2_corrected,pointnet,knn11,subject,f1_class::4p Deletion Wolff-Hirschhorn Syndrome,0.08,0.17888543819998318,0.0,0.4,5,0.0,169,169,0.4,,,,,,,,False
B2_corrected,pointnet,knn11,subject,f1_class::5p-,0.11303030303030301,0.11119395442405641,0.0,0.25,5,0.0,169,169,0.25,,,,,,,,False
B2_corrected,pointnet,knn11,subject,f1_class::Achondroplasia,0.30802968960863697,0.048071480930263394,0.25,0.3809523809523809,5,0.0,169,169,0.13095238095238088,,,,,,,,False
B2_corrected,pointnet,knn11,subject,f1_class::Angelman Syndrome,0.11809523809523807,0.10787579992109805,0.0,0.2,5,0.0,169,169,0.2,,,,,,,,False
B2_corrected,pointnet,knn11,subject,f1_class::Apert Syndrome,0.0,0.0,0.0,0.0,5,0.0,169,169,0.0,,,,,,,,False
B2_corrected,pointnet,knn11,subject,f1_class::Bohring-Opitz Syndrome,0.0,0.0,0.0,0.0,5,0.0,169,169,0.0,,,,,,,,False
B2_corrected,pointnet,knn11,subject,f1_class::CDKL5,0.0,0.0,0.0,0.0,5,0.0,169,169,0.0,,,,,,,,False
B2_corrected,pointnet,knn11,subject,f1_class::CFC,0.18047619047619046,0.11073860459998958,0.0,0.2857142857142857,5,0.0,169,169,0.2857142857142857,,,,,,,,False
B2_corrected,pointnet,knn11,subject,f1_class::CHARGE Syndrome,0.10005027652086473,0.10164564760160731,0.0,0.2352941176470588,5,0.0,169,169,0.2352941176470588,,,,,,,,False
B2_corrected,pointnet,knn11,subject,f1_class::CdLS,0.1366081871345029,0.037658276039260904,0.1052631578947368,0.2,5,0.0,169,169,0.09473684210526322,,,,,,,,False
B2_corrected,pointnet,knn11,subject,f1_class::Cockayne Syndrome,0.17636363636363636,0.10312273037823018,0.0,0.25,5,0.0,169,169,0.25,,,,,,,,False
B2_corrected,pointnet,knn11,subject,f1_class::Cohen Syndrome,0.2527272727272727,0.10682838979807907,0.1666666666666666,0.4,5,0.0,169,169,0.23333333333333342,,,,,,,,False
B2_corrected,pointnet,knn11,subject,f1_class::Costello Syndrome,0.2165359477124183,0.09761553331731912,0.1111111111111111,0.3529411764705882,5,0.0,169,169,0.2418300653594771,,,,,,,,False
B2_corrected,pointnet,knn11,subject,f1_class::Crouzon Syndrome,0.0,0.0,0.0,0.0,5,0.0,169,169,0.0,,,,,,,,False
B2_corrected,pointnet,knn11,subject,f1_class::Down Syndrome,0.21756271314892003,0.17404095804101927,0.0,0.4827586206896552,5,0.0,169,169,0.4827586206896552,,,,,,,,False
B2_corrected,pointnet,knn11,subject,f1_class::Ehlers-Danlos Syndrome,0.21980519480519475,0.10171461818260137,0.125,0.3636363636363636,5,0.0,169,169,0.2386363636363636,,,,,,,,False
B2_corrected,pointnet,knn11,subject,"f1_class::Facial Dysmorphia, possibly genetic",0.1513574660633484,0.1550731282622081,0.0,0.3529411764705882,5,0.0,169,169,0.3529411764705882,,,,,,,,False
B2_corrected,pointnet,knn11,subject,f1_class::Jacobsen Syndrome,0.0,0.0,0.0,0.0,5,0.0,169,169,0.0,,,,,,,,False
B2_corrected,pointnet,knn11,subject,f1_class::Joubert Syndrome,0.13039215686274508,0.05325393776340207,0.0833333333333333,0.2222222222222222,5,0.0,169,169,0.1388888888888889,,,,,,,,False
B2_corrected,pointnet,knn11,subject,f1_class::Loeys-Dietz Syndrome,0.20666666666666664,0.06740333728045822,0.1111111111111111,0.2666666666666666,5,0.0,169,169,0.1555555555555555,,,,,,,,False
B2_corrected,pointnet,knn11,subject,f1_class::Marfan Syndrome,0.1665223665223665,0.10704308811704737,0.0,0.2857142857142857,5,0.0,169,169,0.2857142857142857,,,,,,,,False
B2_corrected,pointnet,knn11,subject,f1_class::Mucopolysaccharidosis type IIIB (Sanfilippo B),0.0,0.0,0.0,0.0,5,0.0,169,169,0.0,,,,,,,,False
B2_corrected,pointnet,knn11,subject,f1_class::Noonan Syndrome,0.25926573426573424,0.0833991215040736,0.1818181818181818,0.375,5,0.0,169,169,0.1931818181818182,,,,,,,,False
B2_corrected,pointnet,knn11,subject,f1_class::Pallister-Killian Syndrome,0.19580419580419578,0.1262620285683062,0.0,0.3076923076923077,5,0.0,169,169,0.3076923076923077,,,,,,,,False
B2_corrected,pointnet,knn11,subject,f1_class::Phelan McDermid Syndrome,0.22748120300751878,0.10956489425152983,0.1052631578947368,0.3571428571428571,5,0.0,169,169,0.2518796992481203,,,,,,,,False
B2_corrected,pointnet,knn11,subject,f1_class::Pitt Hopkins,0.46428571428571425,0.30281184147564055,0.0,0.75,5,0.0,169,169,0.75,,,,,,,,False
B2_corrected,pointnet,knn11,subject,f1_class::Rett Syndrome,0.0808080808080808,0.11156930320391172,0.0,0.2222222222222222,5,0.0,169,169,0.2222222222222222,,,,,,,,False
B2_corrected,pointnet,knn11,subject,f1_class::Rubinstein-Taybi Syndrome,0.2,0.29814239699997197,0.0,0.6666666666666666,5,0.0,169,169,0.6666666666666666,,,,,,,,False
B2_corrected,pointnet,knn11,subject,f1_class::Smith-Lemli-Opitz,0.0,0.0,0.0,0.0,5,0.0,169,169,0.0,,,,,,,,False
B2_corrected,pointnet,knn11,subject,f1_class::Tetrasomy 18p,0.0,0.0,0.0,0.0,5,0.0,169,169,0.0,,,,,,,,False
B2_corrected,pointnet,knn11,subject,f1_class::Trisomy 18,0.21428571428571427,0.21428571428571427,0.0,0.5,5,0.0,169,169,0.5,,,,,,,,False
B2_corrected,pointnet,knn11,subject,f1_class::Turner Syndrome,0.0,0.0,0.0,0.0,5,0.0,169,169,0.0,,,,,,,,False
B2_corrected,pointnet,knn11,subject,f1_class::Williams Syndrome,0.2679573934837093,0.15457036384983286,0.1052631578947368,0.4761904761904761,5,0.0,169,169,0.37092731829573933,,,,,,,,False
B2_corrected,pointnet,knn11,subject,macro_auc,0.798680253093047,0.015629980721948756,0.7767328351898807,0.8177965960288545,5,0.0,169,169,0.041063760838973784,0.7721366490531109,0.8446228457450318,0.07248619669192091,0.7750053915237769,0.7522789973334414,0.8374632400798578,-1.5147083026164043,False
B2_corrected,pointnet,knn11,subject,macro_f1,0.14194276792966581,0.022120600158052707,0.1082131574110183,0.1634116388661843,5,0.0,169,169,0.055198481455165996,0.09707808980654854,0.19517242227456305,0.09809433246801451,0.1469526512307261,0.1040419624688991,0.1965000385822753,0.2264804419981571,True
B2_corrected,pointnet,proto,scan,accuracy,0.16378947368421048,0.0289961311776019,0.1263157894736842,0.2042105263157894,5,0.0,475,169,0.07789473684210521,0.12227345606058122,0.2083005389580416,0.08602708289746037,0.1431578947368421,0.1022871165890477,0.1866927042736565,-0.711528680188386,True
B2_corrected,pointnet,proto,scan,f1_class::4p Deletion Wolff-Hirschhorn Syndrome,0.1496969696969697,0.12237322669428247,0.0,0.3333333333333333,5,0.0,475,169,0.3333333333333333,,,,,,,,False
B2_corrected,pointnet,proto,scan,f1_class::5p-,0.14898249898249893,0.069158579345685,0.0769230769230769,0.2222222222222222,5,0.0,475,169,0.1452991452991453,,,,,,,,False
B2_corrected,pointnet,proto,scan,f1_class::Achondroplasia,0.17063740856844303,0.10860107341808531,0.0689655172413793,0.3448275862068966,5,0.0,475,169,0.2758620689655173,,,,,,,,False
B2_corrected,pointnet,proto,scan,f1_class::Angelman Syndrome,0.03666666666666666,0.050552502960343665,0.0,0.1,5,0.0,475,169,0.1,,,,,,,,False
B2_corrected,pointnet,proto,scan,f1_class::Apert Syndrome,0.0,0.0,0.0,0.0,5,0.0,475,169,0.0,,,,,,,,False
B2_corrected,pointnet,proto,scan,f1_class::Bohring-Opitz Syndrome,0.3396885428253615,0.05748178644693202,0.2758620689655172,0.4,5,0.0,475,169,0.12413793103448284,,,,,,,,False
B2_corrected,pointnet,proto,scan,f1_class::CDKL5,0.048677248677248666,0.06922932162453385,0.0,0.1481481481481481,5,0.0,475,169,0.1481481481481481,,,,,,,,False
B2_corrected,pointnet,proto,scan,f1_class::CFC,0.1740664451827242,0.07529756351628702,0.08,0.25,5,0.0,475,169,0.16999999999999998,,,,,,,,False
B2_corrected,pointnet,proto,scan,f1_class::CHARGE Syndrome,0.01818181818181818,0.040655781409087086,0.0,0.0909090909090909,5,0.0,475,169,0.0909090909090909,,,,,,,,False
B2_corrected,pointnet,proto,scan,f1_class::CdLS,0.057895667550839934,0.03269351974648695,0.0,0.0769230769230769,5,0.0,475,169,0.0769230769230769,,,,,,,,False
B2_corrected,pointnet,proto,scan,f1_class::Cockayne Syndrome,0.08959964012595588,0.06219463690823125,0.0,0.1538461538461538,5,0.0,475,169,0.1538461538461538,,,,,,,,False
B2_corrected,pointnet,proto,scan,f1_class::Cohen Syndrome,0.22040777619724988,0.07872789396773947,0.1333333333333333,0.3243243243243243,5,0.0,475,169,0.19099099099099098,,,,,,,,False
B2_corrected,pointnet,proto,scan,f1_class::Costello Syndrome,0.2081863884152213,0.053666338561626274,0.1621621621621621,0.2702702702702703,5,0.0,475,169,0.1081081081081082,,,,,,,,False
B2_corrected,pointnet,proto,scan,f1_class::Crouzon Syndrome,0.0,0.0,0.0,0.0,5,0.0,475,169,0.0,,,,,,,,False
B2_corrected,pointnet,proto,scan,f1_class::Down Syndrome,0.01666666666666666,0.03726779962499648,0.0,0.0833333333333333,5,0.0,475,169,0.0833333333333333,,,,,,,,False
B2_corrected,pointnet,proto,scan,f1_class::Ehlers-Danlos Syndrome,0.26318946592353354,0.06867588041538601,0.1935483870967742,0.375,5,0.0,475,169,0.1814516129032258,,,,,,,,False
B2_corrected,pointnet,proto,scan,"f1_class::Facial Dysmorphia, possibly genetic",0.06282051282051279,0.10058180521235666,0.0,0.2307692307692307,5,0.0,475,169,0.2307692307692307,,,,,,,,False
B2_corrected,pointnet,proto,scan,f1_class::Jacobsen Syndrome,0.11199142321093536,0.062139702642178794,0.0512820512820512,0.1951219512195122,5,0.0,475,169,0.143839899937461,,,,,,,,False
B2_corrected,pointnet,proto,scan,f1_class::Joubert Syndrome,0.08260708589655956,0.06023239133949916,0.0,0.1578947368421052,5,0.0,475,169,0.1578947368421052,,,,,,,,False
B2_corrected,pointnet,proto,scan,f1_class::Loeys-Dietz Syndrome,0.23637611749680715,0.047597262862215106,0.1875,0.2962962962962963,5,0.0,475,169,0.10879629629629628,,,,,,,,False
B2_corrected,pointnet,proto,scan,f1_class::Marfan Syndrome,0.016,0.03577708763999663,0.0,0.08,5,0.0,475,169,0.08,,,,,,,,False
B2_corrected,pointnet,proto,scan,f1_class::Mucopolysaccharidosis type IIIB (Sanfilippo B),0.07765938468025751,0.05805591364965056,0.0,0.1538461538461538,5,0.0,475,169,0.1538461538461538,,,,,,,,False
B2_corrected,pointnet,proto,scan,f1_class::Noonan Syndrome,0.21297132308001157,0.158817510313435,0.0571428571428571,0.392156862745098,5,0.0,475,169,0.33501400560224087,,,,,,,,False
B2_corrected,pointnet,proto,scan,f1_class::Pallister-Killian Syndrome,0.1293203776899429,0.10353215820738,0.0454545454545454,0.2608695652173913,5,0.0,475,169,0.21541501976284588,,,,,,,,False
B2_corrected,pointnet,proto,scan,f1_class::Phelan McDermid Syndrome,0.14846092934187652,0.14276480322806806,0.0,0.3614457831325301,5,0.0,475,169,0.3614457831325301,,,,,,,,False
B2_corrected,pointnet,proto,scan,f1_class::Pitt Hopkins,0.33600658963912816,0.17863202511503704,0.1290322580645161,0.6,5,0.0,475,169,0.47096774193548385,,,,,,,,False
B2_corrected,pointnet,proto,scan,f1_class::Rett Syndrome,0.16246753246753248,0.16115831354277096,0.0,0.4,5,0.0,475,169,0.4,,,,,,,,False
B2_corrected,pointnet,proto,scan,f1_class::Rubinstein-Taybi Syndrome,0.24269984917043738,0.056571954712396885,0.1538461538461538,0.3076923076923077,5,0.0,475,169,0.1538461538461539,,,,,,,,False
B2_corrected,pointnet,proto,scan,f1_class::Smith-Lemli-Opitz,0.06410256410256407,0.08789300769744925,0.0,0.1666666666666666,5,0.0,475,169,0.1666666666666666,,,,,,,,False
B2_corrected,pointnet,proto,scan,f1_class::Tetrasomy 18p,0.18861111111111112,0.12018664754003906,0.0,0.3333333333333333,5,0.0,475,169,0.3333333333333333,,,,,,,,False
B2_corrected,pointnet,proto,scan,f1_class::Trisomy 18,0.28364084191670397,0.07589410066244806,0.2,0.3809523809523809,5,0.0,475,169,0.18095238095238086,,,,,,,,False
B2_corrected,pointnet,proto,scan,f1_class::Turner Syndrome,0.05429864253393664,0.07544494117888263,0.0,0.1538461538461538,5,0.0,475,169,0.1538461538461538,,,,,,,,False
B2_corrected,pointnet,proto,scan,f1_class::Williams Syndrome,0.3185228717379747,0.05540518770989155,0.2545454545454545,0.3768115942028985,5,0.0,475,169,0.12226613965744398,,,,,,,,False
B2_corrected,pointnet,proto,scan,macro_auc,0.790145435536102,0.013134328853142797,0.7703099340404496,0.8044028871711513,5,0.0,475,169,0.03409295313070171,0.7690620026706707,0.8249165507423555,0.05585454807168477,0.7788134998192023,0.7610973088001737,0.8224090658176234,-0.8627723459343789,True
B2_corrected,pointnet,proto,scan,macro_f1,0.14154849577446935,0.02508581018272979,0.1061378000738232,0.1723807889213472,5,0.0,475,169,0.066242988847524,0.10487574043849564,0.17657317292568386,0.07169743248718823,0.1228643401071846,0.0879561167903522,0.1578249817485779,-0.7448097363085275,True
B2_corrected,pointnet,proto,scan,top3_accuracy,0.4109473684210526,0.03159297933861737,0.3894736842105263,0.4652631578947368,5,0.0,475,169,0.07578947368421052,0.3541521701722866,0.46864903349978154,0.11449686332749492,,,,,False
B2_corrected,pointnet,proto,scan,top5_accuracy,0.5578947368421053,0.030689220499185817,0.5284210526315789,0.6063157894736843,5,0.0,475,169,0.07789473684210535,0.4999170378176817,0.6160228777900111,0.11610583997232937,,,,,False
B2_corrected,pointnet,proto,subject,accuracy,0.2023668639053254,0.03821037702003065,0.1715976331360946,0.2662721893491124,5,0.0,169,169,0.09467455621301779,0.14556213017751476,0.26508875739644966,0.1195266272189349,0.1715976331360946,0.1183431952662721,0.2307692307692307,-0.8052584970072645,True
B2_corrected,pointnet,proto,subject,f1_class::4p Deletion Wolff-Hirschhorn Syndrome,0.08888888888888888,0.12171612389003691,0.0,0.2222222222222222,5,0.0,169,169,0.2222222222222222,,,,,,,,False
B2_corrected,pointnet,proto,subject,f1_class::5p-,0.16129870129870125,0.022321884424047863,0.1333333333333333,0.1818181818181818,5,0.0,169,169,0.04848484848484849,,,,,,,,False
B2_corrected,pointnet,proto,subject,f1_class::Achondroplasia,0.222719298245614,0.10777717886066629,0.1052631578947368,0.375,5,0.0,169,169,0.2697368421052632,,,,,,,,False
B2_corrected,pointnet,proto,subject,f1_class::Angelman Syndrome,0.0,0.0,0.0,0.0,5,0.0,169,169,0.0,,,,,,,,False
B2_corrected,pointnet,proto,subject,f1_class::Apert Syndrome,0.0,0.0,0.0,0.0,5,0.0,169,169,0.0,,,,,,,,False
B2_corrected,pointnet,proto,subject,f1_class::Bohring-Opitz Syndrome,0.5133333333333333,0.09603240193925287,0.4,0.6666666666666666,5,0.0,169,169,0.2666666666666666,,,,,,,,False
B2_corrected,pointnet,proto,subject,f1_class::CDKL5,0.0,0.0,0.0,0.0,5,0.0,169,169,0.0,,,,,,,,False
B2_corrected,pointnet,proto,subject,f1_class::CFC,0.23296703296703294,0.1305797870550589,0.0,0.3076923076923077,5,0.0,169,169,0.3076923076923077,,,,,,,,False
B2_corrected,pointnet,proto,subject,f1_class::CHARGE Syndrome,0.17076923076923073,0.029212769986925385,0.1333333333333333,0.2,5,0.0,169,169,0.06666666666666671,,,,,,,,False
B2_corrected,pointnet,proto,subject,f1_class::CdLS,0.05743589743589742,0.07898101870021929,0.0,0.1538461538461538,5,0.0,169,169,0.1538461538461538,,,,,,,,False
B2_corrected,pointnet,proto,subject,f1_class::Cockayne Syndrome,0.08,0.17888543819998318,0.0,0.4,5,0.0,169,169,0.4,,,,,,,,False
B2_corrected,pointnet,proto,subject,f1_class::Cohen Syndrome,0.2898989898989899,0.06826127057941575,0.2222222222222222,0.3636363636363636,5,0.0,169,169,0.14141414141414138,,,,,,,,False
B2_corrected,pointnet,proto,subject,f1_class::Costello Syndrome,0.23897435897435892,0.09055312533292718,0.1333333333333333,0.3333333333333333,5,0.0,169,169,0.2,,,,,,,,False
B2_corrected,pointnet,proto,subject,f1_class::Crouzon Syndrome,0.0,0.0,0.0,0.0,5,0.0,169,169,0.0,,,,,,,,False
B2_corrected,pointnet,proto,subject,f1_class::Down Syndrome,0.01818181818181818,0.040655781409087086,0.0,0.0909090909090909,5,0.0,169,169,0.0909090909090909,,,,,,,,False
B2_corrected,pointnet,proto,subject,f1_class::Ehlers-Danlos Syndrome,0.3043137254901961,0.05057151266393,0.2352941176470588,0.3529411764705882,5,0.0,169,169,0.11764705882352941,,,,,,,,False
B2_corrected,pointnet,proto,subject,"f1_class::Facial Dysmorphia, possibly genetic",0.03076923076923076,0.06880209161537812,0.0,0.1538461538461538,5,0.0,169,169,0.1538461538461538,,,,,,,,False
B2_corrected,pointnet,proto,subject,f1_class::Jacobsen Syndrome,0.1838383838383838,0.02275531379003802,0.1666666666666666,0.2222222222222222,5,0.0,169,169,0.05555555555555561,,,,,,,,False
B2_corrected,pointnet,proto,subject,f1_class::Joubert Syndrome,0.11111111111111112,0.10657403385139376,0.0,0.2222222222222222,5,0.0,169,169,0.2222222222222222,,,,,,,,False
B2_corrected,pointnet,proto,subject,f1_class::Loeys-Dietz Syndrome,0.35789184499710813,0.05870405492090936,0.2857142857142857,0.4210526315789473,5,0.0,169,169,0.1353383458646616,,,,,,,,False
B2_corrected,pointnet,proto,subject,f1_class::Marfan Syndrome,0.03333333333333332,0.07453559924999296,0.0,0.1666666666666666,5,0.0,169,169,0.1666666666666666,,,,,,,,False
B2_corrected,pointnet,proto,subject,f1_class::Mucopolysaccharidosis type IIIB (Sanfilippo B),0.0,0.0,0.0,0.0,5,0.0,169,169,0.0,,,,,,,,False
B2_corrected,pointnet,proto,subject,f1_class::Noonan Syndrome,0.20397435897435895,0.1728467129953413,0.0,0.4615384615384615,5,0.0,169,169,0.4615384615384615,,,,,,,,False
B2_corrected,pointnet,proto,subject,f1_class::Pallister-Killian Syndrome,0.19487179487179487,0.17820051645019544,0.0,0.3333333333333333,5,0.0,169,169,0.3333333333333333,,,,,,,,False
B2_corrected,pointnet,proto,subject,f1_class::Phelan McDermid Syndrome,0.4681527347781218,0.15784943062600307,0.3333333333333333,0.7368421052631579,5,0.0,169,169,0.40350877192982454,,,,,,,,False
B2_corrected,pointnet,proto,subject,f1_class::Pitt Hopkins,0.4523809523809524,0.13468700594029476,0.2857142857142857,0.5714285714285714,5,0.0,169,169,0.2857142857142857,,,,,,,,False
B2_corrected,pointnet,proto,subject,f1_class::Rett Syndrome,0.20317460317460317,0.28180750503075735,0.0,0.5714285714285714,5,0.0,169,169,0.5714285714285714,,,,,,,,False
B2_corrected,pointnet,proto,subject,f1_class::Rubinstein-Taybi Syndrome,0.2333333333333333,0.32489314482696546,0.0,0.6666666666666666,5,0.0,169,169,0.6666666666666666,,,,,,,,False
B2_corrected,pointnet,proto,subject,f1_class::Smith-Lemli-Opitz,0.0,0.0,0.0,0.0,5,0.0,169,169,0.0,,,,,,,,False
B2_corrected,pointnet,proto,subject,f1_class::Tetrasomy 18p,0.31333333333333335,0.30147784145586703,0.0,0.6666666666666666,5,0.0,169,169,0.6666666666666666,,,,,,,,False
B2_corrected,pointnet,proto,subject,f1_class::Trisomy 18,0.4,0.1224744871391589,0.2,0.5,5,0.0,169,169,0.3,,,,,,,,False
B2_corrected,pointnet,proto,subject,f1_class::Turner Syndrome,0.04444444444444444,0.09938079899999064,0.0,0.2222222222222222,5,0.0,169,169,0.2222222222222222,,,,,,,,False
B2_corrected,pointnet,proto,subject,f1_class::Williams Syndrome,0.32367221472484625,0.10465665697131585,0.2105263157894736,0.4615384615384615,5,0.0,169,169,0.2510121457489879,,,,,,,,False
B2_corrected,pointnet,proto,subject,macro_auc,0.8372229486161699,0.015095883324307646,0.8108281732490966,0.8473773574617125,5,0.0,169,169,0.03654918421261588,0.8101317166988229,0.8722123191870631,0.06208060248824021,0.8144275815423413,0.7929351816733557,0.8617098095690717,-1.5100386366343386,True
B2_corrected,pointnet,proto,subject,macro_f1,0.17978978634997017,0.026088192028642758,0.1520199910550787,0.222124627985872,5,0.0,169,169,0.07010463693079327,0.12201641652707344,0.2366088617265351,0.11459244519946167,0.1465854815657187,0.0977578784637358,0.2003147190721969,-1.2727714035451663,False
B2_corrected,pointnet,proto,subject,top3_accuracy,0.48639053254437864,0.027879808258910684,0.4615384615384615,0.5325443786982249,5,0.0,169,169,0.0710059171597634,0.4118343195266272,0.5644970414201184,0.15266272189349117,,,,,False
B2_corrected,pointnet,proto,subject,top5_accuracy,0.6568047337278107,0.027436741110934054,0.621301775147929,0.6982248520710059,5,0.0,169,169,0.07692307692307698,0.5846153846153845,0.7289940828402367,0.14437869822485216,,,,,False
B2_corrected,pointnet,softmax,scan,accuracy,0.1612631578947368,0.02665466027034339,0.12,0.1852631578947368,5,0.0,475,169,0.0652631578947368,0.12114666380850111,0.20377958062763796,0.08263291681913684,0.1494736842105263,0.108162439795304,0.192544673063284,-0.44230440623277295,True
B2_corrected,pointnet,softmax,scan,f1_class::4p Deletion Wolff-Hirschhorn Syndrome,0.05934065934065932,0.08134837592668898,0.0,0.1538461538461538,5,0.0,475,169,0.1538461538461538,,,,,,,,False
B2_corrected,pointnet,softmax,scan,f1_class::5p-,0.17600242940730587,0.046579654277848,0.1052631578947368,0.2272727272727272,5,0.0,475,169,0.12200956937799042,,,,,,,,False
B2_corrected,pointnet,softmax,scan,f1_class::Achondroplasia,0.1618462618462618,0.10180783181542996,0.0,0.2702702702702703,5,0.0,475,169,0.2702702702702703,,,,,,,,False
B2_corrected,pointnet,softmax,scan,f1_class::Angelman Syndrome,0.01739130434782608,0.03888813873912676,0.0,0.0869565217391304,5,0.0,475,169,0.0869565217391304,,,,,,,,False
B2_corrected,pointnet,softmax,scan,f1_class::Apert Syndrome,0.04,0.08944271909999159,0.0,0.2,5,0.0,475,169,0.2,,,,,,,,False
B2_corrected,pointnet,softmax,scan,f1_class::Bohring-Opitz Syndrome,0.36546918767507003,0.07545712528449859,0.2857142857142857,0.4761904761904761,5,0.0,475,169,0.1904761904761904,,,,,,,,False
B2_corrected,pointnet,softmax,scan,f1_class::CDKL5,0.0605664488017429,0.057732149426972974,0.0,0.1176470588235294,5,0.0,475,169,0.1176470588235294,,,,,,,,False
B2_corrected,pointnet,softmax,scan,f1_class::CFC,0.1099358974358974,0.0771924927238746,0.0,0.1904761904761904,5,0.0,475,169,0.1904761904761904,,,,,,,,False
B2_corrected,pointnet,softmax,scan,f1_class::CHARGE Syndrome,0.021052631578947358,0.047075115315785024,0.0,0.1052631578947368,5,0.0,475,169,0.1052631578947368,,,,,,,,False
B2_corrected,pointnet,softmax,scan,f1_class::CdLS,0.0,0.0,0.0,0.0,5,0.0,475,169,0.0,,,,,,,,False
B2_corrected,pointnet,softmax,scan,f1_class::Cockayne Syndrome,0.05359586649909228,0.058908836824062207,0.0,0.1428571428571428,5,0.0,475,169,0.1428571428571428,,,,,,,,False
B2_corrected,pointnet,softmax,scan,f1_class::Cohen Syndrome,0.17646518699150276,0.049350132858306514,0.1052631578947368,0.2222222222222222,5,0.0,475,169,0.11695906432748542,,,,,,,,False
B2_corrected,pointnet,softmax,scan,f1_class::Costello Syndrome,0.14814690685658424,0.05872988494341762,0.0606060606060606,0.1935483870967742,5,0.0,475,169,0.13294232649071358,,,,,,,,False
B2_corrected,pointnet,softmax,scan,f1_class::Crouzon Syndrome,0.14666666666666667,0.2022100118413747,0.0,0.4,5,0.0,475,169,0.4,,,,,,,,False
B2_corrected,pointnet,softmax,scan,f1_class::Down Syndrome,0.11169329864982033,0.08902760239682646,0.0,0.2307692307692307,5,0.0,475,169,0.2307692307692307,,,,,,,,False
B2_corrected,pointnet,softmax,scan,f1_class::Ehlers-Danlos Syndrome,0.2942266818515698,0.0551426641888513,0.2068965517241379,0.3529411764705882,5,0.0,475,169,0.1460446247464503,,,,,,,,False
B2_corrected,pointnet,softmax,scan,"f1_class::Facial Dysmorphia, possibly genetic",0.02,0.044721359549995794,0.0,0.1,5,0.0,475,169,0.1,,,,,,,,False
B2_corrected,pointnet,softmax,scan,f1_class::Jacobsen Syndrome,0.18325654737419442,0.033891487064704094,0.15,0.2352941176470588,5,0.0,475,169,0.0852941176470588,,,,,,,,False
B2_corrected,pointnet,softmax,scan,f1_class::Joubert Syndrome,0.08035943517329909,0.11416101959253183,0.0,0.2439024390243902,5,0.0,475,169,0.2439024390243902,,,,,,,,False
B2_corrected,pointnet,softmax,scan,f1_class::Loeys-Dietz Syndrome,0.20524324324324325,0.03250195251762574,0.16,0.25,5,0.0,475,169,0.09,,,,,,,,False
B2_corrected,pointnet,softmax,scan,f1_class::Marfan Syndrome,0.07195027195027195,0.09095158358474491,0.0,0.2222222222222222,5,0.0,475,169,0.2222222222222222,,,,,,,,False
B2_corrected,pointnet,softmax,scan,f1_class::Mucopolysaccharidosis type IIIB (Sanfilippo B),0.01666666666666666,0.03726779962499648,0.0,0.0833333333333333,5,0.0,475,169,0.0833333333333333,,,,,,,,False
B2_corrected,pointnet,softmax,scan,f1_class::Noonan Syndrome,0.25781743109801536,0.17869872139061688,0.064516129032258,0.4545454545454545,5,0.0,475,169,0.39002932551319647,,,,,,,,False
B2_corrected,pointnet,softmax,scan,f1_class::Pallister-Killian Syndrome,0.14585460516494994,0.08915168223273327,0.0,0.238095238095238,5,0.0,475,169,0.238095238095238,,,,,,,,False
B2_corrected,pointnet,softmax,scan,f1_class::Phelan McDermid Syndrome,0.22440092457493374,0.13368768369036543,0.0,0.3488372093023256,5,0.0,475,169,0.3488372093023256,,,,,,,,False
B2_corrected,pointnet,softmax,scan,f1_class::Pitt Hopkins,0.3035064935064935,0.11896380363145967,0.1818181818181818,0.5,5,0.0,475,169,0.31818181818181823,,,,,,,,False
B2_corrected,pointnet,softmax,scan,f1_class::Rett Syndrome,0.1116228956228956,0.08948349233627437,0.0,0.2222222222222222,5,0.0,475,169,0.2222222222222222,,,,,,,,False
B2_corrected,pointnet,softmax,scan,f1_class::Rubinstein-Taybi Syndrome,0.05743589743589742,0.07898101870021929,0.0,0.1538461538461538,5,0.0,475,169,0.1538461538461538,,,,,,,,False
B2_corrected,pointnet,softmax,scan,f1_class::Smith-Lemli-Opitz,0.02857142857142856,0.06388765649999396,0.0,0.1428571428571428,5,0.0,475,169,0.1428571428571428,,,,,,,,False
B2_corrected,pointnet,softmax,scan,f1_class::Tetrasomy 18p,0.1801395489938315,0.13631096714950827,0.0,0.3448275862068966,5,0.0,475,169,0.3448275862068966,,,,,,,,False
B2_corrected,pointnet,softmax,scan,f1_class::Trisomy 18,0.22369852369852367,0.05388812692307595,0.1538461538461538,0.3,5,0.0,475,169,0.1461538461538462,,,,,,,,False
B2_corrected,pointnet,softmax,scan,f1_class::Turner Syndrome,0.07769858142894179,0.05604804357931101,0.0,0.1578947368421052,5,0.0,475,169,0.1578947368421052,,,,,,,,False
B2_corrected,pointnet,softmax,scan,f1_class::Williams Syndrome,0.31311260552386616,0.03316416149518032,0.2790697674418604,0.3571428571428571,5,0.0,475,169,0.07807308970099669,,,,,,,,False
B2_corrected,pointnet,softmax,scan,macro_auc,0.8009337238364023,0.010631382010565219,0.7850154284610603,0.8144785167793664,5,0.0,475,169,0.02946308831830613,0.7714465820802309,0.8262890894277326,0.054842507347501734,0.8020553897857551,0.777954007694019,0.8298251727592054,0.10550518721254933,True
B2_corrected,pointnet,softmax,scan,macro_f1,0.13465862205989085,0.026503248754560775,0.0980715323484929,0.1567899935066675,5,0.0,475,169,0.0587184611581746,0.09945222559657393,0.16855366577766354,0.0691014401810896,0.1262383046071216,0.0941864163329028,0.1589988495479734,-0.3177088790414892,True
B2_corrected,pointnet,softmax,scan,top3_accuracy,0.38736842105263153,0.025175285774950297,0.3642105263157895,0.4294736842105263,5,0.0,475,169,0.0652631578947368,0.3324313976566756,0.44430759197690584,0.11187619432023022,,,,,False
B2_corrected,pointnet,softmax,scan,top5_accuracy,0.527157894736842,0.021756649570970656,0.511578947368421,0.5621052631578948,5,0.0,475,169,0.05052631578947375,0.4693301114769236,0.5868722326931376,0.11754212121621399,,,,,False
B2_corrected,pointnet,softmax,subject,accuracy,0.19763313609467453,0.03565058066601674,0.165680473372781,0.2544378698224852,5,0.0,169,169,0.08875739644970418,0.13964497041420115,0.26035502958579876,0.1207100591715976,0.1834319526627219,0.1301775147928994,0.24275147928994,-0.39834367818557476,True
B2_corrected,pointnet,softmax,subject,f1_class::4p Deletion Wolff-Hirschhorn Syndrome,0.1,0.223606797749979,0.0,0.5,5,0.0,169,169,0.5,,,,,,,,False
B2_corrected,pointnet,softmax,subject,f1_class::5p-,0.2477289377289377,0.05920846306946919,0.1666666666666666,0.3076923076923077,5,0.0,169,169,0.1410256410256411,,,,,,,,False
B2_corrected,pointnet,softmax,subject,f1_class::Achondroplasia,0.20934563021519542,0.1327959775499473,0.0,0.3636363636363636,5,0.0,169,169,0.3636363636363636,,,,,,,,False
B2_corrected,pointnet,softmax,subject,f1_class::Angelman Syndrome,0.0,0.0,0.0,0.0,5,0.0,169,169,0.0,,,,,,,,False
B2_corrected,pointnet,softmax,subject,f1_class::Apert Syndrome,0.0,0.0,0.0,0.0,5,0.0,169,169,0.0,,,,,,,,False
B2_corrected,pointnet,softmax,subject,f1_class::Bohring-Opitz Syndrome,0.4349206349206349,0.21519501371533112,0.2222222222222222,0.6666666666666666,5,0.0,169,169,0.4444444444444444,,,,,,,,False
B2_corrected,pointnet,softmax,subject,f1_class::CDKL5,0.08,0.17888543819998318,0.0,0.4,5,0.0,169,169,0.4,,,,,,,,False
B2_corrected,pointnet,softmax,subject,f1_class::CFC,0.12857142857142856,0.1252548422625013,0.0,0.25,5,0.0,169,169,0.25,,,,,,,,False
B2_corrected,pointnet,softmax,subject,f1_class::CHARGE Syndrome,0.04,0.08944271909999159,0.0,0.2,5,0.0,169,169,0.2,,,,,,,,False
B2_corrected,pointnet,softmax,subject,f1_class::CdLS,0.0,0.0,0.0,0.0,5,0.0,169,169,0.0,,,,,,,,False
B2_corrected,pointnet,softmax,subject,f1_class::Cockayne Syndrome,0.06666666666666667,0.14907119849998599,0.0,0.3333333333333333,5,0.0,169,169,0.3333333333333333,,,,,,,,False
B2_corrected,pointnet,softmax,subject,f1_class::Cohen Syndrome,0.20867132867132865,0.05848595869662487,0.1538461538461538,0.3076923076923077,5,0.0,169,169,0.1538461538461539,,,,,,,,False
B2_corrected,pointnet,softmax,subject,f1_class::Costello Syndrome,0.16564102564102562,0.11060766945265979,0.0,0.3076923076923077,5,0.0,169,169,0.3076923076923077,,,,,,,,False
B2_corrected,pointnet,softmax,subject,f1_class::Crouzon Syndrome,0.3333333333333333,0.4714045207910317,0.0,1.0,5,0.0,169,169,1.0,,,,,,,,False
B2_corrected,pointnet,softmax,subject,f1_class::Down Syndrome,0.13359307359307357,0.10513671280006666,0.0,0.2727272727272727,5,0.0,169,169,0.2727272727272727,,,,,,,,False
B2_corrected,pointnet,softmax,subject,f1_class::Ehlers-Danlos Syndrome,0.35646542827657374,0.0454172212302364,0.3,0.4210526315789473,5,0.0,169,169,0.1210526315789473,,,,,,,,False
B2_corrected,pointnet,softmax,subject,"f1_class::Facial Dysmorphia, possibly genetic",0.08444444444444445,0.1158969316480471,0.0,0.2222222222222222,5,0.0,169,169,0.2222222222222222,,,,,,,,False
B2_corrected,pointnet,softmax,subject,f1_class::Jacobsen Syndrome,0.18880952380952382,0.06478859744026447,0.125,0.2857142857142857,5,0.0,169,169,0.1607142857142857,,,,,,,,False
B2_corrected,pointnet,softmax,subject,f1_class::Joubert Syndrome,0.05714285714285714,0.12777531299998798,0.0,0.2857142857142857,5,0.0,169,169,0.2857142857142857,,,,,,,,False
B2_corrected,pointnet,softmax,subject,f1_class::Loeys-Dietz Syndrome,0.3326495726495727,0.0739758278997184,0.2222222222222222,0.4,5,0.0,169,169,0.1777777777777778,,,,,,,,False
B2_corrected,pointnet,softmax,subject,f1_class::Marfan Syndrome,0.03333333333333332,0.07453559924999296,0.0,0.1666666666666666,5,0.0,169,169,0.1666666666666666,,,,,,,,False
B2_corrected,pointnet,softmax,subject,f1_class::Mucopolysaccharidosis type IIIB (Sanfilippo B),0.06666666666666667,0.14907119849998599,0.0,0.3333333333333333,5,0.0,169,169,0.3333333333333333,,,,,,,,False
B2_corrected,pointnet,softmax,subject,f1_class::Noonan Syndrome,0.25725490196078427,0.16184727542137547,0.0,0.4,5,0.0,169,169,0.4,,,,,,,,False
B2_corrected,pointnet,softmax,subject,f1_class::Pallister-Killian Syndrome,0.146951871657754,0.1497089362475795,0.0,0.3529411764705882,5,0.0,169,169,0.3529411764705882,,,,,,,,False
B2_corrected,pointnet,softmax,subject,f1_class::Phelan McDermid Syndrome,0.32222222222222224,0.19404721329525534,0.0,0.5,5,0.0,169,169,0.5,,,,,,,,False
B2_corrected,pointnet,softmax,subject,f1_class::Pitt Hopkins,0.47365079365079366,0.14867178810887777,0.2857142857142857,0.6666666666666666,5,0.0,169,169,0.38095238095238093,,,,,,,,False
B2_corrected,pointnet,softmax,subject,f1_class::Rett Syndrome,0.18,0.17535677916750184,0.0,0.4,5,0.0,169,169,0.4,,,,,,,,False
B2_corrected,pointnet,softmax,subject,f1_class::Rubinstein-Taybi Syndrome,0.0,0.0,0.0,0.0,5,0.0,169,169,0.0,,,,,,,,False
B2_corrected,pointnet,softmax,subject,f1_class::Smith-Lemli-Opitz,0.0,0.0,0.0,0.0,5,0.0,169,169,0.0,,,,,,,,False
B2_corrected,pointnet,softmax,subject,f1_class::Tetrasomy 18p,0.16,0.21908902300206645,0.0,0.4,5,0.0,169,169,0.4,,,,,,,,False
B2_corrected,pointnet,softmax,subject,f1_class::Trisomy 18,0.2761904761904762,0.1414614359763138,0.1428571428571428,0.5,5,0.0,169,169,0.3571428571428572,,,,,,,,False
B2_corrected,pointnet,softmax,subject,f1_class::Turner Syndrome,0.03076923076923076,0.06880209161537812,0.0,0.1538461538461538,5,0.0,169,169,0.1538461538461538,,,,,,,,False
B2_corrected,pointnet,softmax,subject,f1_class::Williams Syndrome,0.3506228180421729,0.08559197644866834,0.25,0.4666666666666667,5,0.0,169,169,0.21666666666666667,,,,,,,,False
B2_corrected,pointnet,softmax,subject,macro_auc,0.8440845992025432,0.011183409789927327,0.8264962952105116,0.8541248303187573,5,0.0,169,169,0.0276285351082457,0.8086566701506588,0.8683905811683413,0.05973391101768255,0.853967639717106,0.8255335829801083,0.8755710969766679,0.883723363465072,True
B2_corrected,pointnet,softmax,subject,macro_f1,0.16562564242903116,0.03913196942136221,0.1299377118156183,0.2285863126772217,5,0.0,169,169,0.0986486008616034,0.11027477927304234,0.21619635543308938,0.10592157616004703,0.1429083734506382,0.0985243805592339,0.197126316458328,-0.5805296619186144,True
B2_corrected,pointnet,softmax,subject,top3_accuracy,0.4568047337278106,0.02692145128065638,0.4142011834319526,0.4852071005917159,5,0.0,169,169,0.07100591715976329,0.3798816568047337,0.5325443786982248,0.15266272189349112,,,,,False
B2_corrected,pointnet,softmax,subject,top5_accuracy,0.6177514792899408,0.02352024486905537,0.5857988165680473,0.6449704142011834,5,0.0,169,169,0.059171597633136064,0.5467455621301776,0.6923076923076923,0.14556213017751474,,,,,False
B2_corrected,pointnet2,knn11,scan,accuracy,0.29128421052631576,0.013943773121514352,0.27326315789473676,0.3077894736842105,5,0.010547500545053712,475,169,0.03452631578947374,0.2411332186641947,0.3436632043675033,0.1025299857033086,0.2799999999999999,0.2312356102315534,0.3311314349796171,-0.809265213079595,True
B2_corrected,pointnet2,knn11,scan,f1_class::4p Deletion Wolff-Hirschhorn Syndrome,0.24251506010329535,0.11653695940258765,0.13999999999999999,0.4414985994397759,5,0.09343720624377919,475,169,0.30149859943977586,,,,,,,,False
B2_corrected,pointnet2,knn11,scan,f1_class::5p-,0.2726358722894192,0.0499095829876281,0.21526695526695522,0.34853801169590637,5,0.0591245411321137,475,169,0.13327105642895115,,,,,,,,False
B2_corrected,pointnet2,knn11,scan,f1_class::Achondroplasia,0.33158172192163005,0.07941651936454383,0.23328532492619178,0.4530600118835412,5,0.04493230509189032,475,169,0.21977468695734945,,,,,,,,False
B2_corrected,pointnet2,knn11,scan,f1_class::Angelman Syndrome,0.011688787185354687,0.010753278964983728,0.0,0.021052631578947358,5,0.026136922720981514,475,169,0.021052631578947358,,,,,,,,False
B2_corrected,pointnet2,knn11,scan,f1_class::Apert Syndrome,0.0,0.0,0.0,0.0,5,0.0,475,169,0.0,,,,,,,,False
B2_corrected,pointnet2,knn11,scan,f1_class::Bohring-Opitz Syndrome,0.2824224891036036,0.07087474402529367,0.1881370091896407,0.381890756302521,5,0.049547874184786324,475,169,0.1937537471128803,,,,,,,,False
B2_corrected,pointnet2,knn11,scan,f1_class::CDKL5,0.0,0.0,0.0,0.0,5,0.0,475,169,0.0,,,,,,,,False
B2_corrected,pointnet2,knn11,scan,f1_class::CFC,0.1436158185797182,0.03218093435607988,0.11062378167641322,0.19295238095238093,5,0.07628553549041281,475,169,0.08232859927596771,,,,,,,,False
B2_corrected,pointnet2,knn11,scan,f1_class::CHARGE Syndrome,0.11323813971626813,0.05070365680799152,0.048529411764705876,0.1848851039980072,5,0.06261256121907832,475,169,0.13635569223330132,,,,,,,,False
B2_corrected,pointnet2,knn11,scan,f1_class::CdLS,0.15287539179187,0.036110068867478466,0.09845670908778091,0.19433077208681804,5,0.034480859278626715,475,169,0.09587406299903713,,,,,,,,False
B2_corrected,pointnet2,knn11,scan,f1_class::Cockayne Syndrome,0.4614686279377306,0.055537860111263014,0.37715962202804304,0.5092352092352093,5,0.06486701817701815,475,169,0.13207558720716622,,,,,,,,False
B2_corrected,pointnet2,knn11,scan,f1_class::Cohen Syndrome,0.4058824561521946,0.054808575998582784,0.3449778832668033,0.468477229601518,5,0.05580385916221242,475,169,0.12349934633471471,,,,,,,,False
B2_corrected,pointnet2,knn11,scan,f1_class::Costello Syndrome,0.23159963895088845,0.03719946177500916,0.17581438731166849,0.26628704628704625,5,0.026926977165790934,475,169,0.09047265897537776,,,,,,,,False
B2_corrected,pointnet2,knn11,scan,f1_class::Crouzon Syndrome,0.0,0.0,0.0,0.0,5,0.0,475,169,0.0,,,,,,,,False
B2_corrected,pointnet2,knn11,scan,f1_class::Down Syndrome,0.6390521369546137,0.021899450325224536,0.6131238859180035,0.6738375350140056,5,0.04915984168776699,475,169,0.060713649096002076,,,,,,,,False
B2_corrected,pointnet2,knn11,scan,f1_class::Ehlers-Danlos Syndrome,0.3275698372243231,0.03839432631901059,0.28499069164604685,0.3717706142096386,5,0.034778326260756706,475,169,0.08677992256359174,,,,,,,,False
B2_corrected,pointnet2,knn11,scan,"f1_class::Facial Dysmorphia, possibly genetic",0.1348869719618081,0.024713701258133214,0.10710801393728223,0.1650964577113187,5,0.04176373966973648,475,169,0.057988443774036474,,,,,,,,False
B2_corrected,pointnet2,knn11,scan,f1_class::Jacobsen Syndrome,0.3102203848349566,0.020901872049990507,0.27843282659745394,0.3318045182477885,5,0.062233630540686466,475,169,0.05337169165033456,,,,,,,,False
B2_corrected,pointnet2,knn11,scan,f1_class::Joubert Syndrome,0.05492475953310867,0.03701480358944787,0.0125,0.1039127539127539,5,0.049397849127684385,475,169,0.0914127539127539,,,,,,,,False
B2_corrected,pointnet2,knn11,scan,f1_class::Loeys-Dietz Syndrome,0.29745492239771415,0.07964696410509738,0.19987012987012986,0.3893187514240145,5,0.0875965600075711,475,169,0.18944862155388464,,,,,,,,False
B2_corrected,pointnet2,knn11,scan,f1_class::Marfan Syndrome,0.1352913892348427,0.03147391825784937,0.1013345983554712,0.1871076993847392,5,0.044107696140157235,475,169,0.085773101029268,,,,,,,,False
B2_corrected,pointnet2,knn11,scan,f1_class::Mucopolysaccharidosis type IIIB (Sanfilippo B),0.0,0.0,0.0,0.0,5,0.0,475,169,0.0,,,,,,,,False
B2_corrected,pointnet2,knn11,scan,f1_class::Noonan Syndrome,0.35134976803619605,0.03997442677777127,0.2972065088344158,0.3999577167019027,5,0.025288439534538864,475,169,0.10275120786748693,,,,,,,,False
B2_corrected,pointnet2,knn11,scan,f1_class::Pallister-Killian Syndrome,0.30130581047259364,0.049848262485424136,0.24600649350649348,0.3826043211801725,5,0.06257808914296012,475,169,0.13659782767367903,,,,,,,,False
B2_corrected,pointnet2,knn11,scan,f1_class::Phelan McDermid Syndrome,0.5599140090818118,0.026488868532019406,0.5308845991284017,0.5960383227951174,5,0.025128874911012733,475,169,0.06515372366671568,,,,,,,,False
B2_corrected,pointnet2,knn11,scan,f1_class::Pitt Hopkins,0.5032949556717493,0.009934959767603417,0.4882696938424493,0.5141520467836257,5,0.08595748947159704,475,169,0.025882352941176412,,,,,,,,False
B2_corrected,pointnet2,knn11,scan,f1_class::Rett Syndrome,0.09635058233819843,0.08859338661646698,0.02352941176470588,0.24874637574327974,5,0.08424403742337201,475,169,0.22521696397857385,,,,,,,,False
B2_corrected,pointnet2,knn11,scan,f1_class::Rubinstein-Taybi Syndrome,0.07656254856254856,0.06047193174850065,0.03636363636363636,0.18119658119658116,5,0.11538878794163107,475,169,0.1448329448329448,,,,,,,,False
B2_corrected,pointnet2,knn11,scan,f1_class::Smith-Lemli-Opitz,0.04597402597402596,0.056609408235106955,0.0,0.1346320346320346,5,0.04642089144605287,475,169,0.1346320346320346,,,,,,,,False
B2_corrected,pointnet2,knn11,scan,f1_class::Tetrasomy 18p,0.2043703819436856,0.09386945383086971,0.09377777777777777,0.33715241508789895,5,0.06639202503538114,475,169,0.24337463731012118,,,,,,,,False
B2_corrected,pointnet2,knn11,scan,f1_class::Trisomy 18,0.1458255078255078,0.0303886623492199,0.09999999999999999,0.17344322344322344,5,0.1257578587110036,475,169,0.07344322344322345,,,,,,,,False
B2_corrected,pointnet2,knn11,scan,f1_class::Turner Syndrome,0.2297220426632191,0.09031347598137861,0.14600732600732597,0.34630036630036626,5,0.10967959290401581,475,169,0.2002930402930403,,,,,,,,False
B2_corrected,pointnet2,knn11,scan,f1_class::Williams Syndrome,0.33472643847963085,0.04150668017417162,0.2787117413002937,0.384814064566945,5,0.04250454543034287,475,169,0.10610232326665131,,,,,,,,False
B2_corrected,pointnet2,knn11,scan,macro_auc,0.7835979204458283,0.01240469973618111,0.7708440398544829,0.7965663928359162,5,0.0023768295823685575,475,169,0.025722352981433327,0.7678837533604379,0.831912151344636,0.06402839798419813,0.7781250384700098,0.7640321565143272,0.8312563891641278,-0.4411942322034305,True
B2_corrected,pointnet2,knn11,scan,macro_f1,0.22419152960371233,0.009706128729515573,0.2121130920960351,0.23473960864314553,5,0.011874451040154535,475,169,0.022626516547110426,0.18664167145895558,0.2675931403212154,0.08095146886225982,0.2160896786764503,0.1823689337510594,0.2536111980339426,-0.8347149675261311,True
B2_corrected,pointnet2,knn11,subject,accuracy,0.3344378698224852,0.01726351008644777,0.3076923076923077,0.3491124260355029,5,0.016022566029613026,169,169,0.0414201183431952,0.2728994082840236,0.39692899408284016,0.12402958579881657,0.3242603550295858,0.2650591715976331,0.3846153846153846,-0.5895391343901135,True
B2_corrected,pointnet2,knn11,subject,f1_class::4p Deletion Wolff-Hirschhorn Syndrome,0.1988571428571429,0.15022492584345384,0.05714285714285714,0.42000000000000004,5,0.14890246282270483,169,169,0.3628571428571429,,,,,,,,False
B2_corrected,pointnet2,knn11,subject,f1_class::5p-,0.32445021645021643,0.18439862515086247,0.13333333333333333,0.5819047619047619,5,0.13331072436849076,169,169,0.4485714285714286,,,,,,,,False
B2_corrected,pointnet2,knn11,subject,f1_class::Achondroplasia,0.4267893232087605,0.08411599008634764,0.33973852234721796,0.5253434970826275,5,0.06478104210975971,169,169,0.18560497473540954,,,,,,,,False
B2_corrected,pointnet2,knn11,subject,f1_class::Angelman Syndrome,0.050317460317460316,0.05909794748829524,0.0,0.14444444444444443,5,0.09208153551799948,169,169,0.14444444444444443,,,,,,,,False
B2_corrected,pointnet2,knn11,subject,f1_class::Apert Syndrome,0.14666666666666667,0.2328566559543064,0.0,0.5333333333333333,5,0.19054772502067893,169,169,0.5333333333333333,,,,,,,,False
B2_corrected,pointnet2,knn11,subject,f1_class::Bohring-Opitz Syndrome,0.15999999999999998,0.19206480387850577,0.0,0.4666666666666666,5,0.2385139175999776,169,169,0.4666666666666666,,,,,,,,False
B2_corrected,pointnet2,knn11,subject,f1_class::CDKL5,0.0,0.0,0.0,0.0,5,0.0,169,169,0.0,,,,,,,,False
B2_corrected,pointnet2,knn11,subject,f1_class::CFC,0.22186813186813187,0.06710399267678199,0.13333333333333333,0.29047619047619044,5,0.07089768079363666,169,169,0.1571428571428571,,,,,,,,False
B2_corrected,pointnet2,knn11,subject,f1_class::CHARGE Syndrome,0.10416860916860915,0.04315583571487175,0.03636363636363636,0.1433333333333333,5,0.08868725432388361,169,169,0.10696969696969695,,,,,,,,False
B2_corrected,pointnet2,knn11,subject,f1_class::CdLS,0.1689259825142178,0.030818369737327895,0.12489304812834223,0.2049231813937696,5,0.0694845240777194,169,169,0.08003013326542738,,,,,,,,False
B2_corrected,pointnet2,knn11,subject,f1_class::Cockayne Syndrome,0.4004761904761905,0.06113543115332421,0.3180952380952381,0.4863492063492063,5,0.08755921031443348,169,169,0.1682539682539682,,,,,,,,False
B2_corrected,pointnet2,knn11,subject,f1_class::Cohen Syndrome,0.5356681096681097,0.09724714354497142,0.40476190476190477,0.6642857142857143,5,0.11071632046470434,169,169,0.2595238095238095,,,,,,,,False
B2_corrected,pointnet2,knn11,subject,f1_class::Costello Syndrome,0.3027223554938168,0.049057125157961075,0.25753846153846155,0.3737142857142857,5,0.04389551376541279,169,169,0.11617582417582417,,,,,,,,False
B2_corrected,pointnet2,knn11,subject,f1_class::Crouzon Syndrome,0.0,0.0,0.0,0.0,5,0.0,169,169,0.0,,,,,,,,False
B2_corrected,pointnet2,knn11,subject,f1_class::Down Syndrome,0.7149384103322793,0.026572246950112146,0.6763218390804597,0.7389211076280041,5,0.044096750144993375,169,169,0.06259926854754438,,,,,,,,False
B2_corrected,pointnet2,knn11,subject,f1_class::Ehlers-Danlos Syndrome,0.4683012433043393,0.031100153184490074,0.4230065359477124,0.5084033613445378,5,0.042722210374132444,169,169,0.08539682539682536,,,,,,,,False
B2_corrected,pointnet2,knn11,subject,"f1_class::Facial Dysmorphia, possibly genetic",0.11767181679689417,0.05996025374878115,0.04458204334365324,0.19532163742690054,5,0.06812970805718872,169,169,0.1507395940832473,,,,,,,,False
B2_corrected,pointnet2,knn11,subject,f1_class::Jacobsen Syndrome,0.2518095238095238,0.10835734950959149,0.08,0.3504761904761905,5,0.2160807554624701,169,169,0.2704761904761905,,,,,,,,False
B2_corrected,pointnet2,knn11,subject,f1_class::Joubert Syndrome,0.07511288711288709,0.03553248292417999,0.03333333333333332,0.10606060606060604,5,0.08823598436833803,169,169,0.07272727272727272,,,,,,,,False
B2_corrected,pointnet2,knn11,subject,f1_class::Loeys-Dietz Syndrome,0.34338914027149314,0.06456688708498076,0.2828280542986425,0.4163025210084033,5,0.09887925028179657,169,169,0.13347446670976082,,,,,,,,False
B2_corrected,pointnet2,knn11,subject,f1_class::Marfan Syndrome,0.13752151116856998,0.05238573726433193,0.09047619047619045,0.22362637362637358,5,0.06326585917042966,169,169,0.13315018315018312,,,,,,,,False
B2_corrected,pointnet2,knn11,subject,f1_class::Mucopolysaccharidosis type IIIB (Sanfilippo B),0.0,0.0,0.0,0.0,5,0.0,169,169,0.0,,,,,,,,False
B2_corrected,pointnet2,knn11,subject,f1_class::Noonan Syndrome,0.3253911056263997,0.037438312664984555,0.26372549019607844,0.3609324009324009,5,0.05315831337365214,169,169,0.09720691073632248,,,,,,,,False
B2_corrected,pointnet2,knn11,subject,f1_class::Pallister-Killian Syndrome,0.42705028305028303,0.09252165172163207,0.33992673992673994,0.5513131313131312,5,0.10574964058178807,169,169,0.21138639138639126,,,,,,,,False
B2_corrected,pointnet2,knn11,subject,f1_class::Phelan McDermid Syndrome,0.5583531601206658,0.07294127261603395,0.4940676328502415,0.6564593301435406,5,0.06457121953252923,169,169,0.1623916972932991,,,,,,,,False
B2_corrected,pointnet2,knn11,subject,f1_class::Pitt Hopkins,0.43182106782106777,0.05182451380063305,0.35878787878787877,0.48317460317460315,5,0.1221267959293549,169,169,0.12438672438672438,,,,,,,,False
B2_corrected,pointnet2,knn11,subject,f1_class::Rett Syndrome,0.09752380952380953,0.1347031674113775,0.0,0.3276190476190476,5,0.11303689850943677,169,169,0.3276190476190476,,,,,,,,False
B2_corrected,pointnet2,knn11,subject,f1_class::Rubinstein-Taybi Syndrome,0.07333333333333333,0.16397831834998458,0.0,0.36666666666666664,5,0.06831300510639732,169,169,0.36666666666666664,,,,,,,,False
B2_corrected,pointnet2,knn11,subject,f1_class::Smith-Lemli-Opitz,0.2533333333333333,0.1299572579307862,0.08,0.38,5,0.21886595077752805,169,169,0.3,,,,,,,,False
B2_corrected,pointnet2,knn11,subject,f1_class::Tetrasomy 18p,0.048,0.07155417527999328,0.0,0.16,5,0.07959489224040993,169,169,0.16,,,,,,,,False
B2_corrected,pointnet2,knn11,subject,f1_class::Trisomy 18,0.02,0.044721359549995794,0.0,0.1,5,0.0447213595499958,169,169,0.1,,,,,,,,False
B2_corrected,pointnet2,knn11,subject,f1_class::Turner Syndrome,0.22799999999999998,0.198292712927127,0.0,0.48,5,0.14682419662930749,169,169,0.48,,,,,,,,False
B2_corrected,pointnet2,knn11,subject,f1_class::Williams Syndrome,0.40051287206085967,0.07925965845861639,0.30072254542842775,0.4854935913759443,5,0.07941619311117375,169,169,0.18477104594751653,,,,,,,,False
B2_corrected,pointnet2,knn11,subject,macro_auc,0.8299410590434476,0.014115460784777142,0.8166458170562712,0.8477965931392172,5,0.002747528714852127,169,169,0.03115077608294603,0.8113205446868491,0.8777981003174009,0.0664775556305518,0.8220400216886347,0.8038041372414294,0.8799752748266859,-0.5597434951138012,True
B2_corrected,pointnet2,knn11,subject,macro_f1,0.24281738443500184,0.008219897059388498,0.23119509100619076,0.2519346106637251,5,0.020957734282981096,169,169,0.020739519657534317,0.19180746475399196,0.29595049874400864,0.10414303399001668,0.2446694033405202,0.1999237812001114,0.2915927397354751,0.2253092577848101,True
B2_corrected,pointnet2,proto,scan,accuracy,0.31646315789473684,0.020024583229570746,0.29684210526315785,0.3431578947368421,5,0.008990740646748555,475,169,0.046315789473684255,0.2663338622917997,0.3674951151286228,0.10116125283682315,0.3250526315789473,0.2744261534261534,0.3749014418850008,0.4289464397704025,True
B2_corrected,pointnet2,proto,scan,f1_class::4p Deletion Wolff-Hirschhorn Syndrome,0.10889760394404358,0.13915363407789882,0.0,0.3450326797385621,5,0.043418844038922974,475,169,0.3450326797385621,,,,,,,,False
B2_corrected,pointnet2,proto,scan,f1_class::5p-,0.30646090957546057,0.11564978182100523,0.1982683982683982,0.4861471861471861,5,0.03964534677504554,475,169,0.2878787878787879,,,,,,,,False
B2_corrected,pointnet2,proto,scan,f1_class::Achondroplasia,0.4924391110422162,0.0162860184743744,0.4712930333423692,0.5116279069767442,5,0.04661938587964607,475,169,0.04033487363437499,,,,,,,,False
B2_corrected,pointnet2,proto,scan,f1_class::Angelman Syndrome,0.10478392408143729,0.0579309937276956,0.021052631578947358,0.17718438252493976,5,0.034980928657961076,475,169,0.1561317509459924,,,,,,,,False
B2_corrected,pointnet2,proto,scan,f1_class::Apert Syndrome,0.0,0.0,0.0,0.0,5,0.0,475,169,0.0,,,,,,,,False
B2_corrected,pointnet2,proto,scan,f1_class::Bohring-Opitz Syndrome,0.29866870066563156,0.06963637525633563,0.20156376956376953,0.3771842650103519,5,0.05801390291736458,475,169,0.17562049544658237,,,,,,,,False
B2_corrected,pointnet2,proto,scan,f1_class::CDKL5,0.0,0.0,0.0,0.0,5,0.0,475,169,0.0,,,,,,,,False
B2_corrected,pointnet2,proto,scan,f1_class::CFC,0.2837329322821317,0.09233063205502512,0.1590027858320541,0.392039442039442,5,0.037994202317839385,475,169,0.23303665620738792,,,,,,,,False
B2_corrected,pointnet2,proto,scan,f1_class::CHARGE Syndrome,0.14251197733056659,0.04457474050125438,0.10405723905723903,0.20427615816610123,5,0.04374089035400338,475,169,0.1002189191088622,,,,,,,,False
B2_corrected,pointnet2,proto,scan,f1_class::CdLS,0.14692965540968134,0.057834059971923694,0.07422141583906287,0.20132132132132127,5,0.0332217890219431,475,169,0.1270999054822584,,,,,,,,False
B2_corrected,pointnet2,proto,scan,f1_class::Cockayne Syndrome,0.4753397841412009,0.0574479802141889,0.3948869748869749,0.5561781609195402,5,0.04547390377303665,475,169,0.16129118603256531,,,,,,,,False
B2_corrected,pointnet2,proto,scan,f1_class::Cohen Syndrome,0.48341928352714847,0.053255950012081034,0.3953278515707358,0.5313704686118479,5,0.026148263894978672,475,169,0.1360426170411121,,,,,,,,False
B2_corrected,pointnet2,proto,scan,f1_class::Costello Syndrome,0.2960209575833753,0.029577383158834805,0.2596286886847762,0.33288225049122516,5,0.04974631610815092,475,169,0.07325356180644899,,,,,,,,False
B2_corrected,pointnet2,proto,scan,f1_class::Crouzon Syndrome,0.0,0.0,0.0,0.0,5,0.0,475,169,0.0,,,,,,,,False
B2_corrected,pointnet2,proto,scan,f1_class::Down Syndrome,0.5832972012730355,0.04878889114037833,0.5386100386100386,0.6625364181205002,5,0.031811337271560956,475,169,0.12392637951046159,,,,,,,,False
B2_corrected,pointnet2,proto,scan,f1_class::Ehlers-Danlos Syndrome,0.28641737748064583,0.10892321675449876,0.1834492753623188,0.43298368298368295,5,0.04772966519697856,475,169,0.24953440762136414,,,,,,,,False
B2_corrected,pointnet2,proto,scan,"f1_class::Facial Dysmorphia, possibly genetic",0.184910186499806,0.10080328428104396,0.0918140682846565,0.3565860215053763,5,0.035585062136202834,475,169,0.26477195322071984,,,,,,,,False
B2_corrected,pointnet2,proto,scan,f1_class::Jacobsen Syndrome,0.2086235127309636,0.057925036503365036,0.11349007314524553,0.25953056208302944,5,0.04773114455980014,475,169,0.1460404889377839,,,,,,,,False
B2_corrected,pointnet2,proto,scan,f1_class::Joubert Syndrome,0.2320116594801739,0.061191286374306084,0.15323491655969187,0.3240447272026219,5,0.036502799415248144,475,169,0.17080981064293002,,,,,,,,False
B2_corrected,pointnet2,proto,scan,f1_class::Loeys-Dietz Syndrome,0.3191553797842127,0.060041969005090255,0.2631578947368421,0.40783216783216786,5,0.04560878367743298,475,169,0.14467427309532577,,,,,,,,False
B2_corrected,pointnet2,proto,scan,f1_class::Marfan Syndrome,0.44187753075810476,0.0580354312090745,0.3603144218624095,0.5146260432703995,5,0.03181921393958411,475,169,0.15431162140799004,,,,,,,,False
B2_corrected,pointnet2,proto,scan,f1_class::Mucopolysaccharidosis type IIIB (Sanfilippo B),0.012444444444444444,0.018162503770402266,0.0,0.04,5,0.02782662371999738,475,169,0.04,,,,,,,,False
B2_corrected,pointnet2,proto,scan,f1_class::Noonan Syndrome,0.37195756470143765,0.06859528467683232,0.2556733593336222,0.427512077294686,5,0.038879934438219646,475,169,0.1718387179610638,,,,,,,,False
B2_corrected,pointnet2,proto,scan,f1_class::Pallister-Killian Syndrome,0.4106878581000979,0.04664611378582223,0.36842445132859203,0.47942607150063754,5,0.04834411566417851,475,169,0.11100162017204551,,,,,,,,False
B2_corrected,pointnet2,proto,scan,f1_class::Phelan McDermid Syndrome,0.5097566700770286,0.04849369760873326,0.4563978992360071,0.5689291552625418,5,0.03079353185589446,475,169,0.11253125602653474,,,,,,,,False
B2_corrected,pointnet2,proto,scan,f1_class::Pitt Hopkins,0.38171666818033106,0.07892741061940357,0.3253757736516357,0.5132723112128146,5,0.04245047364877135,475,169,0.18789653756117886,,,,,,,,False
B2_corrected,pointnet2,proto,scan,f1_class::Rett Syndrome,0.19020743379004246,0.09560938594291998,0.059047619047619036,0.32915151515151514,5,0.06616840696194502,475,169,0.2701038961038961,,,,,,,,False
B2_corrected,pointnet2,proto,scan,f1_class::Rubinstein-Taybi Syndrome,0.24018813865872687,0.06681932505999201,0.129037629037629,0.29392156862745095,5,0.05758185067979861,475,169,0.16488393958982195,,,,,,,,False
B2_corrected,pointnet2,proto,scan,f1_class::Smith-Lemli-Opitz,0.11294135413949653,0.07219664189173651,0.02352941176470588,0.1979736104968303,5,0.055327206796808005,475,169,0.1744441987321244,,,,,,,,False
B2_corrected,pointnet2,proto,scan,f1_class::Tetrasomy 18p,0.3563388561369651,0.07744337020776484,0.28168948168948166,0.4518989353249642,5,0.03858003047532408,475,169,0.17020945363548257,,,,,,,,False
B2_corrected,pointnet2,proto,scan,f1_class::Trisomy 18,0.36326099371879417,0.028630549150077175,0.3300365978626848,0.4072489601901366,5,0.062485236394804786,475,169,0.07721236232745182,,,,,,,,False
B2_corrected,pointnet2,proto,scan,f1_class::Turner Syndrome,0.1805404260088336,0.07281841953136042,0.10695374800637955,0.29505590062111803,5,0.049935189334699266,475,169,0.18810215261473848,,,,,,,,False
B2_corrected,pointnet2,proto,scan,f1_class::Williams Syndrome,0.2606720918693678,0.05525512712229904,0.19623640842435114,0.3312772411419228,5,0.04935589833079138,475,169,0.13504083271757167,,,,,,,,False
B2_corrected,pointnet2,proto,scan,macro_auc,0.8405348494010028,0.0056452279316116,0.8317745723883867,0.8454259922632528,5,0.0028656036640024177,475,169,0.013651419874866066,0.8245952506694376,0.8753775645421346,0.05078231387269694,0.8402549935037266,0.8270065062483116,0.8724745235667233,-0.049573888010629896,True
B2_corrected,pointnet2,proto,scan,macro_f1,0.26624879355804254,0.016657911323169683,0.2511820651360492,0.2880641191634693,5,0.008070093620305741,475,169,0.03688205402742012,0.22509135497872088,0.3183106252998864,0.09321927032116553,0.2774457410878125,0.2361878389141357,0.3293742886970562,0.6721699565176577,True
B2_corrected,pointnet2,proto,scan,top3_accuracy,0.5635368421052631,0.018316031456356685,0.5397894736842106,0.5861052631578947,5,0.008583301093869244,475,169,0.04631578947368409,0.5078388895858598,0.6186059469757481,0.11076705738988835,,,,,False
B2_corrected,pointnet2,proto,scan,top5_accuracy,0.6947368421052631,0.013853207474831243,0.6732631578947368,0.7094736842105263,5,0.00886956242737765,475,169,0.03621052631578947,0.6417889082279953,0.7454649795801931,0.10367607135219781,,,,,False
B2_corrected,pointnet2,proto,subject,accuracy,0.43076923076923074,0.037952941327395455,0.39289940828402364,0.47928994082840237,5,0.013225557816098405,169,169,0.08639053254437873,0.3616449704142012,0.4994082840236686,0.13776331360946742,0.4142011834319526,0.3455621301775148,0.4852071005917159,-0.43654185309002286,True
B2_corrected,pointnet2,proto,subject,f1_class::4p Deletion Wolff-Hirschhorn Syndrome,0.07466666666666667,0.1669597423199843,0.0,0.37333333333333335,5,0.007302967433402219,169,169,0.37333333333333335,,,,,,,,False
B2_corrected,pointnet2,proto,subject,f1_class::5p-,0.4986320346320346,0.11292169709481378,0.35757575757575755,0.6342857142857142,5,0.04425114825935235,169,169,0.2767099567099567,,,,,,,,False
B2_corrected,pointnet2,proto,subject,f1_class::Achondroplasia,0.6482698564593301,0.04310204792023356,0.6080382775119617,0.7,5,0.039447146719749915,169,169,0.09196172248803824,,,,,,,,False
B2_corrected,pointnet2,proto,subject,f1_class::Angelman Syndrome,0.1541933621933622,0.13866719571813452,0.0,0.36,5,0.08566902334701047,169,169,0.36,,,,,,,,False
B2_corrected,pointnet2,proto,subject,f1_class::Apert Syndrome,0.0,0.0,0.0,0.0,5,0.0,169,169,0.0,,,,,,,,False
B2_corrected,pointnet2,proto,subject,f1_class::Bohring-Opitz Syndrome,0.9199999999999999,0.1095445115010332,0.8,1.0,5,0.07302967433402216,169,169,0.19999999999999996,,,,,,,,False
B2_corrected,pointnet2,proto,subject,f1_class::CDKL5,0.0,0.0,0.0,0.0,5,0.0,169,169,0.0,,,,,,,,False
B2_corrected,pointnet2,proto,subject,f1_class::CFC,0.4443809523809524,0.09431788238593834,0.3587301587301587,0.5599999999999999,5,0.09573323212940096,169,169,0.20126984126984127,,,,,,,,False
B2_corrected,pointnet2,proto,subject,f1_class::CHARGE Syndrome,0.08182750582750581,0.08027148554426669,0.0,0.1768298368298368,5,0.06014885036312169,169,169,0.1768298368298368,,,,,,,,False
B2_corrected,pointnet2,proto,subject,f1_class::CdLS,0.18804899503661113,0.06668661206358688,0.11124871001031991,0.27372549019607845,5,0.04204249561019524,169,169,0.16247678018575853,,,,,,,,False
B2_corrected,pointnet2,proto,subject,f1_class::Cockayne Syndrome,0.6530793650793651,0.15330813326063267,0.44000000000000006,0.8706349206349205,5,0.08366829728714634,169,169,0.4306349206349205,,,,,,,,False
B2_corrected,pointnet2,proto,subject,f1_class::Cohen Syndrome,0.6818124098124099,0.15160846628297786,0.4688888888888889,0.888888888888889,5,0.0687843010002144,169,169,0.42000000000000004,,,,,,,,False
B2_corrected,pointnet2,proto,subject,f1_class::Costello Syndrome,0.4811216932362443,0.05817611473680482,0.409047619047619,0.5321678321678321,5,0.06386329585356708,169,169,0.12312021312021315,,,,,,,,False
B2_corrected,pointnet2,proto,subject,f1_class::Crouzon Syndrome,0.0,0.0,0.0,0.0,5,0.0,169,169,0.0,,,,,,,,False
B2_corrected,pointnet2,proto,subject,f1_class::Down Syndrome,0.6878432057084809,0.04458212106050443,0.6462121212121212,0.752020202020202,5,0.024460199208667554,169,169,0.1058080808080808,,,,,,,,False
B2_corrected,pointnet2,proto,subject,f1_class::Ehlers-Danlos Syndrome,0.349995337995338,0.13707088904319045,0.22333333333333333,0.5413986013986014,5,0.0352378070613036,169,169,0.3180652680652681,,,,,,,,False
B2_corrected,pointnet2,proto,subject,"f1_class::Facial Dysmorphia, possibly genetic",0.15166235725059252,0.1055919054913233,0.05,0.31384615384615383,5,0.10096364044928392,169,169,0.26384615384615384,,,,,,,,False
B2_corrected,pointnet2,proto,subject,f1_class::Jacobsen Syndrome,0.3380981240981241,0.1462018663566049,0.20080808080808082,0.5476190476190477,5,0.0786653272355527,169,169,0.34681096681096685,,,,,,,,False
B2_corrected,pointnet2,proto,subject,f1_class::Joubert Syndrome,0.3134764943406752,0.05810404441281461,0.25297361049683026,0.40306563510224824,5,0.05346037156931349,169,169,0.15009202460541798,,,,,,,,False
B2_corrected,pointnet2,proto,subject,f1_class::Loeys-Dietz Syndrome,0.4109134786781845,0.11301529820163865,0.2983682983682983,0.5591176470588235,5,0.06617021531523075,169,169,0.2607493486905252,,,,,,,,False
B2_corrected,pointnet2,proto,subject,f1_class::Marfan Syndrome,0.46678121775025794,0.08632076540769774,0.35447712418300653,0.5930650154798761,5,0.0600335641828354,169,169,0.23858789129686958,,,,,,,,False
B2_corrected,pointnet2,proto,subject,f1_class::Mucopolysaccharidosis type IIIB (Sanfilippo B),0.0,0.0,0.0,0.0,5,0.0,169,169,0.0,,,,,,,,False
B2_corrected,pointnet2,proto,subject,f1_class::Noonan Syndrome,0.3446823046234811,0.08758207431153502,0.19230769230769226,0.4064285714285714,5,0.04909764480397981,169,169,0.21412087912087915,,,,,,,,False
B2_corrected,pointnet2,proto,subject,f1_class::Pallister-Killian Syndrome,0.5358827838827838,0.07924097858182481,0.43809523809523804,0.6564102564102564,5,0.05893236377847959,169,169,0.21831501831501837,,,,,,,,False
B2_corrected,pointnet2,proto,subject,f1_class::Phelan McDermid Syndrome,0.838486202330596,0.029275918916526183,0.807218045112782,0.87953216374269,5,0.033994540067534,169,169,0.07231411862990811,,,,,,,,False
B2_corrected,pointnet2,proto,subject,f1_class::Pitt Hopkins,0.45766233766233766,0.10852872706622181,0.36777777777777776,0.6142857142857142,5,0.07602107043755904,169,169,0.24650793650793645,,,,,,,,False
B2_corrected,pointnet2,proto,subject,f1_class::Rett Syndrome,0.24079365079365078,0.22040112655919286,0.10714285714285714,0.6214285714285714,5,0.1824144882290307,169,169,0.5142857142857143,,,,,,,,False
B2_corrected,pointnet2,proto,subject,f1_class::Rubinstein-Taybi Syndrome,0.31085714285714283,0.3152004005660634,0.0,0.740952380952381,5,0.053637418245782185,169,169,0.740952380952381,,,,,,,,False
B2_corrected,pointnet2,proto,subject,f1_class::Smith-Lemli-Opitz,0.19098412698412698,0.13955362016076403,0.0,0.3466666666666667,5,0.10771643105324011,169,169,0.3466666666666667,,,,,,,,False
B2_corrected,pointnet2,proto,subject,f1_class::Tetrasomy 18p,0.334952380952381,0.09113775120737463,0.21222222222222223,0.42000000000000004,5,0.047180741588663325,169,169,0.2077777777777778,,,,,,,,False
B2_corrected,pointnet2,proto,subject,f1_class::Trisomy 18,0.4158095238095238,0.1415329100451564,0.3066666666666667,0.6599999999999999,5,0.11026374813431206,169,169,0.3533333333333332,,,,,,,,False
B2_corrected,pointnet2,proto,subject,f1_class::Turner Syndrome,0.14552380952380953,0.19948959815800582,0.0,0.3771428571428571,5,0.020064318893533377,169,169,0.3771428571428571,,,,,,,,False
B2_corrected,pointnet2,proto,subject,f1_class::Williams Syndrome,0.31791403388791994,0.05893623378529684,0.24189542483660129,0.3863553113553113,5,0.054366954567683715,169,169,0.14445988651871003,,,,,,,,False
B2_corrected,pointnet2,proto,subject,macro_auc,0.8937218627922231,0.0073461403509653975,0.8807045727204894,0.8986374468312907,5,0.004061161359123465,169,169,0.017932874110801245,0.8753989402996067,0.9244414054813344,0.04904246518172761,0.8967464979205587,0.8812962404805081,0.9236124711047592,0.41173119268516745,True
B2_corrected,pointnet2,proto,subject,macro_f1,0.35388943498345116,0.03947619789988492,0.31281088662376977,0.4124837395649569,5,0.014990152810547719,169,169,0.0996728529411871,0.28549402060385753,0.4198497115163257,0.13435569091246818,0.3408834266817659,0.2727777734622372,0.4125865114196054,-0.32946456329633406,True
B2_corrected,pointnet2,proto,subject,top3_accuracy,0.6788165680473373,0.022680559050252073,0.6437869822485208,0.7029585798816568,5,0.013968606149123042,169,169,0.05917159763313595,0.6115917159763314,0.7417810650887573,0.13018934911242586,,,,,False
B2_corrected,pointnet2,proto,subject,top5_accuracy,0.7836686390532545,0.014837801674468567,0.7680473372781066,0.8035502958579881,5,0.016036691556973758,169,169,0.035502958579881505,0.7242366863905325,0.8381065088757396,0.11386982248520705,,,,,False
B2_corrected,pointnet2,softmax,scan,accuracy,0.29507368421052627,0.029438174097297976,0.2631578947368421,0.3389473684210526,5,0.009724279039463912,475,169,0.07578947368421052,0.2457312856866592,0.3448312203003696,0.09909993461371042,0.2909473684210527,0.2418698701851835,0.344103237095363,-0.1401688765014923,True
B2_corrected,pointnet2,softmax,scan,f1_class::4p Deletion Wolff-Hirschhorn Syndrome,0.11133806176772928,0.1421348099172299,0.0,0.35820512820512823,5,0.048097304620812416,475,169,0.35820512820512823,,,,,,,,False
B2_corrected,pointnet2,softmax,scan,f1_class::5p-,0.33553960154202445,0.10592322596493252,0.23693040242239327,0.48471177944862154,5,0.047998161206747915,475,169,0.24778137702622827,,,,,,,,False
B2_corrected,pointnet2,softmax,scan,f1_class::Achondroplasia,0.4153467719825913,0.045878364194038346,0.37604417088288056,0.4883730359369959,5,0.042774156019382795,475,169,0.11232886505411532,,,,,,,,False
B2_corrected,pointnet2,softmax,scan,f1_class::Angelman Syndrome,0.13476610276548354,0.04412499414696359,0.08827705627705626,0.19166666666666665,5,0.0482412835190115,475,169,0.10338961038961039,,,,,,,,False
B2_corrected,pointnet2,softmax,scan,f1_class::Apert Syndrome,0.0,0.0,0.0,0.0,5,0.0,475,169,0.0,,,,,,,,False
B2_corrected,pointnet2,softmax,scan,f1_class::Bohring-Opitz Syndrome,0.25039502327737617,0.0728398348622362,0.1424242424242424,0.3278431372549019,5,0.10554695139916434,475,169,0.1854188948306595,,,,,,,,False
B2_corrected,pointnet2,softmax,scan,f1_class::CDKL5,0.0,0.0,0.0,0.0,5,0.0,475,169,0.0,,,,,,,,False
B2_corrected,pointnet2,softmax,scan,f1_class::CFC,0.19542765964993067,0.16454485563570606,0.0,0.373859649122807,5,0.0442723458976769,475,169,0.373859649122807,,,,,,,,False
B2_corrected,pointnet2,softmax,scan,f1_class::CHARGE Syndrome,0.06912470709512519,0.07020618070010774,0.0,0.1654067197170645,5,0.022011265124305415,475,169,0.1654067197170645,,,,,,,,False
B2_corrected,pointnet2,softmax,scan,f1_class::CdLS,0.10572403883513708,0.09249938256902127,0.0,0.2466869182658656,5,0.03558905186547613,475,169,0.2466869182658656,,,,,,,,False
B2_corrected,pointnet2,softmax,scan,f1_class::Cockayne Syndrome,0.5064290165279892,0.05240691140632655,0.4383028762116637,0.5775444065766646,5,0.06041154039807367,475,169,0.13924153036500092,,,,,,,,False
B2_corrected,pointnet2,softmax,scan,f1_class::Cohen Syndrome,0.43506991169749787,0.05767068278027688,0.3750208986415883,0.5305747126436782,5,0.056141873913347726,475,169,0.1555538140020899,,,,,,,,False
B2_corrected,pointnet2,softmax,scan,f1_class::Costello Syndrome,0.3379570745511997,0.032028221050172674,0.2898888604770957,0.37017984725301795,5,0.059223685682950576,475,169,0.08029098677592222,,,,,,,,False
B2_corrected,pointnet2,softmax,scan,f1_class::Crouzon Syndrome,0.24,0.30858098162754977,0.0,0.7666666666666666,5,0.2038434542505026,475,169,0.7666666666666666,,,,,,,,False
B2_corrected,pointnet2,softmax,scan,f1_class::Down Syndrome,0.5572567486305905,0.051945610623325804,0.4759151660664266,0.602912199681126,5,0.03201639610603553,475,169,0.12699703361469938,,,,,,,,False
B2_corrected,pointnet2,softmax,scan,f1_class::Ehlers-Danlos Syndrome,0.2353238160084034,0.07849251506230401,0.14297385620915032,0.3526817042606516,5,0.039125243070328296,475,169,0.20970784805150128,,,,,,,,False
B2_corrected,pointnet2,softmax,scan,"f1_class::Facial Dysmorphia, possibly genetic",0.15750693206132588,0.02691185206256768,0.13335584256300365,0.20032537679596502,5,0.05697157050075091,475,169,0.06696953423296137,,,,,,,,False
B2_corrected,pointnet2,softmax,scan,f1_class::Jacobsen Syndrome,0.2793296336232491,0.08381369045506532,0.18855270655270653,0.40543659621802003,5,0.04394801707615243,475,169,0.2168838896653135,,,,,,,,False
B2_corrected,pointnet2,softmax,scan,f1_class::Joubert Syndrome,0.20579328698253457,0.023197058582587263,0.16781609195402294,0.22574003543349025,5,0.025907873135992115,475,169,0.057923943479467305,,,,,,,,False
B2_corrected,pointnet2,softmax,scan,f1_class::Loeys-Dietz Syndrome,0.27331235047507796,0.06168357054379754,0.2001000625390869,0.34746919746919747,5,0.03618827247224389,475,169,0.14736913493011056,,,,,,,,False
B2_corrected,pointnet2,softmax,scan,f1_class::Marfan Syndrome,0.27378016509328473,0.11542123132857943,0.1182650029708853,0.4016336373219535,5,0.03970760187318408,475,169,0.2833686343510682,,,,,,,,False
B2_corrected,pointnet2,softmax,scan,f1_class::Mucopolysaccharidosis type IIIB (Sanfilippo B),0.023238095238095235,0.05196196061999511,0.0,0.11619047619047618,5,0.01640750892751088,475,169,0.11619047619047618,,,,,,,,False
B2_corrected,pointnet2,softmax,scan,f1_class::Noonan Syndrome,0.34288738763436966,0.04676502948662733,0.28361702505145125,0.4041931771023205,5,0.0345353169923525,475,169,0.12057615205086925,,,,,,,,False
B2_corrected,pointnet2,softmax,scan,f1_class::Pallister-Killian Syndrome,0.41112221108399993,0.04417983009339086,0.35313927451858484,0.47018239179729865,5,0.035197827293343406,475,169,0.1170431172787138,,,,,,,,False
B2_corrected,pointnet2,softmax,scan,f1_class::Phelan McDermid Syndrome,0.45648662057857725,0.08812009111331907,0.36742528443936895,0.5784092902957481,5,0.03879359236676459,475,169,0.2109840058563791,,,,,,,,False
B2_corrected,pointnet2,softmax,scan,f1_class::Pitt Hopkins,0.3914248897104027,0.04712954813744115,0.32553846153846155,0.4444444444444445,5,0.031248925209481214,475,169,0.11890598290598292,,,,,,,,False
B2_corrected,pointnet2,softmax,scan,f1_class::Rett Syndrome,0.12936187348544326,0.1322698140889619,0.0,0.34821005081874645,5,0.0494806146086199,475,169,0.34821005081874645,,,,,,,,False
B2_corrected,pointnet2,softmax,scan,f1_class::Rubinstein-Taybi Syndrome,0.20286487506301745,0.08761170801643617,0.10969696969696967,0.3076676986584107,5,0.08467227845068766,475,169,0.19797072896144102,,,,,,,,False
B2_corrected,pointnet2,softmax,scan,f1_class::Smith-Lemli-Opitz,0.046212121212121204,0.054638598922324796,0.0,0.1327272727272727,5,0.04949178608953041,475,169,0.1327272727272727,,,,,,,,False
B2_corrected,pointnet2,softmax,scan,f1_class::Tetrasomy 18p,0.3119767729195334,0.06021908938818045,0.26972122601397563,0.40871195081721395,5,0.03993113386992234,475,169,0.13899072480323832,,,,,,,,False
B2_corrected,pointnet2,softmax,scan,f1_class::Trisomy 18,0.3997138836395802,0.04059603604703517,0.3514912280701754,0.443235294117647,5,0.06824067223525634,475,169,0.0917440660474716,,,,,,,,False
B2_corrected,pointnet2,softmax,scan,f1_class::Turner Syndrome,0.12494822307260049,0.10971054257552175,0.0,0.259000442282176,5,0.04780084933011767,475,169,0.259000442282176,,,,,,,,False
B2_corrected,pointnet2,softmax,scan,f1_class::Williams Syndrome,0.2102866493906527,0.10351387528524554,0.03434343434343434,0.2948864468864469,5,0.0450587867819703,475,169,0.26054301254301254,,,,,,,,False
B2_corrected,pointnet2,softmax,scan,macro_auc,0.8446636222538629,0.008302875384398977,0.8365337085811528,0.8561029500232321,5,0.003338278660226917,475,169,0.019569241442079277,0.8250647763669349,0.8755511467762916,0.05048637040935677,0.8447260013231332,0.8289086576155344,0.8754811669336127,0.007512947790053874,True
B2_corrected,pointnet2,softmax,scan,macro_f1,0.24757407592711952,0.02659829646268802,0.21992192581707468,0.284685914451454,5,0.013530553753739811,475,169,0.06476398863437935,0.20606869184095392,0.29376386898983287,0.08769517714887895,0.2398801508812498,0.2037957965352682,0.2870257017408706,-0.28926382772906983,True
B2_corrected,pointnet2,softmax,scan,top3_accuracy,0.5439999999999999,0.020089550211511237,0.5204210526315789,0.5738947368421052,5,0.0054154995835632635,475,169,0.05347368421052634,0.4850551748783201,0.6011530465302799,0.11609787165195978,,,,,False
B2_corrected,pointnet2,softmax,scan,top5_accuracy,0.6685473684210527,0.02158772607055934,0.6391578947368421,0.6926315789473685,5,0.009460351452828105,475,169,0.05347368421052634,0.6098584911225539,0.7243627415648859,0.11450425044233203,,,,,False
B2_corrected,pointnet2,softmax,subject,accuracy,0.3981065088757396,0.04121334695323817,0.3467455621301775,0.45088757396449697,5,0.01502799280697896,169,169,0.10414201183431948,0.33039644970414195,0.46627810650887563,0.13588165680473369,0.3822485207100591,0.3171597633136095,0.4473372781065088,-0.38477797456424584,True
B2_corrected,pointnet2,softmax,subject,f1_class::4p Deletion Wolff-Hirschhorn Syndrome,0.08800000000000001,0.19677398201998153,0.0,0.44000000000000006,5,0.010954451150103319,169,169,0.44000000000000006,,,,,,,,False
B2_corrected,pointnet2,softmax,subject,f1_class::5p-,0.42734199134199136,0.15659395924551994,0.2038095238095238,0.6290909090909091,5,0.1163818775823092,169,169,0.42528138528138537,,,,,,,,False
B2_corrected,pointnet2,softmax,subject,f1_class::Achondroplasia,0.5784735859255983,0.04834239419942558,0.5117647058823529,0.6440935672514619,5,0.050725902460378426,169,169,0.13232886136910904,,,,,,,,False
B2_corrected,pointnet2,softmax,subject,f1_class::Angelman Syndrome,0.24352380952380953,0.2003850035802678,0.0,0.4,5,0.0800510538635698,169,169,0.4,,,,,,,,False
B2_corrected,pointnet2,softmax,subject,f1_class::Apert Syndrome,0.0,0.0,0.0,0.0,5,0.0,169,169,0.0,,,,,,,,False
B2_corrected,pointnet2,softmax,subject,f1_class::Bohring-Opitz Syndrome,0.38666666666666666,0.4482063017059096,0.0,0.9333333333333332,5,0.2086996778999804,169,169,0.9333333333333332,,,,,,,,False
B2_corrected,pointnet2,softmax,subject,f1_class::CDKL5,0.0,0.0,0.0,0.0,5,0.0,169,169,0.0,,,,,,,,False
B2_corrected,pointnet2,softmax,subject,f1_class::CFC,0.2967619047619048,0.32569242477459553,0.0,0.700952380952381,5,0.05702423175958893,169,169,0.700952380952381,,,,,,,,False
B2_corrected,pointnet2,softmax,subject,f1_class::CHARGE Syndrome,0.03454545454545453,0.03492087343245559,0.0,0.07272727272727272,5,0.05308172234278289,169,169,0.07272727272727272,,,,,,,,False
B2_corrected,pointnet2,softmax,subject,f1_class::CdLS,0.13677191436014963,0.10749305964777607,0.0,0.2857843137254902,5,0.045425777356241245,169,169,0.2857843137254902,,,,,,,,False
B2_corrected,pointnet2,softmax,subject,f1_class::Cockayne Syndrome,0.7503492063492063,0.11195222454016293,0.5952380952380952,0.8984126984126984,5,0.09838660474769292,169,169,0.3031746031746032,,,,,,,,False
B2_corrected,pointnet2,softmax,subject,f1_class::Cohen Syndrome,0.6882222222222223,0.10853350307622747,0.5714285714285714,0.861111111111111,5,0.059546673868819344,169,169,0.28968253968253965,,,,,,,,False
B2_corrected,pointnet2,softmax,subject,f1_class::Costello Syndrome,0.46943194060841115,0.10574059179936705,0.3715617715617715,0.6190476190476191,5,0.07964620808099507,169,169,0.24748584748584757,,,,,,,,False
B2_corrected,pointnet2,softmax,subject,f1_class::Crouzon Syndrome,0.3466666666666667,0.3927113726672838,0.0,1.0,5,0.25861571000101924,169,169,1.0,,,,,,,,False
B2_corrected,pointnet2,softmax,subject,f1_class::Down Syndrome,0.7053985258844674,0.03586163124230084,0.6461538461538462,0.7422813130386943,5,0.031210379609670026,169,169,0.09612746688484808,,,,,,,,False
B2_corrected,pointnet2,softmax,subject,f1_class::Ehlers-Danlos Syndrome,0.3053131313131313,0.07388450797233787,0.25,0.4307070707070707,5,0.0738148374495104,169,169,0.1807070707070707,,,,,,,,False
B2_corrected,pointnet2,softmax,subject,"f1_class::Facial Dysmorphia, possibly genetic",0.19912007043524066,0.031811502430599874,0.1496969696969697,0.23429965287550422,5,0.058779682377958366,169,169,0.08460268317853453,,,,,,,,False
B2_corrected,pointnet2,softmax,subject,f1_class::Jacobsen Syndrome,0.3836421356421357,0.11239237537654401,0.2735353535353535,0.5476190476190477,5,0.06496876421275055,169,169,0.27408369408369415,,,,,,,,False
B2_corrected,pointnet2,softmax,subject,f1_class::Joubert Syndrome,0.2694967106504492,0.024886862927604315,0.24884656084656082,0.31217391304347825,5,0.030490418980307677,169,169,0.06332735219691743,,,,,,,,False
B2_corrected,pointnet2,softmax,subject,f1_class::Loeys-Dietz Syndrome,0.41009823055603095,0.09648798607405819,0.29484620642515375,0.5310818713450292,5,0.05143992661647732,169,169,0.2362356649198754,,,,,,,,False
B2_corrected,pointnet2,softmax,subject,f1_class::Marfan Syndrome,0.2875359288114706,0.1599971115807221,0.07857142857142856,0.45142758857929133,5,0.05954921708430233,169,169,0.37285616000786276,,,,,,,,False
B2_corrected,pointnet2,softmax,subject,f1_class::Mucopolysaccharidosis type IIIB (Sanfilippo B),0.06,0.1341640786499874,0.0,0.3,5,0.08944271909999157,169,169,0.3,,,,,,,,False
B2_corrected,pointnet2,softmax,subject,f1_class::Noonan Syndrome,0.3241132201132201,0.018470909586014973,0.2996336996336996,0.35151515151515145,5,0.037073876304038925,169,169,0.05188145188145182,,,,,,,,False
B2_corrected,pointnet2,softmax,subject,f1_class::Pallister-Killian Syndrome,0.4966336862312094,0.05407861146130301,0.4219883040935672,0.5528205128205128,5,0.04483323741364152,169,169,0.13083220872694562,,,,,,,,False
B2_corrected,pointnet2,softmax,subject,f1_class::Phelan McDermid Syndrome,0.6588033920133799,0.1112981828587413,0.5389010989010988,0.835005574136009,5,0.08544503415985591,169,169,0.2961044752349101,,,,,,,,False
B2_corrected,pointnet2,softmax,subject,f1_class::Pitt Hopkins,0.45324098124098117,0.11604110228333105,0.3507070707070707,0.6476190476190476,5,0.048225053175616414,169,169,0.29691197691197696,,,,,,,,False
B2_corrected,pointnet2,softmax,subject,f1_class::Rett Syndrome,0.17104761904761906,0.24953980319517127,0.0,0.5942857142857143,5,0.08972762710692858,169,169,0.5942857142857143,,,,,,,,False
B2_corrected,pointnet2,softmax,subject,f1_class::Rubinstein-Taybi Syndrome,0.24933333333333332,0.2313054738267606,0.0,0.48,5,0.07725727701639648,169,169,0.48,,,,,,,,False
B2_corrected,pointnet2,softmax,subject,f1_class::Smith-Lemli-Opitz,0.02,0.044721359549995794,0.0,0.1,5,0.0447213595499958,169,169,0.1,,,,,,,,False
B2_corrected,pointnet2,softmax,subject,f1_class::Tetrasomy 18p,0.2817688977688978,0.059280098934503936,0.19521367521367522,0.33426573426573425,5,0.049624705844666064,169,169,0.13905205905205903,,,,,,,,False
B2_corrected,pointnet2,softmax,subject,f1_class::Trisomy 18,0.48266666666666663,0.14656056768449008,0.38666666666666666,0.74,5,0.05820310374588611,169,169,0.35333333333333333,,,,,,,,False
B2_corrected,pointnet2,softmax,subject,f1_class::Turner Syndrome,0.08476190476190475,0.12039240451855604,0.0,0.2571428571428571,5,0.060224193807834094,169,169,0.2571428571428571,,,,,,,,False
B2_corrected,pointnet2,softmax,subject,f1_class::Williams Syndrome,0.2155177041740509,0.1530418153464135,0.0,0.3923337756155093,5,0.0642997289615578,169,169,0.3923337756155093,,,,,,,,False
B2_corrected,pointnet2,softmax,subject,macro_auc,0.9033438007467879,0.003984855092079386,0.8987650174191406,0.9095743431450568,5,0.003135674251201078,169,169,0.010809325725916197,0.8812395138531413,0.9247937189658122,0.04355420511267094,0.9127109813952978,0.890862775395734,0.9301580669478106,2.350695428581304,False
B2_corrected,pointnet2,softmax,subject,macro_f1,0.3183408333823112,0.04788392217788178,0.26857476328781493,0.388177536944164,5,0.02417761041256703,169,169,0.11960277365634908,0.2540943557909447,0.3817569919712685,0.1276626361803238,0.2796041471485065,0.2274152623927168,0.3446874156321393,-0.8089706204496684,True
B2_corrected,pointnet2,softmax,subject,top3_accuracy,0.6215384615384616,0.03528929791182727,0.5905325443786982,0.6733727810650888,5,0.012647732192523515,169,169,0.08284023668639062,0.5536094674556213,0.6880532544378697,0.13444378698224835,,,,,False
B2_corrected,pointnet2,softmax,subject,top5_accuracy,0.7505325443786982,0.018923813315748494,0.7230769230769231,0.7763313609467456,5,0.014385983361271384,169,169,0.053254437869822535,0.6875739644970414,0.8097100591715976,0.1221360946745561,,,,,False
C_corrected,dgcnn,softmax,scan,accuracy,0.8841439956031877,0.005480880507368402,0.8788128606760099,0.8920032976092334,5,0.0,3639,2658,0.013190436933223415,0.8714968313754513,0.8963969510468145,0.024900119671363186,0.8955757076119814,0.8830656482533987,0.9068887192513092,2.0857437036667874,False
C_corrected,dgcnn,softmax,scan,f1_class::Affected,0.8624443874371354,0.007628092886719862,0.8541184254052266,0.8735927951109682,5,0.0,3639,2658,0.019474369705741568,,,,,,,,False
C_corrected,dgcnn,softmax,scan,f1_class::Unaffected,0.8998335102266696,0.0053019427550090314,0.8945978391356543,0.9057327896378028,5,0.0,3639,2658,0.011134950502148522,,,,,,,,False
C_corrected,dgcnn,softmax,scan,macro_auc,0.9522401473218697,0.0050605161288122934,0.9468316043682128,0.9579630663973552,5,0.0,3639,2658,0.011131462029142392,0.9439668797199534,0.9600154194700217,0.016048539750068258,0.960136905830683,0.9528553351457756,0.9670837862462178,1.5604650410760974,False
C_corrected,dgcnn,softmax,scan,macro_f1,0.8811389488319025,0.005657075388580832,0.875237826098618,0.8896627923743855,5,0.0,3639,2658,0.014424966275767503,0.8675875523406523,0.8938617974211731,0.026274245080520786,0.8936713696233616,0.8808069859328373,0.9054184394540172,2.2153533284630784,False
C_corrected,dgcnn,softmax,subject,accuracy,0.8930775018811137,0.007507505365226614,0.8863807373965388,0.9048156508653122,5,0.0,2658,2658,0.01843491346877346,0.8814127163280663,0.9042889390519188,0.02287622272385248,0.8987960872836719,0.8871331828442438,0.909706546275395,0.7617157929777373,True
C_corrected,dgcnn,softmax,subject,f1_class::Affected,0.79939563484128,0.011145097471505857,0.7857142857142857,0.8116157855547282,5,0.0,2658,2658,0.025901499840442543,,,,,,,,False
C_corrected,dgcnn,softmax,subject,f1_class::Unaffected,0.9270630532923384,0.0058594706634112325,0.9209837781266352,0.9363201610873396,5,0.0,2658,2658,0.015336382960704387,,,,,,,,False
C_corrected,dgcnn,softmax,subject,macro_auc,0.9479293131414082,0.00569849206909336,0.9417998166543144,0.953343059092768,5,0.0,2658,2658,0.011543242438453505,0.9389135596812628,0.95601767573981,0.017104116058547225,0.9557071283134464,0.9471766240517026,0.9627729310449644,1.3648900582353012,False
C_corrected,dgcnn,softmax,subject,macro_f1,0.8632293440668093,0.007905911430108747,0.8555853375833091,0.8739679733210339,5,0.0,2658,2658,0.018382635737724806,0.8480820369184713,0.8775402107969266,0.029458173878455285,0.8740067486378229,0.8596479761986989,0.8873303944236205,1.363208362032633,False
C_corrected,geommlp,softmax,scan,accuracy,0.8499587798845838,0.0015905244439118405,0.8477603737290464,0.8516075845012366,5,0.0,3639,2658,0.0038472107721901905,0.8349055598186219,0.8651641959305237,0.030258636111901827,0.8507831821929102,0.8356427288809694,0.8661418420717488,0.5183210553487484,True
C_corrected,geommlp,softmax,scan,f1_class::Affected,0.8231948596575466,0.0025798896234306666,0.8209437621202327,0.8263665594855305,5,0.0,3639,2658,0.005422797365297827,,,,,,,,False
C_corrected,geommlp,softmax,scan,f1_class::Unaffected,0.8696714080676626,0.0016925445748432713,0.8675908221797323,0.872024510959227,5,0.0,3639,2658,0.004433688779494682,,,,,,,,False
C_corrected,geommlp,softmax,scan,macro_auc,0.9129462075118496,0.0012036031534961395,0.91089984262555,0.9138497592786,5,0.0,3639,2658,0.00294991665305,0.9006682440630834,0.9246174978945287,0.023949253831445305,0.9130908453797584,0.9006418938202758,0.9249213580031796,0.12017072860652969,True
C_corrected,geommlp,softmax,scan,macro_f1,0.8464331338626045,0.0016692635276195134,0.8442672921499825,0.8484040091093679,5,0.0,3639,2658,0.004136716959385334,0.8302400349330666,0.8622351041433243,0.03199506921025763,0.8475493543493418,0.8315758465480902,0.8634668075357359,0.6686903944573783,True
C_corrected,geommlp,softmax,subject,accuracy,0.8635063957863055,0.002400171242699264,0.8600451467268623,0.8664409330323551,5,0.0,2658,2658,0.006395786305492868,0.8507148231753199,0.876826561324304,0.026111738148984154,0.8589164785553047,0.8457486832204665,0.8724604966139955,-1.9123290660873398,False
C_corrected,geommlp,softmax,subject,f1_class::Affected,0.7364949248979102,0.003059504794203518,0.7316017316017316,0.7400434467776973,5,0.0,2658,2658,0.008441715175965703,,,,,,,,False
C_corrected,geommlp,softmax,subject,f1_class::Unaffected,0.9078950298066901,0.0019080403744250673,0.9053435114503816,0.9105117217040584,5,0.0,2658,2658,0.005168210253676753,,,,,,,,False
C_corrected,geommlp,softmax,subject,macro_auc,0.899652696739944,0.0021399765222935257,0.8967645266337776,0.902500481044646,5,0.0,2658,2658,0.005735954410868382,0.8864832121214654,0.912128198496362,0.02564498637489654,0.897734663821126,0.8844362655972107,0.9102047477055992,-0.8962868979339657,True
C_corrected,geommlp,softmax,subject,macro_f1,0.8221949773523003,0.0022909704802021847,0.8184726215260567,0.8244054590940584,5,0.0,2658,2658,0.00593283756800167,0.8057205716558524,0.8385526286992698,0.032832057043417406,0.8169231518054674,0.8003095023114739,0.8329530475684885,-2.30113202784161,False
C_corrected,pointnet,softmax,scan,accuracy,0.8745809288266007,0.003760857109562633,0.8680956306677658,0.8774388568287991,5,0.0,3639,2658,0.009343226161033225,0.8614243939465833,0.8880753597028012,0.026650965756217837,0.875515251442704,0.8623645703632502,0.889378760790363,0.24843342591445453,True
C_corrected,pointnet,softmax,scan,f1_class::Affected,0.8474935445729658,0.005327275307143909,0.8394648829431438,0.8528052805280528,5,0.0,3639,2658,0.013340397584909014,,,,,,,,False
C_corrected,pointnet,softmax,scan,f1_class::Unaffected,0.8934849440058519,0.0030426294247477416,0.8880597014925373,0.895040369088812,5,0.0,3639,2658,0.006980667596274692,,,,,,,,False
C_corrected,pointnet,softmax,scan,macro_auc,0.9353117697822417,0.0040338938084748185,0.92850055637118,0.9383900463300936,5,0.0,3639,2658,0.009889489958913589,0.9248423651480373,0.9453204941864326,0.0204781290383953,0.9315312415930792,0.9202753558801008,0.9422612682175406,-0.937190805870993,True
C_corrected,pointnet,softmax,scan,macro_f1,0.8704892442894089,0.004031466039102521,0.8637622922178405,0.8739073483619548,5,0.0,3639,2658,0.010145056144114317,0.8561365020490396,0.8845170052032125,0.028380503154172954,0.871011174482221,0.8565638258680918,0.8852894548874791,0.12946411745745345,True
C_corrected,pointnet,softmax,subject,accuracy,0.88209179834462,0.005016616493839988,0.873589164785553,0.8856282919488337,5,0.0,2658,2658,0.012039127163280705,0.8697498118886381,0.894584273890143,0.024834462001504853,0.882242287434161,0.8702031602708804,0.8950338600451467,0.029998125175753506,True
C_corrected,pointnet,softmax,subject,f1_class::Affected,0.7634594531185691,0.00975041770788985,0.746606334841629,0.7719821162444114,5,0.0,2658,2658,0.025375781402782405,,,,,,,,False
C_corrected,pointnet,softmax,subject,f1_class::Unaffected,0.9214681565037532,0.0034634407111176274,0.9157894736842104,0.9243404678944748,5,0.0,2658,2658,0.008550994210264395,,,,,,,,False
C_corrected,pointnet,softmax,subject,macro_auc,0.9245597618408317,0.004885384373272226,0.9159148591215942,0.927284340185994,5,0.0,2658,2658,0.011369481064399833,0.9132629685019273,0.9355794732021527,0.022316504700225392,0.9166561800153205,0.9041677843291178,0.9282949846437788,-1.617801430067906,True
C_corrected,pointnet,softmax,subject,macro_f1,0.8424638048111612,0.006464591035868454,0.8311979042629197,0.847490806486574,5,0.0,2658,2658,0.016292902223654315,0.8262188523223049,0.8582730185336693,0.032054166211364477,0.8392154050981198,0.8224370629683664,0.856011758087765,-0.5024911390400246,True
C_corrected,pointnet2,softmax,scan,accuracy,0.9053586150041222,0.003010291604864865,0.9015663643858204,0.9088211046990932,5,0.0024333661275452996,3639,2658,0.007254740313272778,0.8947200491961563,0.9154326084110938,0.02071255921493742,0.902555647155812,0.8915838483051038,0.9132644358218432,-0.9311283477588418,True
C_corrected,pointnet2,softmax,scan,f1_class::Affected,0.8851836632746835,0.004208486889587522,0.8790766951727418,0.8902421118317994,5,0.0028317993912665073,3639,2658,0.01116541665905757,,,,,,,,False
C_corrected,pointnet2,softmax,scan,f1_class::Unaffected,0.91949601891257,0.0023929654418580024,0.9170019018501911,0.9220207351215173,5,0.002143754727668391,3639,2658,0.0050188332713261286,,,,,,,,False
C_corrected,pointnet2,softmax,scan,macro_auc,0.9625125734916316,0.00199424646330237,0.9595830043049649,0.9650746301576169,5,0.0004980713958463009,3639,2658,0.005491625852651949,0.9550493920480726,0.9693501440074254,0.014300751959352764,0.9601826332665856,0.9526058640228132,0.9671900628502532,-1.168331130540252,True
C_corrected,pointnet2,softmax,scan,macro_f1,0.9023398410936266,0.003230771144900377,0.8980392985114666,0.9061314234766582,5,0.0024776019404934373,3639,2658,0.008092124965191627,0.8910749119682142,0.9128320997363805,0.021757187768166264,0.9003287533391285,0.8885403425181276,0.9111576415538708,-0.6224791742592187,True
C_corrected,pointnet2,softmax,subject,accuracy,0.9145673438675697,0.0027950082193350027,0.9119638826185102,0.9182844243792324,5,0.0020211342999602584,2658,2658,0.006320541760722165,0.9045590669676449,0.92364258841234,0.019083521444695162,0.9100075244544772,0.8996990218209181,0.9193378480060196,-1.6314153860260763,False
C_corrected,pointnet2,softmax,subject,f1_class::Affected,0.8351445934936323,0.005924611512335502,0.8270211749604183,0.8406352719496054,5,0.0037528167689236175,2658,2658,0.013614096989187141,,,,,,,,False
C_corrected,pointnet2,softmax,subject,f1_class::Unaffected,0.9423365417144849,0.001958910100650369,0.940885845501142,0.9451291933215142,5,0.0013951687530659252,2658,2658,0.0042433478203722785,,,,,,,,False
C_corrected,pointnet2,softmax,subject,macro_auc,0.9593113489223504,0.0023813582047291664,0.9574729096872515,0.9633990870760314,5,0.0007758203381674491,2658,2658,0.005926177388779874,0.9516708533971702,0.9661035907640549,0.014432737366884774,0.9581947693070836,0.9504520481818944,0.9648846398946694,-0.4688835190982021,True
C_corrected,pointnet2,softmax,subject,macro_f1,0.8887405676040586,0.0037541895148353655,0.8839890065524159,0.8925699678129639,5,0.002556997032581029,2658,2658,0.008580961260548081,0.8759676584386469,0.9003668000266497,0.024399141588002826,0.886412331308396,0.8742211511924002,0.8978785801858297,-0.6201701556253721,True
