base_task,encoder,head,level,metric,train_seed,value,infer_seed_sd,n_infer_seeds,n_units,n_subjects
A1,dgcnn,softmax,scan,accuracy,1,0.8007774538386784,0.0,1,1029,1029
A1,dgcnn,softmax,scan,accuracy,2,0.6219630709426628,0.0,1,1029,1029
A1,dgcnn,softmax,scan,accuracy,3,0.6482021379980564,0.0,1,1029,1029
A1,dgcnn,softmax,scan,accuracy,4,0.7035957240038873,0.0,1,1029,1029
A1,dgcnn,softmax,scan,accuracy,5,0.6336248785228377,0.0,1,1029,1029
A1,dgcnn,softmax,scan,f1_class::Cleft Lip,1,0.0,0.0,1,1029,1029
A1,dgcnn,softmax,scan,f1_class::Cleft Lip,2,0.0,0.0,1,1029,1029
A1,dgcnn,softmax,scan,f1_class::Cleft Lip,3,0.0,0.0,1,1029,1029
A1,dgcnn,softmax,scan,f1_class::Cleft Lip,4,0.0689655172413793,0.0,1,1029,1029
A1,dgcnn,softmax,scan,f1_class::Cleft Lip,5,0.0,0.0,1,1029,1029
A1,dgcnn,softmax,scan,f1_class::Cleft Lip and Palate,1,0.0921052631578947,0.0,1,1029,1029
A1,dgcnn,softmax,scan,f1_class::Cleft Lip and Palate,2,0.2005141388174807,0.0,1,1029,1029
A1,dgcnn,softmax,scan,f1_class::Cleft Lip and Palate,3,0.1081081081081081,0.0,1,1029,1029
A1,dgcnn,softmax,scan,f1_class::Cleft Lip and Palate,4,0.2295081967213114,0.0,1,1029,1029
A1,dgcnn,softmax,scan,f1_class::Cleft Lip and Palate,5,0.2638888888888889,0.0,1,1029,1029
A1,dgcnn,softmax,scan,f1_class::Cleft Palate,1,0.0,0.0,1,1029,1029
A1,dgcnn,softmax,scan,f1_class::Cleft Palate,2,0.0512820512820512,0.0,1,1029,1029
A1,dgcnn,softmax,scan,f1_class::Cleft Palate,3,0.0689655172413793,0.0,1,1029,1029
A1,dgcnn,softmax,scan,f1_class::Cleft Palate,4,0.0,0.0,1,1029,1029
A1,dgcnn,softmax,scan,f1_class::Cleft Palate,5,0.0,0.0,1,1029,1029
A1,dgcnn,softmax,scan,f1_class::Unaffected,1,0.8909487459105779,0.0,1,1029,1029
A1,dgcnn,softmax,scan,f1_class::Unaffected,2,0.7739018087855297,0.0,1,1029,1029
A1,dgcnn,softmax,scan,f1_class::Unaffected,3,0.7955801104972375,0.0,1,1029,1029
A1,dgcnn,softmax,scan,f1_class::Unaffected,4,0.8307134220072552,0.0,1,1029,1029
A1,dgcnn,softmax,scan,f1_class::Unaffected,5,0.7752442996742671,0.0,1,1029,1029
A1,dgcnn,softmax,scan,macro_auc,1,0.5032794066256552,0.0,1,1029,1029
A1,dgcnn,softmax,scan,macro_auc,2,0.5686158709401933,0.0,1,1029,1029
A1,dgcnn,softmax,scan,macro_auc,3,0.5063084964045563,0.0,1,1029,1029
A1,dgcnn,softmax,scan,macro_auc,4,0.5967248245974297,0.0,1,1029,1029
A1,dgcnn,softmax,scan,macro_auc,5,0.5593488022212557,0.0,1,1029,1029
A1,dgcnn,softmax,scan,macro_f1,1,0.2457635022671181,0.0,1,1029,1029
A1,dgcnn,softmax,scan,macro_f1,2,0.2564244997212654,0.0,1,1029,1029
A1,dgcnn,softmax,scan,macro_f1,3,0.2431634339616812,0.0,1,1029,1029
A1,dgcnn,softmax,scan,macro_f1,4,0.2822967839924865,0.0,1,1029,1029
A1,dgcnn,softmax,scan,macro_f1,5,0.259783297140789,0.0,1,1029,1029
A1,geommlp,softmax,scan,accuracy,1,0.5743440233236151,0.0,1,1029,1029
A1,geommlp,softmax,scan,accuracy,2,0.6355685131195336,0.0,1,1029,1029
A1,geommlp,softmax,scan,accuracy,3,0.5568513119533528,0.0,1,1029,1029
A1,geommlp,softmax,scan,accuracy,4,0.5821185617103984,0.0,1,1029,1029
A1,geommlp,softmax,scan,accuracy,5,0.5860058309037901,0.0,1,1029,1029
A1,geommlp,softmax,scan,f1_class::Cleft Lip,1,0.0620155038759689,0.0,1,1029,1029
A1,geommlp,softmax,scan,f1_class::Cleft Lip,2,0.0879120879120879,0.0,1,1029,1029
A1,geommlp,softmax,scan,f1_class::Cleft Lip,3,0.0655737704918032,0.0,1,1029,1029
A1,geommlp,softmax,scan,f1_class::Cleft Lip,4,0.0625,0.0,1,1029,1029
A1,geommlp,softmax,scan,f1_class::Cleft Lip,5,0.1098901098901098,0.0,1,1029,1029
A1,geommlp,softmax,scan,f1_class::Cleft Lip and Palate,1,0.2291021671826625,0.0,1,1029,1029
A1,geommlp,softmax,scan,f1_class::Cleft Lip and Palate,2,0.131578947368421,0.0,1,1029,1029
A1,geommlp,softmax,scan,f1_class::Cleft Lip and Palate,3,0.1813471502590673,0.0,1,1029,1029
A1,geommlp,softmax,scan,f1_class::Cleft Lip and Palate,4,0.2156862745098039,0.0,1,1029,1029
A1,geommlp,softmax,scan,f1_class::Cleft Lip and Palate,5,0.2387267904509283,0.0,1,1029,1029
A1,geommlp,softmax,scan,f1_class::Cleft Palate,1,0.0601503759398496,0.0,1,1029,1029
A1,geommlp,softmax,scan,f1_class::Cleft Palate,2,0.0864197530864197,0.0,1,1029,1029
A1,geommlp,softmax,scan,f1_class::Cleft Palate,3,0.0454545454545454,0.0,1,1029,1029
A1,geommlp,softmax,scan,f1_class::Cleft Palate,4,0.0747663551401869,0.0,1,1029,1029
A1,geommlp,softmax,scan,f1_class::Cleft Palate,5,0.0930232558139534,0.0,1,1029,1029
A1,geommlp,softmax,scan,f1_class::Unaffected,1,0.7413441955193483,0.0,1,1029,1029
A1,geommlp,softmax,scan,f1_class::Unaffected,2,0.7964489537095751,0.0,1,1029,1029
A1,geommlp,softmax,scan,f1_class::Unaffected,3,0.7277701778385773,0.0,1,1029,1029
A1,geommlp,softmax,scan,f1_class::Unaffected,4,0.7501683501683502,0.0,1,1029,1029
A1,geommlp,softmax,scan,f1_class::Unaffected,5,0.7488021902806297,0.0,1,1029,1029
A1,geommlp,softmax,scan,macro_auc,1,0.5781841300336256,0.0,1,1029,1029
A1,geommlp,softmax,scan,macro_auc,2,0.6061899771461129,0.0,1,1029,1029
A1,geommlp,softmax,scan,macro_auc,3,0.577400076274474,0.0,1,1029,1029
A1,geommlp,softmax,scan,macro_auc,4,0.59481536869334,0.0,1,1029,1029
A1,geommlp,softmax,scan,macro_auc,5,0.6118685724878107,0.0,1,1029,1029
A1,geommlp,softmax,scan,macro_f1,1,0.2731530606294574,0.0,1,1029,1029
A1,geommlp,softmax,scan,macro_f1,2,0.275589935519126,0.0,1,1029,1029
A1,geommlp,softmax,scan,macro_f1,3,0.2550364110109983,0.0,1,1029,1029
A1,geommlp,softmax,scan,macro_f1,4,0.2757802449545852,0.0,1,1029,1029
A1,geommlp,softmax,scan,macro_f1,5,0.2976105866089054,0.0,1,1029,1029
A1,pointnet,softmax,scan,accuracy,1,0.7055393586005831,0.0,1,1029,1029
A1,pointnet,softmax,scan,accuracy,2,0.7959183673469388,0.0,1,1029,1029
A1,pointnet,softmax,scan,accuracy,3,0.6219630709426628,0.0,1,1029,1029
A1,pointnet,softmax,scan,accuracy,4,0.7793974732750243,0.0,1,1029,1029
A1,pointnet,softmax,scan,accuracy,5,0.7687074829931972,0.0,1,1029,1029
A1,pointnet,softmax,scan,f1_class::Cleft Lip,1,0.0,0.0,1,1029,1029
A1,pointnet,softmax,scan,f1_class::Cleft Lip,2,0.0,0.0,1,1029,1029
A1,pointnet,softmax,scan,f1_class::Cleft Lip,3,0.0,0.0,1,1029,1029
A1,pointnet,softmax,scan,f1_class::Cleft Lip,4,0.0,0.0,1,1029,1029
A1,pointnet,softmax,scan,f1_class::Cleft Lip,5,0.0,0.0,1,1029,1029
A1,pointnet,softmax,scan,f1_class::Cleft Lip and Palate,1,0.1333333333333333,0.0,1,1029,1029
A1,pointnet,softmax,scan,f1_class::Cleft Lip and Palate,2,0.0264900662251655,0.0,1,1029,1029
A1,pointnet,softmax,scan,f1_class::Cleft Lip and Palate,3,0.1584158415841584,0.0,1,1029,1029
A1,pointnet,softmax,scan,f1_class::Cleft Lip and Palate,4,0.0883977900552486,0.0,1,1029,1029
A1,pointnet,softmax,scan,f1_class::Cleft Lip and Palate,5,0.099009900990099,0.0,1,1029,1029
A1,pointnet,softmax,scan,f1_class::Cleft Palate,1,0.0,0.0,1,1029,1029
A1,pointnet,softmax,scan,f1_class::Cleft Palate,2,0.0,0.0,1,1029,1029
A1,pointnet,softmax,scan,f1_class::Cleft Palate,3,0.0,0.0,1,1029,1029
A1,pointnet,softmax,scan,f1_class::Cleft Palate,4,0.0,0.0,1,1029,1029
A1,pointnet,softmax,scan,f1_class::Cleft Palate,5,0.0,0.0,1,1029,1029
A1,pointnet,softmax,scan,f1_class::Unaffected,1,0.8273844353423054,0.0,1,1029,1029
A1,pointnet,softmax,scan,f1_class::Unaffected,2,0.8865979381443299,0.0,1,1029,1029
A1,pointnet,softmax,scan,f1_class::Unaffected,3,0.7647798742138365,0.0,1,1029,1029
A1,pointnet,softmax,scan,f1_class::Unaffected,4,0.875896304467733,0.0,1,1029,1029
A1,pointnet,softmax,scan,f1_class::Unaffected,5,0.8716517857142857,0.0,1,1029,1029
A1,pointnet,softmax,scan,macro_auc,1,0.5042820764800162,0.0,1,1029,1029
A1,pointnet,softmax,scan,macro_auc,2,0.5005889420338898,0.0,1,1029,1029
A1,pointnet,softmax,scan,macro_auc,3,0.4914157474893528,0.0,1,1029,1029
A1,pointnet,softmax,scan,macro_auc,4,0.523483620659425,0.0,1,1029,1029
A1,pointnet,softmax,scan,macro_auc,5,0.488893226122471,0.0,1,1029,1029
A1,pointnet,softmax,scan,macro_f1,1,0.2401794421689096,0.0,1,1029,1029
A1,pointnet,softmax,scan,macro_f1,2,0.2282720010923738,0.0,1,1029,1029
A1,pointnet,softmax,scan,macro_f1,3,0.2307989289494987,0.0,1,1029,1029
A1,pointnet,softmax,scan,macro_f1,4,0.2410735236307454,0.0,1,1029,1029
A1,pointnet,softmax,scan,macro_f1,5,0.2426654216760961,0.0,1,1029,1029
A1,pointnet2,softmax,scan,accuracy,1,0.681438289601555,0.010108768609481702,5,1029,1029
A1,pointnet2,softmax,scan,accuracy,2,0.6866861030126337,0.00943714160257356,5,1029,1029
A1,pointnet2,softmax,scan,accuracy,3,0.7636540330417881,0.005641564732244895,5,1029,1029
A1,pointnet2,softmax,scan,accuracy,4,0.7137026239067056,0.004690969246315708,5,1029,1029
A1,pointnet2,softmax,scan,accuracy,5,0.7315840621963071,0.0017384396326529223,5,1029,1029
A1,pointnet2,softmax,scan,f1_class::Cleft Lip,1,0.0,0.0,5,1029,1029
A1,pointnet2,softmax,scan,f1_class::Cleft Lip,2,0.0,0.0,5,1029,1029
A1,pointnet2,softmax,scan,f1_class::Cleft Lip,3,0.0,0.0,5,1029,1029
A1,pointnet2,softmax,scan,f1_class::Cleft Lip,4,0.028128460686600198,0.04172783338308279,5,1029,1029
A1,pointnet2,softmax,scan,f1_class::Cleft Lip,5,0.0,0.0,5,1029,1029
A1,pointnet2,softmax,scan,f1_class::Cleft Lip and Palate,1,0.18372840674541768,0.027976119832350033,5,1029,1029
A1,pointnet2,softmax,scan,f1_class::Cleft Lip and Palate,2,0.1101250143139864,0.027552613803223637,5,1029,1029
A1,pointnet2,softmax,scan,f1_class::Cleft Lip and Palate,3,0.1161629753241177,0.020747754696747125,5,1029,1029
A1,pointnet2,softmax,scan,f1_class::Cleft Lip and Palate,4,0.182409654189041,0.011471454567227717,5,1029,1029
A1,pointnet2,softmax,scan,f1_class::Cleft Lip and Palate,5,0.05496764438293668,0.004449033200750127,5,1029,1029
A1,pointnet2,softmax,scan,f1_class::Cleft Palate,1,0.0,0.0,5,1029,1029
A1,pointnet2,softmax,scan,f1_class::Cleft Palate,2,0.0,0.0,5,1029,1029
A1,pointnet2,softmax,scan,f1_class::Cleft Palate,3,0.0,0.0,5,1029,1029
A1,pointnet2,softmax,scan,f1_class::Cleft Palate,4,0.0,0.0,5,1029,1029
A1,pointnet2,softmax,scan,f1_class::Cleft Palate,5,0.0,0.0,5,1029,1029
A1,pointnet2,softmax,scan,f1_class::Unaffected,1,0.8114183774500715,0.00700872073512138,5,1029,1029
A1,pointnet2,softmax,scan,f1_class::Unaffected,2,0.8168047642519219,0.005976898265055612,5,1029,1029
A1,pointnet2,softmax,scan,f1_class::Unaffected,3,0.8672593426272582,0.0037104024522464306,5,1029,1029
A1,pointnet2,softmax,scan,f1_class::Unaffected,4,0.8370368342491942,0.0022421695193786425,5,1029,1029
A1,pointnet2,softmax,scan,f1_class::Unaffected,5,0.8476031107245635,0.001351457491732467,5,1029,1029
A1,pointnet2,softmax,scan,macro_auc,1,0.5085899539099336,0.0082583154629837,5,1029,1029
A1,pointnet2,softmax,scan,macro_auc,2,0.4752102411683198,0.007284775417039512,5,1029,1029
A1,pointnet2,softmax,scan,macro_auc,3,0.5258715448832908,0.019753331613907816,5,1029,1029
A1,pointnet2,softmax,scan,macro_auc,4,0.5125521829917066,0.010667723887963988,5,1029,1029
A1,pointnet2,softmax,scan,macro_auc,5,0.4711719070400001,0.012900273901590596,5,1029,1029
A1,pointnet2,softmax,scan,macro_f1,1,0.24878669604887227,0.008017430309585197,5,1029,1029
A1,pointnet2,softmax,scan,macro_f1,2,0.2317324446414771,0.008149998501931233,5,1029,1029
A1,pointnet2,softmax,scan,macro_f1,3,0.24585557948784395,0.005786411306306795,5,1029,1029
A1,pointnet2,softmax,scan,macro_f1,4,0.26189373728120885,0.013441433638118101,5,1029,1029
A1,pointnet2,softmax,scan,macro_f1,5,0.22564268877687504,0.00121094311133867,5,1029,1029
A1_fix,dgcnn,softmax,scan,accuracy,1,0.652089407191448,0.0,1,1029,1029
A1_fix,dgcnn,softmax,scan,accuracy,2,0.7589893100097181,0.0,1,1029,1029
A1_fix,dgcnn,softmax,scan,accuracy,3,0.7891156462585034,0.0,1,1029,1029
A1_fix,dgcnn,softmax,scan,accuracy,4,0.7482993197278912,0.0,1,1029,1029
A1_fix,dgcnn,softmax,scan,accuracy,5,0.543245869776482,0.0,1,1029,1029
A1_fix,dgcnn,softmax,scan,f1_class::Cleft Lip,1,0.1269841269841269,0.0,1,1029,1029
A1_fix,dgcnn,softmax,scan,f1_class::Cleft Lip,2,0.0,0.0,1,1029,1029
A1_fix,dgcnn,softmax,scan,f1_class::Cleft Lip,3,0.0425531914893617,0.0,1,1029,1029
A1_fix,dgcnn,softmax,scan,f1_class::Cleft Lip,4,0.0416666666666666,0.0,1,1029,1029
A1_fix,dgcnn,softmax,scan,f1_class::Cleft Lip,5,0.0519480519480519,0.0,1,1029,1029
A1_fix,dgcnn,softmax,scan,f1_class::Cleft Lip and Palate,1,0.3103448275862069,0.0,1,1029,1029
A1_fix,dgcnn,softmax,scan,f1_class::Cleft Lip and Palate,2,0.3297491039426523,0.0,1,1029,1029
A1_fix,dgcnn,softmax,scan,f1_class::Cleft Lip and Palate,3,0.1724137931034483,0.0,1,1029,1029
A1_fix,dgcnn,softmax,scan,f1_class::Cleft Lip and Palate,4,0.2727272727272727,0.0,1,1029,1029
A1_fix,dgcnn,softmax,scan,f1_class::Cleft Lip and Palate,5,0.2440318302387268,0.0,1,1029,1029
A1_fix,dgcnn,softmax,scan,f1_class::Cleft Palate,1,0.0714285714285714,0.0,1,1029,1029
A1_fix,dgcnn,softmax,scan,f1_class::Cleft Palate,2,0.0377358490566037,0.0,1,1029,1029
A1_fix,dgcnn,softmax,scan,f1_class::Cleft Palate,3,0.0377358490566037,0.0,1,1029,1029
A1_fix,dgcnn,softmax,scan,f1_class::Cleft Palate,4,0.0547945205479452,0.0,1,1029,1029
A1_fix,dgcnn,softmax,scan,f1_class::Cleft Palate,5,0.050251256281407,0.0,1,1029,1029
A1_fix,dgcnn,softmax,scan,f1_class::Unaffected,1,0.793485342019544,0.0,1,1029,1029
A1_fix,dgcnn,softmax,scan,f1_class::Unaffected,2,0.8758949880668258,0.0,1,1029,1029
A1_fix,dgcnn,softmax,scan,f1_class::Unaffected,3,0.8912556053811659,0.0,1,1029,1029
A1_fix,dgcnn,softmax,scan,f1_class::Unaffected,4,0.8660766961651918,0.0,1,1029,1029
A1_fix,dgcnn,softmax,scan,f1_class::Unaffected,5,0.7202846975088968,0.0,1,1029,1029
A1_fix,dgcnn,softmax,scan,macro_auc,1,0.7027077599944673,0.0,1,1029,1029
A1_fix,dgcnn,softmax,scan,macro_auc,2,0.7110699615923833,0.0,1,1029,1029
A1_fix,dgcnn,softmax,scan,macro_auc,3,0.6619440277949095,0.0,1,1029,1029
A1_fix,dgcnn,softmax,scan,macro_auc,4,0.6874588043028607,0.0,1,1029,1029
A1_fix,dgcnn,softmax,scan,macro_auc,5,0.6561098408122941,0.0,1,1029,1029
A1_fix,dgcnn,softmax,scan,macro_f1,1,0.3255607170046123,0.0,1,1029,1029
A1_fix,dgcnn,softmax,scan,macro_f1,2,0.3108449852665205,0.0,1,1029,1029
A1_fix,dgcnn,softmax,scan,macro_f1,3,0.2859896097576448,0.0,1,1029,1029
A1_fix,dgcnn,softmax,scan,macro_f1,4,0.308816289026769,0.0,1,1029,1029
A1_fix,dgcnn,softmax,scan,macro_f1,5,0.2666289589942706,0.0,1,1029,1029
A1_fix,geommlp,softmax,scan,accuracy,1,0.5743440233236151,0.0,1,1029,1029
A1_fix,geommlp,softmax,scan,accuracy,2,0.6015549076773566,0.0,1,1029,1029
A1_fix,geommlp,softmax,scan,accuracy,3,0.5636540330417882,0.0,1,1029,1029
A1_fix,geommlp,softmax,scan,accuracy,4,0.5821185617103984,0.0,1,1029,1029
A1_fix,geommlp,softmax,scan,accuracy,5,0.5860058309037901,0.0,1,1029,1029
A1_fix,geommlp,softmax,scan,f1_class::Cleft Lip,1,0.0620155038759689,0.0,1,1029,1029
A1_fix,geommlp,softmax,scan,f1_class::Cleft Lip,2,0.1176470588235294,0.0,1,1029,1029
A1_fix,geommlp,softmax,scan,f1_class::Cleft Lip,3,0.1320754716981132,0.0,1,1029,1029
A1_fix,geommlp,softmax,scan,f1_class::Cleft Lip,4,0.0625,0.0,1,1029,1029
A1_fix,geommlp,softmax,scan,f1_class::Cleft Lip,5,0.1098901098901098,0.0,1,1029,1029
A1_fix,geommlp,softmax,scan,f1_class::Cleft Lip and Palate,1,0.2291021671826625,0.0,1,1029,1029
A1_fix,geommlp,softmax,scan,f1_class::Cleft Lip and Palate,2,0.2030075187969924,0.0,1,1029,1029
A1_fix,geommlp,softmax,scan,f1_class::Cleft Lip and Palate,3,0.1850746268656716,0.0,1,1029,1029
A1_fix,geommlp,softmax,scan,f1_class::Cleft Lip and Palate,4,0.2156862745098039,0.0,1,1029,1029
A1_fix,geommlp,softmax,scan,f1_class::Cleft Lip and Palate,5,0.2387267904509283,0.0,1,1029,1029
A1_fix,geommlp,softmax,scan,f1_class::Cleft Palate,1,0.0601503759398496,0.0,1,1029,1029
A1_fix,geommlp,softmax,scan,f1_class::Cleft Palate,2,0.0558659217877094,0.0,1,1029,1029
A1_fix,geommlp,softmax,scan,f1_class::Cleft Palate,3,0.0745341614906832,0.0,1,1029,1029
A1_fix,geommlp,softmax,scan,f1_class::Cleft Palate,4,0.0747663551401869,0.0,1,1029,1029
A1_fix,geommlp,softmax,scan,f1_class::Cleft Palate,5,0.0930232558139534,0.0,1,1029,1029
A1_fix,geommlp,softmax,scan,f1_class::Unaffected,1,0.7413441955193483,0.0,1,1029,1029
A1_fix,geommlp,softmax,scan,f1_class::Unaffected,2,0.7690271343481139,0.0,1,1029,1029
A1_fix,geommlp,softmax,scan,f1_class::Unaffected,3,0.7362637362637363,0.0,1,1029,1029
A1_fix,geommlp,softmax,scan,f1_class::Unaffected,4,0.7501683501683502,0.0,1,1029,1029
A1_fix,geommlp,softmax,scan,f1_class::Unaffected,5,0.7488021902806297,0.0,1,1029,1029
A1_fix,geommlp,softmax,scan,macro_auc,1,0.5781841300336256,0.0,1,1029,1029
A1_fix,geommlp,softmax,scan,macro_auc,2,0.5914688299136219,0.0,1,1029,1029
A1_fix,geommlp,softmax,scan,macro_auc,3,0.5720260676843287,0.0,1,1029,1029
A1_fix,geommlp,softmax,scan,macro_auc,4,0.59481536869334,0.0,1,1029,1029
A1_fix,geommlp,softmax,scan,macro_auc,5,0.6118685724878107,0.0,1,1029,1029
A1_fix,geommlp,softmax,scan,macro_f1,1,0.2731530606294574,0.0,1,1029,1029
A1_fix,geommlp,softmax,scan,macro_f1,2,0.2863869084390863,0.0,1,1029,1029
A1_fix,geommlp,softmax,scan,macro_f1,3,0.2819869990795511,0.0,1,1029,1029
A1_fix,geommlp,softmax,scan,macro_f1,4,0.2757802449545852,0.0,1,1029,1029
A1_fix,geommlp,softmax,scan,macro_f1,5,0.2976105866089054,0.0,1,1029,1029
A1_fix,pointnet,softmax,scan,accuracy,1,0.7764820213799806,0.0,1,1029,1029
A1_fix,pointnet,softmax,scan,accuracy,2,0.6015549076773566,0.0,1,1029,1029
A1_fix,pointnet,softmax,scan,accuracy,3,0.7755102040816326,0.0,1,1029,1029
A1_fix,pointnet,softmax,scan,accuracy,4,0.7793974732750243,0.0,1,1029,1029
A1_fix,pointnet,softmax,scan,accuracy,5,0.750242954324587,0.0,1,1029,1029
A1_fix,pointnet,softmax,scan,f1_class::Cleft Lip,1,0.0,0.0,1,1029,1029
A1_fix,pointnet,softmax,scan,f1_class::Cleft Lip,2,0.0,0.0,1,1029,1029
A1_fix,pointnet,softmax,scan,f1_class::Cleft Lip,3,0.0,0.0,1,1029,1029
A1_fix,pointnet,softmax,scan,f1_class::Cleft Lip,4,0.0,0.0,1,1029,1029
A1_fix,pointnet,softmax,scan,f1_class::Cleft Lip,5,0.0,0.0,1,1029,1029
A1_fix,pointnet,softmax,scan,f1_class::Cleft Lip and Palate,1,0.1128205128205128,0.0,1,1029,1029
A1_fix,pointnet,softmax,scan,f1_class::Cleft Lip and Palate,2,0.215633423180593,0.0,1,1029,1029
A1_fix,pointnet,softmax,scan,f1_class::Cleft Lip and Palate,3,0.0932642487046632,0.0,1,1029,1029
A1_fix,pointnet,softmax,scan,f1_class::Cleft Lip and Palate,4,0.0681818181818181,0.0,1,1029,1029
A1_fix,pointnet,softmax,scan,f1_class::Cleft Lip and Palate,5,0.1052631578947368,0.0,1,1029,1029
A1_fix,pointnet,softmax,scan,f1_class::Cleft Palate,1,0.0,0.0,1,1029,1029
A1_fix,pointnet,softmax,scan,f1_class::Cleft Palate,2,0.0472440944881889,0.0,1,1029,1029
A1_fix,pointnet,softmax,scan,f1_class::Cleft Palate,3,0.0,0.0,1,1029,1029
A1_fix,pointnet,softmax,scan,f1_class::Cleft Palate,4,0.0,0.0,1,1029,1029
A1_fix,pointnet,softmax,scan,f1_class::Cleft Palate,5,0.0,0.0,1,1029,1029
A1_fix,pointnet,softmax,scan,f1_class::Unaffected,1,0.8760422456920511,0.0,1,1029,1029
A1_fix,pointnet,softmax,scan,f1_class::Unaffected,2,0.7564018384766907,0.0,1,1029,1029
A1_fix,pointnet,softmax,scan,f1_class::Unaffected,3,0.8761799000555247,0.0,1,1029,1029
A1_fix,pointnet,softmax,scan,f1_class::Unaffected,4,0.8756875687568757,0.0,1,1029,1029
A1_fix,pointnet,softmax,scan,f1_class::Unaffected,5,0.8607021517553793,0.0,1,1029,1029
A1_fix,pointnet,softmax,scan,macro_auc,1,0.4687785668227147,0.0,1,1029,1029
A1_fix,pointnet,softmax,scan,macro_auc,2,0.5615248556472476,0.0,1,1029,1029
A1_fix,pointnet,softmax,scan,macro_auc,3,0.5608259312379318,0.0,1,1029,1029
A1_fix,pointnet,softmax,scan,macro_auc,4,0.5674355501350821,0.0,1,1029,1029
A1_fix,pointnet,softmax,scan,macro_auc,5,0.4958944599549733,0.0,1,1029,1029
A1_fix,pointnet,softmax,scan,macro_f1,1,0.247215689628141,0.0,1,1029,1029
A1_fix,pointnet,softmax,scan,macro_f1,2,0.2548198390363682,0.0,1,1029,1029
A1_fix,pointnet,softmax,scan,macro_f1,3,0.2423610371900469,0.0,1,1029,1029
A1_fix,pointnet,softmax,scan,macro_f1,4,0.2359673467346734,0.0,1,1029,1029
A1_fix,pointnet,softmax,scan,macro_f1,5,0.241491327412529,0.0,1,1029,1029
A1_fix,pointnet2,softmax,scan,accuracy,1,0.6089407191448007,0.005393367123619673,5,1029,1029
A1_fix,pointnet2,softmax,scan,accuracy,2,0.4787172011661808,0.004983821731762135,5,1029,1029
A1_fix,pointnet2,softmax,scan,accuracy,3,0.6040816326530611,0.004042105800405344,5,1029,1029
A1_fix,pointnet2,softmax,scan,accuracy,4,0.7364431486880466,0.0069876299367337275,5,1029,1029
A1_fix,pointnet2,softmax,scan,accuracy,5,0.7376093294460642,0.00659118560070483,5,1029,1029
A1_fix,pointnet2,softmax,scan,f1_class::Cleft Lip,1,0.0,0.0,5,1029,1029
A1_fix,pointnet2,softmax,scan,f1_class::Cleft Lip,2,0.0,0.0,5,1029,1029
A1_fix,pointnet2,softmax,scan,f1_class::Cleft Lip,3,0.08339917163446572,0.01928114426153677,5,1029,1029
A1_fix,pointnet2,softmax,scan,f1_class::Cleft Lip,4,0.0,0.0,5,1029,1029
A1_fix,pointnet2,softmax,scan,f1_class::Cleft Lip,5,0.0,0.0,5,1029,1029
A1_fix,pointnet2,softmax,scan,f1_class::Cleft Lip and Palate,1,0.2708698389343804,0.00665695241499724,5,1029,1029
A1_fix,pointnet2,softmax,scan,f1_class::Cleft Lip and Palate,2,0.22304925404717002,0.003048901643863287,5,1029,1029
A1_fix,pointnet2,softmax,scan,f1_class::Cleft Lip and Palate,3,0.34352324471548307,0.005014987385204123,5,1029,1029
A1_fix,pointnet2,softmax,scan,f1_class::Cleft Lip and Palate,4,0.17197082887001464,0.02135045027209357,5,1029,1029
A1_fix,pointnet2,softmax,scan,f1_class::Cleft Lip and Palate,5,0.1681335324158016,0.017395339899774,5,1029,1029
A1_fix,pointnet2,softmax,scan,f1_class::Cleft Palate,1,0.0,0.0,5,1029,1029
A1_fix,pointnet2,softmax,scan,f1_class::Cleft Palate,2,0.0733312956766692,0.024352883615583326,5,1029,1029
A1_fix,pointnet2,softmax,scan,f1_class::Cleft Palate,3,0.08868931797865695,0.02506280811158456,5,1029,1029
A1_fix,pointnet2,softmax,scan,f1_class::Cleft Palate,4,0.0,0.0,5,1029,1029
A1_fix,pointnet2,softmax,scan,f1_class::Cleft Palate,5,0.0,0.0,5,1029,1029
A1_fix,pointnet2,softmax,scan,f1_class::Unaffected,1,0.7531603830827786,0.005008915932444034,5,1029,1029
A1_fix,pointnet2,softmax,scan,f1_class::Unaffected,2,0.628657209569188,0.006318999075522668,5,1029,1029
A1_fix,pointnet2,softmax,scan,f1_class::Unaffected,3,0.7449771514921232,0.00441303093848278,5,1029,1029
A1_fix,pointnet2,softmax,scan,f1_class::Unaffected,4,0.8501858619913844,0.004444807386930644,5,1029,1029
A1_fix,pointnet2,softmax,scan,f1_class::Unaffected,5,0.8518834873493333,0.004743770658063675,5,1029,1029
A1_fix,pointnet2,softmax,scan,macro_auc,1,0.642118117626528,0.006057072893171142,5,1029,1029
A1_fix,pointnet2,softmax,scan,macro_auc,2,0.5761554146788759,0.005773956286568469,5,1029,1029
A1_fix,pointnet2,softmax,scan,macro_auc,3,0.7132131937144341,0.005266441150819946,5,1029,1029
A1_fix,pointnet2,softmax,scan,macro_auc,4,0.5818725637969403,0.021303665185204813,5,1029,1029
A1_fix,pointnet2,softmax,scan,macro_auc,5,0.5950578347283978,0.0055536626430193435,5,1029,1029
A1_fix,pointnet2,softmax,scan,macro_f1,1,0.25600755550428966,0.002161143707352025,5,1029,1029
A1_fix,pointnet2,softmax,scan,macro_f1,2,0.2312594398232568,0.004717594548343913,5,1029,1029
A1_fix,pointnet2,softmax,scan,macro_f1,3,0.31514722145518226,0.006195330416016623,5,1029,1029
A1_fix,pointnet2,softmax,scan,macro_f1,4,0.25553917271534976,0.005409735423217363,5,1029,1029
A1_fix,pointnet2,softmax,scan,macro_f1,5,0.2550042549412837,0.005111654761108172,5,1029,1029
A2,dgcnn,softmax,scan,accuracy,1,0.7640776699029126,0.0,1,1030,1030
A2,dgcnn,softmax,scan,accuracy,2,0.8009708737864077,0.0,1,1030,1030
A2,dgcnn,softmax,scan,accuracy,3,0.8135922330097087,0.0,1,1030,1030
A2,dgcnn,softmax,scan,accuracy,4,0.8262135922330097,0.0,1,1030,1030
A2,dgcnn,softmax,scan,accuracy,5,0.8223300970873786,0.0,1,1030,1030
A2,dgcnn,softmax,scan,f1_class::Affected,1,0.2789317507418398,0.0,1,1030,1030
A2,dgcnn,softmax,scan,f1_class::Affected,2,0.3843843843843844,0.0,1,1030,1030
A2,dgcnn,softmax,scan,f1_class::Affected,3,0.4782608695652174,0.0,1,1030,1030
A2,dgcnn,softmax,scan,f1_class::Affected,4,0.5601965601965602,0.0,1,1030,1030
A2,dgcnn,softmax,scan,f1_class::Affected,5,0.5850340136054422,0.0,1,1030,1030
A2,dgcnn,softmax,scan,f1_class::Unaffected,1,0.8589669181659896,0.0,1,1030,1030
A2,dgcnn,softmax,scan,f1_class::Unaffected,2,0.8812970469021424,0.0,1,1030,1030
A2,dgcnn,softmax,scan,f1_class::Unaffected,3,0.8865248226950354,0.0,1,1030,1030
A2,dgcnn,softmax,scan,f1_class::Unaffected,4,0.8917120387174834,0.0,1,1030,1030
A2,dgcnn,softmax,scan,f1_class::Unaffected,5,0.8869672637430512,0.0,1,1030,1030
A2,dgcnn,softmax,scan,macro_auc,1,0.5919846473692627,0.0,1,1030,1030
A2,dgcnn,softmax,scan,macro_auc,2,0.7511466496081881,0.0,1,1030,1030
A2,dgcnn,softmax,scan,macro_auc,3,0.8055461378538301,0.0,1,1030,1030
A2,dgcnn,softmax,scan,macro_auc,4,0.8334751319366704,0.0,1,1030,1030
A2,dgcnn,softmax,scan,macro_auc,5,0.8508236046697585,0.0,1,1030,1030
A2,dgcnn,softmax,scan,macro_f1,1,0.5689493344539147,0.0,1,1030,1030
A2,dgcnn,softmax,scan,macro_f1,2,0.6328407156432634,0.0,1,1030,1030
A2,dgcnn,softmax,scan,macro_f1,3,0.6823928461301264,0.0,1,1030,1030
A2,dgcnn,softmax,scan,macro_f1,4,0.7259542994570218,0.0,1,1030,1030
A2,dgcnn,softmax,scan,macro_f1,5,0.7360006386742467,0.0,1,1030,1030
A2,geommlp,softmax,scan,accuracy,1,0.6825242718446602,0.0,1,1030,1030
A2,geommlp,softmax,scan,accuracy,2,0.7,0.0,1,1030,1030
A2,geommlp,softmax,scan,accuracy,3,0.6786407766990291,0.0,1,1030,1030
A2,geommlp,softmax,scan,accuracy,4,0.658252427184466,0.0,1,1030,1030
A2,geommlp,softmax,scan,accuracy,5,0.670873786407767,0.0,1,1030,1030
A2,geommlp,softmax,scan,f1_class::Affected,1,0.3340122199592668,0.0,1,1030,1030
A2,geommlp,softmax,scan,f1_class::Affected,2,0.326797385620915,0.0,1,1030,1030
A2,geommlp,softmax,scan,f1_class::Affected,3,0.3340040241448692,0.0,1,1030,1030
A2,geommlp,softmax,scan,f1_class::Affected,4,0.3623188405797101,0.0,1,1030,1030
A2,geommlp,softmax,scan,f1_class::Affected,5,0.344294003868472,0.0,1,1030,1030
A2,geommlp,softmax,scan,f1_class::Unaffected,1,0.7915869980879541,0.0,1,1030,1030
A2,geommlp,softmax,scan,f1_class::Unaffected,2,0.8069956277326671,0.0,1,1030,1030
A2,geommlp,softmax,scan,f1_class::Unaffected,3,0.7882277671145234,0.0,1,1030,1030
A2,geommlp,softmax,scan,f1_class::Unaffected,4,0.76657824933687,0.0,1,1030,1030
A2,geommlp,softmax,scan,f1_class::Unaffected,5,0.7802981205443941,0.0,1,1030,1030
A2,geommlp,softmax,scan,macro_auc,1,0.6624084439469055,0.0,1,1030,1030
A2,geommlp,softmax,scan,macro_auc,2,0.6679289940828402,0.0,1,1030,1030
A2,geommlp,softmax,scan,macro_auc,3,0.6811450503758196,0.0,1,1030,1030
A2,geommlp,softmax,scan,macro_auc,4,0.6670206300975532,0.0,1,1030,1030
A2,geommlp,softmax,scan,macro_auc,5,0.663604669758516,0.0,1,1030,1030
A2,geommlp,softmax,scan,macro_f1,1,0.5627996090236105,0.0,1,1030,1030
A2,geommlp,softmax,scan,macro_f1,2,0.566896506676791,0.0,1,1030,1030
A2,geommlp,softmax,scan,macro_f1,3,0.5611158956296963,0.0,1,1030,1030
A2,geommlp,softmax,scan,macro_f1,4,0.5644485449582901,0.0,1,1030,1030
A2,geommlp,softmax,scan,macro_f1,5,0.562296062206433,0.0,1,1030,1030
A2,pointnet,softmax,scan,accuracy,1,0.7844660194174757,0.0,1,1030,1030
A2,pointnet,softmax,scan,accuracy,2,0.5475728155339806,0.0,1,1030,1030
A2,pointnet,softmax,scan,accuracy,3,0.7300970873786408,0.0,1,1030,1030
A2,pointnet,softmax,scan,accuracy,4,0.7135922330097088,0.0,1,1030,1030
A2,pointnet,softmax,scan,accuracy,5,0.6029126213592233,0.0,1,1030,1030
A2,pointnet,softmax,scan,f1_class::Affected,1,0.1461538461538461,0.0,1,1030,1030
A2,pointnet,softmax,scan,f1_class::Affected,2,0.2917933130699088,0.0,1,1030,1030
A2,pointnet,softmax,scan,f1_class::Affected,3,0.1524390243902439,0.0,1,1030,1030
A2,pointnet,softmax,scan,f1_class::Affected,4,0.2787286063569682,0.0,1,1030,1030
A2,pointnet,softmax,scan,f1_class::Affected,5,0.3413848631239936,0.0,1,1030,1030
A2,pointnet,softmax,scan,f1_class::Unaffected,1,0.8766666666666667,0.0,1,1030,1030
A2,pointnet,softmax,scan,f1_class::Unaffected,2,0.6676176890156919,0.0,1,1030,1030
A2,pointnet,softmax,scan,f1_class::Unaffected,3,0.8394919168591224,0.0,1,1030,1030
A2,pointnet,softmax,scan,f1_class::Unaffected,4,0.821320411871593,0.0,1,1030,1030
A2,pointnet,softmax,scan,f1_class::Unaffected,5,0.7157748436414176,0.0,1,1030,1030
A2,pointnet,softmax,scan,macro_auc,1,0.5229217975371822,0.0,1,1030,1030
A2,pointnet,softmax,scan,macro_auc,2,0.5410746841516072,0.0,1,1030,1030
A2,pointnet,softmax,scan,macro_auc,3,0.5370877978570286,0.0,1,1030,1030
A2,pointnet,softmax,scan,macro_auc,4,0.604298736606429,0.0,1,1030,1030
A2,pointnet,softmax,scan,macro_auc,5,0.6361426515272669,0.0,1,1030,1030
A2,pointnet,softmax,scan,macro_f1,1,0.5114102564102564,0.0,1,1030,1030
A2,pointnet,softmax,scan,macro_f1,2,0.4797055010428003,0.0,1,1030,1030
A2,pointnet,softmax,scan,macro_f1,3,0.4959654706246831,0.0,1,1030,1030
A2,pointnet,softmax,scan,macro_f1,4,0.5500245091142806,0.0,1,1030,1030
A2,pointnet,softmax,scan,macro_f1,5,0.5285798533827056,0.0,1,1030,1030
A2,pointnet2,softmax,scan,accuracy,1,0.7654368932038835,0.0031158847642487543,5,1030,1030
A2,pointnet2,softmax,scan,accuracy,2,0.6813592233009709,0.0018675130156962595,5,1030,1030
A2,pointnet2,softmax,scan,accuracy,3,0.6821359223300971,0.0027970602506578583,5,1030,1030
A2,pointnet2,softmax,scan,accuracy,4,0.7170873786407767,0.003039315697572524,5,1030,1030
A2,pointnet2,softmax,scan,accuracy,5,0.6409708737864077,0.005760154164734468,5,1030,1030
A2,pointnet2,softmax,scan,f1_class::Affected,1,0.17023602323826315,0.008703957573150421,5,1030,1030
A2,pointnet2,softmax,scan,f1_class::Affected,2,0.2557541915711937,0.006869495177035981,5,1030,1030
A2,pointnet2,softmax,scan,f1_class::Affected,3,0.20945104853301516,0.011781677698231609,5,1030,1030
A2,pointnet2,softmax,scan,f1_class::Affected,4,0.19809490267425606,0.008433900218505992,5,1030,1030
A2,pointnet2,softmax,scan,f1_class::Affected,5,0.2923297550290805,0.006053649654833361,5,1030,1030
A2,pointnet2,softmax,scan,f1_class::Unaffected,1,0.8634054565688775,0.00217344896327095,5,1030,1030
A2,pointnet2,softmax,scan,f1_class::Unaffected,2,0.7972819004625465,0.001210428459059819,5,1030,1030
A2,pointnet2,softmax,scan,f1_class::Unaffected,3,0.8010661823139562,0.0020436534871922686,5,1030,1030
A2,pointnet2,softmax,scan,f1_class::Unaffected,4,0.828242266230664,0.002073914736350637,5,1030,1030
A2,pointnet2,softmax,scan,f1_class::Unaffected,5,0.7594371127298281,0.005368908405832478,5,1030,1030
A2,pointnet2,softmax,scan,macro_auc,1,0.550261314569007,0.0051660039611026755,5,1030,1030
A2,pointnet2,softmax,scan,macro_auc,2,0.5476539261154645,0.00406888716192853,5,1030,1030
A2,pointnet2,softmax,scan,macro_auc,3,0.5091239405085559,0.006144874936379877,5,1030,1030
A2,pointnet2,softmax,scan,macro_auc,4,0.5217565968335199,0.00437000327192265,5,1030,1030
A2,pointnet2,softmax,scan,macro_auc,5,0.5888271229809691,0.004915973916977108,5,1030,1030
A2,pointnet2,softmax,scan,macro_f1,1,0.5168207399035704,0.0041328760563337655,5,1030,1030
A2,pointnet2,softmax,scan,macro_f1,2,0.5265180460168702,0.003748049845617427,5,1030,1030
A2,pointnet2,softmax,scan,macro_f1,3,0.5052586154234857,0.006013154364934278,5,1030,1030
A2,pointnet2,softmax,scan,macro_f1,4,0.51316858445246,0.004687714881061697,5,1030,1030
A2,pointnet2,softmax,scan,macro_f1,5,0.5258834338794542,0.0033966411195579093,5,1030,1030
A2_fix,dgcnn,softmax,scan,accuracy,1,0.7864077669902912,0.0,1,1030,1030
A2_fix,dgcnn,softmax,scan,accuracy,2,0.841747572815534,0.0,1,1030,1030
A2_fix,dgcnn,softmax,scan,accuracy,3,0.8281553398058252,0.0,1,1030,1030
A2_fix,dgcnn,softmax,scan,accuracy,4,0.8262135922330097,0.0,1,1030,1030
A2_fix,dgcnn,softmax,scan,accuracy,5,0.8174757281553398,0.0,1,1030,1030
A2_fix,dgcnn,softmax,scan,f1_class::Affected,1,0.4811320754716981,0.0,1,1030,1030
A2_fix,dgcnn,softmax,scan,f1_class::Affected,2,0.6128266033254157,0.0,1,1030,1030
A2_fix,dgcnn,softmax,scan,f1_class::Affected,3,0.5449871465295629,0.0,1,1030,1030
A2_fix,dgcnn,softmax,scan,f1_class::Affected,4,0.5601965601965602,0.0,1,1030,1030
A2_fix,dgcnn,softmax,scan,f1_class::Affected,5,0.5688073394495413,0.0,1,1030,1030
A2_fix,dgcnn,softmax,scan,f1_class::Unaffected,1,0.8655256723716381,0.0,1,1030,1030
A2_fix,dgcnn,softmax,scan,f1_class::Unaffected,2,0.900549115314216,0.0,1,1030,1030
A2_fix,dgcnn,softmax,scan,f1_class::Unaffected,3,0.8940754039497307,0.0,1,1030,1030
A2_fix,dgcnn,softmax,scan,f1_class::Unaffected,4,0.8917120387174834,0.0,1,1030,1030
A2_fix,dgcnn,softmax,scan,f1_class::Unaffected,5,0.8842364532019704,0.0,1,1030,1030
A2_fix,dgcnn,softmax,scan,macro_auc,1,0.7743930913161683,0.0,1,1030,1030
A2_fix,dgcnn,softmax,scan,macro_auc,2,0.8566192227730689,0.0,1,1030,1030
A2_fix,dgcnn,softmax,scan,macro_auc,3,0.8399232368463138,0.0,1,1030,1030
A2_fix,dgcnn,softmax,scan,macro_auc,4,0.8334751319366704,0.0,1,1030,1030
A2_fix,dgcnn,softmax,scan,macro_auc,5,0.8509067647529186,0.0,1,1030,1030
A2_fix,dgcnn,softmax,scan,macro_f1,1,0.6733288739216681,0.0,1,1030,1030
A2_fix,dgcnn,softmax,scan,macro_f1,2,0.7566878593198159,0.0,1,1030,1030
A2_fix,dgcnn,softmax,scan,macro_f1,3,0.7195312752396468,0.0,1,1030,1030
A2_fix,dgcnn,softmax,scan,macro_f1,4,0.7259542994570218,0.0,1,1030,1030
A2_fix,dgcnn,softmax,scan,macro_f1,5,0.7265218963257558,0.0,1,1030,1030
A2_fix,geommlp,softmax,scan,accuracy,1,0.7378640776699029,0.0,1,1030,1030
A2_fix,geommlp,softmax,scan,accuracy,2,0.7126213592233009,0.0,1,1030,1030
A2_fix,geommlp,softmax,scan,accuracy,3,0.7009708737864078,0.0,1,1030,1030
A2_fix,geommlp,softmax,scan,accuracy,4,0.7135922330097088,0.0,1,1030,1030
A2_fix,geommlp,softmax,scan,accuracy,5,0.7427184466019418,0.0,1,1030,1030
A2_fix,geommlp,softmax,scan,f1_class::Affected,1,0.3283582089552239,0.0,1,1030,1030
A2_fix,geommlp,softmax,scan,f1_class::Affected,2,0.3728813559322034,0.0,1,1030,1030
A2_fix,geommlp,softmax,scan,f1_class::Affected,3,0.3529411764705882,0.0,1,1030,1030
A2_fix,geommlp,softmax,scan,f1_class::Affected,4,0.3487858719646799,0.0,1,1030,1030
A2_fix,geommlp,softmax,scan,f1_class::Affected,5,0.3256997455470738,0.0,1,1030,1030
A2_fix,geommlp,softmax,scan,f1_class::Unaffected,1,0.8371531966224367,0.0,1,1030,1030
A2_fix,geommlp,softmax,scan,f1_class::Unaffected,2,0.8136020151133502,0.0,1,1030,1030
A2_fix,geommlp,softmax,scan,f1_class::Unaffected,3,0.8055555555555556,0.0,1,1030,1030
A2_fix,geommlp,softmax,scan,f1_class::Unaffected,4,0.8164281269446173,0.0,1,1030,1030
A2_fix,geommlp,softmax,scan,f1_class::Unaffected,5,0.8410317936412718,0.0,1,1030,1030
A2_fix,geommlp,softmax,scan,macro_auc,1,0.6560626899088438,0.0,1,1030,1030
A2_fix,geommlp,softmax,scan,macro_auc,2,0.6514888853350392,0.0,1,1030,1030
A2_fix,geommlp,softmax,scan,macro_auc,3,0.6518279225971534,0.0,1,1030,1030
A2_fix,geommlp,softmax,scan,macro_auc,4,0.6529793699024469,0.0,1,1030,1030
A2_fix,geommlp,softmax,scan,macro_auc,5,0.6540476571245802,0.0,1,1030,1030
A2_fix,geommlp,softmax,scan,macro_f1,1,0.5827557027888303,0.0,1,1030,1030
A2_fix,geommlp,softmax,scan,macro_f1,2,0.5932416855227768,0.0,1,1030,1030
A2_fix,geommlp,softmax,scan,macro_f1,3,0.579248366013072,0.0,1,1030,1030
A2_fix,geommlp,softmax,scan,macro_f1,4,0.5826069994546486,0.0,1,1030,1030
A2_fix,geommlp,softmax,scan,macro_f1,5,0.5833657695941727,0.0,1,1030,1030
A2_fix,pointnet,softmax,scan,accuracy,1,0.641747572815534,0.0,1,1030,1030
A2_fix,pointnet,softmax,scan,accuracy,2,0.7592233009708738,0.0,1,1030,1030
A2_fix,pointnet,softmax,scan,accuracy,3,0.7349514563106796,0.0,1,1030,1030
A2_fix,pointnet,softmax,scan,accuracy,4,0.7436893203883496,0.0,1,1030,1030
A2_fix,pointnet,softmax,scan,accuracy,5,0.7990291262135922,0.0,1,1030,1030
A2_fix,pointnet,softmax,scan,f1_class::Affected,1,0.3692307692307692,0.0,1,1030,1030
A2_fix,pointnet,softmax,scan,f1_class::Affected,2,0.4439461883408072,0.0,1,1030,1030
A2_fix,pointnet,softmax,scan,f1_class::Affected,3,0.3973509933774834,0.0,1,1030,1030
A2_fix,pointnet,softmax,scan,f1_class::Affected,4,0.3972602739726027,0.0,1,1030,1030
A2_fix,pointnet,softmax,scan,f1_class::Affected,5,0.4135977337110481,0.0,1,1030,1030
A2_fix,pointnet,softmax,scan,f1_class::Unaffected,1,0.7498305084745762,0.0,1,1030,1030
A2_fix,pointnet,softmax,scan,f1_class::Unaffected,2,0.8463444857496902,0.0,1,1030,1030
A2_fix,pointnet,softmax,scan,f1_class::Unaffected,3,0.8301182327317984,0.0,1,1030,1030
A2_fix,pointnet,softmax,scan,f1_class::Unaffected,4,0.8372379778051788,0.0,1,1030,1030
A2_fix,pointnet,softmax,scan,f1_class::Unaffected,5,0.8787346221441125,0.0,1,1030,1030
A2_fix,pointnet,softmax,scan,macro_auc,1,0.657527586758356,0.0,1,1030,1030
A2_fix,pointnet,softmax,scan,macro_auc,2,0.7679321925475772,0.0,1,1030,1030
A2_fix,pointnet,softmax,scan,macro_auc,3,0.7153366384135615,0.0,1,1030,1030
A2_fix,pointnet,softmax,scan,macro_auc,4,0.6770190308651847,0.0,1,1030,1030
A2_fix,pointnet,softmax,scan,macro_auc,5,0.7441803934111626,0.0,1,1030,1030
A2_fix,pointnet,softmax,scan,macro_f1,1,0.5595306388526727,0.0,1,1030,1030
A2_fix,pointnet,softmax,scan,macro_f1,2,0.6451453370452487,0.0,1,1030,1030
A2_fix,pointnet,softmax,scan,macro_f1,3,0.6137346130546409,0.0,1,1030,1030
A2_fix,pointnet,softmax,scan,macro_f1,4,0.6172491258888908,0.0,1,1030,1030
A2_fix,pointnet,softmax,scan,macro_f1,5,0.6461661779275802,0.0,1,1030,1030
A2_fix,pointnet2,softmax,scan,accuracy,1,0.8178640776699029,0.00448076922687934,5,1030,1030
A2_fix,pointnet2,softmax,scan,accuracy,2,0.8184466019417476,0.008871682952668488,5,1030,1030
A2_fix,pointnet2,softmax,scan,accuracy,3,0.7667961165048544,0.007406691698159478,5,1030,1030
A2_fix,pointnet2,softmax,scan,accuracy,4,0.7912621359223301,0.00465614711001234,5,1030,1030
A2_fix,pointnet2,softmax,scan,accuracy,5,0.7786407766990291,0.008924648694587502,5,1030,1030
A2_fix,pointnet2,softmax,scan,f1_class::Affected,1,0.5716053324770737,0.010127596531652907,5,1030,1030
A2_fix,pointnet2,softmax,scan,f1_class::Affected,2,0.5795179272416069,0.013076437858156726,5,1030,1030
A2_fix,pointnet2,softmax,scan,f1_class::Affected,3,0.546873446013002,0.01575119337401656,5,1030,1030
A2_fix,pointnet2,softmax,scan,f1_class::Affected,4,0.5431783730312355,0.005073924939026806,5,1030,1030
A2_fix,pointnet2,softmax,scan,f1_class::Affected,5,0.5316448530857631,0.016986670590543894,5,1030,1030
A2_fix,pointnet2,softmax,scan,f1_class::Unaffected,1,0.8843297662141489,0.003263015154031881,5,1030,1030
A2_fix,pointnet2,softmax,scan,f1_class::Unaffected,2,0.884208089250883,0.006371298544357218,5,1030,1030
A2_fix,pointnet2,softmax,scan,f1_class::Unaffected,3,0.8429789060786431,0.0051884237038248085,5,1030,1030
A2_fix,pointnet2,softmax,scan,f1_class::Unaffected,4,0.8647190521736601,0.0034825953251838987,5,1030,1030
A2_fix,pointnet2,softmax,scan,f1_class::Unaffected,5,0.8550598622218866,0.00617822791473382,5,1030,1030
A2_fix,pointnet2,softmax,scan,macro_auc,1,0.8522091795937949,0.0031801702932520905,5,1030,1030
A2_fix,pointnet2,softmax,scan,macro_auc,2,0.8476238605469375,0.002658316373898844,5,1030,1030
A2_fix,pointnet2,softmax,scan,macro_auc,3,0.8495851591236206,0.008033720332569775,5,1030,1030
A2_fix,pointnet2,softmax,scan,macro_auc,4,0.8396980649288341,0.0032179016006010116,5,1030,1030
A2_fix,pointnet2,softmax,scan,macro_auc,5,0.8275275867583559,0.004455436982428541,5,1030,1030
A2_fix,pointnet2,softmax,scan,macro_f1,1,0.7279675493456114,0.005885122714044303,5,1030,1030
A2_fix,pointnet2,softmax,scan,macro_f1,2,0.731863008246245,0.00937674874502687,5,1030,1030
A2_fix,pointnet2,softmax,scan,macro_f1,3,0.6949261760458225,0.009980952269350278,5,1030,1030
A2_fix,pointnet2,softmax,scan,macro_f1,4,0.7039487126024477,0.004223188934559138,5,1030,1030
A2_fix,pointnet2,softmax,scan,macro_f1,5,0.6933523576538249,0.011300714421619519,5,1030,1030
B1_corrected,dgcnn,knn11,scan,accuracy,1,0.2760869565217391,0.0,1,1840,733
B1_corrected,dgcnn,knn11,scan,accuracy,2,0.2728260869565217,0.0,1,1840,733
B1_corrected,dgcnn,knn11,scan,accuracy,3,0.2831521739130435,0.0,1,1840,733
B1_corrected,dgcnn,knn11,scan,accuracy,4,0.2896739130434783,0.0,1,1840,733
B1_corrected,dgcnn,knn11,scan,accuracy,5,0.2755434782608695,0.0,1,1840,733
B1_corrected,dgcnn,knn11,scan,f1_class::Cartilage,1,0.1764705882352941,0.0,1,1840,733
B1_corrected,dgcnn,knn11,scan,f1_class::Cartilage,2,0.2352941176470588,0.0,1,1840,733
B1_corrected,dgcnn,knn11,scan,f1_class::Cartilage,3,0.2816901408450704,0.0,1,1840,733
B1_corrected,dgcnn,knn11,scan,f1_class::Cartilage,4,0.1875,0.0,1,1840,733
B1_corrected,dgcnn,knn11,scan,f1_class::Cartilage,5,0.1794871794871795,0.0,1,1840,733
B1_corrected,dgcnn,knn11,scan,f1_class::Ciliopathy,1,0.2553191489361702,0.0,1,1840,733
B1_corrected,dgcnn,knn11,scan,f1_class::Ciliopathy,2,0.2857142857142857,0.0,1,1840,733
B1_corrected,dgcnn,knn11,scan,f1_class::Ciliopathy,3,0.2325581395348837,0.0,1,1840,733
B1_corrected,dgcnn,knn11,scan,f1_class::Ciliopathy,4,0.2790697674418604,0.0,1,1840,733
B1_corrected,dgcnn,knn11,scan,f1_class::Ciliopathy,5,0.2352941176470588,0.0,1,1840,733
B1_corrected,dgcnn,knn11,scan,f1_class::Cohesinopathy,1,0.1587301587301587,0.0,1,1840,733
B1_corrected,dgcnn,knn11,scan,f1_class::Cohesinopathy,2,0.1176470588235294,0.0,1,1840,733
B1_corrected,dgcnn,knn11,scan,f1_class::Cohesinopathy,3,0.0909090909090909,0.0,1,1840,733
B1_corrected,dgcnn,knn11,scan,f1_class::Cohesinopathy,4,0.1538461538461538,0.0,1,1840,733
B1_corrected,dgcnn,knn11,scan,f1_class::Cohesinopathy,5,0.1428571428571428,0.0,1,1840,733
B1_corrected,dgcnn,knn11,scan,f1_class::Connective Tissue,1,0.2935779816513761,0.0,1,1840,733
B1_corrected,dgcnn,knn11,scan,f1_class::Connective Tissue,2,0.2598870056497175,0.0,1,1840,733
B1_corrected,dgcnn,knn11,scan,f1_class::Connective Tissue,3,0.28,0.0,1,1840,733
B1_corrected,dgcnn,knn11,scan,f1_class::Connective Tissue,4,0.2608695652173913,0.0,1,1840,733
B1_corrected,dgcnn,knn11,scan,f1_class::Connective Tissue,5,0.2629969418960244,0.0,1,1840,733
B1_corrected,dgcnn,knn11,scan,f1_class::Control,1,0.5032679738562091,0.0,1,1840,733
B1_corrected,dgcnn,knn11,scan,f1_class::Control,2,0.4872340425531914,0.0,1,1840,733
B1_corrected,dgcnn,knn11,scan,f1_class::Control,3,0.5088105726872246,0.0,1,1840,733
B1_corrected,dgcnn,knn11,scan,f1_class::Control,4,0.5166130760986066,0.0,1,1840,733
B1_corrected,dgcnn,knn11,scan,f1_class::Control,5,0.5059203444564048,0.0,1,1840,733
B1_corrected,dgcnn,knn11,scan,f1_class::DNA Repair,1,0.0833333333333333,0.0,1,1840,733
B1_corrected,dgcnn,knn11,scan,f1_class::DNA Repair,2,0.0434782608695652,0.0,1,1840,733
B1_corrected,dgcnn,knn11,scan,f1_class::DNA Repair,3,0.0465116279069767,0.0,1,1840,733
B1_corrected,dgcnn,knn11,scan,f1_class::DNA Repair,4,0.0512820512820512,0.0,1,1840,733
B1_corrected,dgcnn,knn11,scan,f1_class::DNA Repair,5,0.048780487804878,0.0,1,1840,733
B1_corrected,dgcnn,knn11,scan,f1_class::Deletion,1,0.210016155088853,0.0,1,1840,733
B1_corrected,dgcnn,knn11,scan,f1_class::Deletion,2,0.2203389830508474,0.0,1,1840,733
B1_corrected,dgcnn,knn11,scan,f1_class::Deletion,3,0.2282091917591125,0.0,1,1840,733
B1_corrected,dgcnn,knn11,scan,f1_class::Deletion,4,0.261437908496732,0.0,1,1840,733
B1_corrected,dgcnn,knn11,scan,f1_class::Deletion,5,0.2126245847176079,0.0,1,1840,733
B1_corrected,dgcnn,knn11,scan,f1_class::Duplication,1,0.0821917808219178,0.0,1,1840,733
B1_corrected,dgcnn,knn11,scan,f1_class::Duplication,2,0.0285714285714285,0.0,1,1840,733
B1_corrected,dgcnn,knn11,scan,f1_class::Duplication,3,0.081081081081081,0.0,1,1840,733
B1_corrected,dgcnn,knn11,scan,f1_class::Duplication,4,0.0481927710843373,0.0,1,1840,733
B1_corrected,dgcnn,knn11,scan,f1_class::Duplication,5,0.0779220779220779,0.0,1,1840,733
B1_corrected,dgcnn,knn11,scan,f1_class::Ectodermal,1,0.1142857142857142,0.0,1,1840,733
B1_corrected,dgcnn,knn11,scan,f1_class::Ectodermal,2,0.0,0.0,1,1840,733
B1_corrected,dgcnn,knn11,scan,f1_class::Ectodermal,3,0.054054054054054,0.0,1,1840,733
B1_corrected,dgcnn,knn11,scan,f1_class::Ectodermal,4,0.1818181818181818,0.0,1,1840,733
B1_corrected,dgcnn,knn11,scan,f1_class::Ectodermal,5,0.1666666666666666,0.0,1,1840,733
B1_corrected,dgcnn,knn11,scan,f1_class::Growth,1,0.0,0.0,1,1840,733
B1_corrected,dgcnn,knn11,scan,f1_class::Growth,2,0.0,0.0,1,1840,733
B1_corrected,dgcnn,knn11,scan,f1_class::Growth,3,0.0909090909090909,0.0,1,1840,733
B1_corrected,dgcnn,knn11,scan,f1_class::Growth,4,0.0,0.0,1,1840,733
B1_corrected,dgcnn,knn11,scan,f1_class::Growth,5,0.0,0.0,1,1840,733
B1_corrected,dgcnn,knn11,scan,f1_class::Imprinting,1,0.1347150259067357,0.0,1,1840,733
B1_corrected,dgcnn,knn11,scan,f1_class::Imprinting,2,0.1081081081081081,0.0,1,1840,733
B1_corrected,dgcnn,knn11,scan,f1_class::Imprinting,3,0.1301775147928994,0.0,1,1840,733
B1_corrected,dgcnn,knn11,scan,f1_class::Imprinting,4,0.1117318435754189,0.0,1,1840,733
B1_corrected,dgcnn,knn11,scan,f1_class::Imprinting,5,0.1318681318681318,0.0,1,1840,733
B1_corrected,dgcnn,knn11,scan,f1_class::Lysozome,1,0.0285714285714285,0.0,1,1840,733
B1_corrected,dgcnn,knn11,scan,f1_class::Lysozome,2,0.1052631578947368,0.0,1,1840,733
B1_corrected,dgcnn,knn11,scan,f1_class::Lysozome,3,0.056338028169014,0.0,1,1840,733
B1_corrected,dgcnn,knn11,scan,f1_class::Lysozome,4,0.1791044776119403,0.0,1,1840,733
B1_corrected,dgcnn,knn11,scan,f1_class::Lysozome,5,0.1159420289855072,0.0,1,1840,733
B1_corrected,dgcnn,knn11,scan,f1_class::Neurocristopathy,1,0.1012658227848101,0.0,1,1840,733
B1_corrected,dgcnn,knn11,scan,f1_class::Neurocristopathy,2,0.0759493670886076,0.0,1,1840,733
B1_corrected,dgcnn,knn11,scan,f1_class::Neurocristopathy,3,0.074074074074074,0.0,1,1840,733
B1_corrected,dgcnn,knn11,scan,f1_class::Neurocristopathy,4,0.1161290322580645,0.0,1,1840,733
B1_corrected,dgcnn,knn11,scan,f1_class::Neurocristopathy,5,0.1081081081081081,0.0,1,1840,733
B1_corrected,dgcnn,knn11,scan,f1_class::Peroxisome,1,0.3265306122448979,0.0,1,1840,733
B1_corrected,dgcnn,knn11,scan,f1_class::Peroxisome,2,0.2553191489361702,0.0,1,1840,733
B1_corrected,dgcnn,knn11,scan,f1_class::Peroxisome,3,0.3111111111111111,0.0,1,1840,733
B1_corrected,dgcnn,knn11,scan,f1_class::Peroxisome,4,0.2857142857142857,0.0,1,1840,733
B1_corrected,dgcnn,knn11,scan,f1_class::Peroxisome,5,0.3076923076923077,0.0,1,1840,733
B1_corrected,dgcnn,knn11,scan,f1_class::Primary Palate,1,0.3571428571428571,0.0,1,1840,733
B1_corrected,dgcnn,knn11,scan,f1_class::Primary Palate,2,0.3225806451612903,0.0,1,1840,733
B1_corrected,dgcnn,knn11,scan,f1_class::Primary Palate,3,0.375,0.0,1,1840,733
B1_corrected,dgcnn,knn11,scan,f1_class::Primary Palate,4,0.3571428571428571,0.0,1,1840,733
B1_corrected,dgcnn,knn11,scan,f1_class::Primary Palate,5,0.3571428571428571,0.0,1,1840,733
B1_corrected,dgcnn,knn11,scan,f1_class::Rasopathy,1,0.2283464566929134,0.0,1,1840,733
B1_corrected,dgcnn,knn11,scan,f1_class::Rasopathy,2,0.2406639004149377,0.0,1,1840,733
B1_corrected,dgcnn,knn11,scan,f1_class::Rasopathy,3,0.2835249042145594,0.0,1,1840,733
B1_corrected,dgcnn,knn11,scan,f1_class::Rasopathy,4,0.2635658914728682,0.0,1,1840,733
B1_corrected,dgcnn,knn11,scan,f1_class::Rasopathy,5,0.2024291497975708,0.0,1,1840,733
B1_corrected,dgcnn,knn11,scan,f1_class::Sex Chromosome,1,0.1322314049586777,0.0,1,1840,733
B1_corrected,dgcnn,knn11,scan,f1_class::Sex Chromosome,2,0.0943396226415094,0.0,1,1840,733
B1_corrected,dgcnn,knn11,scan,f1_class::Sex Chromosome,3,0.1694915254237288,0.0,1,1840,733
B1_corrected,dgcnn,knn11,scan,f1_class::Sex Chromosome,4,0.0695652173913043,0.0,1,1840,733
B1_corrected,dgcnn,knn11,scan,f1_class::Sex Chromosome,5,0.0727272727272727,0.0,1,1840,733
B1_corrected,dgcnn,knn11,scan,f1_class::Trisomy,1,0.2040816326530612,0.0,1,1840,733
B1_corrected,dgcnn,knn11,scan,f1_class::Trisomy,2,0.2352941176470588,0.0,1,1840,733
B1_corrected,dgcnn,knn11,scan,f1_class::Trisomy,3,0.16,0.0,1,1840,733
B1_corrected,dgcnn,knn11,scan,f1_class::Trisomy,4,0.2040816326530612,0.0,1,1840,733
B1_corrected,dgcnn,knn11,scan,f1_class::Trisomy,5,0.2,0.0,1,1840,733
B1_corrected,dgcnn,knn11,scan,f1_class::Uncategorized,1,0.2333333333333333,0.0,1,1840,733
B1_corrected,dgcnn,knn11,scan,f1_class::Uncategorized,2,0.2584269662921348,0.0,1,1840,733
B1_corrected,dgcnn,knn11,scan,f1_class::Uncategorized,3,0.2352941176470588,0.0,1,1840,733
B1_corrected,dgcnn,knn11,scan,f1_class::Uncategorized,4,0.2376599634369287,0.0,1,1840,733
B1_corrected,dgcnn,knn11,scan,f1_class::Uncategorized,5,0.2477231329690346,0.0,1,1840,733
B1_corrected,dgcnn,knn11,scan,macro_auc,1,0.7105809046269453,0.0,1,1840,733
B1_corrected,dgcnn,knn11,scan,macro_auc,2,0.7015315920573157,0.0,1,1840,733
B1_corrected,dgcnn,knn11,scan,macro_auc,3,0.7062880076287583,0.0,1,1840,733
B1_corrected,dgcnn,knn11,scan,macro_auc,4,0.7069547923970063,0.0,1,1840,733
B1_corrected,dgcnn,knn11,scan,macro_auc,5,0.7073402049593341,0.0,1,1840,733
B1_corrected,dgcnn,knn11,scan,macro_f1,1,0.1907058636435653,0.0,1,1840,733
B1_corrected,dgcnn,knn11,scan,macro_f1,2,0.1775847482665357,0.0,1,1840,733
B1_corrected,dgcnn,knn11,scan,macro_f1,3,0.1941970665852121,0.0,1,1840,733
B1_corrected,dgcnn,knn11,scan,macro_f1,4,0.198174982975897,0.0,1,1840,733
B1_corrected,dgcnn,knn11,scan,macro_f1,5,0.1882201333024121,0.0,1,1840,733
B1_corrected,dgcnn,knn11,subject,accuracy,1,0.2933151432469304,0.0,1,733,733
B1_corrected,dgcnn,knn11,subject,accuracy,2,0.2796725784447476,0.0,1,733,733
B1_corrected,dgcnn,knn11,subject,accuracy,3,0.2974079126875852,0.0,1,733,733
B1_corrected,dgcnn,knn11,subject,accuracy,4,0.2919508867667121,0.0,1,733,733
B1_corrected,dgcnn,knn11,subject,accuracy,5,0.2933151432469304,0.0,1,733,733
B1_corrected,dgcnn,knn11,subject,f1_class::Cartilage,1,0.2727272727272727,0.0,1,733,733
B1_corrected,dgcnn,knn11,subject,f1_class::Cartilage,2,0.3018867924528302,0.0,1,733,733
B1_corrected,dgcnn,knn11,subject,f1_class::Cartilage,3,0.3333333333333333,0.0,1,733,733
B1_corrected,dgcnn,knn11,subject,f1_class::Cartilage,4,0.2325581395348837,0.0,1,733,733
B1_corrected,dgcnn,knn11,subject,f1_class::Cartilage,5,0.2608695652173913,0.0,1,733,733
B1_corrected,dgcnn,knn11,subject,f1_class::Ciliopathy,1,0.2222222222222222,0.0,1,733,733
B1_corrected,dgcnn,knn11,subject,f1_class::Ciliopathy,2,0.2,0.0,1,733,733
B1_corrected,dgcnn,knn11,subject,f1_class::Ciliopathy,3,0.2666666666666666,0.0,1,733,733
B1_corrected,dgcnn,knn11,subject,f1_class::Ciliopathy,4,0.2727272727272727,0.0,1,733,733
B1_corrected,dgcnn,knn11,subject,f1_class::Ciliopathy,5,0.3636363636363636,0.0,1,733,733
B1_corrected,dgcnn,knn11,subject,f1_class::Cohesinopathy,1,0.0909090909090909,0.0,1,733,733
B1_corrected,dgcnn,knn11,subject,f1_class::Cohesinopathy,2,0.0869565217391304,0.0,1,733,733
B1_corrected,dgcnn,knn11,subject,f1_class::Cohesinopathy,3,0.1538461538461538,0.0,1,733,733
B1_corrected,dgcnn,knn11,subject,f1_class::Cohesinopathy,4,0.1052631578947368,0.0,1,733,733
B1_corrected,dgcnn,knn11,subject,f1_class::Cohesinopathy,5,0.1481481481481481,0.0,1,733,733
B1_corrected,dgcnn,knn11,subject,f1_class::Connective Tissue,1,0.2625,0.0,1,733,733
B1_corrected,dgcnn,knn11,subject,f1_class::Connective Tissue,2,0.3170731707317073,0.0,1,733,733
B1_corrected,dgcnn,knn11,subject,f1_class::Connective Tissue,3,0.3125,0.0,1,733,733
B1_corrected,dgcnn,knn11,subject,f1_class::Connective Tissue,4,0.240506329113924,0.0,1,733,733
B1_corrected,dgcnn,knn11,subject,f1_class::Connective Tissue,5,0.2929936305732484,0.0,1,733,733
B1_corrected,dgcnn,knn11,subject,f1_class::Control,1,0.535,0.0,1,733,733
B1_corrected,dgcnn,knn11,subject,f1_class::Control,2,0.5265822784810127,0.0,1,733,733
B1_corrected,dgcnn,knn11,subject,f1_class::Control,3,0.5164556962025316,0.0,1,733,733
B1_corrected,dgcnn,knn11,subject,f1_class::Control,4,0.5213032581453634,0.0,1,733,733
B1_corrected,dgcnn,knn11,subject,f1_class::Control,5,0.5288461538461539,0.0,1,733,733
B1_corrected,dgcnn,knn11,subject,f1_class::DNA Repair,1,0.1818181818181818,0.0,1,733,733
B1_corrected,dgcnn,knn11,subject,f1_class::DNA Repair,2,0.0,0.0,1,733,733
B1_corrected,dgcnn,knn11,subject,f1_class::DNA Repair,3,0.2,0.0,1,733,733
B1_corrected,dgcnn,knn11,subject,f1_class::DNA Repair,4,0.0,0.0,1,733,733
B1_corrected,dgcnn,knn11,subject,f1_class::DNA Repair,5,0.1818181818181818,0.0,1,733,733
B1_corrected,dgcnn,knn11,subject,f1_class::Deletion,1,0.2222222222222222,0.0,1,733,733
B1_corrected,dgcnn,knn11,subject,f1_class::Deletion,2,0.1182266009852216,0.0,1,733,733
B1_corrected,dgcnn,knn11,subject,f1_class::Deletion,3,0.1981132075471698,0.0,1,733,733
B1_corrected,dgcnn,knn11,subject,f1_class::Deletion,4,0.2242990654205607,0.0,1,733,733
B1_corrected,dgcnn,knn11,subject,f1_class::Deletion,5,0.2178217821782178,0.0,1,733,733
B1_corrected,dgcnn,knn11,subject,f1_class::Duplication,1,0.0689655172413793,0.0,1,733,733
B1_corrected,dgcnn,knn11,subject,f1_class::Duplication,2,0.0714285714285714,0.0,1,733,733
B1_corrected,dgcnn,knn11,subject,f1_class::Duplication,3,0.0,0.0,1,733,733
B1_corrected,dgcnn,knn11,subject,f1_class::Duplication,4,0.1212121212121212,0.0,1,733,733
B1_corrected,dgcnn,knn11,subject,f1_class::Duplication,5,0.0,0.0,1,733,733
B1_corrected,dgcnn,knn11,subject,f1_class::Ectodermal,1,0.1,0.0,1,733,733
B1_corrected,dgcnn,knn11,subject,f1_class::Ectodermal,2,0.0,0.0,1,733,733
B1_corrected,dgcnn,knn11,subject,f1_class::Ectodermal,3,0.0,0.0,1,733,733
B1_corrected,dgcnn,knn11,subject,f1_class::Ectodermal,4,0.2,0.0,1,733,733
B1_corrected,dgcnn,knn11,subject,f1_class::Ectodermal,5,0.2222222222222222,0.0,1,733,733
B1_corrected,dgcnn,knn11,subject,f1_class::Growth,1,0.0,0.0,1,733,733
B1_corrected,dgcnn,knn11,subject,f1_class::Growth,2,0.0,0.0,1,733,733
B1_corrected,dgcnn,knn11,subject,f1_class::Growth,3,0.0,0.0,1,733,733
B1_corrected,dgcnn,knn11,subject,f1_class::Growth,4,0.0,0.0,1,733,733
B1_corrected,dgcnn,knn11,subject,f1_class::Growth,5,0.0,0.0,1,733,733
B1_corrected,dgcnn,knn11,subject,f1_class::Imprinting,1,0.0754716981132075,0.0,1,733,733
B1_corrected,dgcnn,knn11,subject,f1_class::Imprinting,2,0.0,0.0,1,733,733
B1_corrected,dgcnn,knn11,subject,f1_class::Imprinting,3,0.1153846153846153,0.0,1,733,733
B1_corrected,dgcnn,knn11,subject,f1_class::Imprinting,4,0.12,0.0,1,733,733
B1_corrected,dgcnn,knn11,subject,f1_class::Imprinting,5,0.16,0.0,1,733,733
B1_corrected,dgcnn,knn11,subject,f1_class::Lysozome,1,0.0,0.0,1,733,733
B1_corrected,dgcnn,knn11,subject,f1_class::Lysozome,2,0.0,0.0,1,733,733
B1_corrected,dgcnn,knn11,subject,f1_class::Lysozome,3,0.1176470588235294,0.0,1,733,733
B1_corrected,dgcnn,knn11,subject,f1_class::Lysozome,4,0.125,0.0,1,733,733
B1_corrected,dgcnn,knn11,subject,f1_class::Lysozome,5,0.0,0.0,1,733,733
B1_corrected,dgcnn,knn11,subject,f1_class::Neurocristopathy,1,0.0784313725490196,0.0,1,733,733
B1_corrected,dgcnn,knn11,subject,f1_class::Neurocristopathy,2,0.0714285714285714,0.0,1,733,733
B1_corrected,dgcnn,knn11,subject,f1_class::Neurocristopathy,3,0.0333333333333333,0.0,1,733,733
B1_corrected,dgcnn,knn11,subject,f1_class::Neurocristopathy,4,0.0357142857142857,0.0,1,733,733
B1_corrected,dgcnn,knn11,subject,f1_class::Neurocristopathy,5,0.04,0.0,1,733,733
B1_corrected,dgcnn,knn11,subject,f1_class::Peroxisome,1,0.4285714285714285,0.0,1,733,733
B1_corrected,dgcnn,knn11,subject,f1_class::Peroxisome,2,0.2857142857142857,0.0,1,733,733
B1_corrected,dgcnn,knn11,subject,f1_class::Peroxisome,3,0.5,0.0,1,733,733
B1_corrected,dgcnn,knn11,subject,f1_class::Peroxisome,4,0.4285714285714285,0.0,1,733,733
B1_corrected,dgcnn,knn11,subject,f1_class::Peroxisome,5,0.3333333333333333,0.0,1,733,733
B1_corrected,dgcnn,knn11,subject,f1_class::Primary Palate,1,0.4761904761904761,0.0,1,733,733
B1_corrected,dgcnn,knn11,subject,f1_class::Primary Palate,2,0.4347826086956521,0.0,1,733,733
B1_corrected,dgcnn,knn11,subject,f1_class::Primary Palate,3,0.5714285714285714,0.0,1,733,733
B1_corrected,dgcnn,knn11,subject,f1_class::Primary Palate,4,0.4545454545454545,0.0,1,733,733
B1_corrected,dgcnn,knn11,subject,f1_class::Primary Palate,5,0.4545454545454545,0.0,1,733,733
B1_corrected,dgcnn,knn11,subject,f1_class::Rasopathy,1,0.1935483870967742,0.0,1,733,733
B1_corrected,dgcnn,knn11,subject,f1_class::Rasopathy,2,0.2,0.0,1,733,733
B1_corrected,dgcnn,knn11,subject,f1_class::Rasopathy,3,0.2268041237113402,0.0,1,733,733
B1_corrected,dgcnn,knn11,subject,f1_class::Rasopathy,4,0.2857142857142857,0.0,1,733,733
B1_corrected,dgcnn,knn11,subject,f1_class::Rasopathy,5,0.2083333333333333,0.0,1,733,733
B1_corrected,dgcnn,knn11,subject,f1_class::Sex Chromosome,1,0.1034482758620689,0.0,1,733,733
B1_corrected,dgcnn,knn11,subject,f1_class::Sex Chromosome,2,0.1333333333333333,0.0,1,733,733
B1_corrected,dgcnn,knn11,subject,f1_class::Sex Chromosome,3,0.2068965517241379,0.0,1,733,733
B1_corrected,dgcnn,knn11,subject,f1_class::Sex Chromosome,4,0.0769230769230769,0.0,1,733,733
B1_corrected,dgcnn,knn11,subject,f1_class::Sex Chromosome,5,0.0357142857142857,0.0,1,733,733
B1_corrected,dgcnn,knn11,subject,f1_class::Trisomy,1,0.2424242424242424,0.0,1,733,733
B1_corrected,dgcnn,knn11,subject,f1_class::Trisomy,2,0.303030303030303,0.0,1,733,733
B1_corrected,dgcnn,knn11,subject,f1_class::Trisomy,3,0.1818181818181818,0.0,1,733,733
B1_corrected,dgcnn,knn11,subject,f1_class::Trisomy,4,0.303030303030303,0.0,1,733,733
B1_corrected,dgcnn,knn11,subject,f1_class::Trisomy,5,0.303030303030303,0.0,1,733,733
B1_corrected,dgcnn,knn11,subject,f1_class::Uncategorized,1,0.2346938775510204,0.0,1,733,733
B1_corrected,dgcnn,knn11,subject,f1_class::Uncategorized,2,0.2513089005235602,0.0,1,733,733
B1_corrected,dgcnn,knn11,subject,f1_class::Uncategorized,3,0.2388059701492537,0.0,1,733,733
B1_corrected,dgcnn,knn11,subject,f1_class::Uncategorized,4,0.1989528795811518,0.0,1,733,733
B1_corrected,dgcnn,knn11,subject,f1_class::Uncategorized,5,0.1630434782608695,0.0,1,733,733
B1_corrected,dgcnn,knn11,subject,macro_auc,1,0.7312714732195149,0.0,1,733,733
B1_corrected,dgcnn,knn11,subject,macro_auc,2,0.7231823053048269,0.0,1,733,733
B1_corrected,dgcnn,knn11,subject,macro_auc,3,0.7263163410803634,0.0,1,733,733
B1_corrected,dgcnn,knn11,subject,macro_auc,4,0.7260913868995873,0.0,1,733,733
B1_corrected,dgcnn,knn11,subject,macro_auc,5,0.7282575868292099,0.0,1,733,733
B1_corrected,dgcnn,knn11,subject,macro_f1,1,0.1994286455525582,0.0,1,733,733
B1_corrected,dgcnn,knn11,subject,macro_f1,2,0.1737764178181147,0.0,1,733,733
B1_corrected,dgcnn,knn11,subject,macro_f1,3,0.2196333402088851,0.0,1,733,733
B1_corrected,dgcnn,knn11,subject,macro_f1,4,0.2077011083225709,0.0,1,733,733
B1_corrected,dgcnn,knn11,subject,macro_f1,5,0.2060187492556582,0.0,1,733,733
B1_corrected,dgcnn,proto,scan,accuracy,1,0.2472826086956521,0.0,1,1840,733
B1_corrected,dgcnn,proto,scan,accuracy,2,0.2016304347826087,0.0,1,1840,733
B1_corrected,dgcnn,proto,scan,accuracy,3,0.2434782608695652,0.0,1,1840,733
B1_corrected,dgcnn,proto,scan,accuracy,4,0.2494565217391304,0.0,1,1840,733
B1_corrected,dgcnn,proto,scan,accuracy,5,0.2554347826086957,0.0,1,1840,733
B1_corrected,dgcnn,proto,scan,f1_class::Cartilage,1,0.32,0.0,1,1840,733
B1_corrected,dgcnn,proto,scan,f1_class::Cartilage,2,0.1864406779661017,0.0,1,1840,733
B1_corrected,dgcnn,proto,scan,f1_class::Cartilage,3,0.2482758620689655,0.0,1,1840,733
B1_corrected,dgcnn,proto,scan,f1_class::Cartilage,4,0.2748091603053435,0.0,1,1840,733
B1_corrected,dgcnn,proto,scan,f1_class::Cartilage,5,0.2857142857142857,0.0,1,1840,733
B1_corrected,dgcnn,proto,scan,f1_class::Ciliopathy,1,0.2912621359223301,0.0,1,1840,733
B1_corrected,dgcnn,proto,scan,f1_class::Ciliopathy,2,0.2325581395348837,0.0,1,1840,733
B1_corrected,dgcnn,proto,scan,f1_class::Ciliopathy,3,0.2222222222222222,0.0,1,1840,733
B1_corrected,dgcnn,proto,scan,f1_class::Ciliopathy,4,0.2689075630252101,0.0,1,1840,733
B1_corrected,dgcnn,proto,scan,f1_class::Ciliopathy,5,0.2748091603053435,0.0,1,1840,733
B1_corrected,dgcnn,proto,scan,f1_class::Cohesinopathy,1,0.2206896551724138,0.0,1,1840,733
B1_corrected,dgcnn,proto,scan,f1_class::Cohesinopathy,2,0.1764705882352941,0.0,1,1840,733
B1_corrected,dgcnn,proto,scan,f1_class::Cohesinopathy,3,0.2586206896551724,0.0,1,1840,733
B1_corrected,dgcnn,proto,scan,f1_class::Cohesinopathy,4,0.2115384615384615,0.0,1,1840,733
B1_corrected,dgcnn,proto,scan,f1_class::Cohesinopathy,5,0.247787610619469,0.0,1,1840,733
B1_corrected,dgcnn,proto,scan,f1_class::Connective Tissue,1,0.3236994219653179,0.0,1,1840,733
B1_corrected,dgcnn,proto,scan,f1_class::Connective Tissue,2,0.3244837758112094,0.0,1,1840,733
B1_corrected,dgcnn,proto,scan,f1_class::Connective Tissue,3,0.3192182410423452,0.0,1,1840,733
B1_corrected,dgcnn,proto,scan,f1_class::Connective Tissue,4,0.3106796116504854,0.0,1,1840,733
B1_corrected,dgcnn,proto,scan,f1_class::Connective Tissue,5,0.3092783505154639,0.0,1,1840,733
B1_corrected,dgcnn,proto,scan,f1_class::Control,1,0.4740740740740741,0.0,1,1840,733
B1_corrected,dgcnn,proto,scan,f1_class::Control,2,0.4728682170542636,0.0,1,1840,733
B1_corrected,dgcnn,proto,scan,f1_class::Control,3,0.5231316725978647,0.0,1,1840,733
B1_corrected,dgcnn,proto,scan,f1_class::Control,4,0.5166959578207382,0.0,1,1840,733
B1_corrected,dgcnn,proto,scan,f1_class::Control,5,0.5168918918918919,0.0,1,1840,733
B1_corrected,dgcnn,proto,scan,f1_class::DNA Repair,1,0.3296703296703296,0.0,1,1840,733
B1_corrected,dgcnn,proto,scan,f1_class::DNA Repair,2,0.2803738317757009,0.0,1,1840,733
B1_corrected,dgcnn,proto,scan,f1_class::DNA Repair,3,0.2650602409638554,0.0,1,1840,733
B1_corrected,dgcnn,proto,scan,f1_class::DNA Repair,4,0.2666666666666666,0.0,1,1840,733
B1_corrected,dgcnn,proto,scan,f1_class::DNA Repair,5,0.217391304347826,0.0,1,1840,733
B1_corrected,dgcnn,proto,scan,f1_class::Deletion,1,0.1590909090909091,0.0,1,1840,733
B1_corrected,dgcnn,proto,scan,f1_class::Deletion,2,0.0462046204620462,0.0,1,1840,733
B1_corrected,dgcnn,proto,scan,f1_class::Deletion,3,0.0890207715133531,0.0,1,1840,733
B1_corrected,dgcnn,proto,scan,f1_class::Deletion,4,0.1231671554252199,0.0,1,1840,733
B1_corrected,dgcnn,proto,scan,f1_class::Deletion,5,0.1542699724517906,0.0,1,1840,733
B1_corrected,dgcnn,proto,scan,f1_class::Duplication,1,0.101010101010101,0.0,1,1840,733
B1_corrected,dgcnn,proto,scan,f1_class::Duplication,2,0.0,0.0,1,1840,733
B1_corrected,dgcnn,proto,scan,f1_class::Duplication,3,0.0517241379310344,0.0,1,1840,733
B1_corrected,dgcnn,proto,scan,f1_class::Duplication,4,0.018348623853211,0.0,1,1840,733
B1_corrected,dgcnn,proto,scan,f1_class::Duplication,5,0.06,0.0,1,1840,733
B1_corrected,dgcnn,proto,scan,f1_class::Ectodermal,1,0.1724137931034483,0.0,1,1840,733
B1_corrected,dgcnn,proto,scan,f1_class::Ectodermal,2,0.1395348837209302,0.0,1,1840,733
B1_corrected,dgcnn,proto,scan,f1_class::Ectodermal,3,0.1923076923076923,0.0,1,1840,733
B1_corrected,dgcnn,proto,scan,f1_class::Ectodermal,4,0.202020202020202,0.0,1,1840,733
B1_corrected,dgcnn,proto,scan,f1_class::Ectodermal,5,0.1592920353982301,0.0,1,1840,733
B1_corrected,dgcnn,proto,scan,f1_class::Growth,1,0.1951219512195122,0.0,1,1840,733
B1_corrected,dgcnn,proto,scan,f1_class::Growth,2,0.1834862385321101,0.0,1,1840,733
B1_corrected,dgcnn,proto,scan,f1_class::Growth,3,0.1866666666666666,0.0,1,1840,733
B1_corrected,dgcnn,proto,scan,f1_class::Growth,4,0.2432432432432432,0.0,1,1840,733
B1_corrected,dgcnn,proto,scan,f1_class::Growth,5,0.1851851851851851,0.0,1,1840,733
B1_corrected,dgcnn,proto,scan,f1_class::Imprinting,1,0.2156133828996282,0.0,1,1840,733
B1_corrected,dgcnn,proto,scan,f1_class::Imprinting,2,0.1709401709401709,0.0,1,1840,733
B1_corrected,dgcnn,proto,scan,f1_class::Imprinting,3,0.1739130434782608,0.0,1,1840,733
B1_corrected,dgcnn,proto,scan,f1_class::Imprinting,4,0.2279411764705882,0.0,1,1840,733
B1_corrected,dgcnn,proto,scan,f1_class::Imprinting,5,0.2178988326848249,0.0,1,1840,733
B1_corrected,dgcnn,proto,scan,f1_class::Lysozome,1,0.3125,0.0,1,1840,733
B1_corrected,dgcnn,proto,scan,f1_class::Lysozome,2,0.1888412017167382,0.0,1,1840,733
B1_corrected,dgcnn,proto,scan,f1_class::Lysozome,3,0.2612612612612612,0.0,1,1840,733
B1_corrected,dgcnn,proto,scan,f1_class::Lysozome,4,0.2374429223744292,0.0,1,1840,733
B1_corrected,dgcnn,proto,scan,f1_class::Lysozome,5,0.2871794871794871,0.0,1,1840,733
B1_corrected,dgcnn,proto,scan,f1_class::Neurocristopathy,1,0.1403508771929824,0.0,1,1840,733
B1_corrected,dgcnn,proto,scan,f1_class::Neurocristopathy,2,0.0437956204379562,0.0,1,1840,733
B1_corrected,dgcnn,proto,scan,f1_class::Neurocristopathy,3,0.0880503144654088,0.0,1,1840,733
B1_corrected,dgcnn,proto,scan,f1_class::Neurocristopathy,4,0.1573033707865168,0.0,1,1840,733
B1_corrected,dgcnn,proto,scan,f1_class::Neurocristopathy,5,0.0962566844919786,0.0,1,1840,733
B1_corrected,dgcnn,proto,scan,f1_class::Peroxisome,1,0.2,0.0,1,1840,733
B1_corrected,dgcnn,proto,scan,f1_class::Peroxisome,2,0.1529411764705882,0.0,1,1840,733
B1_corrected,dgcnn,proto,scan,f1_class::Peroxisome,3,0.1951219512195122,0.0,1,1840,733
B1_corrected,dgcnn,proto,scan,f1_class::Peroxisome,4,0.2075471698113207,0.0,1,1840,733
B1_corrected,dgcnn,proto,scan,f1_class::Peroxisome,5,0.2016806722689075,0.0,1,1840,733
B1_corrected,dgcnn,proto,scan,f1_class::Primary Palate,1,0.1680672268907563,0.0,1,1840,733
B1_corrected,dgcnn,proto,scan,f1_class::Primary Palate,2,0.175438596491228,0.0,1,1840,733
B1_corrected,dgcnn,proto,scan,f1_class::Primary Palate,3,0.1956521739130435,0.0,1,1840,733
B1_corrected,dgcnn,proto,scan,f1_class::Primary Palate,4,0.2,0.0,1,1840,733
B1_corrected,dgcnn,proto,scan,f1_class::Primary Palate,5,0.2439024390243902,0.0,1,1840,733
B1_corrected,dgcnn,proto,scan,f1_class::Rasopathy,1,0.2461538461538461,0.0,1,1840,733
B1_corrected,dgcnn,proto,scan,f1_class::Rasopathy,2,0.1297297297297297,0.0,1,1840,733
B1_corrected,dgcnn,proto,scan,f1_class::Rasopathy,3,0.3125,0.0,1,1840,733
B1_corrected,dgcnn,proto,scan,f1_class::Rasopathy,4,0.2296650717703349,0.0,1,1840,733
B1_corrected,dgcnn,proto,scan,f1_class::Rasopathy,5,0.2666666666666666,0.0,1,1840,733
B1_corrected,dgcnn,proto,scan,f1_class::Sex Chromosome,1,0.1463414634146341,0.0,1,1840,733
B1_corrected,dgcnn,proto,scan,f1_class::Sex Chromosome,2,0.1458333333333333,0.0,1,1840,733
B1_corrected,dgcnn,proto,scan,f1_class::Sex Chromosome,3,0.1767955801104972,0.0,1,1840,733
B1_corrected,dgcnn,proto,scan,f1_class::Sex Chromosome,4,0.213903743315508,0.0,1,1840,733
B1_corrected,dgcnn,proto,scan,f1_class::Sex Chromosome,5,0.1942857142857142,0.0,1,1840,733
B1_corrected,dgcnn,proto,scan,f1_class::Trisomy,1,0.1636363636363636,0.0,1,1840,733
B1_corrected,dgcnn,proto,scan,f1_class::Trisomy,2,0.196078431372549,0.0,1,1840,733
B1_corrected,dgcnn,proto,scan,f1_class::Trisomy,3,0.2236842105263158,0.0,1,1840,733
B1_corrected,dgcnn,proto,scan,f1_class::Trisomy,4,0.2238805970149253,0.0,1,1840,733
B1_corrected,dgcnn,proto,scan,f1_class::Trisomy,5,0.2203389830508474,0.0,1,1840,733
B1_corrected,dgcnn,proto,scan,f1_class::Uncategorized,1,0.093841642228739,0.0,1,1840,733
B1_corrected,dgcnn,proto,scan,f1_class::Uncategorized,2,0.0521172638436482,0.0,1,1840,733
B1_corrected,dgcnn,proto,scan,f1_class::Uncategorized,3,0.0858895705521472,0.0,1,1840,733
B1_corrected,dgcnn,proto,scan,f1_class::Uncategorized,4,0.0971428571428571,0.0,1,1840,733
B1_corrected,dgcnn,proto,scan,f1_class::Uncategorized,5,0.1152737752161383,0.0,1,1840,733
B1_corrected,dgcnn,proto,scan,macro_auc,1,0.790509399290549,0.0,1,1840,733
B1_corrected,dgcnn,proto,scan,macro_auc,2,0.7713891855990976,0.0,1,1840,733
B1_corrected,dgcnn,proto,scan,macro_auc,3,0.7745415220829613,0.0,1,1840,733
B1_corrected,dgcnn,proto,scan,macro_auc,4,0.7829420008876357,0.0,1,1840,733
B1_corrected,dgcnn,proto,scan,macro_auc,5,0.7895469546160557,0.0,1,1840,733
B1_corrected,dgcnn,proto,scan,macro_f1,1,0.2249230091392308,0.0,1,1840,733
B1_corrected,dgcnn,proto,scan,macro_f1,2,0.1735861314436043,0.0,1,1840,733
B1_corrected,dgcnn,proto,scan,macro_f1,3,0.214164015920822,0.0,1,1840,733
B1_corrected,dgcnn,proto,scan,macro_f1,4,0.2226791344334348,0.0,1,1840,733
B1_corrected,dgcnn,proto,scan,macro_f1,5,0.2239001605946548,0.0,1,1840,733
B1_corrected,dgcnn,proto,scan,top3_accuracy,1,0.5190217391304348,0.0,1,1840,733
B1_corrected,dgcnn,proto,scan,top3_accuracy,2,0.4146739130434783,0.0,1,1840,733
B1_corrected,dgcnn,proto,scan,top3_accuracy,3,0.5081521739130435,0.0,1,1840,733
B1_corrected,dgcnn,proto,scan,top3_accuracy,4,0.5141304347826087,0.0,1,1840,733
B1_corrected,dgcnn,proto,scan,top3_accuracy,5,0.532608695652174,0.0,1,1840,733
B1_corrected,dgcnn,proto,scan,top5_accuracy,1,0.7054347826086956,0.0,1,1840,733
B1_corrected,dgcnn,proto,scan,top5_accuracy,2,0.6016304347826087,0.0,1,1840,733
B1_corrected,dgcnn,proto,scan,top5_accuracy,3,0.6820652173913043,0.0,1,1840,733
B1_corrected,dgcnn,proto,scan,top5_accuracy,4,0.7081521739130435,0.0,1,1840,733
B1_corrected,dgcnn,proto,scan,top5_accuracy,5,0.7086956521739131,0.0,1,1840,733
B1_corrected,dgcnn,proto,subject,accuracy,1,0.3015006821282401,0.0,1,733,733
B1_corrected,dgcnn,proto,subject,accuracy,2,0.2605729877216917,0.0,1,733,733
B1_corrected,dgcnn,proto,subject,accuracy,3,0.3219645293315143,0.0,1,733,733
B1_corrected,dgcnn,proto,subject,accuracy,4,0.3287858117326057,0.0,1,733,733
B1_corrected,dgcnn,proto,subject,accuracy,5,0.330150068212824,0.0,1,733,733
B1_corrected,dgcnn,proto,subject,f1_class::Cartilage,1,0.4516129032258064,0.0,1,733,733
B1_corrected,dgcnn,proto,subject,f1_class::Cartilage,2,0.2258064516129032,0.0,1,733,733
B1_corrected,dgcnn,proto,subject,f1_class::Cartilage,3,0.3768115942028985,0.0,1,733,733
B1_corrected,dgcnn,proto,subject,f1_class::Cartilage,4,0.40625,0.0,1,733,733
B1_corrected,dgcnn,proto,subject,f1_class::Cartilage,5,0.4210526315789473,0.0,1,733,733
B1_corrected,dgcnn,proto,subject,f1_class::Ciliopathy,1,0.2857142857142857,0.0,1,733,733
B1_corrected,dgcnn,proto,subject,f1_class::Ciliopathy,2,0.2790697674418604,0.0,1,733,733
B1_corrected,dgcnn,proto,subject,f1_class::Ciliopathy,3,0.3181818181818182,0.0,1,733,733
B1_corrected,dgcnn,proto,subject,f1_class::Ciliopathy,4,0.3783783783783784,0.0,1,733,733
B1_corrected,dgcnn,proto,subject,f1_class::Ciliopathy,5,0.3265306122448979,0.0,1,733,733
B1_corrected,dgcnn,proto,subject,f1_class::Cohesinopathy,1,0.2439024390243902,0.0,1,733,733
B1_corrected,dgcnn,proto,subject,f1_class::Cohesinopathy,2,0.1694915254237288,0.0,1,733,733
B1_corrected,dgcnn,proto,subject,f1_class::Cohesinopathy,3,0.3076923076923077,0.0,1,733,733
B1_corrected,dgcnn,proto,subject,f1_class::Cohesinopathy,4,0.3636363636363636,0.0,1,733,733
B1_corrected,dgcnn,proto,subject,f1_class::Cohesinopathy,5,0.4827586206896552,0.0,1,733,733
B1_corrected,dgcnn,proto,subject,f1_class::Connective Tissue,1,0.3542857142857142,0.0,1,733,733
B1_corrected,dgcnn,proto,subject,f1_class::Connective Tissue,2,0.3529411764705882,0.0,1,733,733
B1_corrected,dgcnn,proto,subject,f1_class::Connective Tissue,3,0.325,0.0,1,733,733
B1_corrected,dgcnn,proto,subject,f1_class::Connective Tissue,4,0.3439490445859872,0.0,1,733,733
B1_corrected,dgcnn,proto,subject,f1_class::Connective Tissue,5,0.3506493506493506,0.0,1,733,733
B1_corrected,dgcnn,proto,subject,f1_class::Control,1,0.5375494071146245,0.0,1,733,733
B1_corrected,dgcnn,proto,subject,f1_class::Control,2,0.5517241379310345,0.0,1,733,733
B1_corrected,dgcnn,proto,subject,f1_class::Control,3,0.56,0.0,1,733,733
B1_corrected,dgcnn,proto,subject,f1_class::Control,4,0.5615384615384615,0.0,1,733,733
B1_corrected,dgcnn,proto,subject,f1_class::Control,5,0.5579710144927537,0.0,1,733,733
B1_corrected,dgcnn,proto,subject,f1_class::DNA Repair,1,0.6666666666666666,0.0,1,733,733
B1_corrected,dgcnn,proto,subject,f1_class::DNA Repair,2,0.4347826086956521,0.0,1,733,733
B1_corrected,dgcnn,proto,subject,f1_class::DNA Repair,3,0.5263157894736842,0.0,1,733,733
B1_corrected,dgcnn,proto,subject,f1_class::DNA Repair,4,0.4444444444444444,0.0,1,733,733
B1_corrected,dgcnn,proto,subject,f1_class::DNA Repair,5,0.4,0.0,1,733,733
B1_corrected,dgcnn,proto,subject,f1_class::Deletion,1,0.2290076335877862,0.0,1,733,733
B1_corrected,dgcnn,proto,subject,f1_class::Deletion,2,0.0769230769230769,0.0,1,733,733
B1_corrected,dgcnn,proto,subject,f1_class::Deletion,3,0.208,0.0,1,733,733
B1_corrected,dgcnn,proto,subject,f1_class::Deletion,4,0.1818181818181818,0.0,1,733,733
B1_corrected,dgcnn,proto,subject,f1_class::Deletion,5,0.2753623188405797,0.0,1,733,733
B1_corrected,dgcnn,proto,subject,f1_class::Duplication,1,0.0625,0.0,1,733,733
B1_corrected,dgcnn,proto,subject,f1_class::Duplication,2,0.0526315789473684,0.0,1,733,733
B1_corrected,dgcnn,proto,subject,f1_class::Duplication,3,0.1111111111111111,0.0,1,733,733
B1_corrected,dgcnn,proto,subject,f1_class::Duplication,4,0.0,0.0,1,733,733
B1_corrected,dgcnn,proto,subject,f1_class::Duplication,5,0.0,0.0,1,733,733
B1_corrected,dgcnn,proto,subject,f1_class::Ectodermal,1,0.28,0.0,1,733,733
B1_corrected,dgcnn,proto,subject,f1_class::Ectodermal,2,0.1587301587301587,0.0,1,733,733
B1_corrected,dgcnn,proto,subject,f1_class::Ectodermal,3,0.2978723404255319,0.0,1,733,733
B1_corrected,dgcnn,proto,subject,f1_class::Ectodermal,4,0.3255813953488372,0.0,1,733,733
B1_corrected,dgcnn,proto,subject,f1_class::Ectodermal,5,0.2553191489361702,0.0,1,733,733
B1_corrected,dgcnn,proto,subject,f1_class::Growth,1,0.2962962962962963,0.0,1,733,733
B1_corrected,dgcnn,proto,subject,f1_class::Growth,2,0.2777777777777778,0.0,1,733,733
B1_corrected,dgcnn,proto,subject,f1_class::Growth,3,0.2666666666666666,0.0,1,733,733
B1_corrected,dgcnn,proto,subject,f1_class::Growth,4,0.2962962962962963,0.0,1,733,733
B1_corrected,dgcnn,proto,subject,f1_class::Growth,5,0.5263157894736842,0.0,1,733,733
B1_corrected,dgcnn,proto,subject,f1_class::Imprinting,1,0.1855670103092783,0.0,1,733,733
B1_corrected,dgcnn,proto,subject,f1_class::Imprinting,2,0.125,0.0,1,733,733
B1_corrected,dgcnn,proto,subject,f1_class::Imprinting,3,0.1975308641975308,0.0,1,733,733
B1_corrected,dgcnn,proto,subject,f1_class::Imprinting,4,0.1904761904761904,0.0,1,733,733
B1_corrected,dgcnn,proto,subject,f1_class::Imprinting,5,0.2409638554216867,0.0,1,733,733
B1_corrected,dgcnn,proto,subject,f1_class::Lysozome,1,0.3809523809523809,0.0,1,733,733
B1_corrected,dgcnn,proto,subject,f1_class::Lysozome,2,0.2222222222222222,0.0,1,733,733
B1_corrected,dgcnn,proto,subject,f1_class::Lysozome,3,0.3555555555555555,0.0,1,733,733
B1_corrected,dgcnn,proto,subject,f1_class::Lysozome,4,0.4,0.0,1,733,733
B1_corrected,dgcnn,proto,subject,f1_class::Lysozome,5,0.3636363636363636,0.0,1,733,733
B1_corrected,dgcnn,proto,subject,f1_class::Neurocristopathy,1,0.074074074074074,0.0,1,733,733
B1_corrected,dgcnn,proto,subject,f1_class::Neurocristopathy,2,0.1132075471698113,0.0,1,733,733
B1_corrected,dgcnn,proto,subject,f1_class::Neurocristopathy,3,0.1724137931034483,0.0,1,733,733
B1_corrected,dgcnn,proto,subject,f1_class::Neurocristopathy,4,0.2580645161290322,0.0,1,733,733
B1_corrected,dgcnn,proto,subject,f1_class::Neurocristopathy,5,0.0655737704918032,0.0,1,733,733
B1_corrected,dgcnn,proto,subject,f1_class::Peroxisome,1,0.2702702702702703,0.0,1,733,733
B1_corrected,dgcnn,proto,subject,f1_class::Peroxisome,2,0.1886792452830188,0.0,1,733,733
B1_corrected,dgcnn,proto,subject,f1_class::Peroxisome,3,0.2222222222222222,0.0,1,733,733
B1_corrected,dgcnn,proto,subject,f1_class::Peroxisome,4,0.2857142857142857,0.0,1,733,733
B1_corrected,dgcnn,proto,subject,f1_class::Peroxisome,5,0.2424242424242424,0.0,1,733,733
B1_corrected,dgcnn,proto,subject,f1_class::Primary Palate,1,0.2758620689655172,0.0,1,733,733
B1_corrected,dgcnn,proto,subject,f1_class::Primary Palate,2,0.3137254901960784,0.0,1,733,733
B1_corrected,dgcnn,proto,subject,f1_class::Primary Palate,3,0.3636363636363636,0.0,1,733,733
B1_corrected,dgcnn,proto,subject,f1_class::Primary Palate,4,0.4210526315789473,0.0,1,733,733
B1_corrected,dgcnn,proto,subject,f1_class::Primary Palate,5,0.3902439024390244,0.0,1,733,733
B1_corrected,dgcnn,proto,subject,f1_class::Rasopathy,1,0.2608695652173913,0.0,1,733,733
B1_corrected,dgcnn,proto,subject,f1_class::Rasopathy,2,0.125,0.0,1,733,733
B1_corrected,dgcnn,proto,subject,f1_class::Rasopathy,3,0.3333333333333333,0.0,1,733,733
B1_corrected,dgcnn,proto,subject,f1_class::Rasopathy,4,0.3157894736842105,0.0,1,733,733
B1_corrected,dgcnn,proto,subject,f1_class::Rasopathy,5,0.3116883116883117,0.0,1,733,733
B1_corrected,dgcnn,proto,subject,f1_class::Sex Chromosome,1,0.2619047619047619,0.0,1,733,733
B1_corrected,dgcnn,proto,subject,f1_class::Sex Chromosome,2,0.202020202020202,0.0,1,733,733
B1_corrected,dgcnn,proto,subject,f1_class::Sex Chromosome,3,0.2558139534883721,0.0,1,733,733
B1_corrected,dgcnn,proto,subject,f1_class::Sex Chromosome,4,0.2666666666666666,0.0,1,733,733
B1_corrected,dgcnn,proto,subject,f1_class::Sex Chromosome,5,0.1927710843373494,0.0,1,733,733
B1_corrected,dgcnn,proto,subject,f1_class::Trisomy,1,0.2580645161290322,0.0,1,733,733
B1_corrected,dgcnn,proto,subject,f1_class::Trisomy,2,0.3333333333333333,0.0,1,733,733
B1_corrected,dgcnn,proto,subject,f1_class::Trisomy,3,0.3902439024390244,0.0,1,733,733
B1_corrected,dgcnn,proto,subject,f1_class::Trisomy,4,0.3684210526315789,0.0,1,733,733
B1_corrected,dgcnn,proto,subject,f1_class::Trisomy,5,0.4,0.0,1,733,733
B1_corrected,dgcnn,proto,subject,f1_class::Uncategorized,1,0.0869565217391304,0.0,1,733,733
B1_corrected,dgcnn,proto,subject,f1_class::Uncategorized,2,0.1311475409836065,0.0,1,733,733
B1_corrected,dgcnn,proto,subject,f1_class::Uncategorized,3,0.145985401459854,0.0,1,733,733
B1_corrected,dgcnn,proto,subject,f1_class::Uncategorized,4,0.1632653061224489,0.0,1,733,733
B1_corrected,dgcnn,proto,subject,f1_class::Uncategorized,5,0.1486486486486486,0.0,1,733,733
B1_corrected,dgcnn,proto,subject,macro_auc,1,0.8231423957467061,0.0,1,733,733
B1_corrected,dgcnn,proto,subject,macro_auc,2,0.805977699519395,0.0,1,733,733
B1_corrected,dgcnn,proto,subject,macro_auc,3,0.8151449128919996,0.0,1,733,733
B1_corrected,dgcnn,proto,subject,macro_auc,4,0.8212935594609548,0.0,1,733,733
B1_corrected,dgcnn,proto,subject,macro_auc,5,0.8260527021308023,0.0,1,733,733
B1_corrected,dgcnn,proto,subject,macro_f1,1,0.2874766587093372,0.0,1,733,733
B1_corrected,dgcnn,proto,subject,macro_f1,2,0.2281165179559169,0.0,1,733,733
B1_corrected,dgcnn,proto,subject,macro_f1,3,0.3018098430099855,0.0,1,733,733
B1_corrected,dgcnn,proto,subject,macro_f1,4,0.3142811941605427,0.0,1,733,733
B1_corrected,dgcnn,proto,subject,macro_f1,5,0.3132584034733405,0.0,1,733,733
B1_corrected,dgcnn,proto,subject,top3_accuracy,1,0.5961800818553888,0.0,1,733,733
B1_corrected,dgcnn,proto,subject,top3_accuracy,2,0.514324693042292,0.0,1,733,733
B1_corrected,dgcnn,proto,subject,top3_accuracy,3,0.5989085948158254,0.0,1,733,733
B1_corrected,dgcnn,proto,subject,top3_accuracy,4,0.6111869031377899,0.0,1,733,733
B1_corrected,dgcnn,proto,subject,top3_accuracy,5,0.6016371077762619,0.0,1,733,733
B1_corrected,dgcnn,proto,subject,top5_accuracy,1,0.762619372442019,0.0,1,733,733
B1_corrected,dgcnn,proto,subject,top5_accuracy,2,0.6889495225102319,0.0,1,733,733
B1_corrected,dgcnn,proto,subject,top5_accuracy,3,0.7517053206002728,0.0,1,733,733
B1_corrected,dgcnn,proto,subject,top5_accuracy,4,0.7639836289222374,0.0,1,733,733
B1_corrected,dgcnn,proto,subject,top5_accuracy,5,0.762619372442019,0.0,1,733,733
B1_corrected,dgcnn,softmax,scan,accuracy,1,0.242391304347826,0.0,1,1840,733
B1_corrected,dgcnn,softmax,scan,accuracy,2,0.1788043478260869,0.0,1,1840,733
B1_corrected,dgcnn,softmax,scan,accuracy,3,0.2505434782608696,0.0,1,1840,733
B1_corrected,dgcnn,softmax,scan,accuracy,4,0.25,0.0,1,1840,733
B1_corrected,dgcnn,softmax,scan,accuracy,5,0.2614130434782609,0.0,1,1840,733
B1_corrected,dgcnn,softmax,scan,f1_class::Cartilage,1,0.2580645161290322,0.0,1,1840,733
B1_corrected,dgcnn,softmax,scan,f1_class::Cartilage,2,0.2013422818791946,0.0,1,1840,733
B1_corrected,dgcnn,softmax,scan,f1_class::Cartilage,3,0.2032520325203252,0.0,1,1840,733
B1_corrected,dgcnn,softmax,scan,f1_class::Cartilage,4,0.2465753424657534,0.0,1,1840,733
B1_corrected,dgcnn,softmax,scan,f1_class::Cartilage,5,0.2427745664739884,0.0,1,1840,733
B1_corrected,dgcnn,softmax,scan,f1_class::Ciliopathy,1,0.3368421052631579,0.0,1,1840,733
B1_corrected,dgcnn,softmax,scan,f1_class::Ciliopathy,2,0.2352941176470588,0.0,1,1840,733
B1_corrected,dgcnn,softmax,scan,f1_class::Ciliopathy,3,0.1897810218978102,0.0,1,1840,733
B1_corrected,dgcnn,softmax,scan,f1_class::Ciliopathy,4,0.3058823529411765,0.0,1,1840,733
B1_corrected,dgcnn,softmax,scan,f1_class::Ciliopathy,5,0.2745098039215686,0.0,1,1840,733
B1_corrected,dgcnn,softmax,scan,f1_class::Cohesinopathy,1,0.1351351351351351,0.0,1,1840,733
B1_corrected,dgcnn,softmax,scan,f1_class::Cohesinopathy,2,0.0444444444444444,0.0,1,1840,733
B1_corrected,dgcnn,softmax,scan,f1_class::Cohesinopathy,3,0.2857142857142857,0.0,1,1840,733
B1_corrected,dgcnn,softmax,scan,f1_class::Cohesinopathy,4,0.1176470588235294,0.0,1,1840,733
B1_corrected,dgcnn,softmax,scan,f1_class::Cohesinopathy,5,0.25,0.0,1,1840,733
B1_corrected,dgcnn,softmax,scan,f1_class::Connective Tissue,1,0.3231197771587744,0.0,1,1840,733
B1_corrected,dgcnn,softmax,scan,f1_class::Connective Tissue,2,0.1690140845070422,0.0,1,1840,733
B1_corrected,dgcnn,softmax,scan,f1_class::Connective Tissue,3,0.3012987012987013,0.0,1,1840,733
B1_corrected,dgcnn,softmax,scan,f1_class::Connective Tissue,4,0.2892156862745098,0.0,1,1840,733
B1_corrected,dgcnn,softmax,scan,f1_class::Connective Tissue,5,0.3013698630136986,0.0,1,1840,733
B1_corrected,dgcnn,softmax,scan,f1_class::Control,1,0.5580693815987934,0.0,1,1840,733
B1_corrected,dgcnn,softmax,scan,f1_class::Control,2,0.4785714285714286,0.0,1,1840,733
B1_corrected,dgcnn,softmax,scan,f1_class::Control,3,0.5504,0.0,1,1840,733
B1_corrected,dgcnn,softmax,scan,f1_class::Control,4,0.5601131541725601,0.0,1,1840,733
B1_corrected,dgcnn,softmax,scan,f1_class::Control,5,0.5622254758418741,0.0,1,1840,733
B1_corrected,dgcnn,softmax,scan,f1_class::DNA Repair,1,0.3428571428571428,0.0,1,1840,733
B1_corrected,dgcnn,softmax,scan,f1_class::DNA Repair,2,0.2631578947368421,0.0,1,1840,733
B1_corrected,dgcnn,softmax,scan,f1_class::DNA Repair,3,0.2448979591836734,0.0,1,1840,733
B1_corrected,dgcnn,softmax,scan,f1_class::DNA Repair,4,0.2285714285714285,0.0,1,1840,733
B1_corrected,dgcnn,softmax,scan,f1_class::DNA Repair,5,0.2162162162162162,0.0,1,1840,733
B1_corrected,dgcnn,softmax,scan,f1_class::Deletion,1,0.0521172638436482,0.0,1,1840,733
B1_corrected,dgcnn,softmax,scan,f1_class::Deletion,2,0.0453074433656957,0.0,1,1840,733
B1_corrected,dgcnn,softmax,scan,f1_class::Deletion,3,0.0588235294117647,0.0,1,1840,733
B1_corrected,dgcnn,softmax,scan,f1_class::Deletion,4,0.0521172638436482,0.0,1,1840,733
B1_corrected,dgcnn,softmax,scan,f1_class::Deletion,5,0.0843373493975903,0.0,1,1840,733
B1_corrected,dgcnn,softmax,scan,f1_class::Duplication,1,0.1185185185185185,0.0,1,1840,733
B1_corrected,dgcnn,softmax,scan,f1_class::Duplication,2,0.1157024793388429,0.0,1,1840,733
B1_corrected,dgcnn,softmax,scan,f1_class::Duplication,3,0.1857923497267759,0.0,1,1840,733
B1_corrected,dgcnn,softmax,scan,f1_class::Duplication,4,0.1424802110817942,0.0,1,1840,733
B1_corrected,dgcnn,softmax,scan,f1_class::Duplication,5,0.1165644171779141,0.0,1,1840,733
B1_corrected,dgcnn,softmax,scan,f1_class::Ectodermal,1,0.2727272727272727,0.0,1,1840,733
B1_corrected,dgcnn,softmax,scan,f1_class::Ectodermal,2,0.1645569620253164,0.0,1,1840,733
B1_corrected,dgcnn,softmax,scan,f1_class::Ectodermal,3,0.2033898305084746,0.0,1,1840,733
B1_corrected,dgcnn,softmax,scan,f1_class::Ectodermal,4,0.2727272727272727,0.0,1,1840,733
B1_corrected,dgcnn,softmax,scan,f1_class::Ectodermal,5,0.2,0.0,1,1840,733
B1_corrected,dgcnn,softmax,scan,f1_class::Growth,1,0.2553191489361702,0.0,1,1840,733
B1_corrected,dgcnn,softmax,scan,f1_class::Growth,2,0.2142857142857142,0.0,1,1840,733
B1_corrected,dgcnn,softmax,scan,f1_class::Growth,3,0.2424242424242424,0.0,1,1840,733
B1_corrected,dgcnn,softmax,scan,f1_class::Growth,4,0.2068965517241379,0.0,1,1840,733
B1_corrected,dgcnn,softmax,scan,f1_class::Growth,5,0.1481481481481481,0.0,1,1840,733
B1_corrected,dgcnn,softmax,scan,f1_class::Imprinting,1,0.0946745562130177,0.0,1,1840,733
B1_corrected,dgcnn,softmax,scan,f1_class::Imprinting,2,0.1325966850828729,0.0,1,1840,733
B1_corrected,dgcnn,softmax,scan,f1_class::Imprinting,3,0.1612903225806451,0.0,1,1840,733
B1_corrected,dgcnn,softmax,scan,f1_class::Imprinting,4,0.1340782122905028,0.0,1,1840,733
B1_corrected,dgcnn,softmax,scan,f1_class::Imprinting,5,0.1872340425531914,0.0,1,1840,733
B1_corrected,dgcnn,softmax,scan,f1_class::Lysozome,1,0.3142857142857143,0.0,1,1840,733
B1_corrected,dgcnn,softmax,scan,f1_class::Lysozome,2,0.1748071979434447,0.0,1,1840,733
B1_corrected,dgcnn,softmax,scan,f1_class::Lysozome,3,0.254416961130742,0.0,1,1840,733
B1_corrected,dgcnn,softmax,scan,f1_class::Lysozome,4,0.2335766423357664,0.0,1,1840,733
B1_corrected,dgcnn,softmax,scan,f1_class::Lysozome,5,0.2952380952380952,0.0,1,1840,733
B1_corrected,dgcnn,softmax,scan,f1_class::Neurocristopathy,1,0.0465116279069767,0.0,1,1840,733
B1_corrected,dgcnn,softmax,scan,f1_class::Neurocristopathy,2,0.0952380952380952,0.0,1,1840,733
B1_corrected,dgcnn,softmax,scan,f1_class::Neurocristopathy,3,0.1146496815286624,0.0,1,1840,733
B1_corrected,dgcnn,softmax,scan,f1_class::Neurocristopathy,4,0.0536912751677852,0.0,1,1840,733
B1_corrected,dgcnn,softmax,scan,f1_class::Neurocristopathy,5,0.125,0.0,1,1840,733
B1_corrected,dgcnn,softmax,scan,f1_class::Peroxisome,1,0.2580645161290322,0.0,1,1840,733
B1_corrected,dgcnn,softmax,scan,f1_class::Peroxisome,2,0.1365853658536585,0.0,1,1840,733
B1_corrected,dgcnn,softmax,scan,f1_class::Peroxisome,3,0.2022471910112359,0.0,1,1840,733
B1_corrected,dgcnn,softmax,scan,f1_class::Peroxisome,4,0.3243243243243243,0.0,1,1840,733
B1_corrected,dgcnn,softmax,scan,f1_class::Peroxisome,5,0.2647058823529412,0.0,1,1840,733
B1_corrected,dgcnn,softmax,scan,f1_class::Primary Palate,1,0.1626016260162601,0.0,1,1840,733
B1_corrected,dgcnn,softmax,scan,f1_class::Primary Palate,2,0.0858369098712446,0.0,1,1840,733
B1_corrected,dgcnn,softmax,scan,f1_class::Primary Palate,3,0.1714285714285714,0.0,1,1840,733
B1_corrected,dgcnn,softmax,scan,f1_class::Primary Palate,4,0.2456140350877192,0.0,1,1840,733
B1_corrected,dgcnn,softmax,scan,f1_class::Primary Palate,5,0.2222222222222222,0.0,1,1840,733
B1_corrected,dgcnn,softmax,scan,f1_class::Rasopathy,1,0.1059602649006622,0.0,1,1840,733
B1_corrected,dgcnn,softmax,scan,f1_class::Rasopathy,2,0.0136054421768707,0.0,1,1840,733
B1_corrected,dgcnn,softmax,scan,f1_class::Rasopathy,3,0.1775147928994082,0.0,1,1840,733
B1_corrected,dgcnn,softmax,scan,f1_class::Rasopathy,4,0.1728395061728395,0.0,1,1840,733
B1_corrected,dgcnn,softmax,scan,f1_class::Rasopathy,5,0.2289156626506024,0.0,1,1840,733
B1_corrected,dgcnn,softmax,scan,f1_class::Sex Chromosome,1,0.1538461538461538,0.0,1,1840,733
B1_corrected,dgcnn,softmax,scan,f1_class::Sex Chromosome,2,0.2033898305084746,0.0,1,1840,733
B1_corrected,dgcnn,softmax,scan,f1_class::Sex Chromosome,3,0.1726618705035971,0.0,1,1840,733
B1_corrected,dgcnn,softmax,scan,f1_class::Sex Chromosome,4,0.2264150943396226,0.0,1,1840,733
B1_corrected,dgcnn,softmax,scan,f1_class::Sex Chromosome,5,0.2033898305084746,0.0,1,1840,733
B1_corrected,dgcnn,softmax,scan,f1_class::Trisomy,1,0.2150537634408602,0.0,1,1840,733
B1_corrected,dgcnn,softmax,scan,f1_class::Trisomy,2,0.2686567164179104,0.0,1,1840,733
B1_corrected,dgcnn,softmax,scan,f1_class::Trisomy,3,0.2537313432835821,0.0,1,1840,733
B1_corrected,dgcnn,softmax,scan,f1_class::Trisomy,4,0.2714285714285714,0.0,1,1840,733
B1_corrected,dgcnn,softmax,scan,f1_class::Trisomy,5,0.2549019607843137,0.0,1,1840,733
B1_corrected,dgcnn,softmax,scan,f1_class::Uncategorized,1,0.0495356037151702,0.0,1,1840,733
B1_corrected,dgcnn,softmax,scan,f1_class::Uncategorized,2,0.0,0.0,1,1840,733
B1_corrected,dgcnn,softmax,scan,f1_class::Uncategorized,3,0.1169230769230769,0.0,1,1840,733
B1_corrected,dgcnn,softmax,scan,f1_class::Uncategorized,4,0.0387096774193548,0.0,1,1840,733
B1_corrected,dgcnn,softmax,scan,f1_class::Uncategorized,5,0.1205479452054794,0.0,1,1840,733
B1_corrected,dgcnn,softmax,scan,macro_auc,1,0.8022663546121456,0.0,1,1840,733
B1_corrected,dgcnn,softmax,scan,macro_auc,2,0.7887033067443734,0.0,1,1840,733
B1_corrected,dgcnn,softmax,scan,macro_auc,3,0.7914485883224129,0.0,1,1840,733
B1_corrected,dgcnn,softmax,scan,macro_auc,4,0.7985977734405886,0.0,1,1840,733
B1_corrected,dgcnn,softmax,scan,macro_auc,5,0.7876125522438473,0.0,1,1840,733
B1_corrected,dgcnn,softmax,scan,macro_f1,1,0.2133317941379733,0.0,1,1840,733
B1_corrected,dgcnn,softmax,scan,macro_f1,2,0.1601259523102185,0.0,1,1840,733
B1_corrected,dgcnn,softmax,scan,macro_f1,3,0.215296724419767,0.0,1,1840,733
B1_corrected,dgcnn,softmax,scan,macro_f1,4,0.2169949295364367,0.0,1,1840,733
B1_corrected,dgcnn,softmax,scan,macro_f1,5,0.2262263937740167,0.0,1,1840,733
B1_corrected,dgcnn,softmax,scan,top3_accuracy,1,0.5304347826086957,0.0,1,1840,733
B1_corrected,dgcnn,softmax,scan,top3_accuracy,2,0.4163043478260869,0.0,1,1840,733
B1_corrected,dgcnn,softmax,scan,top3_accuracy,3,0.5353260869565217,0.0,1,1840,733
B1_corrected,dgcnn,softmax,scan,top3_accuracy,4,0.5369565217391304,0.0,1,1840,733
B1_corrected,dgcnn,softmax,scan,top3_accuracy,5,0.5554347826086956,0.0,1,1840,733
B1_corrected,dgcnn,softmax,scan,top5_accuracy,1,0.7353260869565217,0.0,1,1840,733
B1_corrected,dgcnn,softmax,scan,top5_accuracy,2,0.6032608695652174,0.0,1,1840,733
B1_corrected,dgcnn,softmax,scan,top5_accuracy,3,0.7434782608695653,0.0,1,1840,733
B1_corrected,dgcnn,softmax,scan,top5_accuracy,4,0.7304347826086957,0.0,1,1840,733
B1_corrected,dgcnn,softmax,scan,top5_accuracy,5,0.7467391304347826,0.0,1,1840,733
B1_corrected,dgcnn,softmax,subject,accuracy,1,0.2892223738062756,0.0,1,733,733
B1_corrected,dgcnn,softmax,subject,accuracy,2,0.2073669849931787,0.0,1,733,733
B1_corrected,dgcnn,softmax,subject,accuracy,3,0.3015006821282401,0.0,1,733,733
B1_corrected,dgcnn,softmax,subject,accuracy,4,0.3151432469304229,0.0,1,733,733
B1_corrected,dgcnn,softmax,subject,accuracy,5,0.3096862210095498,0.0,1,733,733
B1_corrected,dgcnn,softmax,subject,f1_class::Cartilage,1,0.3541666666666667,0.0,1,733,733
B1_corrected,dgcnn,softmax,subject,f1_class::Cartilage,2,0.25,0.0,1,733,733
B1_corrected,dgcnn,softmax,subject,f1_class::Cartilage,3,0.2678571428571428,0.0,1,733,733
B1_corrected,dgcnn,softmax,subject,f1_class::Cartilage,4,0.3783783783783784,0.0,1,733,733
B1_corrected,dgcnn,softmax,subject,f1_class::Cartilage,5,0.3516483516483517,0.0,1,733,733
B1_corrected,dgcnn,softmax,subject,f1_class::Ciliopathy,1,0.3684210526315789,0.0,1,733,733
B1_corrected,dgcnn,softmax,subject,f1_class::Ciliopathy,2,0.2807017543859649,0.0,1,733,733
B1_corrected,dgcnn,softmax,subject,f1_class::Ciliopathy,3,0.2413793103448276,0.0,1,733,733
B1_corrected,dgcnn,softmax,subject,f1_class::Ciliopathy,4,0.2941176470588235,0.0,1,733,733
B1_corrected,dgcnn,softmax,subject,f1_class::Ciliopathy,5,0.25,0.0,1,733,733
B1_corrected,dgcnn,softmax,subject,f1_class::Cohesinopathy,1,0.1818181818181818,0.0,1,733,733
B1_corrected,dgcnn,softmax,subject,f1_class::Cohesinopathy,2,0.0,0.0,1,733,733
B1_corrected,dgcnn,softmax,subject,f1_class::Cohesinopathy,3,0.3636363636363636,0.0,1,733,733
B1_corrected,dgcnn,softmax,subject,f1_class::Cohesinopathy,4,0.0,0.0,1,733,733
B1_corrected,dgcnn,softmax,subject,f1_class::Cohesinopathy,5,0.3157894736842105,0.0,1,733,733
B1_corrected,dgcnn,softmax,subject,f1_class::Connective Tissue,1,0.3615819209039548,0.0,1,733,733
B1_corrected,dgcnn,softmax,subject,f1_class::Connective Tissue,2,0.1698113207547169,0.0,1,733,733
B1_corrected,dgcnn,softmax,subject,f1_class::Connective Tissue,3,0.3005181347150259,0.0,1,733,733
B1_corrected,dgcnn,softmax,subject,f1_class::Connective Tissue,4,0.3465346534653465,0.0,1,733,733
B1_corrected,dgcnn,softmax,subject,f1_class::Connective Tissue,5,0.3287671232876712,0.0,1,733,733
B1_corrected,dgcnn,softmax,subject,f1_class::Control,1,0.5704697986577181,0.0,1,733,733
B1_corrected,dgcnn,softmax,subject,f1_class::Control,2,0.5153846153846153,0.0,1,733,733
B1_corrected,dgcnn,softmax,subject,f1_class::Control,3,0.5824561403508772,0.0,1,733,733
B1_corrected,dgcnn,softmax,subject,f1_class::Control,4,0.5974842767295597,0.0,1,733,733
B1_corrected,dgcnn,softmax,subject,f1_class::Control,5,0.6078431372549019,0.0,1,733,733
B1_corrected,dgcnn,softmax,subject,f1_class::DNA Repair,1,0.4444444444444444,0.0,1,733,733
B1_corrected,dgcnn,softmax,subject,f1_class::DNA Repair,2,0.2222222222222222,0.0,1,733,733
B1_corrected,dgcnn,softmax,subject,f1_class::DNA Repair,3,0.3333333333333333,0.0,1,733,733
B1_corrected,dgcnn,softmax,subject,f1_class::DNA Repair,4,0.3636363636363636,0.0,1,733,733
B1_corrected,dgcnn,softmax,subject,f1_class::DNA Repair,5,0.2,0.0,1,733,733
B1_corrected,dgcnn,softmax,subject,f1_class::Deletion,1,0.0792079207920792,0.0,1,733,733
B1_corrected,dgcnn,softmax,subject,f1_class::Deletion,2,0.0,0.0,1,733,733
B1_corrected,dgcnn,softmax,subject,f1_class::Deletion,3,0.0606060606060606,0.0,1,733,733
B1_corrected,dgcnn,softmax,subject,f1_class::Deletion,4,0.0824742268041237,0.0,1,733,733
B1_corrected,dgcnn,softmax,subject,f1_class::Deletion,5,0.0769230769230769,0.0,1,733,733
B1_corrected,dgcnn,softmax,subject,f1_class::Duplication,1,0.1383647798742138,0.0,1,733,733
B1_corrected,dgcnn,softmax,subject,f1_class::Duplication,2,0.1063829787234042,0.0,1,733,733
B1_corrected,dgcnn,softmax,subject,f1_class::Duplication,3,0.25,0.0,1,733,733
B1_corrected,dgcnn,softmax,subject,f1_class::Duplication,4,0.1560283687943262,0.0,1,733,733
B1_corrected,dgcnn,softmax,subject,f1_class::Duplication,5,0.1666666666666666,0.0,1,733,733
B1_corrected,dgcnn,softmax,subject,f1_class::Ectodermal,1,0.4186046511627907,0.0,1,733,733
B1_corrected,dgcnn,softmax,subject,f1_class::Ectodermal,2,0.1951219512195122,0.0,1,733,733
B1_corrected,dgcnn,softmax,subject,f1_class::Ectodermal,3,0.2962962962962963,0.0,1,733,733
B1_corrected,dgcnn,softmax,subject,f1_class::Ectodermal,4,0.4,0.0,1,733,733
B1_corrected,dgcnn,softmax,subject,f1_class::Ectodermal,5,0.2564102564102564,0.0,1,733,733
B1_corrected,dgcnn,softmax,subject,f1_class::Growth,1,0.3809523809523809,0.0,1,733,733
B1_corrected,dgcnn,softmax,subject,f1_class::Growth,2,0.3333333333333333,0.0,1,733,733
B1_corrected,dgcnn,softmax,subject,f1_class::Growth,3,0.3076923076923077,0.0,1,733,733
B1_corrected,dgcnn,softmax,subject,f1_class::Growth,4,0.2857142857142857,0.0,1,733,733
B1_corrected,dgcnn,softmax,subject,f1_class::Growth,5,0.1818181818181818,0.0,1,733,733
B1_corrected,dgcnn,softmax,subject,f1_class::Imprinting,1,0.0,0.0,1,733,733
B1_corrected,dgcnn,softmax,subject,f1_class::Imprinting,2,0.0851063829787234,0.0,1,733,733
B1_corrected,dgcnn,softmax,subject,f1_class::Imprinting,3,0.1568627450980392,0.0,1,733,733
B1_corrected,dgcnn,softmax,subject,f1_class::Imprinting,4,0.0,0.0,1,733,733
B1_corrected,dgcnn,softmax,subject,f1_class::Imprinting,5,0.125,0.0,1,733,733
B1_corrected,dgcnn,softmax,subject,f1_class::Lysozome,1,0.2622950819672131,0.0,1,733,733
B1_corrected,dgcnn,softmax,subject,f1_class::Lysozome,2,0.140625,0.0,1,733,733
B1_corrected,dgcnn,softmax,subject,f1_class::Lysozome,3,0.2068965517241379,0.0,1,733,733
B1_corrected,dgcnn,softmax,subject,f1_class::Lysozome,4,0.2465753424657534,0.0,1,733,733
B1_corrected,dgcnn,softmax,subject,f1_class::Lysozome,5,0.2622950819672131,0.0,1,733,733
B1_corrected,dgcnn,softmax,subject,f1_class::Neurocristopathy,1,0.0465116279069767,0.0,1,733,733
B1_corrected,dgcnn,softmax,subject,f1_class::Neurocristopathy,2,0.0465116279069767,0.0,1,733,733
B1_corrected,dgcnn,softmax,subject,f1_class::Neurocristopathy,3,0.1509433962264151,0.0,1,733,733
B1_corrected,dgcnn,softmax,subject,f1_class::Neurocristopathy,4,0.1702127659574468,0.0,1,733,733
B1_corrected,dgcnn,softmax,subject,f1_class::Neurocristopathy,5,0.1481481481481481,0.0,1,733,733
B1_corrected,dgcnn,softmax,subject,f1_class::Peroxisome,1,0.3809523809523809,0.0,1,733,733
B1_corrected,dgcnn,softmax,subject,f1_class::Peroxisome,2,0.1694915254237288,0.0,1,733,733
B1_corrected,dgcnn,softmax,subject,f1_class::Peroxisome,3,0.303030303030303,0.0,1,733,733
B1_corrected,dgcnn,softmax,subject,f1_class::Peroxisome,4,0.4,0.0,1,733,733
B1_corrected,dgcnn,softmax,subject,f1_class::Peroxisome,5,0.2962962962962963,0.0,1,733,733
B1_corrected,dgcnn,softmax,subject,f1_class::Primary Palate,1,0.2461538461538461,0.0,1,733,733
B1_corrected,dgcnn,softmax,subject,f1_class::Primary Palate,2,0.1333333333333333,0.0,1,733,733
B1_corrected,dgcnn,softmax,subject,f1_class::Primary Palate,3,0.3018867924528302,0.0,1,733,733
B1_corrected,dgcnn,softmax,subject,f1_class::Primary Palate,4,0.4516129032258064,0.0,1,733,733
B1_corrected,dgcnn,softmax,subject,f1_class::Primary Palate,5,0.3157894736842105,0.0,1,733,733
B1_corrected,dgcnn,softmax,subject,f1_class::Rasopathy,1,0.08,0.0,1,733,733
B1_corrected,dgcnn,softmax,subject,f1_class::Rasopathy,2,0.0392156862745098,0.0,1,733,733
B1_corrected,dgcnn,softmax,subject,f1_class::Rasopathy,3,0.25,0.0,1,733,733
B1_corrected,dgcnn,softmax,subject,f1_class::Rasopathy,4,0.1851851851851851,0.0,1,733,733
B1_corrected,dgcnn,softmax,subject,f1_class::Rasopathy,5,0.2181818181818181,0.0,1,733,733
B1_corrected,dgcnn,softmax,subject,f1_class::Sex Chromosome,1,0.1785714285714285,0.0,1,733,733
B1_corrected,dgcnn,softmax,subject,f1_class::Sex Chromosome,2,0.2711864406779661,0.0,1,733,733
B1_corrected,dgcnn,softmax,subject,f1_class::Sex Chromosome,3,0.1967213114754098,0.0,1,733,733
B1_corrected,dgcnn,softmax,subject,f1_class::Sex Chromosome,4,0.2898550724637681,0.0,1,733,733
B1_corrected,dgcnn,softmax,subject,f1_class::Sex Chromosome,5,0.2641509433962264,0.0,1,733,733
B1_corrected,dgcnn,softmax,subject,f1_class::Trisomy,1,0.3272727272727272,0.0,1,733,733
B1_corrected,dgcnn,softmax,subject,f1_class::Trisomy,2,0.3809523809523809,0.0,1,733,733
B1_corrected,dgcnn,softmax,subject,f1_class::Trisomy,3,0.410958904109589,0.0,1,733,733
B1_corrected,dgcnn,softmax,subject,f1_class::Trisomy,4,0.3908045977011494,0.0,1,733,733
B1_corrected,dgcnn,softmax,subject,f1_class::Trisomy,5,0.4482758620689655,0.0,1,733,733
B1_corrected,dgcnn,softmax,subject,f1_class::Uncategorized,1,0.0363636363636363,0.0,1,733,733
B1_corrected,dgcnn,softmax,subject,f1_class::Uncategorized,2,0.0,0.0,1,733,733
B1_corrected,dgcnn,softmax,subject,f1_class::Uncategorized,3,0.1052631578947368,0.0,1,733,733
B1_corrected,dgcnn,softmax,subject,f1_class::Uncategorized,4,0.0363636363636363,0.0,1,733,733
B1_corrected,dgcnn,softmax,subject,f1_class::Uncategorized,5,0.1102362204724409,0.0,1,733,733
B1_corrected,dgcnn,softmax,subject,macro_auc,1,0.8279341973810737,0.0,1,733,733
B1_corrected,dgcnn,softmax,subject,macro_auc,2,0.8231576448045719,0.0,1,733,733
B1_corrected,dgcnn,softmax,subject,macro_auc,3,0.8246609608003843,0.0,1,733,733
B1_corrected,dgcnn,softmax,subject,macro_auc,4,0.8352523772521891,0.0,1,733,733
B1_corrected,dgcnn,softmax,subject,macro_auc,5,0.824799441093666,0.0,1,733,733
B1_corrected,dgcnn,softmax,subject,macro_f1,1,0.2555869751101167,0.0,1,733,733
B1_corrected,dgcnn,softmax,subject,macro_f1,2,0.1757568712405993,0.0,1,733,733
B1_corrected,dgcnn,softmax,subject,macro_f1,3,0.2677020132549314,0.0,1,733,733
B1_corrected,dgcnn,softmax,subject,macro_f1,4,0.2671040896812607,0.0,1,733,733
B1_corrected,dgcnn,softmax,subject,macro_f1,5,0.2591705322057177,0.0,1,733,733
B1_corrected,dgcnn,softmax,subject,top3_accuracy,1,0.5593451568894953,0.0,1,733,733
B1_corrected,dgcnn,softmax,subject,top3_accuracy,2,0.4474761255115961,0.0,1,733,733
B1_corrected,dgcnn,softmax,subject,top3_accuracy,3,0.5511596180081856,0.0,1,733,733
B1_corrected,dgcnn,softmax,subject,top3_accuracy,4,0.5757162346521146,0.0,1,733,733
B1_corrected,dgcnn,softmax,subject,top3_accuracy,5,0.5716234652114598,0.0,1,733,733
B1_corrected,dgcnn,softmax,subject,top5_accuracy,1,0.7435197817189632,0.0,1,733,733
B1_corrected,dgcnn,softmax,subject,top5_accuracy,2,0.626193724420191,0.0,1,733,733
B1_corrected,dgcnn,softmax,subject,top5_accuracy,3,0.7435197817189632,0.0,1,733,733
B1_corrected,dgcnn,softmax,subject,top5_accuracy,4,0.73806275579809,0.0,1,733,733
B1_corrected,dgcnn,softmax,subject,top5_accuracy,5,0.7667121418826739,0.0,1,733,733
B1_corrected,geommlp,knn11,scan,accuracy,1,0.2146739130434782,0.0,1,1840,733
B1_corrected,geommlp,knn11,scan,accuracy,2,0.2146739130434782,0.0,1,1840,733
B1_corrected,geommlp,knn11,scan,accuracy,3,0.2146739130434782,0.0,1,1840,733
B1_corrected,geommlp,knn11,scan,accuracy,4,0.2146739130434782,0.0,1,1840,733
B1_corrected,geommlp,knn11,scan,accuracy,5,0.2146739130434782,0.0,1,1840,733
B1_corrected,geommlp,knn11,scan,f1_class::Cartilage,1,0.0,0.0,1,1840,733
B1_corrected,geommlp,knn11,scan,f1_class::Cartilage,2,0.0,0.0,1,1840,733
B1_corrected,geommlp,knn11,scan,f1_class::Cartilage,3,0.0,0.0,1,1840,733
B1_corrected,geommlp,knn11,scan,f1_class::Cartilage,4,0.0,0.0,1,1840,733
B1_corrected,geommlp,knn11,scan,f1_class::Cartilage,5,0.0,0.0,1,1840,733
B1_corrected,geommlp,knn11,scan,f1_class::Ciliopathy,1,0.0555555555555555,0.0,1,1840,733
B1_corrected,geommlp,knn11,scan,f1_class::Ciliopathy,2,0.0555555555555555,0.0,1,1840,733
B1_corrected,geommlp,knn11,scan,f1_class::Ciliopathy,3,0.0555555555555555,0.0,1,1840,733
B1_corrected,geommlp,knn11,scan,f1_class::Ciliopathy,4,0.0555555555555555,0.0,1,1840,733
B1_corrected,geommlp,knn11,scan,f1_class::Ciliopathy,5,0.0555555555555555,0.0,1,1840,733
B1_corrected,geommlp,knn11,scan,f1_class::Cohesinopathy,1,0.0,0.0,1,1840,733
B1_corrected,geommlp,knn11,scan,f1_class::Cohesinopathy,2,0.0,0.0,1,1840,733
B1_corrected,geommlp,knn11,scan,f1_class::Cohesinopathy,3,0.0,0.0,1,1840,733
B1_corrected,geommlp,knn11,scan,f1_class::Cohesinopathy,4,0.0,0.0,1,1840,733
B1_corrected,geommlp,knn11,scan,f1_class::Cohesinopathy,5,0.0,0.0,1,1840,733
B1_corrected,geommlp,knn11,scan,f1_class::Connective Tissue,1,0.2199488491048593,0.0,1,1840,733
B1_corrected,geommlp,knn11,scan,f1_class::Connective Tissue,2,0.2199488491048593,0.0,1,1840,733
B1_corrected,geommlp,knn11,scan,f1_class::Connective Tissue,3,0.2199488491048593,0.0,1,1840,733
B1_corrected,geommlp,knn11,scan,f1_class::Connective Tissue,4,0.2199488491048593,0.0,1,1840,733
B1_corrected,geommlp,knn11,scan,f1_class::Connective Tissue,5,0.2199488491048593,0.0,1,1840,733
B1_corrected,geommlp,knn11,scan,f1_class::Control,1,0.3512690355329949,0.0,1,1840,733
B1_corrected,geommlp,knn11,scan,f1_class::Control,2,0.3512690355329949,0.0,1,1840,733
B1_corrected,geommlp,knn11,scan,f1_class::Control,3,0.3512690355329949,0.0,1,1840,733
B1_corrected,geommlp,knn11,scan,f1_class::Control,4,0.3512690355329949,0.0,1,1840,733
B1_corrected,geommlp,knn11,scan,f1_class::Control,5,0.3512690355329949,0.0,1,1840,733
B1_corrected,geommlp,knn11,scan,f1_class::DNA Repair,1,0.0444444444444444,0.0,1,1840,733
B1_corrected,geommlp,knn11,scan,f1_class::DNA Repair,2,0.0444444444444444,0.0,1,1840,733
B1_corrected,geommlp,knn11,scan,f1_class::DNA Repair,3,0.0444444444444444,0.0,1,1840,733
B1_corrected,geommlp,knn11,scan,f1_class::DNA Repair,4,0.0444444444444444,0.0,1,1840,733
B1_corrected,geommlp,knn11,scan,f1_class::DNA Repair,5,0.0444444444444444,0.0,1,1840,733
B1_corrected,geommlp,knn11,scan,f1_class::Deletion,1,0.2475247524752475,0.0,1,1840,733
B1_corrected,geommlp,knn11,scan,f1_class::Deletion,2,0.2475247524752475,0.0,1,1840,733
B1_corrected,geommlp,knn11,scan,f1_class::Deletion,3,0.2475247524752475,0.0,1,1840,733
B1_corrected,geommlp,knn11,scan,f1_class::Deletion,4,0.2475247524752475,0.0,1,1840,733
B1_corrected,geommlp,knn11,scan,f1_class::Deletion,5,0.2475247524752475,0.0,1,1840,733
B1_corrected,geommlp,knn11,scan,f1_class::Duplication,1,0.0555555555555555,0.0,1,1840,733
B1_corrected,geommlp,knn11,scan,f1_class::Duplication,2,0.0555555555555555,0.0,1,1840,733
B1_corrected,geommlp,knn11,scan,f1_class::Duplication,3,0.0555555555555555,0.0,1,1840,733
B1_corrected,geommlp,knn11,scan,f1_class::Duplication,4,0.0555555555555555,0.0,1,1840,733
B1_corrected,geommlp,knn11,scan,f1_class::Duplication,5,0.0555555555555555,0.0,1,1840,733
B1_corrected,geommlp,knn11,scan,f1_class::Ectodermal,1,0.0,0.0,1,1840,733
B1_corrected,geommlp,knn11,scan,f1_class::Ectodermal,2,0.0,0.0,1,1840,733
B1_corrected,geommlp,knn11,scan,f1_class::Ectodermal,3,0.0,0.0,1,1840,733
B1_corrected,geommlp,knn11,scan,f1_class::Ectodermal,4,0.0,0.0,1,1840,733
B1_corrected,geommlp,knn11,scan,f1_class::Ectodermal,5,0.0,0.0,1,1840,733
B1_corrected,geommlp,knn11,scan,f1_class::Growth,1,0.0,0.0,1,1840,733
B1_corrected,geommlp,knn11,scan,f1_class::Growth,2,0.0,0.0,1,1840,733
B1_corrected,geommlp,knn11,scan,f1_class::Growth,3,0.0,0.0,1,1840,733
B1_corrected,geommlp,knn11,scan,f1_class::Growth,4,0.0,0.0,1,1840,733
B1_corrected,geommlp,knn11,scan,f1_class::Growth,5,0.0,0.0,1,1840,733
B1_corrected,geommlp,knn11,scan,f1_class::Imprinting,1,0.0769230769230769,0.0,1,1840,733
B1_corrected,geommlp,knn11,scan,f1_class::Imprinting,2,0.0769230769230769,0.0,1,1840,733
B1_corrected,geommlp,knn11,scan,f1_class::Imprinting,3,0.0769230769230769,0.0,1,1840,733
B1_corrected,geommlp,knn11,scan,f1_class::Imprinting,4,0.0769230769230769,0.0,1,1840,733
B1_corrected,geommlp,knn11,scan,f1_class::Imprinting,5,0.0769230769230769,0.0,1,1840,733
B1_corrected,geommlp,knn11,scan,f1_class::Lysozome,1,0.0,0.0,1,1840,733
B1_corrected,geommlp,knn11,scan,f1_class::Lysozome,2,0.0,0.0,1,1840,733
B1_corrected,geommlp,knn11,scan,f1_class::Lysozome,3,0.0,0.0,1,1840,733
B1_corrected,geommlp,knn11,scan,f1_class::Lysozome,4,0.0,0.0,1,1840,733
B1_corrected,geommlp,knn11,scan,f1_class::Lysozome,5,0.0,0.0,1,1840,733
B1_corrected,geommlp,knn11,scan,f1_class::Neurocristopathy,1,0.0512820512820512,0.0,1,1840,733
B1_corrected,geommlp,knn11,scan,f1_class::Neurocristopathy,2,0.0512820512820512,0.0,1,1840,733
B1_corrected,geommlp,knn11,scan,f1_class::Neurocristopathy,3,0.0512820512820512,0.0,1,1840,733
B1_corrected,geommlp,knn11,scan,f1_class::Neurocristopathy,4,0.0512820512820512,0.0,1,1840,733
B1_corrected,geommlp,knn11,scan,f1_class::Neurocristopathy,5,0.0512820512820512,0.0,1,1840,733
B1_corrected,geommlp,knn11,scan,f1_class::Peroxisome,1,0.2727272727272727,0.0,1,1840,733
B1_corrected,geommlp,knn11,scan,f1_class::Peroxisome,2,0.2727272727272727,0.0,1,1840,733
B1_corrected,geommlp,knn11,scan,f1_class::Peroxisome,3,0.2727272727272727,0.0,1,1840,733
B1_corrected,geommlp,knn11,scan,f1_class::Peroxisome,4,0.2727272727272727,0.0,1,1840,733
B1_corrected,geommlp,knn11,scan,f1_class::Peroxisome,5,0.2727272727272727,0.0,1,1840,733
B1_corrected,geommlp,knn11,scan,f1_class::Primary Palate,1,0.2608695652173913,0.0,1,1840,733
B1_corrected,geommlp,knn11,scan,f1_class::Primary Palate,2,0.2608695652173913,0.0,1,1840,733
B1_corrected,geommlp,knn11,scan,f1_class::Primary Palate,3,0.2608695652173913,0.0,1,1840,733
B1_corrected,geommlp,knn11,scan,f1_class::Primary Palate,4,0.2608695652173913,0.0,1,1840,733
B1_corrected,geommlp,knn11,scan,f1_class::Primary Palate,5,0.2608695652173913,0.0,1,1840,733
B1_corrected,geommlp,knn11,scan,f1_class::Rasopathy,1,0.0840336134453781,0.0,1,1840,733
B1_corrected,geommlp,knn11,scan,f1_class::Rasopathy,2,0.0840336134453781,0.0,1,1840,733
B1_corrected,geommlp,knn11,scan,f1_class::Rasopathy,3,0.0840336134453781,0.0,1,1840,733
B1_corrected,geommlp,knn11,scan,f1_class::Rasopathy,4,0.0840336134453781,0.0,1,1840,733
B1_corrected,geommlp,knn11,scan,f1_class::Rasopathy,5,0.0840336134453781,0.0,1,1840,733
B1_corrected,geommlp,knn11,scan,f1_class::Sex Chromosome,1,0.0517241379310344,0.0,1,1840,733
B1_corrected,geommlp,knn11,scan,f1_class::Sex Chromosome,2,0.0517241379310344,0.0,1,1840,733
B1_corrected,geommlp,knn11,scan,f1_class::Sex Chromosome,3,0.0517241379310344,0.0,1,1840,733
B1_corrected,geommlp,knn11,scan,f1_class::Sex Chromosome,4,0.0517241379310344,0.0,1,1840,733
B1_corrected,geommlp,knn11,scan,f1_class::Sex Chromosome,5,0.0517241379310344,0.0,1,1840,733
B1_corrected,geommlp,knn11,scan,f1_class::Trisomy,1,0.0,0.0,1,1840,733
B1_corrected,geommlp,knn11,scan,f1_class::Trisomy,2,0.0,0.0,1,1840,733
B1_corrected,geommlp,knn11,scan,f1_class::Trisomy,3,0.0,0.0,1,1840,733
B1_corrected,geommlp,knn11,scan,f1_class::Trisomy,4,0.0,0.0,1,1840,733
B1_corrected,geommlp,knn11,scan,f1_class::Trisomy,5,0.0,0.0,1,1840,733
B1_corrected,geommlp,knn11,scan,f1_class::Uncategorized,1,0.2537313432835821,0.0,1,1840,733
B1_corrected,geommlp,knn11,scan,f1_class::Uncategorized,2,0.2537313432835821,0.0,1,1840,733
B1_corrected,geommlp,knn11,scan,f1_class::Uncategorized,3,0.2537313432835821,0.0,1,1840,733
B1_corrected,geommlp,knn11,scan,f1_class::Uncategorized,4,0.2537313432835821,0.0,1,1840,733
B1_corrected,geommlp,knn11,scan,f1_class::Uncategorized,5,0.2537313432835821,0.0,1,1840,733
B1_corrected,geommlp,knn11,scan,macro_auc,1,0.597755176036891,0.0,1,1840,733
B1_corrected,geommlp,knn11,scan,macro_auc,2,0.597755176036891,0.0,1,1840,733
B1_corrected,geommlp,knn11,scan,macro_auc,3,0.597755176036891,0.0,1,1840,733
B1_corrected,geommlp,knn11,scan,macro_auc,4,0.597755176036891,0.0,1,1840,733
B1_corrected,geommlp,knn11,scan,macro_auc,5,0.597755176036891,0.0,1,1840,733
B1_corrected,geommlp,knn11,scan,macro_f1,1,0.1066099607093918,0.0,1,1840,733
B1_corrected,geommlp,knn11,scan,macro_f1,2,0.1066099607093918,0.0,1,1840,733
B1_corrected,geommlp,knn11,scan,macro_f1,3,0.1066099607093918,0.0,1,1840,733
B1_corrected,geommlp,knn11,scan,macro_f1,4,0.1066099607093918,0.0,1,1840,733
B1_corrected,geommlp,knn11,scan,macro_f1,5,0.1066099607093918,0.0,1,1840,733
B1_corrected,geommlp,knn11,subject,accuracy,1,0.2155525238744884,0.0,1,733,733
B1_corrected,geommlp,knn11,subject,accuracy,2,0.2155525238744884,0.0,1,733,733
B1_corrected,geommlp,knn11,subject,accuracy,3,0.2155525238744884,0.0,1,733,733
B1_corrected,geommlp,knn11,subject,accuracy,4,0.2155525238744884,0.0,1,733,733
B1_corrected,geommlp,knn11,subject,accuracy,5,0.2155525238744884,0.0,1,733,733
B1_corrected,geommlp,knn11,subject,f1_class::Cartilage,1,0.0,0.0,1,733,733
B1_corrected,geommlp,knn11,subject,f1_class::Cartilage,2,0.0,0.0,1,733,733
B1_corrected,geommlp,knn11,subject,f1_class::Cartilage,3,0.0,0.0,1,733,733
B1_corrected,geommlp,knn11,subject,f1_class::Cartilage,4,0.0,0.0,1,733,733
B1_corrected,geommlp,knn11,subject,f1_class::Cartilage,5,0.0,0.0,1,733,733
B1_corrected,geommlp,knn11,subject,f1_class::Ciliopathy,1,0.0,0.0,1,733,733
B1_corrected,geommlp,knn11,subject,f1_class::Ciliopathy,2,0.0,0.0,1,733,733
B1_corrected,geommlp,knn11,subject,f1_class::Ciliopathy,3,0.0,0.0,1,733,733
B1_corrected,geommlp,knn11,subject,f1_class::Ciliopathy,4,0.0,0.0,1,733,733
B1_corrected,geommlp,knn11,subject,f1_class::Ciliopathy,5,0.0,0.0,1,733,733
B1_corrected,geommlp,knn11,subject,f1_class::Cohesinopathy,1,0.0952380952380952,0.0,1,733,733
B1_corrected,geommlp,knn11,subject,f1_class::Cohesinopathy,2,0.0952380952380952,0.0,1,733,733
B1_corrected,geommlp,knn11,subject,f1_class::Cohesinopathy,3,0.0952380952380952,0.0,1,733,733
B1_corrected,geommlp,knn11,subject,f1_class::Cohesinopathy,4,0.0952380952380952,0.0,1,733,733
B1_corrected,geommlp,knn11,subject,f1_class::Cohesinopathy,5,0.0952380952380952,0.0,1,733,733
B1_corrected,geommlp,knn11,subject,f1_class::Connective Tissue,1,0.227027027027027,0.0,1,733,733
B1_corrected,geommlp,knn11,subject,f1_class::Connective Tissue,2,0.227027027027027,0.0,1,733,733
B1_corrected,geommlp,knn11,subject,f1_class::Connective Tissue,3,0.227027027027027,0.0,1,733,733
B1_corrected,geommlp,knn11,subject,f1_class::Connective Tissue,4,0.227027027027027,0.0,1,733,733
B1_corrected,geommlp,knn11,subject,f1_class::Connective Tissue,5,0.227027027027027,0.0,1,733,733
B1_corrected,geommlp,knn11,subject,f1_class::Control,1,0.3764705882352941,0.0,1,733,733
B1_corrected,geommlp,knn11,subject,f1_class::Control,2,0.3764705882352941,0.0,1,733,733
B1_corrected,geommlp,knn11,subject,f1_class::Control,3,0.3764705882352941,0.0,1,733,733
B1_corrected,geommlp,knn11,subject,f1_class::Control,4,0.3764705882352941,0.0,1,733,733
B1_corrected,geommlp,knn11,subject,f1_class::Control,5,0.3764705882352941,0.0,1,733,733
B1_corrected,geommlp,knn11,subject,f1_class::DNA Repair,1,0.0,0.0,1,733,733
B1_corrected,geommlp,knn11,subject,f1_class::DNA Repair,2,0.0,0.0,1,733,733
B1_corrected,geommlp,knn11,subject,f1_class::DNA Repair,3,0.0,0.0,1,733,733
B1_corrected,geommlp,knn11,subject,f1_class::DNA Repair,4,0.0,0.0,1,733,733
B1_corrected,geommlp,knn11,subject,f1_class::DNA Repair,5,0.0,0.0,1,733,733
B1_corrected,geommlp,knn11,subject,f1_class::Deletion,1,0.2429906542056074,0.0,1,733,733
B1_corrected,geommlp,knn11,subject,f1_class::Deletion,2,0.2429906542056074,0.0,1,733,733
B1_corrected,geommlp,knn11,subject,f1_class::Deletion,3,0.2429906542056074,0.0,1,733,733
B1_corrected,geommlp,knn11,subject,f1_class::Deletion,4,0.2429906542056074,0.0,1,733,733
B1_corrected,geommlp,knn11,subject,f1_class::Deletion,5,0.2429906542056074,0.0,1,733,733
B1_corrected,geommlp,knn11,subject,f1_class::Duplication,1,0.0,0.0,1,733,733
B1_corrected,geommlp,knn11,subject,f1_class::Duplication,2,0.0,0.0,1,733,733
B1_corrected,geommlp,knn11,subject,f1_class::Duplication,3,0.0,0.0,1,733,733
B1_corrected,geommlp,knn11,subject,f1_class::Duplication,4,0.0,0.0,1,733,733
B1_corrected,geommlp,knn11,subject,f1_class::Duplication,5,0.0,0.0,1,733,733
B1_corrected,geommlp,knn11,subject,f1_class::Ectodermal,1,0.0,0.0,1,733,733
B1_corrected,geommlp,knn11,subject,f1_class::Ectodermal,2,0.0,0.0,1,733,733
B1_corrected,geommlp,knn11,subject,f1_class::Ectodermal,3,0.0,0.0,1,733,733
B1_corrected,geommlp,knn11,subject,f1_class::Ectodermal,4,0.0,0.0,1,733,733
B1_corrected,geommlp,knn11,subject,f1_class::Ectodermal,5,0.0,0.0,1,733,733
B1_corrected,geommlp,knn11,subject,f1_class::Growth,1,0.0,0.0,1,733,733
B1_corrected,geommlp,knn11,subject,f1_class::Growth,2,0.0,0.0,1,733,733
B1_corrected,geommlp,knn11,subject,f1_class::Growth,3,0.0,0.0,1,733,733
B1_corrected,geommlp,knn11,subject,f1_class::Growth,4,0.0,0.0,1,733,733
B1_corrected,geommlp,knn11,subject,f1_class::Growth,5,0.0,0.0,1,733,733
B1_corrected,geommlp,knn11,subject,f1_class::Imprinting,1,0.0444444444444444,0.0,1,733,733
B1_corrected,geommlp,knn11,subject,f1_class::Imprinting,2,0.0444444444444444,0.0,1,733,733
B1_corrected,geommlp,knn11,subject,f1_class::Imprinting,3,0.0444444444444444,0.0,1,733,733
B1_corrected,geommlp,knn11,subject,f1_class::Imprinting,4,0.0444444444444444,0.0,1,733,733
B1_corrected,geommlp,knn11,subject,f1_class::Imprinting,5,0.0444444444444444,0.0,1,733,733
B1_corrected,geommlp,knn11,subject,f1_class::Lysozome,1,0.0,0.0,1,733,733
B1_corrected,geommlp,knn11,subject,f1_class::Lysozome,2,0.0,0.0,1,733,733
B1_corrected,geommlp,knn11,subject,f1_class::Lysozome,3,0.0,0.0,1,733,733
B1_corrected,geommlp,knn11,subject,f1_class::Lysozome,4,0.0,0.0,1,733,733
B1_corrected,geommlp,knn11,subject,f1_class::Lysozome,5,0.0,0.0,1,733,733
B1_corrected,geommlp,knn11,subject,f1_class::Neurocristopathy,1,0.0363636363636363,0.0,1,733,733
B1_corrected,geommlp,knn11,subject,f1_class::Neurocristopathy,2,0.0363636363636363,0.0,1,733,733
B1_corrected,geommlp,knn11,subject,f1_class::Neurocristopathy,3,0.0363636363636363,0.0,1,733,733
B1_corrected,geommlp,knn11,subject,f1_class::Neurocristopathy,4,0.0363636363636363,0.0,1,733,733
B1_corrected,geommlp,knn11,subject,f1_class::Neurocristopathy,5,0.0363636363636363,0.0,1,733,733
B1_corrected,geommlp,knn11,subject,f1_class::Peroxisome,1,0.1333333333333333,0.0,1,733,733
B1_corrected,geommlp,knn11,subject,f1_class::Peroxisome,2,0.1333333333333333,0.0,1,733,733
B1_corrected,geommlp,knn11,subject,f1_class::Peroxisome,3,0.1333333333333333,0.0,1,733,733
B1_corrected,geommlp,knn11,subject,f1_class::Peroxisome,4,0.1333333333333333,0.0,1,733,733
B1_corrected,geommlp,knn11,subject,f1_class::Peroxisome,5,0.1333333333333333,0.0,1,733,733
B1_corrected,geommlp,knn11,subject,f1_class::Primary Palate,1,0.3529411764705882,0.0,1,733,733
B1_corrected,geommlp,knn11,subject,f1_class::Primary Palate,2,0.3529411764705882,0.0,1,733,733
B1_corrected,geommlp,knn11,subject,f1_class::Primary Palate,3,0.3529411764705882,0.0,1,733,733
B1_corrected,geommlp,knn11,subject,f1_class::Primary Palate,4,0.3529411764705882,0.0,1,733,733
B1_corrected,geommlp,knn11,subject,f1_class::Primary Palate,5,0.3529411764705882,0.0,1,733,733
B1_corrected,geommlp,knn11,subject,f1_class::Rasopathy,1,0.1111111111111111,0.0,1,733,733
B1_corrected,geommlp,knn11,subject,f1_class::Rasopathy,2,0.1111111111111111,0.0,1,733,733
B1_corrected,geommlp,knn11,subject,f1_class::Rasopathy,3,0.1111111111111111,0.0,1,733,733
B1_corrected,geommlp,knn11,subject,f1_class::Rasopathy,4,0.1111111111111111,0.0,1,733,733
B1_corrected,geommlp,knn11,subject,f1_class::Rasopathy,5,0.1111111111111111,0.0,1,733,733
B1_corrected,geommlp,knn11,subject,f1_class::Sex Chromosome,1,0.0357142857142857,0.0,1,733,733
B1_corrected,geommlp,knn11,subject,f1_class::Sex Chromosome,2,0.0357142857142857,0.0,1,733,733
B1_corrected,geommlp,knn11,subject,f1_class::Sex Chromosome,3,0.0357142857142857,0.0,1,733,733
B1_corrected,geommlp,knn11,subject,f1_class::Sex Chromosome,4,0.0357142857142857,0.0,1,733,733
B1_corrected,geommlp,knn11,subject,f1_class::Sex Chromosome,5,0.0357142857142857,0.0,1,733,733
B1_corrected,geommlp,knn11,subject,f1_class::Trisomy,1,0.0,0.0,1,733,733
B1_corrected,geommlp,knn11,subject,f1_class::Trisomy,2,0.0,0.0,1,733,733
B1_corrected,geommlp,knn11,subject,f1_class::Trisomy,3,0.0,0.0,1,733,733
B1_corrected,geommlp,knn11,subject,f1_class::Trisomy,4,0.0,0.0,1,733,733
B1_corrected,geommlp,knn11,subject,f1_class::Trisomy,5,0.0,0.0,1,733,733
B1_corrected,geommlp,knn11,subject,f1_class::Uncategorized,1,0.1853658536585365,0.0,1,733,733
B1_corrected,geommlp,knn11,subject,f1_class::Uncategorized,2,0.1853658536585365,0.0,1,733,733
B1_corrected,geommlp,knn11,subject,f1_class::Uncategorized,3,0.1853658536585365,0.0,1,733,733
B1_corrected,geommlp,knn11,subject,f1_class::Uncategorized,4,0.1853658536585365,0.0,1,733,733
B1_corrected,geommlp,knn11,subject,f1_class::Uncategorized,5,0.1853658536585365,0.0,1,733,733
B1_corrected,geommlp,knn11,subject,macro_auc,1,0.6105832580398209,0.0,1,733,733
B1_corrected,geommlp,knn11,subject,macro_auc,2,0.6105832580398209,0.0,1,733,733
B1_corrected,geommlp,knn11,subject,macro_auc,3,0.6105832580398209,0.0,1,733,733
B1_corrected,geommlp,knn11,subject,macro_auc,4,0.6105832580398209,0.0,1,733,733
B1_corrected,geommlp,knn11,subject,macro_auc,5,0.6105832580398209,0.0,1,733,733
B1_corrected,geommlp,knn11,subject,macro_f1,1,0.0968947476737873,0.0,1,733,733
B1_corrected,geommlp,knn11,subject,macro_f1,2,0.0968947476737873,0.0,1,733,733
B1_corrected,geommlp,knn11,subject,macro_f1,3,0.0968947476737873,0.0,1,733,733
B1_corrected,geommlp,knn11,subject,macro_f1,4,0.0968947476737873,0.0,1,733,733
B1_corrected,geommlp,knn11,subject,macro_f1,5,0.0968947476737873,0.0,1,733,733
B1_corrected,geommlp,proto,scan,accuracy,1,0.0978260869565217,0.0,1,1840,733
B1_corrected,geommlp,proto,scan,accuracy,2,0.0940217391304347,0.0,1,1840,733
B1_corrected,geommlp,proto,scan,accuracy,3,0.1021739130434782,0.0,1,1840,733
B1_corrected,geommlp,proto,scan,accuracy,4,0.1010869565217391,0.0,1,1840,733
B1_corrected,geommlp,proto,scan,accuracy,5,0.0902173913043478,0.0,1,1840,733
B1_corrected,geommlp,proto,scan,f1_class::Cartilage,1,0.048,0.0,1,1840,733
B1_corrected,geommlp,proto,scan,f1_class::Cartilage,2,0.0826446280991735,0.0,1,1840,733
B1_corrected,geommlp,proto,scan,f1_class::Cartilage,3,0.1014492753623188,0.0,1,1840,733
B1_corrected,geommlp,proto,scan,f1_class::Cartilage,4,0.0991735537190082,0.0,1,1840,733
B1_corrected,geommlp,proto,scan,f1_class::Cartilage,5,0.0902255639097744,0.0,1,1840,733
B1_corrected,geommlp,proto,scan,f1_class::Ciliopathy,1,0.0694980694980695,0.0,1,1840,733
B1_corrected,geommlp,proto,scan,f1_class::Ciliopathy,2,0.0721649484536082,0.0,1,1840,733
B1_corrected,geommlp,proto,scan,f1_class::Ciliopathy,3,0.1111111111111111,0.0,1,1840,733
B1_corrected,geommlp,proto,scan,f1_class::Ciliopathy,4,0.0952380952380952,0.0,1,1840,733
B1_corrected,geommlp,proto,scan,f1_class::Ciliopathy,5,0.0886075949367088,0.0,1,1840,733
B1_corrected,geommlp,proto,scan,f1_class::Cohesinopathy,1,0.1123595505617977,0.0,1,1840,733
B1_corrected,geommlp,proto,scan,f1_class::Cohesinopathy,2,0.1538461538461538,0.0,1,1840,733
B1_corrected,geommlp,proto,scan,f1_class::Cohesinopathy,3,0.1468926553672316,0.0,1,1840,733
B1_corrected,geommlp,proto,scan,f1_class::Cohesinopathy,4,0.1477272727272727,0.0,1,1840,733
B1_corrected,geommlp,proto,scan,f1_class::Cohesinopathy,5,0.1286549707602339,0.0,1,1840,733
B1_corrected,geommlp,proto,scan,f1_class::Connective Tissue,1,0.2070588235294117,0.0,1,1840,733
B1_corrected,geommlp,proto,scan,f1_class::Connective Tissue,2,0.2192513368983957,0.0,1,1840,733
B1_corrected,geommlp,proto,scan,f1_class::Connective Tissue,3,0.1914893617021276,0.0,1,1840,733
B1_corrected,geommlp,proto,scan,f1_class::Connective Tissue,4,0.1676646706586826,0.0,1,1840,733
B1_corrected,geommlp,proto,scan,f1_class::Connective Tissue,5,0.1709401709401709,0.0,1,1840,733
B1_corrected,geommlp,proto,scan,f1_class::Control,1,0.0957746478873239,0.0,1,1840,733
B1_corrected,geommlp,proto,scan,f1_class::Control,2,0.071625344352617,0.0,1,1840,733
B1_corrected,geommlp,proto,scan,f1_class::Control,3,0.1836228287841191,0.0,1,1840,733
B1_corrected,geommlp,proto,scan,f1_class::Control,4,0.1432225063938619,0.0,1,1840,733
B1_corrected,geommlp,proto,scan,f1_class::Control,5,0.0928961748633879,0.0,1,1840,733
B1_corrected,geommlp,proto,scan,f1_class::DNA Repair,1,0.0769230769230769,0.0,1,1840,733
B1_corrected,geommlp,proto,scan,f1_class::DNA Repair,2,0.0967741935483871,0.0,1,1840,733
B1_corrected,geommlp,proto,scan,f1_class::DNA Repair,3,0.0903954802259887,0.0,1,1840,733
B1_corrected,geommlp,proto,scan,f1_class::DNA Repair,4,0.0985221674876847,0.0,1,1840,733
B1_corrected,geommlp,proto,scan,f1_class::DNA Repair,5,0.1022727272727272,0.0,1,1840,733
B1_corrected,geommlp,proto,scan,f1_class::Deletion,1,0.0578778135048231,0.0,1,1840,733
B1_corrected,geommlp,proto,scan,f1_class::Deletion,2,0.0067340067340067,0.0,1,1840,733
B1_corrected,geommlp,proto,scan,f1_class::Deletion,3,0.0136518771331058,0.0,1,1840,733
B1_corrected,geommlp,proto,scan,f1_class::Deletion,4,0.0596026490066225,0.0,1,1840,733
B1_corrected,geommlp,proto,scan,f1_class::Deletion,5,0.0519480519480519,0.0,1,1840,733
B1_corrected,geommlp,proto,scan,f1_class::Duplication,1,0.0454545454545454,0.0,1,1840,733
B1_corrected,geommlp,proto,scan,f1_class::Duplication,2,0.0377358490566037,0.0,1,1840,733
B1_corrected,geommlp,proto,scan,f1_class::Duplication,3,0.02,0.0,1,1840,733
B1_corrected,geommlp,proto,scan,f1_class::Duplication,4,0.05,0.0,1,1840,733
B1_corrected,geommlp,proto,scan,f1_class::Duplication,5,0.032258064516129,0.0,1,1840,733
B1_corrected,geommlp,proto,scan,f1_class::Ectodermal,1,0.0759493670886076,0.0,1,1840,733
B1_corrected,geommlp,proto,scan,f1_class::Ectodermal,2,0.0760869565217391,0.0,1,1840,733
B1_corrected,geommlp,proto,scan,f1_class::Ectodermal,3,0.0662983425414364,0.0,1,1840,733
B1_corrected,geommlp,proto,scan,f1_class::Ectodermal,4,0.0821917808219178,0.0,1,1840,733
B1_corrected,geommlp,proto,scan,f1_class::Ectodermal,5,0.0677966101694915,0.0,1,1840,733
B1_corrected,geommlp,proto,scan,f1_class::Growth,1,0.1,0.0,1,1840,733
B1_corrected,geommlp,proto,scan,f1_class::Growth,2,0.0923076923076923,0.0,1,1840,733
B1_corrected,geommlp,proto,scan,f1_class::Growth,3,0.0857142857142857,0.0,1,1840,733
B1_corrected,geommlp,proto,scan,f1_class::Growth,4,0.0736842105263157,0.0,1,1840,733
B1_corrected,geommlp,proto,scan,f1_class::Growth,5,0.0669856459330143,0.0,1,1840,733
B1_corrected,geommlp,proto,scan,f1_class::Imprinting,1,0.0,0.0,1,1840,733
B1_corrected,geommlp,proto,scan,f1_class::Imprinting,2,0.1038961038961039,0.0,1,1840,733
B1_corrected,geommlp,proto,scan,f1_class::Imprinting,3,0.0699300699300699,0.0,1,1840,733
B1_corrected,geommlp,proto,scan,f1_class::Imprinting,4,0.0821917808219178,0.0,1,1840,733
B1_corrected,geommlp,proto,scan,f1_class::Imprinting,5,0.1168831168831168,0.0,1,1840,733
B1_corrected,geommlp,proto,scan,f1_class::Lysozome,1,0.1276595744680851,0.0,1,1840,733
B1_corrected,geommlp,proto,scan,f1_class::Lysozome,2,0.1708542713567839,0.0,1,1840,733
B1_corrected,geommlp,proto,scan,f1_class::Lysozome,3,0.1516587677725118,0.0,1,1840,733
B1_corrected,geommlp,proto,scan,f1_class::Lysozome,4,0.1693121693121693,0.0,1,1840,733
B1_corrected,geommlp,proto,scan,f1_class::Lysozome,5,0.1477832512315271,0.0,1,1840,733
B1_corrected,geommlp,proto,scan,f1_class::Neurocristopathy,1,0.0330578512396694,0.0,1,1840,733
B1_corrected,geommlp,proto,scan,f1_class::Neurocristopathy,2,0.0704225352112676,0.0,1,1840,733
B1_corrected,geommlp,proto,scan,f1_class::Neurocristopathy,3,0.0465116279069767,0.0,1,1840,733
B1_corrected,geommlp,proto,scan,f1_class::Neurocristopathy,4,0.0701754385964912,0.0,1,1840,733
B1_corrected,geommlp,proto,scan,f1_class::Neurocristopathy,5,0.0416666666666666,0.0,1,1840,733
B1_corrected,geommlp,proto,scan,f1_class::Peroxisome,1,0.2388059701492537,0.0,1,1840,733
B1_corrected,geommlp,proto,scan,f1_class::Peroxisome,2,0.237037037037037,0.0,1,1840,733
B1_corrected,geommlp,proto,scan,f1_class::Peroxisome,3,0.2285714285714285,0.0,1,1840,733
B1_corrected,geommlp,proto,scan,f1_class::Peroxisome,4,0.2285714285714285,0.0,1,1840,733
B1_corrected,geommlp,proto,scan,f1_class::Peroxisome,5,0.2,0.0,1,1840,733
B1_corrected,geommlp,proto,scan,f1_class::Primary Palate,1,0.0792079207920792,0.0,1,1840,733
B1_corrected,geommlp,proto,scan,f1_class::Primary Palate,2,0.0952380952380952,0.0,1,1840,733
B1_corrected,geommlp,proto,scan,f1_class::Primary Palate,3,0.12,0.0,1,1840,733
B1_corrected,geommlp,proto,scan,f1_class::Primary Palate,4,0.1481481481481481,0.0,1,1840,733
B1_corrected,geommlp,proto,scan,f1_class::Primary Palate,5,0.1043478260869565,0.0,1,1840,733
B1_corrected,geommlp,proto,scan,f1_class::Rasopathy,1,0.1237113402061855,0.0,1,1840,733
B1_corrected,geommlp,proto,scan,f1_class::Rasopathy,2,0.0372093023255813,0.0,1,1840,733
B1_corrected,geommlp,proto,scan,f1_class::Rasopathy,3,0.043859649122807,0.0,1,1840,733
B1_corrected,geommlp,proto,scan,f1_class::Rasopathy,4,0.0309278350515463,0.0,1,1840,733
B1_corrected,geommlp,proto,scan,f1_class::Rasopathy,5,0.0390243902439024,0.0,1,1840,733
B1_corrected,geommlp,proto,scan,f1_class::Sex Chromosome,1,0.1224489795918367,0.0,1,1840,733
B1_corrected,geommlp,proto,scan,f1_class::Sex Chromosome,2,0.0864197530864197,0.0,1,1840,733
B1_corrected,geommlp,proto,scan,f1_class::Sex Chromosome,3,0.0975609756097561,0.0,1,1840,733
B1_corrected,geommlp,proto,scan,f1_class::Sex Chromosome,4,0.1040462427745664,0.0,1,1840,733
B1_corrected,geommlp,proto,scan,f1_class::Sex Chromosome,5,0.08,0.0,1,1840,733
B1_corrected,geommlp,proto,scan,f1_class::Trisomy,1,0.0,0.0,1,1840,733
B1_corrected,geommlp,proto,scan,f1_class::Trisomy,2,0.0,0.0,1,1840,733
B1_corrected,geommlp,proto,scan,f1_class::Trisomy,3,0.032258064516129,0.0,1,1840,733
B1_corrected,geommlp,proto,scan,f1_class::Trisomy,4,0.0,0.0,1,1840,733
B1_corrected,geommlp,proto,scan,f1_class::Trisomy,5,0.0,0.0,1,1840,733
B1_corrected,geommlp,proto,scan,f1_class::Uncategorized,1,0.0258899676375404,0.0,1,1840,733
B1_corrected,geommlp,proto,scan,f1_class::Uncategorized,2,0.0136518771331058,0.0,1,1840,733
B1_corrected,geommlp,proto,scan,f1_class::Uncategorized,3,0.0067796610169491,0.0,1,1840,733
B1_corrected,geommlp,proto,scan,f1_class::Uncategorized,4,0.020066889632107,0.0,1,1840,733
B1_corrected,geommlp,proto,scan,f1_class::Uncategorized,5,0.0201342281879194,0.0,1,1840,733
B1_corrected,geommlp,proto,scan,macro_auc,1,0.6405710528282222,0.0,1,1840,733
B1_corrected,geommlp,proto,scan,macro_auc,2,0.6591175895317652,0.0,1,1840,733
B1_corrected,geommlp,proto,scan,macro_auc,3,0.656031277246741,0.0,1,1840,733
B1_corrected,geommlp,proto,scan,macro_auc,4,0.6597315296087057,0.0,1,1840,733
B1_corrected,geommlp,proto,scan,macro_auc,5,0.6539213013148121,0.0,1,1840,733
B1_corrected,geommlp,proto,scan,macro_f1,1,0.0862988157122266,0.0,1,1840,733
B1_corrected,geommlp,proto,scan,macro_f1,2,0.0907315834264616,0.0,1,1840,733
B1_corrected,geommlp,proto,scan,macro_f1,3,0.0951450243362291,0.0,1,1840,733
B1_corrected,geommlp,proto,scan,macro_f1,4,0.0984456231309387,0.0,1,1840,733
B1_corrected,geommlp,proto,scan,macro_f1,5,0.0864434239236726,0.0,1,1840,733
B1_corrected,geommlp,proto,scan,top3_accuracy,1,0.2570652173913043,0.0,1,1840,733
B1_corrected,geommlp,proto,scan,top3_accuracy,2,0.2788043478260869,0.0,1,1840,733
B1_corrected,geommlp,proto,scan,top3_accuracy,3,0.2896739130434783,0.0,1,1840,733
B1_corrected,geommlp,proto,scan,top3_accuracy,4,0.2896739130434783,0.0,1,1840,733
B1_corrected,geommlp,proto,scan,top3_accuracy,5,0.2831521739130435,0.0,1,1840,733
B1_corrected,geommlp,proto,scan,top5_accuracy,1,0.4,0.0,1,1840,733
B1_corrected,geommlp,proto,scan,top5_accuracy,2,0.4369565217391304,0.0,1,1840,733
B1_corrected,geommlp,proto,scan,top5_accuracy,3,0.4559782608695652,0.0,1,1840,733
B1_corrected,geommlp,proto,scan,top5_accuracy,4,0.4483695652173913,0.0,1,1840,733
B1_corrected,geommlp,proto,scan,top5_accuracy,5,0.4418478260869565,0.0,1,1840,733
B1_corrected,geommlp,proto,subject,accuracy,1,0.111869031377899,0.0,1,733,733
B1_corrected,geommlp,proto,subject,accuracy,2,0.1145975443383356,0.0,1,733,733
B1_corrected,geommlp,proto,subject,accuracy,3,0.1309686221009549,0.0,1,733,733
B1_corrected,geommlp,proto,subject,accuracy,4,0.1200545702592087,0.0,1,733,733
B1_corrected,geommlp,proto,subject,accuracy,5,0.1145975443383356,0.0,1,733,733
B1_corrected,geommlp,proto,subject,f1_class::Cartilage,1,0.0909090909090909,0.0,1,733,733
B1_corrected,geommlp,proto,subject,f1_class::Cartilage,2,0.1311475409836065,0.0,1,733,733
B1_corrected,geommlp,proto,subject,f1_class::Cartilage,3,0.1791044776119403,0.0,1,733,733
B1_corrected,geommlp,proto,subject,f1_class::Cartilage,4,0.1666666666666666,0.0,1,733,733
B1_corrected,geommlp,proto,subject,f1_class::Cartilage,5,0.1538461538461538,0.0,1,733,733
B1_corrected,geommlp,proto,subject,f1_class::Ciliopathy,1,0.0787401574803149,0.0,1,733,733
B1_corrected,geommlp,proto,subject,f1_class::Ciliopathy,2,0.0697674418604651,0.0,1,733,733
B1_corrected,geommlp,proto,subject,f1_class::Ciliopathy,3,0.0833333333333333,0.0,1,733,733
B1_corrected,geommlp,proto,subject,f1_class::Ciliopathy,4,0.1052631578947368,0.0,1,733,733
B1_corrected,geommlp,proto,subject,f1_class::Ciliopathy,5,0.0923076923076923,0.0,1,733,733
B1_corrected,geommlp,proto,subject,f1_class::Cohesinopathy,1,0.1290322580645161,0.0,1,733,733
B1_corrected,geommlp,proto,subject,f1_class::Cohesinopathy,2,0.136986301369863,0.0,1,733,733
B1_corrected,geommlp,proto,subject,f1_class::Cohesinopathy,3,0.1578947368421052,0.0,1,733,733
B1_corrected,geommlp,proto,subject,f1_class::Cohesinopathy,4,0.1739130434782608,0.0,1,733,733
B1_corrected,geommlp,proto,subject,f1_class::Cohesinopathy,5,0.1515151515151515,0.0,1,733,733
B1_corrected,geommlp,proto,subject,f1_class::Connective Tissue,1,0.23,0.0,1,733,733
B1_corrected,geommlp,proto,subject,f1_class::Connective Tissue,2,0.2444444444444444,0.0,1,733,733
B1_corrected,geommlp,proto,subject,f1_class::Connective Tissue,3,0.1956521739130435,0.0,1,733,733
B1_corrected,geommlp,proto,subject,f1_class::Connective Tissue,4,0.2155688622754491,0.0,1,733,733
B1_corrected,geommlp,proto,subject,f1_class::Connective Tissue,5,0.1871345029239766,0.0,1,733,733
B1_corrected,geommlp,proto,subject,f1_class::Control,1,0.1204819277108433,0.0,1,733,733
B1_corrected,geommlp,proto,subject,f1_class::Control,2,0.1005586592178771,0.0,1,733,733
B1_corrected,geommlp,proto,subject,f1_class::Control,3,0.2083333333333333,0.0,1,733,733
B1_corrected,geommlp,proto,subject,f1_class::Control,4,0.1368421052631579,0.0,1,733,733
B1_corrected,geommlp,proto,subject,f1_class::Control,5,0.1340782122905028,0.0,1,733,733
B1_corrected,geommlp,proto,subject,f1_class::DNA Repair,1,0.0727272727272727,0.0,1,733,733
B1_corrected,geommlp,proto,subject,f1_class::DNA Repair,2,0.0975609756097561,0.0,1,733,733
B1_corrected,geommlp,proto,subject,f1_class::DNA Repair,3,0.0952380952380952,0.0,1,733,733
B1_corrected,geommlp,proto,subject,f1_class::DNA Repair,4,0.0833333333333333,0.0,1,733,733
B1_corrected,geommlp,proto,subject,f1_class::DNA Repair,5,0.1,0.0,1,733,733
B1_corrected,geommlp,proto,subject,f1_class::Deletion,1,0.0560747663551401,0.0,1,733,733
B1_corrected,geommlp,proto,subject,f1_class::Deletion,2,0.0961538461538461,0.0,1,733,733
B1_corrected,geommlp,proto,subject,f1_class::Deletion,3,0.0747663551401869,0.0,1,733,733
B1_corrected,geommlp,proto,subject,f1_class::Deletion,4,0.0392156862745098,0.0,1,733,733
B1_corrected,geommlp,proto,subject,f1_class::Deletion,5,0.0952380952380952,0.0,1,733,733
B1_corrected,geommlp,proto,subject,f1_class::Duplication,1,0.0,0.0,1,733,733
B1_corrected,geommlp,proto,subject,f1_class::Duplication,2,0.0,0.0,1,733,733
B1_corrected,geommlp,proto,subject,f1_class::Duplication,3,0.0,0.0,1,733,733
B1_corrected,geommlp,proto,subject,f1_class::Duplication,4,0.0,0.0,1,733,733
B1_corrected,geommlp,proto,subject,f1_class::Duplication,5,0.0,0.0,1,733,733
B1_corrected,geommlp,proto,subject,f1_class::Ectodermal,1,0.0952380952380952,0.0,1,733,733
B1_corrected,geommlp,proto,subject,f1_class::Ectodermal,2,0.0769230769230769,0.0,1,733,733
B1_corrected,geommlp,proto,subject,f1_class::Ectodermal,3,0.0697674418604651,0.0,1,733,733
B1_corrected,geommlp,proto,subject,f1_class::Ectodermal,4,0.0888888888888888,0.0,1,733,733
B1_corrected,geommlp,proto,subject,f1_class::Ectodermal,5,0.0821917808219178,0.0,1,733,733
B1_corrected,geommlp,proto,subject,f1_class::Growth,1,0.1379310344827586,0.0,1,733,733
B1_corrected,geommlp,proto,subject,f1_class::Growth,2,0.1126760563380281,0.0,1,733,733
B1_corrected,geommlp,proto,subject,f1_class::Growth,3,0.1568627450980392,0.0,1,733,733
B1_corrected,geommlp,proto,subject,f1_class::Growth,4,0.1052631578947368,0.0,1,733,733
B1_corrected,geommlp,proto,subject,f1_class::Growth,5,0.1,0.0,1,733,733
B1_corrected,geommlp,proto,subject,f1_class::Imprinting,1,0.0,0.0,1,733,733
B1_corrected,geommlp,proto,subject,f1_class::Imprinting,2,0.1509433962264151,0.0,1,733,733
B1_corrected,geommlp,proto,subject,f1_class::Imprinting,3,0.0833333333333333,0.0,1,733,733
B1_corrected,geommlp,proto,subject,f1_class::Imprinting,4,0.24,0.0,1,733,733
B1_corrected,geommlp,proto,subject,f1_class::Imprinting,5,0.2641509433962264,0.0,1,733,733
B1_corrected,geommlp,proto,subject,f1_class::Lysozome,1,0.1159420289855072,0.0,1,733,733
B1_corrected,geommlp,proto,subject,f1_class::Lysozome,2,0.0701754385964912,0.0,1,733,733
B1_corrected,geommlp,proto,subject,f1_class::Lysozome,3,0.1071428571428571,0.0,1,733,733
B1_corrected,geommlp,proto,subject,f1_class::Lysozome,4,0.1739130434782608,0.0,1,733,733
B1_corrected,geommlp,proto,subject,f1_class::Lysozome,5,0.135593220338983,0.0,1,733,733
B1_corrected,geommlp,proto,subject,f1_class::Neurocristopathy,1,0.0,0.0,1,733,733
B1_corrected,geommlp,proto,subject,f1_class::Neurocristopathy,2,0.0784313725490196,0.0,1,733,733
B1_corrected,geommlp,proto,subject,f1_class::Neurocristopathy,3,0.1052631578947368,0.0,1,733,733
B1_corrected,geommlp,proto,subject,f1_class::Neurocristopathy,4,0.0625,0.0,1,733,733
B1_corrected,geommlp,proto,subject,f1_class::Neurocristopathy,5,0.0377358490566037,0.0,1,733,733
B1_corrected,geommlp,proto,subject,f1_class::Peroxisome,1,0.2702702702702703,0.0,1,733,733
B1_corrected,geommlp,proto,subject,f1_class::Peroxisome,2,0.2631578947368421,0.0,1,733,733
B1_corrected,geommlp,proto,subject,f1_class::Peroxisome,3,0.2439024390243902,0.0,1,733,733
B1_corrected,geommlp,proto,subject,f1_class::Peroxisome,4,0.25,0.0,1,733,733
B1_corrected,geommlp,proto,subject,f1_class::Peroxisome,5,0.2040816326530612,0.0,1,733,733
B1_corrected,geommlp,proto,subject,f1_class::Primary Palate,1,0.1951219512195122,0.0,1,733,733
B1_corrected,geommlp,proto,subject,f1_class::Primary Palate,2,0.2264150943396226,0.0,1,733,733
B1_corrected,geommlp,proto,subject,f1_class::Primary Palate,3,0.2727272727272727,0.0,1,733,733
B1_corrected,geommlp,proto,subject,f1_class::Primary Palate,4,0.2727272727272727,0.0,1,733,733
B1_corrected,geommlp,proto,subject,f1_class::Primary Palate,5,0.2264150943396226,0.0,1,733,733
B1_corrected,geommlp,proto,subject,f1_class::Rasopathy,1,0.0808080808080808,0.0,1,733,733
B1_corrected,geommlp,proto,subject,f1_class::Rasopathy,2,0.0294117647058823,0.0,1,733,733
B1_corrected,geommlp,proto,subject,f1_class::Rasopathy,3,0.1,0.0,1,733,733
B1_corrected,geommlp,proto,subject,f1_class::Rasopathy,4,0.0307692307692307,0.0,1,733,733
B1_corrected,geommlp,proto,subject,f1_class::Rasopathy,5,0.0307692307692307,0.0,1,733,733
B1_corrected,geommlp,proto,subject,f1_class::Sex Chromosome,1,0.2133333333333333,0.0,1,733,733
B1_corrected,geommlp,proto,subject,f1_class::Sex Chromosome,2,0.1772151898734177,0.0,1,733,733
B1_corrected,geommlp,proto,subject,f1_class::Sex Chromosome,3,0.1578947368421052,0.0,1,733,733
B1_corrected,geommlp,proto,subject,f1_class::Sex Chromosome,4,0.1481481481481481,0.0,1,733,733
B1_corrected,geommlp,proto,subject,f1_class::Sex Chromosome,5,0.1111111111111111,0.0,1,733,733
B1_corrected,geommlp,proto,subject,f1_class::Trisomy,1,0.0,0.0,1,733,733
B1_corrected,geommlp,proto,subject,f1_class::Trisomy,2,0.0,0.0,1,733,733
B1_corrected,geommlp,proto,subject,f1_class::Trisomy,3,0.0526315789473684,0.0,1,733,733
B1_corrected,geommlp,proto,subject,f1_class::Trisomy,4,0.0,0.0,1,733,733
B1_corrected,geommlp,proto,subject,f1_class::Trisomy,5,0.0,0.0,1,733,733
B1_corrected,geommlp,proto,subject,f1_class::Uncategorized,1,0.0178571428571428,0.0,1,733,733
B1_corrected,geommlp,proto,subject,f1_class::Uncategorized,2,0.0,0.0,1,733,733
B1_corrected,geommlp,proto,subject,f1_class::Uncategorized,3,0.0,0.0,1,733,733
B1_corrected,geommlp,proto,subject,f1_class::Uncategorized,4,0.0,0.0,1,733,733
B1_corrected,geommlp,proto,subject,f1_class::Uncategorized,5,0.0,0.0,1,733,733
B1_corrected,geommlp,proto,subject,macro_auc,1,0.6504025351022542,0.0,1,733,733
B1_corrected,geommlp,proto,subject,macro_auc,2,0.67153525311518,0.0,1,733,733
B1_corrected,geommlp,proto,subject,macro_auc,3,0.6700540981315894,0.0,1,733,733
B1_corrected,geommlp,proto,subject,macro_auc,4,0.6736883604008358,0.0,1,733,733
B1_corrected,geommlp,proto,subject,macro_auc,5,0.6665872925663722,0.0,1,733,733
B1_corrected,geommlp,proto,subject,macro_f1,1,0.100235126865362,0.0,1,733,733
B1_corrected,geommlp,proto,subject,macro_f1,2,0.1085246575751923,0.0,1,733,733
B1_corrected,geommlp,proto,subject,macro_f1,3,0.1233604246464529,0.0,1,733,733
B1_corrected,geommlp,proto,subject,macro_f1,4,0.1206848735311922,0.0,1,733,733
B1_corrected,geommlp,proto,subject,macro_f1,5,0.1108509826635962,0.0,1,733,733
B1_corrected,geommlp,proto,subject,top3_accuracy,1,0.2660300136425648,0.0,1,733,733
B1_corrected,geommlp,proto,subject,top3_accuracy,2,0.3096862210095498,0.0,1,733,733
B1_corrected,geommlp,proto,subject,top3_accuracy,3,0.3437926330150068,0.0,1,733,733
B1_corrected,geommlp,proto,subject,top3_accuracy,4,0.3233287858117326,0.0,1,733,733
B1_corrected,geommlp,proto,subject,top3_accuracy,5,0.3178717598908595,0.0,1,733,733
B1_corrected,geommlp,proto,subject,top5_accuracy,1,0.4188267394270122,0.0,1,733,733
B1_corrected,geommlp,proto,subject,top5_accuracy,2,0.4788540245566166,0.0,1,733,733
B1_corrected,geommlp,proto,subject,top5_accuracy,3,0.5020463847203275,0.0,1,733,733
B1_corrected,geommlp,proto,subject,top5_accuracy,4,0.4938608458390177,0.0,1,733,733
B1_corrected,geommlp,proto,subject,top5_accuracy,5,0.4652114597544338,0.0,1,733,733
B1_corrected,geommlp,softmax,scan,accuracy,1,0.1005434782608695,0.0,1,1840,733
B1_corrected,geommlp,softmax,scan,accuracy,2,0.1097826086956521,0.0,1,1840,733
B1_corrected,geommlp,softmax,scan,accuracy,3,0.1108695652173913,0.0,1,1840,733
B1_corrected,geommlp,softmax,scan,accuracy,4,0.1027173913043478,0.0,1,1840,733
B1_corrected,geommlp,softmax,scan,accuracy,5,0.1054347826086956,0.0,1,1840,733
B1_corrected,geommlp,softmax,scan,f1_class::Cartilage,1,0.0826446280991735,0.0,1,1840,733
B1_corrected,geommlp,softmax,scan,f1_class::Cartilage,2,0.1454545454545454,0.0,1,1840,733
B1_corrected,geommlp,softmax,scan,f1_class::Cartilage,3,0.1296296296296296,0.0,1,1840,733
B1_corrected,geommlp,softmax,scan,f1_class::Cartilage,4,0.1204819277108433,0.0,1,1840,733
B1_corrected,geommlp,softmax,scan,f1_class::Cartilage,5,0.1846153846153846,0.0,1,1840,733
B1_corrected,geommlp,softmax,scan,f1_class::Ciliopathy,1,0.1443298969072164,0.0,1,1840,733
B1_corrected,geommlp,softmax,scan,f1_class::Ciliopathy,2,0.109090909090909,0.0,1,1840,733
B1_corrected,geommlp,softmax,scan,f1_class::Ciliopathy,3,0.1009174311926605,0.0,1,1840,733
B1_corrected,geommlp,softmax,scan,f1_class::Ciliopathy,4,0.1156069364161849,0.0,1,1840,733
B1_corrected,geommlp,softmax,scan,f1_class::Ciliopathy,5,0.0993788819875776,0.0,1,1840,733
B1_corrected,geommlp,softmax,scan,f1_class::Cohesinopathy,1,0.1238938053097345,0.0,1,1840,733
B1_corrected,geommlp,softmax,scan,f1_class::Cohesinopathy,2,0.1666666666666666,0.0,1,1840,733
B1_corrected,geommlp,softmax,scan,f1_class::Cohesinopathy,3,0.136986301369863,0.0,1,1840,733
B1_corrected,geommlp,softmax,scan,f1_class::Cohesinopathy,4,0.1470588235294117,0.0,1,1840,733
B1_corrected,geommlp,softmax,scan,f1_class::Cohesinopathy,5,0.1420765027322404,0.0,1,1840,733
B1_corrected,geommlp,softmax,scan,f1_class::Connective Tissue,1,0.2090261282660332,0.0,1,1840,733
B1_corrected,geommlp,softmax,scan,f1_class::Connective Tissue,2,0.2023121387283237,0.0,1,1840,733
B1_corrected,geommlp,softmax,scan,f1_class::Connective Tissue,3,0.2312138728323699,0.0,1,1840,733
B1_corrected,geommlp,softmax,scan,f1_class::Connective Tissue,4,0.1994301994301994,0.0,1,1840,733
B1_corrected,geommlp,softmax,scan,f1_class::Connective Tissue,5,0.2131661442006269,0.0,1,1840,733
B1_corrected,geommlp,softmax,scan,f1_class::Control,1,0.1561712846347607,0.0,1,1840,733
B1_corrected,geommlp,softmax,scan,f1_class::Control,2,0.175438596491228,0.0,1,1840,733
B1_corrected,geommlp,softmax,scan,f1_class::Control,3,0.2090261282660332,0.0,1,1840,733
B1_corrected,geommlp,softmax,scan,f1_class::Control,4,0.1538461538461538,0.0,1,1840,733
B1_corrected,geommlp,softmax,scan,f1_class::Control,5,0.1778846153846154,0.0,1,1840,733
B1_corrected,geommlp,softmax,scan,f1_class::DNA Repair,1,0.1403508771929824,0.0,1,1840,733
B1_corrected,geommlp,softmax,scan,f1_class::DNA Repair,2,0.1428571428571428,0.0,1,1840,733
B1_corrected,geommlp,softmax,scan,f1_class::DNA Repair,3,0.1185185185185185,0.0,1,1840,733
B1_corrected,geommlp,softmax,scan,f1_class::DNA Repair,4,0.0946745562130177,0.0,1,1840,733
B1_corrected,geommlp,softmax,scan,f1_class::DNA Repair,5,0.1346153846153846,0.0,1,1840,733
B1_corrected,geommlp,softmax,scan,f1_class::Deletion,1,0.0584415584415584,0.0,1,1840,733
B1_corrected,geommlp,softmax,scan,f1_class::Deletion,2,0.0743034055727554,0.0,1,1840,733
B1_corrected,geommlp,softmax,scan,f1_class::Deletion,3,0.046979865771812,0.0,1,1840,733
B1_corrected,geommlp,softmax,scan,f1_class::Deletion,4,0.0641025641025641,0.0,1,1840,733
B1_corrected,geommlp,softmax,scan,f1_class::Deletion,5,0.0522875816993464,0.0,1,1840,733
B1_corrected,geommlp,softmax,scan,f1_class::Duplication,1,0.043010752688172,0.0,1,1840,733
B1_corrected,geommlp,softmax,scan,f1_class::Duplication,2,0.0909090909090909,0.0,1,1840,733
B1_corrected,geommlp,softmax,scan,f1_class::Duplication,3,0.0495867768595041,0.0,1,1840,733
B1_corrected,geommlp,softmax,scan,f1_class::Duplication,4,0.072992700729927,0.0,1,1840,733
B1_corrected,geommlp,softmax,scan,f1_class::Duplication,5,0.074074074074074,0.0,1,1840,733
B1_corrected,geommlp,softmax,scan,f1_class::Ectodermal,1,0.0552995391705069,0.0,1,1840,733
B1_corrected,geommlp,softmax,scan,f1_class::Ectodermal,2,0.056,0.0,1,1840,733
B1_corrected,geommlp,softmax,scan,f1_class::Ectodermal,3,0.0529100529100529,0.0,1,1840,733
B1_corrected,geommlp,softmax,scan,f1_class::Ectodermal,4,0.0661157024793388,0.0,1,1840,733
B1_corrected,geommlp,softmax,scan,f1_class::Ectodermal,5,0.0649350649350649,0.0,1,1840,733
B1_corrected,geommlp,softmax,scan,f1_class::Growth,1,0.0588235294117647,0.0,1,1840,733
B1_corrected,geommlp,softmax,scan,f1_class::Growth,2,0.072289156626506,0.0,1,1840,733
B1_corrected,geommlp,softmax,scan,f1_class::Growth,3,0.046875,0.0,1,1840,733
B1_corrected,geommlp,softmax,scan,f1_class::Growth,4,0.0689655172413793,0.0,1,1840,733
B1_corrected,geommlp,softmax,scan,f1_class::Growth,5,0.075,0.0,1,1840,733
B1_corrected,geommlp,softmax,scan,f1_class::Imprinting,1,0.0969696969696969,0.0,1,1840,733
B1_corrected,geommlp,softmax,scan,f1_class::Imprinting,2,0.0522875816993464,0.0,1,1840,733
B1_corrected,geommlp,softmax,scan,f1_class::Imprinting,3,0.1169590643274853,0.0,1,1840,733
B1_corrected,geommlp,softmax,scan,f1_class::Imprinting,4,0.0869565217391304,0.0,1,1840,733
B1_corrected,geommlp,softmax,scan,f1_class::Imprinting,5,0.1104294478527607,0.0,1,1840,733
B1_corrected,geommlp,softmax,scan,f1_class::Lysozome,1,0.0909090909090909,0.0,1,1840,733
B1_corrected,geommlp,softmax,scan,f1_class::Lysozome,2,0.1324041811846689,0.0,1,1840,733
B1_corrected,geommlp,softmax,scan,f1_class::Lysozome,3,0.1276595744680851,0.0,1,1840,733
B1_corrected,geommlp,softmax,scan,f1_class::Lysozome,4,0.128,0.0,1,1840,733
B1_corrected,geommlp,softmax,scan,f1_class::Lysozome,5,0.1085271317829457,0.0,1,1840,733
B1_corrected,geommlp,softmax,scan,f1_class::Neurocristopathy,1,0.0467836257309941,0.0,1,1840,733
B1_corrected,geommlp,softmax,scan,f1_class::Neurocristopathy,2,0.0863309352517985,0.0,1,1840,733
B1_corrected,geommlp,softmax,scan,f1_class::Neurocristopathy,3,0.0512820512820512,0.0,1,1840,733
B1_corrected,geommlp,softmax,scan,f1_class::Neurocristopathy,4,0.037037037037037,0.0,1,1840,733
B1_corrected,geommlp,softmax,scan,f1_class::Neurocristopathy,5,0.0451977401129943,0.0,1,1840,733
B1_corrected,geommlp,softmax,scan,f1_class::Peroxisome,1,0.3098591549295774,0.0,1,1840,733
B1_corrected,geommlp,softmax,scan,f1_class::Peroxisome,2,0.3478260869565217,0.0,1,1840,733
B1_corrected,geommlp,softmax,scan,f1_class::Peroxisome,3,0.3023255813953488,0.0,1,1840,733
B1_corrected,geommlp,softmax,scan,f1_class::Peroxisome,4,0.2884615384615384,0.0,1,1840,733
B1_corrected,geommlp,softmax,scan,f1_class::Peroxisome,5,0.2290076335877862,0.0,1,1840,733
B1_corrected,geommlp,softmax,scan,f1_class::Primary Palate,1,0.0772200772200772,0.0,1,1840,733
B1_corrected,geommlp,softmax,scan,f1_class::Primary Palate,2,0.0946745562130177,0.0,1,1840,733
B1_corrected,geommlp,softmax,scan,f1_class::Primary Palate,3,0.0805369127516778,0.0,1,1840,733
B1_corrected,geommlp,softmax,scan,f1_class::Primary Palate,4,0.099009900990099,0.0,1,1840,733
B1_corrected,geommlp,softmax,scan,f1_class::Primary Palate,5,0.094240837696335,0.0,1,1840,733
B1_corrected,geommlp,softmax,scan,f1_class::Rasopathy,1,0.0561797752808988,0.0,1,1840,733
B1_corrected,geommlp,softmax,scan,f1_class::Rasopathy,2,0.04,0.0,1,1840,733
B1_corrected,geommlp,softmax,scan,f1_class::Rasopathy,3,0.050251256281407,0.0,1,1840,733
B1_corrected,geommlp,softmax,scan,f1_class::Rasopathy,4,0.0251572327044025,0.0,1,1840,733
B1_corrected,geommlp,softmax,scan,f1_class::Rasopathy,5,0.0238095238095238,0.0,1,1840,733
B1_corrected,geommlp,softmax,scan,f1_class::Sex Chromosome,1,0.0555555555555555,0.0,1,1840,733
B1_corrected,geommlp,softmax,scan,f1_class::Sex Chromosome,2,0.0944881889763779,0.0,1,1840,733
B1_corrected,geommlp,softmax,scan,f1_class::Sex Chromosome,3,0.0818713450292397,0.0,1,1840,733
B1_corrected,geommlp,softmax,scan,f1_class::Sex Chromosome,4,0.1176470588235294,0.0,1,1840,733
B1_corrected,geommlp,softmax,scan,f1_class::Sex Chromosome,5,0.0583941605839416,0.0,1,1840,733
B1_corrected,geommlp,softmax,scan,f1_class::Trisomy,1,0.032258064516129,0.0,1,1840,733
B1_corrected,geommlp,softmax,scan,f1_class::Trisomy,2,0.0,0.0,1,1840,733
B1_corrected,geommlp,softmax,scan,f1_class::Trisomy,3,0.028169014084507,0.0,1,1840,733
B1_corrected,geommlp,softmax,scan,f1_class::Trisomy,4,0.0,0.0,1,1840,733
B1_corrected,geommlp,softmax,scan,f1_class::Trisomy,5,0.0,0.0,1,1840,733
B1_corrected,geommlp,softmax,scan,f1_class::Uncategorized,1,0.0258064516129032,0.0,1,1840,733
B1_corrected,geommlp,softmax,scan,f1_class::Uncategorized,2,0.0068728522336769,0.0,1,1840,733
B1_corrected,geommlp,softmax,scan,f1_class::Uncategorized,3,0.0196078431372549,0.0,1,1840,733
B1_corrected,geommlp,softmax,scan,f1_class::Uncategorized,4,0.0068493150684931,0.0,1,1840,733
B1_corrected,geommlp,softmax,scan,f1_class::Uncategorized,5,0.0067567567567567,0.0,1,1840,733
B1_corrected,geommlp,softmax,scan,macro_auc,1,0.65474090025951,0.0,1,1840,733
B1_corrected,geommlp,softmax,scan,macro_auc,2,0.677504705506426,0.0,1,1840,733
B1_corrected,geommlp,softmax,scan,macro_auc,3,0.6728649410214611,0.0,1,1840,733
B1_corrected,geommlp,softmax,scan,macro_auc,4,0.6768982227928779,0.0,1,1840,733
B1_corrected,geommlp,softmax,scan,macro_auc,5,0.6685293881507547,0.0,1,1840,733
B1_corrected,geommlp,softmax,scan,macro_f1,1,0.0980807101498329,0.0,1,1840,733
B1_corrected,geommlp,softmax,scan,macro_f1,2,0.1100108439427671,0.0,1,1840,733
B1_corrected,geommlp,softmax,scan,macro_f1,3,0.1042792747425,0.0,1,1840,733
B1_corrected,geommlp,softmax,scan,macro_f1,4,0.09959966771175,0.0,1,1840,733
B1_corrected,geommlp,softmax,scan,macro_f1,5,0.0997050982330189,0.0,1,1840,733
B1_corrected,geommlp,softmax,scan,top3_accuracy,1,0.2826086956521739,0.0,1,1840,733
B1_corrected,geommlp,softmax,scan,top3_accuracy,2,0.2864130434782608,0.0,1,1840,733
B1_corrected,geommlp,softmax,scan,top3_accuracy,3,0.3010869565217391,0.0,1,1840,733
B1_corrected,geommlp,softmax,scan,top3_accuracy,4,0.296195652173913,0.0,1,1840,733
B1_corrected,geommlp,softmax,scan,top3_accuracy,5,0.2842391304347826,0.0,1,1840,733
B1_corrected,geommlp,softmax,scan,top5_accuracy,1,0.4423913043478261,0.0,1,1840,733
B1_corrected,geommlp,softmax,scan,top5_accuracy,2,0.4510869565217391,0.0,1,1840,733
B1_corrected,geommlp,softmax,scan,top5_accuracy,3,0.4782608695652174,0.0,1,1840,733
B1_corrected,geommlp,softmax,scan,top5_accuracy,4,0.4603260869565217,0.0,1,1840,733
B1_corrected,geommlp,softmax,scan,top5_accuracy,5,0.4478260869565217,0.0,1,1840,733
B1_corrected,geommlp,softmax,subject,accuracy,1,0.1268758526603001,0.0,1,733,733
B1_corrected,geommlp,softmax,subject,accuracy,2,0.1377899045020464,0.0,1,733,733
B1_corrected,geommlp,softmax,subject,accuracy,3,0.1323328785811732,0.0,1,733,733
B1_corrected,geommlp,softmax,subject,accuracy,4,0.1145975443383356,0.0,1,733,733
B1_corrected,geommlp,softmax,subject,accuracy,5,0.1336971350613915,0.0,1,733,733
B1_corrected,geommlp,softmax,subject,f1_class::Cartilage,1,0.1454545454545454,0.0,1,733,733
B1_corrected,geommlp,softmax,subject,f1_class::Cartilage,2,0.2307692307692307,0.0,1,733,733
B1_corrected,geommlp,softmax,subject,f1_class::Cartilage,3,0.1428571428571428,0.0,1,733,733
B1_corrected,geommlp,softmax,subject,f1_class::Cartilage,4,0.0571428571428571,0.0,1,733,733
B1_corrected,geommlp,softmax,subject,f1_class::Cartilage,5,0.2222222222222222,0.0,1,733,733
B1_corrected,geommlp,softmax,subject,f1_class::Ciliopathy,1,0.15,0.0,1,733,733
B1_corrected,geommlp,softmax,subject,f1_class::Ciliopathy,2,0.125,0.0,1,733,733
B1_corrected,geommlp,softmax,subject,f1_class::Ciliopathy,3,0.1030927835051546,0.0,1,733,733
B1_corrected,geommlp,softmax,subject,f1_class::Ciliopathy,4,0.1282051282051282,0.0,1,733,733
B1_corrected,geommlp,softmax,subject,f1_class::Ciliopathy,5,0.1621621621621621,0.0,1,733,733
B1_corrected,geommlp,softmax,subject,f1_class::Cohesinopathy,1,0.15,0.0,1,733,733
B1_corrected,geommlp,softmax,subject,f1_class::Cohesinopathy,2,0.1621621621621621,0.0,1,733,733
B1_corrected,geommlp,softmax,subject,f1_class::Cohesinopathy,3,0.15,0.0,1,733,733
B1_corrected,geommlp,softmax,subject,f1_class::Cohesinopathy,4,0.1363636363636363,0.0,1,733,733
B1_corrected,geommlp,softmax,subject,f1_class::Cohesinopathy,5,0.1515151515151515,0.0,1,733,733
B1_corrected,geommlp,softmax,subject,f1_class::Connective Tissue,1,0.2522522522522522,0.0,1,733,733
B1_corrected,geommlp,softmax,subject,f1_class::Connective Tissue,2,0.247191011235955,0.0,1,733,733
B1_corrected,geommlp,softmax,subject,f1_class::Connective Tissue,3,0.2584269662921348,0.0,1,733,733
B1_corrected,geommlp,softmax,subject,f1_class::Connective Tissue,4,0.2346368715083799,0.0,1,733,733
B1_corrected,geommlp,softmax,subject,f1_class::Connective Tissue,5,0.216867469879518,0.0,1,733,733
B1_corrected,geommlp,softmax,subject,f1_class::Control,1,0.1468926553672316,0.0,1,733,733
B1_corrected,geommlp,softmax,subject,f1_class::Control,2,0.2185792349726776,0.0,1,733,733
B1_corrected,geommlp,softmax,subject,f1_class::Control,3,0.231578947368421,0.0,1,733,733
B1_corrected,geommlp,softmax,subject,f1_class::Control,4,0.1587301587301587,0.0,1,733,733
B1_corrected,geommlp,softmax,subject,f1_class::Control,5,0.2303664921465968,0.0,1,733,733
B1_corrected,geommlp,softmax,subject,f1_class::DNA Repair,1,0.1212121212121212,0.0,1,733,733
B1_corrected,geommlp,softmax,subject,f1_class::DNA Repair,2,0.1290322580645161,0.0,1,733,733
B1_corrected,geommlp,softmax,subject,f1_class::DNA Repair,3,0.0975609756097561,0.0,1,733,733
B1_corrected,geommlp,softmax,subject,f1_class::DNA Repair,4,0.0784313725490196,0.0,1,733,733
B1_corrected,geommlp,softmax,subject,f1_class::DNA Repair,5,0.1333333333333333,0.0,1,733,733
B1_corrected,geommlp,softmax,subject,f1_class::Deletion,1,0.1153846153846153,0.0,1,733,733
B1_corrected,geommlp,softmax,subject,f1_class::Deletion,2,0.0784313725490196,0.0,1,733,733
B1_corrected,geommlp,softmax,subject,f1_class::Deletion,3,0.0784313725490196,0.0,1,733,733
B1_corrected,geommlp,softmax,subject,f1_class::Deletion,4,0.0208333333333333,0.0,1,733,733
B1_corrected,geommlp,softmax,subject,f1_class::Deletion,5,0.0404040404040404,0.0,1,733,733
B1_corrected,geommlp,softmax,subject,f1_class::Duplication,1,0.0,0.0,1,733,733
B1_corrected,geommlp,softmax,subject,f1_class::Duplication,2,0.0851063829787234,0.0,1,733,733
B1_corrected,geommlp,softmax,subject,f1_class::Duplication,3,0.0465116279069767,0.0,1,733,733
B1_corrected,geommlp,softmax,subject,f1_class::Duplication,4,0.1132075471698113,0.0,1,733,733
B1_corrected,geommlp,softmax,subject,f1_class::Duplication,5,0.1111111111111111,0.0,1,733,733
B1_corrected,geommlp,softmax,subject,f1_class::Ectodermal,1,0.0576923076923076,0.0,1,733,733
B1_corrected,geommlp,softmax,subject,f1_class::Ectodermal,2,0.0695652173913043,0.0,1,733,733
B1_corrected,geommlp,softmax,subject,f1_class::Ectodermal,3,0.086021505376344,0.0,1,733,733
B1_corrected,geommlp,softmax,subject,f1_class::Ectodermal,4,0.0689655172413793,0.0,1,733,733
B1_corrected,geommlp,softmax,subject,f1_class::Ectodermal,5,0.125,0.0,1,733,733
B1_corrected,geommlp,softmax,subject,f1_class::Growth,1,0.1176470588235294,0.0,1,733,733
B1_corrected,geommlp,softmax,subject,f1_class::Growth,2,0.0909090909090909,0.0,1,733,733
B1_corrected,geommlp,softmax,subject,f1_class::Growth,3,0.0784313725490196,0.0,1,733,733
B1_corrected,geommlp,softmax,subject,f1_class::Growth,4,0.0759493670886076,0.0,1,733,733
B1_corrected,geommlp,softmax,subject,f1_class::Growth,5,0.1081081081081081,0.0,1,733,733
B1_corrected,geommlp,softmax,subject,f1_class::Imprinting,1,0.2083333333333333,0.0,1,733,733
B1_corrected,geommlp,softmax,subject,f1_class::Imprinting,2,0.0,0.0,1,733,733
B1_corrected,geommlp,softmax,subject,f1_class::Imprinting,3,0.0888888888888888,0.0,1,733,733
B1_corrected,geommlp,softmax,subject,f1_class::Imprinting,4,0.0869565217391304,0.0,1,733,733
B1_corrected,geommlp,softmax,subject,f1_class::Imprinting,5,0.0909090909090909,0.0,1,733,733
B1_corrected,geommlp,softmax,subject,f1_class::Lysozome,1,0.0526315789473684,0.0,1,733,733
B1_corrected,geommlp,softmax,subject,f1_class::Lysozome,2,0.1276595744680851,0.0,1,733,733
B1_corrected,geommlp,softmax,subject,f1_class::Lysozome,3,0.1224489795918367,0.0,1,733,733
B1_corrected,geommlp,softmax,subject,f1_class::Lysozome,4,0.0930232558139534,0.0,1,733,733
B1_corrected,geommlp,softmax,subject,f1_class::Lysozome,5,0.0659340659340659,0.0,1,733,733
B1_corrected,geommlp,softmax,subject,f1_class::Neurocristopathy,1,0.0333333333333333,0.0,1,733,733
B1_corrected,geommlp,softmax,subject,f1_class::Neurocristopathy,2,0.0816326530612244,0.0,1,733,733
B1_corrected,geommlp,softmax,subject,f1_class::Neurocristopathy,3,0.0,0.0,1,733,733
B1_corrected,geommlp,softmax,subject,f1_class::Neurocristopathy,4,0.0363636363636363,0.0,1,733,733
B1_corrected,geommlp,softmax,subject,f1_class::Neurocristopathy,5,0.0333333333333333,0.0,1,733,733
B1_corrected,geommlp,softmax,subject,f1_class::Peroxisome,1,0.3571428571428571,0.0,1,733,733
B1_corrected,geommlp,softmax,subject,f1_class::Peroxisome,2,0.2777777777777778,0.0,1,733,733
B1_corrected,geommlp,softmax,subject,f1_class::Peroxisome,3,0.303030303030303,0.0,1,733,733
B1_corrected,geommlp,softmax,subject,f1_class::Peroxisome,4,0.2702702702702703,0.0,1,733,733
B1_corrected,geommlp,softmax,subject,f1_class::Peroxisome,5,0.2040816326530612,0.0,1,733,733
B1_corrected,geommlp,softmax,subject,f1_class::Primary Palate,1,0.135593220338983,0.0,1,733,733
B1_corrected,geommlp,softmax,subject,f1_class::Primary Palate,2,0.2253521126760563,0.0,1,733,733
B1_corrected,geommlp,softmax,subject,f1_class::Primary Palate,3,0.1791044776119403,0.0,1,733,733
B1_corrected,geommlp,softmax,subject,f1_class::Primary Palate,4,0.2272727272727272,0.0,1,733,733
B1_corrected,geommlp,softmax,subject,f1_class::Primary Palate,5,0.2162162162162162,0.0,1,733,733
B1_corrected,geommlp,softmax,subject,f1_class::Rasopathy,1,0.0377358490566037,0.0,1,733,733
B1_corrected,geommlp,softmax,subject,f1_class::Rasopathy,2,0.0625,0.0,1,733,733
B1_corrected,geommlp,softmax,subject,f1_class::Rasopathy,3,0.0579710144927536,0.0,1,733,733
B1_corrected,geommlp,softmax,subject,f1_class::Rasopathy,4,0.0384615384615384,0.0,1,733,733
B1_corrected,geommlp,softmax,subject,f1_class::Rasopathy,5,0.0344827586206896,0.0,1,733,733
B1_corrected,geommlp,softmax,subject,f1_class::Sex Chromosome,1,0.0941176470588235,0.0,1,733,733
B1_corrected,geommlp,softmax,subject,f1_class::Sex Chromosome,2,0.1875,0.0,1,733,733
B1_corrected,geommlp,softmax,subject,f1_class::Sex Chromosome,3,0.1411764705882353,0.0,1,733,733
B1_corrected,geommlp,softmax,subject,f1_class::Sex Chromosome,4,0.1707317073170731,0.0,1,733,733
B1_corrected,geommlp,softmax,subject,f1_class::Sex Chromosome,5,0.1176470588235294,0.0,1,733,733
B1_corrected,geommlp,softmax,subject,f1_class::Trisomy,1,0.0,0.0,1,733,733
B1_corrected,geommlp,softmax,subject,f1_class::Trisomy,2,0.0,0.0,1,733,733
B1_corrected,geommlp,softmax,subject,f1_class::Trisomy,3,0.0526315789473684,0.0,1,733,733
B1_corrected,geommlp,softmax,subject,f1_class::Trisomy,4,0.0,0.0,1,733,733
B1_corrected,geommlp,softmax,subject,f1_class::Trisomy,5,0.0,0.0,1,733,733
B1_corrected,geommlp,softmax,subject,f1_class::Uncategorized,1,0.0,0.0,1,733,733
B1_corrected,geommlp,softmax,subject,f1_class::Uncategorized,2,0.0,0.0,1,733,733
B1_corrected,geommlp,softmax,subject,f1_class::Uncategorized,3,0.0,0.0,1,733,733
B1_corrected,geommlp,softmax,subject,f1_class::Uncategorized,4,0.0185185185185185,0.0,1,733,733
B1_corrected,geommlp,softmax,subject,f1_class::Uncategorized,5,0.018348623853211,0.0,1,733,733
B1_corrected,geommlp,softmax,subject,macro_auc,1,0.6672405751865427,0.0,1,733,733
B1_corrected,geommlp,softmax,subject,macro_auc,2,0.6960762569346497,0.0,1,733,733
B1_corrected,geommlp,softmax,subject,macro_auc,3,0.6912158334815786,0.0,1,733,733
B1_corrected,geommlp,softmax,subject,macro_auc,4,0.6949405512119884,0.0,1,733,733
B1_corrected,geommlp,softmax,subject,macro_auc,5,0.6863342512682008,0.0,1,733,733
B1_corrected,geommlp,softmax,subject,macro_f1,1,0.1144959671262055,0.0,1,733,733
B1_corrected,geommlp,softmax,subject,macro_f1,2,0.1262720041587275,0.0,1,733,733
B1_corrected,geommlp,softmax,subject,macro_f1,3,0.1167454951139629,0.0,1,733,733
B1_corrected,geommlp,softmax,subject,macro_f1,4,0.1060033665836399,0.0,1,733,733
B1_corrected,geommlp,softmax,subject,macro_f1,5,0.1201075195381811,0.0,1,733,733
B1_corrected,geommlp,softmax,subject,top3_accuracy,1,0.3137789904502046,0.0,1,733,733
B1_corrected,geommlp,softmax,subject,top3_accuracy,2,0.3137789904502046,0.0,1,733,733
B1_corrected,geommlp,softmax,subject,top3_accuracy,3,0.3315143246930423,0.0,1,733,733
B1_corrected,geommlp,softmax,subject,top3_accuracy,4,0.330150068212824,0.0,1,733,733
B1_corrected,geommlp,softmax,subject,top3_accuracy,5,0.3219645293315143,0.0,1,733,733
B1_corrected,geommlp,softmax,subject,top5_accuracy,1,0.4693042291950887,0.0,1,733,733
B1_corrected,geommlp,softmax,subject,top5_accuracy,2,0.4624829467939972,0.0,1,733,733
B1_corrected,geommlp,softmax,subject,top5_accuracy,3,0.4802182810368349,0.0,1,733,733
B1_corrected,geommlp,softmax,subject,top5_accuracy,4,0.4774897680763983,0.0,1,733,733
B1_corrected,geommlp,softmax,subject,top5_accuracy,5,0.461118690313779,0.0,1,733,733
B1_corrected,pointnet,knn11,scan,accuracy,1,0.2195652173913043,0.0,1,1840,733
B1_corrected,pointnet,knn11,scan,accuracy,2,0.2146739130434782,0.0,1,1840,733
B1_corrected,pointnet,knn11,scan,accuracy,3,0.1918478260869565,0.0,1,1840,733
B1_corrected,pointnet,knn11,scan,accuracy,4,0.208695652173913,0.0,1,1840,733
B1_corrected,pointnet,knn11,scan,accuracy,5,0.2114130434782608,0.0,1,1840,733
B1_corrected,pointnet,knn11,scan,f1_class::Cartilage,1,0.1333333333333333,0.0,1,1840,733
B1_corrected,pointnet,knn11,scan,f1_class::Cartilage,2,0.0285714285714285,0.0,1,1840,733
B1_corrected,pointnet,knn11,scan,f1_class::Cartilage,3,0.0,0.0,1,1840,733
B1_corrected,pointnet,knn11,scan,f1_class::Cartilage,4,0.1351351351351351,0.0,1,1840,733
B1_corrected,pointnet,knn11,scan,f1_class::Cartilage,5,0.1578947368421052,0.0,1,1840,733
B1_corrected,pointnet,knn11,scan,f1_class::Ciliopathy,1,0.208955223880597,0.0,1,1840,733
B1_corrected,pointnet,knn11,scan,f1_class::Ciliopathy,2,0.1071428571428571,0.0,1,1840,733
B1_corrected,pointnet,knn11,scan,f1_class::Ciliopathy,3,0.12,0.0,1,1840,733
B1_corrected,pointnet,knn11,scan,f1_class::Ciliopathy,4,0.2372881355932203,0.0,1,1840,733
B1_corrected,pointnet,knn11,scan,f1_class::Ciliopathy,5,0.2333333333333333,0.0,1,1840,733
B1_corrected,pointnet,knn11,scan,f1_class::Cohesinopathy,1,0.1095890410958904,0.0,1,1840,733
B1_corrected,pointnet,knn11,scan,f1_class::Cohesinopathy,2,0.074074074074074,0.0,1,1840,733
B1_corrected,pointnet,knn11,scan,f1_class::Cohesinopathy,3,0.15,0.0,1,1840,733
B1_corrected,pointnet,knn11,scan,f1_class::Cohesinopathy,4,0.0512820512820512,0.0,1,1840,733
B1_corrected,pointnet,knn11,scan,f1_class::Cohesinopathy,5,0.081081081081081,0.0,1,1840,733
B1_corrected,pointnet,knn11,scan,f1_class::Connective Tissue,1,0.2429378531073446,0.0,1,1840,733
B1_corrected,pointnet,knn11,scan,f1_class::Connective Tissue,2,0.2080924855491329,0.0,1,1840,733
B1_corrected,pointnet,knn11,scan,f1_class::Connective Tissue,3,0.2262210796915167,0.0,1,1840,733
B1_corrected,pointnet,knn11,scan,f1_class::Connective Tissue,4,0.2128851540616246,0.0,1,1840,733
B1_corrected,pointnet,knn11,scan,f1_class::Connective Tissue,5,0.2578796561604584,0.0,1,1840,733
B1_corrected,pointnet,knn11,scan,f1_class::Control,1,0.4157441574415744,0.0,1,1840,733
B1_corrected,pointnet,knn11,scan,f1_class::Control,2,0.3800475059382422,0.0,1,1840,733
B1_corrected,pointnet,knn11,scan,f1_class::Control,3,0.359375,0.0,1,1840,733
B1_corrected,pointnet,knn11,scan,f1_class::Control,4,0.3735224586288416,0.0,1,1840,733
B1_corrected,pointnet,knn11,scan,f1_class::Control,5,0.4187192118226601,0.0,1,1840,733
B1_corrected,pointnet,knn11,scan,f1_class::DNA Repair,1,0.109090909090909,0.0,1,1840,733
B1_corrected,pointnet,knn11,scan,f1_class::DNA Repair,2,0.1666666666666666,0.0,1,1840,733
B1_corrected,pointnet,knn11,scan,f1_class::DNA Repair,3,0.0363636363636363,0.0,1,1840,733
B1_corrected,pointnet,knn11,scan,f1_class::DNA Repair,4,0.0727272727272727,0.0,1,1840,733
B1_corrected,pointnet,knn11,scan,f1_class::DNA Repair,5,0.0,0.0,1,1840,733
B1_corrected,pointnet,knn11,scan,f1_class::Deletion,1,0.2514792899408284,0.0,1,1840,733
B1_corrected,pointnet,knn11,scan,f1_class::Deletion,2,0.2301943198804185,0.0,1,1840,733
B1_corrected,pointnet,knn11,scan,f1_class::Deletion,3,0.1939586645468998,0.0,1,1840,733
B1_corrected,pointnet,knn11,scan,f1_class::Deletion,4,0.2048780487804878,0.0,1,1840,733
B1_corrected,pointnet,knn11,scan,f1_class::Deletion,5,0.228486646884273,0.0,1,1840,733
B1_corrected,pointnet,knn11,scan,f1_class::Duplication,1,0.0256410256410256,0.0,1,1840,733
B1_corrected,pointnet,knn11,scan,f1_class::Duplication,2,0.0289855072463768,0.0,1,1840,733
B1_corrected,pointnet,knn11,scan,f1_class::Duplication,3,0.0,0.0,1,1840,733
B1_corrected,pointnet,knn11,scan,f1_class::Duplication,4,0.0444444444444444,0.0,1,1840,733
B1_corrected,pointnet,knn11,scan,f1_class::Duplication,5,0.1066666666666666,0.0,1,1840,733
B1_corrected,pointnet,knn11,scan,f1_class::Ectodermal,1,0.0588235294117647,0.0,1,1840,733
B1_corrected,pointnet,knn11,scan,f1_class::Ectodermal,2,0.0606060606060606,0.0,1,1840,733
B1_corrected,pointnet,knn11,scan,f1_class::Ectodermal,3,0.0,0.0,1,1840,733
B1_corrected,pointnet,knn11,scan,f1_class::Ectodermal,4,0.125,0.0,1,1840,733
B1_corrected,pointnet,knn11,scan,f1_class::Ectodermal,5,0.0888888888888888,0.0,1,1840,733
B1_corrected,pointnet,knn11,scan,f1_class::Growth,1,0.074074074074074,0.0,1,1840,733
B1_corrected,pointnet,knn11,scan,f1_class::Growth,2,0.0,0.0,1,1840,733
B1_corrected,pointnet,knn11,scan,f1_class::Growth,3,0.0,0.0,1,1840,733
B1_corrected,pointnet,knn11,scan,f1_class::Growth,4,0.08,0.0,1,1840,733
B1_corrected,pointnet,knn11,scan,f1_class::Growth,5,0.0,0.0,1,1840,733
B1_corrected,pointnet,knn11,scan,f1_class::Imprinting,1,0.0957446808510638,0.0,1,1840,733
B1_corrected,pointnet,knn11,scan,f1_class::Imprinting,2,0.1020408163265306,0.0,1,1840,733
B1_corrected,pointnet,knn11,scan,f1_class::Imprinting,3,0.0531914893617021,0.0,1,1840,733
B1_corrected,pointnet,knn11,scan,f1_class::Imprinting,4,0.0769230769230769,0.0,1,1840,733
B1_corrected,pointnet,knn11,scan,f1_class::Imprinting,5,0.0913705583756345,0.0,1,1840,733
B1_corrected,pointnet,knn11,scan,f1_class::Lysozome,1,0.1797752808988764,0.0,1,1840,733
B1_corrected,pointnet,knn11,scan,f1_class::Lysozome,2,0.1463414634146341,0.0,1,1840,733
B1_corrected,pointnet,knn11,scan,f1_class::Lysozome,3,0.0273972602739726,0.0,1,1840,733
B1_corrected,pointnet,knn11,scan,f1_class::Lysozome,4,0.1797752808988764,0.0,1,1840,733
B1_corrected,pointnet,knn11,scan,f1_class::Lysozome,5,0.1428571428571428,0.0,1,1840,733
B1_corrected,pointnet,knn11,scan,f1_class::Neurocristopathy,1,0.0132450331125827,0.0,1,1840,733
B1_corrected,pointnet,knn11,scan,f1_class::Neurocristopathy,2,0.0136054421768707,0.0,1,1840,733
B1_corrected,pointnet,knn11,scan,f1_class::Neurocristopathy,3,0.0136986301369863,0.0,1,1840,733
B1_corrected,pointnet,knn11,scan,f1_class::Neurocristopathy,4,0.0138888888888888,0.0,1,1840,733
B1_corrected,pointnet,knn11,scan,f1_class::Neurocristopathy,5,0.0251572327044025,0.0,1,1840,733
B1_corrected,pointnet,knn11,scan,f1_class::Peroxisome,1,0.1904761904761904,0.0,1,1840,733
B1_corrected,pointnet,knn11,scan,f1_class::Peroxisome,2,0.2545454545454545,0.0,1,1840,733
B1_corrected,pointnet,knn11,scan,f1_class::Peroxisome,3,0.1428571428571428,0.0,1,1840,733
B1_corrected,pointnet,knn11,scan,f1_class::Peroxisome,4,0.3720930232558139,0.0,1,1840,733
B1_corrected,pointnet,knn11,scan,f1_class::Peroxisome,5,0.1333333333333333,0.0,1,1840,733
B1_corrected,pointnet,knn11,scan,f1_class::Primary Palate,1,0.1379310344827586,0.0,1,1840,733
B1_corrected,pointnet,knn11,scan,f1_class::Primary Palate,2,0.1212121212121212,0.0,1,1840,733
B1_corrected,pointnet,knn11,scan,f1_class::Primary Palate,3,0.0,0.0,1,1840,733
B1_corrected,pointnet,knn11,scan,f1_class::Primary Palate,4,0.1111111111111111,0.0,1,1840,733
B1_corrected,pointnet,knn11,scan,f1_class::Primary Palate,5,0.1052631578947368,0.0,1,1840,733
B1_corrected,pointnet,knn11,scan,f1_class::Rasopathy,1,0.0744186046511627,0.0,1,1840,733
B1_corrected,pointnet,knn11,scan,f1_class::Rasopathy,2,0.1636363636363636,0.0,1,1840,733
B1_corrected,pointnet,knn11,scan,f1_class::Rasopathy,3,0.0970873786407767,0.0,1,1840,733
B1_corrected,pointnet,knn11,scan,f1_class::Rasopathy,4,0.0930232558139534,0.0,1,1840,733
B1_corrected,pointnet,knn11,scan,f1_class::Rasopathy,5,0.0579710144927536,0.0,1,1840,733
B1_corrected,pointnet,knn11,scan,f1_class::Sex Chromosome,1,0.074074074074074,0.0,1,1840,733
B1_corrected,pointnet,knn11,scan,f1_class::Sex Chromosome,2,0.0747663551401869,0.0,1,1840,733
B1_corrected,pointnet,knn11,scan,f1_class::Sex Chromosome,3,0.0416666666666666,0.0,1,1840,733
B1_corrected,pointnet,knn11,scan,f1_class::Sex Chromosome,4,0.0363636363636363,0.0,1,1840,733
B1_corrected,pointnet,knn11,scan,f1_class::Sex Chromosome,5,0.0392156862745098,0.0,1,1840,733
B1_corrected,pointnet,knn11,scan,f1_class::Trisomy,1,0.0350877192982456,0.0,1,1840,733
B1_corrected,pointnet,knn11,scan,f1_class::Trisomy,2,0.0408163265306122,0.0,1,1840,733
B1_corrected,pointnet,knn11,scan,f1_class::Trisomy,3,0.0,0.0,1,1840,733
B1_corrected,pointnet,knn11,scan,f1_class::Trisomy,4,0.0350877192982456,0.0,1,1840,733
B1_corrected,pointnet,knn11,scan,f1_class::Trisomy,5,0.0,0.0,1,1840,733
B1_corrected,pointnet,knn11,scan,f1_class::Uncategorized,1,0.1760299625468165,0.0,1,1840,733
B1_corrected,pointnet,knn11,scan,f1_class::Uncategorized,2,0.210896309314587,0.0,1,1840,733
B1_corrected,pointnet,knn11,scan,f1_class::Uncategorized,3,0.1906412478336221,0.0,1,1840,733
B1_corrected,pointnet,knn11,scan,f1_class::Uncategorized,4,0.2268760907504363,0.0,1,1840,733
B1_corrected,pointnet,knn11,scan,f1_class::Uncategorized,5,0.1621621621621621,0.0,1,1840,733
B1_corrected,pointnet,knn11,scan,macro_auc,1,0.673907730015934,0.0,1,1840,733
B1_corrected,pointnet,knn11,scan,macro_auc,2,0.6318134497401606,0.0,1,1840,733
B1_corrected,pointnet,knn11,scan,macro_auc,3,0.6478364564942588,0.0,1,1840,733
B1_corrected,pointnet,knn11,scan,macro_auc,4,0.628802869311561,0.0,1,1840,733
B1_corrected,pointnet,knn11,scan,macro_auc,5,0.6640555708701594,0.0,1,1840,733
B1_corrected,pointnet,knn11,scan,macro_f1,1,0.1371816324952164,0.0,1,1840,733
B1_corrected,pointnet,knn11,scan,macro_f1,2,0.1269600819985588,0.0,1,1840,733
B1_corrected,pointnet,knn11,scan,macro_f1,3,0.0869714840196275,0.0,1,1840,733
B1_corrected,pointnet,knn11,scan,macro_f1,4,0.141173935997743,0.0,1,1840,733
B1_corrected,pointnet,knn11,scan,macro_f1,5,0.1226463426196916,0.0,1,1840,733
B1_corrected,pointnet,knn11,subject,accuracy,1,0.2073669849931787,0.0,1,733,733
B1_corrected,pointnet,knn11,subject,accuracy,2,0.2128240109140518,0.0,1,733,733
B1_corrected,pointnet,knn11,subject,accuracy,3,0.1937244201909959,0.0,1,733,733
B1_corrected,pointnet,knn11,subject,accuracy,4,0.2114597544338335,0.0,1,733,733
B1_corrected,pointnet,knn11,subject,accuracy,5,0.2141882673942701,0.0,1,733,733
B1_corrected,pointnet,knn11,subject,f1_class::Cartilage,1,0.0952380952380952,0.0,1,733,733
B1_corrected,pointnet,knn11,subject,f1_class::Cartilage,2,0.1052631578947368,0.0,1,733,733
B1_corrected,pointnet,knn11,subject,f1_class::Cartilage,3,0.0,0.0,1,733,733
B1_corrected,pointnet,knn11,subject,f1_class::Cartilage,4,0.2051282051282051,0.0,1,733,733
B1_corrected,pointnet,knn11,subject,f1_class::Cartilage,5,0.1764705882352941,0.0,1,733,733
B1_corrected,pointnet,knn11,subject,f1_class::Ciliopathy,1,0.16,0.0,1,733,733
B1_corrected,pointnet,knn11,subject,f1_class::Ciliopathy,2,0.0769230769230769,0.0,1,733,733
B1_corrected,pointnet,knn11,subject,f1_class::Ciliopathy,3,0.2352941176470588,0.0,1,733,733
B1_corrected,pointnet,knn11,subject,f1_class::Ciliopathy,4,0.2758620689655172,0.0,1,733,733
B1_corrected,pointnet,knn11,subject,f1_class::Ciliopathy,5,0.2222222222222222,0.0,1,733,733
B1_corrected,pointnet,knn11,subject,f1_class::Cohesinopathy,1,0.0,0.0,1,733,733
B1_corrected,pointnet,knn11,subject,f1_class::Cohesinopathy,2,0.0833333333333333,0.0,1,733,733
B1_corrected,pointnet,knn11,subject,f1_class::Cohesinopathy,3,0.0,0.0,1,733,733
B1_corrected,pointnet,knn11,subject,f1_class::Cohesinopathy,4,0.0555555555555555,0.0,1,733,733
B1_corrected,pointnet,knn11,subject,f1_class::Cohesinopathy,5,0.0,0.0,1,733,733
B1_corrected,pointnet,knn11,subject,f1_class::Connective Tissue,1,0.2456140350877192,0.0,1,733,733
B1_corrected,pointnet,knn11,subject,f1_class::Connective Tissue,2,0.2807017543859649,0.0,1,733,733
B1_corrected,pointnet,knn11,subject,f1_class::Connective Tissue,3,0.2333333333333333,0.0,1,733,733
B1_corrected,pointnet,knn11,subject,f1_class::Connective Tissue,4,0.2515723270440251,0.0,1,733,733
B1_corrected,pointnet,knn11,subject,f1_class::Connective Tissue,5,0.3048780487804878,0.0,1,733,733
B1_corrected,pointnet,knn11,subject,f1_class::Control,1,0.4119241192411924,0.0,1,733,733
B1_corrected,pointnet,knn11,subject,f1_class::Control,2,0.3954802259887006,0.0,1,733,733
B1_corrected,pointnet,knn11,subject,f1_class::Control,3,0.3523573200992556,0.0,1,733,733
B1_corrected,pointnet,knn11,subject,f1_class::Control,4,0.3753501400560224,0.0,1,733,733
B1_corrected,pointnet,knn11,subject,f1_class::Control,5,0.4404761904761904,0.0,1,733,733
B1_corrected,pointnet,knn11,subject,f1_class::DNA Repair,1,0.2,0.0,1,733,733
B1_corrected,pointnet,knn11,subject,f1_class::DNA Repair,2,0.2352941176470588,0.0,1,733,733
B1_corrected,pointnet,knn11,subject,f1_class::DNA Repair,3,0.0,0.0,1,733,733
B1_corrected,pointnet,knn11,subject,f1_class::DNA Repair,4,0.1176470588235294,0.0,1,733,733
B1_corrected,pointnet,knn11,subject,f1_class::DNA Repair,5,0.2,0.0,1,733,733
B1_corrected,pointnet,knn11,subject,f1_class::Deletion,1,0.1680672268907563,0.0,1,733,733
B1_corrected,pointnet,knn11,subject,f1_class::Deletion,2,0.1570247933884297,0.0,1,733,733
B1_corrected,pointnet,knn11,subject,f1_class::Deletion,3,0.1946902654867256,0.0,1,733,733
B1_corrected,pointnet,knn11,subject,f1_class::Deletion,4,0.2323651452282157,0.0,1,733,733
B1_corrected,pointnet,knn11,subject,f1_class::Deletion,5,0.1796875,0.0,1,733,733
B1_corrected,pointnet,knn11,subject,f1_class::Duplication,1,0.0,0.0,1,733,733
B1_corrected,pointnet,knn11,subject,f1_class::Duplication,2,0.0,0.0,1,733,733
B1_corrected,pointnet,knn11,subject,f1_class::Duplication,3,0.0,0.0,1,733,733
B1_corrected,pointnet,knn11,subject,f1_class::Duplication,4,0.0,0.0,1,733,733
B1_corrected,pointnet,knn11,subject,f1_class::Duplication,5,0.0,0.0,1,733,733
B1_corrected,pointnet,knn11,subject,f1_class::Ectodermal,1,0.1,0.0,1,733,733
B1_corrected,pointnet,knn11,subject,f1_class::Ectodermal,2,0.0,0.0,1,733,733
B1_corrected,pointnet,knn11,subject,f1_class::Ectodermal,3,0.0,0.0,1,733,733
B1_corrected,pointnet,knn11,subject,f1_class::Ectodermal,4,0.1176470588235294,0.0,1,733,733
B1_corrected,pointnet,knn11,subject,f1_class::Ectodermal,5,0.0952380952380952,0.0,1,733,733
B1_corrected,pointnet,knn11,subject,f1_class::Growth,1,0.0,0.0,1,733,733
B1_corrected,pointnet,knn11,subject,f1_class::Growth,2,0.0,0.0,1,733,733
B1_corrected,pointnet,knn11,subject,f1_class::Growth,3,0.0,0.0,1,733,733
B1_corrected,pointnet,knn11,subject,f1_class::Growth,4,0.0,0.0,1,733,733
B1_corrected,pointnet,knn11,subject,f1_class::Growth,5,0.0,0.0,1,733,733
B1_corrected,pointnet,knn11,subject,f1_class::Imprinting,1,0.0634920634920634,0.0,1,733,733
B1_corrected,pointnet,knn11,subject,f1_class::Imprinting,2,0.0625,0.0,1,733,733
B1_corrected,pointnet,knn11,subject,f1_class::Imprinting,3,0.0363636363636363,0.0,1,733,733
B1_corrected,pointnet,knn11,subject,f1_class::Imprinting,4,0.1269841269841269,0.0,1,733,733
B1_corrected,pointnet,knn11,subject,f1_class::Imprinting,5,0.0597014925373134,0.0,1,733,733
B1_corrected,pointnet,knn11,subject,f1_class::Lysozome,1,0.0,0.0,1,733,733
B1_corrected,pointnet,knn11,subject,f1_class::Lysozome,2,0.0,0.0,1,733,733
B1_corrected,pointnet,knn11,subject,f1_class::Lysozome,3,0.0,0.0,1,733,733
B1_corrected,pointnet,knn11,subject,f1_class::Lysozome,4,0.0,0.0,1,733,733
B1_corrected,pointnet,knn11,subject,f1_class::Lysozome,5,0.1428571428571428,0.0,1,733,733
B1_corrected,pointnet,knn11,subject,f1_class::Neurocristopathy,1,0.0377358490566037,0.0,1,733,733
B1_corrected,pointnet,knn11,subject,f1_class::Neurocristopathy,2,0.0727272727272727,0.0,1,733,733
B1_corrected,pointnet,knn11,subject,f1_class::Neurocristopathy,3,0.0769230769230769,0.0,1,733,733
B1_corrected,pointnet,knn11,subject,f1_class::Neurocristopathy,4,0.0,0.0,1,733,733
B1_corrected,pointnet,knn11,subject,f1_class::Neurocristopathy,5,0.0,0.0,1,733,733
B1_corrected,pointnet,knn11,subject,f1_class::Peroxisome,1,0.2222222222222222,0.0,1,733,733
B1_corrected,pointnet,knn11,subject,f1_class::Peroxisome,2,0.4615384615384615,0.0,1,733,733
B1_corrected,pointnet,knn11,subject,f1_class::Peroxisome,3,0.1818181818181818,0.0,1,733,733
B1_corrected,pointnet,knn11,subject,f1_class::Peroxisome,4,0.5,0.0,1,733,733
B1_corrected,pointnet,knn11,subject,f1_class::Peroxisome,5,0.1818181818181818,0.0,1,733,733
B1_corrected,pointnet,knn11,subject,f1_class::Primary Palate,1,0.2222222222222222,0.0,1,733,733
B1_corrected,pointnet,knn11,subject,f1_class::Primary Palate,2,0.2,0.0,1,733,733
B1_corrected,pointnet,knn11,subject,f1_class::Primary Palate,3,0.0,0.0,1,733,733
B1_corrected,pointnet,knn11,subject,f1_class::Primary Palate,4,0.2222222222222222,0.0,1,733,733
B1_corrected,pointnet,knn11,subject,f1_class::Primary Palate,5,0.1904761904761904,0.0,1,733,733
B1_corrected,pointnet,knn11,subject,f1_class::Rasopathy,1,0.0952380952380952,0.0,1,733,733
B1_corrected,pointnet,knn11,subject,f1_class::Rasopathy,2,0.075,0.0,1,733,733
B1_corrected,pointnet,knn11,subject,f1_class::Rasopathy,3,0.0,0.0,1,733,733
B1_corrected,pointnet,knn11,subject,f1_class::Rasopathy,4,0.0779220779220779,0.0,1,733,733
B1_corrected,pointnet,knn11,subject,f1_class::Rasopathy,5,0.1237113402061855,0.0,1,733,733
B1_corrected,pointnet,knn11,subject,f1_class::Sex Chromosome,1,0.08,0.0,1,733,733
B1_corrected,pointnet,knn11,subject,f1_class::Sex Chromosome,2,0.125,0.0,1,733,733
B1_corrected,pointnet,knn11,subject,f1_class::Sex Chromosome,3,0.125,0.0,1,733,733
B1_corrected,pointnet,knn11,subject,f1_class::Sex Chromosome,4,0.0408163265306122,0.0,1,733,733
B1_corrected,pointnet,knn11,subject,f1_class::Sex Chromosome,5,0.074074074074074,0.0,1,733,733
B1_corrected,pointnet,knn11,subject,f1_class::Trisomy,1,0.064516129032258,0.0,1,733,733
B1_corrected,pointnet,knn11,subject,f1_class::Trisomy,2,0.0,0.0,1,733,733
B1_corrected,pointnet,knn11,subject,f1_class::Trisomy,3,0.0,0.0,1,733,733
B1_corrected,pointnet,knn11,subject,f1_class::Trisomy,4,0.0,0.0,1,733,733
B1_corrected,pointnet,knn11,subject,f1_class::Trisomy,5,0.0,0.0,1,733,733
B1_corrected,pointnet,knn11,subject,f1_class::Uncategorized,1,0.1568627450980392,0.0,1,733,733
B1_corrected,pointnet,knn11,subject,f1_class::Uncategorized,2,0.2,0.0,1,733,733
B1_corrected,pointnet,knn11,subject,f1_class::Uncategorized,3,0.1704035874439461,0.0,1,733,733
B1_corrected,pointnet,knn11,subject,f1_class::Uncategorized,4,0.1461187214611872,0.0,1,733,733
B1_corrected,pointnet,knn11,subject,f1_class::Uncategorized,5,0.1256038647342995,0.0,1,733,733
B1_corrected,pointnet,knn11,subject,macro_auc,1,0.6920934792520128,0.0,1,733,733
B1_corrected,pointnet,knn11,subject,macro_auc,2,0.649154743420037,0.0,1,733,733
B1_corrected,pointnet,knn11,subject,macro_auc,3,0.6612567771495317,0.0,1,733,733
B1_corrected,pointnet,knn11,subject,macro_auc,4,0.6526668621555332,0.0,1,733,733
B1_corrected,pointnet,knn11,subject,macro_auc,5,0.6803624560273466,0.0,1,733,733
B1_corrected,pointnet,knn11,subject,macro_f1,1,0.1222701475168035,0.0,1,733,733
B1_corrected,pointnet,knn11,subject,macro_f1,2,0.1331992733593176,0.0,1,733,733
B1_corrected,pointnet,knn11,subject,macro_f1,3,0.0845359746902744,0.0,1,733,733
B1_corrected,pointnet,knn11,subject,macro_f1,4,0.1444837386707803,0.0,1,733,733
B1_corrected,pointnet,knn11,subject,macro_f1,5,0.1324849964029304,0.0,1,733,733
B1_corrected,pointnet,proto,scan,accuracy,1,0.1315217391304347,0.0,1,1840,733
B1_corrected,pointnet,proto,scan,accuracy,2,0.0831521739130434,0.0,1,1840,733
B1_corrected,pointnet,proto,scan,accuracy,3,0.0728260869565217,0.0,1,1840,733
B1_corrected,pointnet,proto,scan,accuracy,4,0.1070652173913043,0.0,1,1840,733
B1_corrected,pointnet,proto,scan,accuracy,5,0.1152173913043478,0.0,1,1840,733
B1_corrected,pointnet,proto,scan,f1_class::Cartilage,1,0.1019108280254777,0.0,1,1840,733
B1_corrected,pointnet,proto,scan,f1_class::Cartilage,2,0.106060606060606,0.0,1,1840,733
B1_corrected,pointnet,proto,scan,f1_class::Cartilage,3,0.0,0.0,1,1840,733
B1_corrected,pointnet,proto,scan,f1_class::Cartilage,4,0.1240310077519379,0.0,1,1840,733
B1_corrected,pointnet,proto,scan,f1_class::Cartilage,5,0.2365591397849462,0.0,1,1840,733
B1_corrected,pointnet,proto,scan,f1_class::Ciliopathy,1,0.2051282051282051,0.0,1,1840,733
B1_corrected,pointnet,proto,scan,f1_class::Ciliopathy,2,0.1,0.0,1,1840,733
B1_corrected,pointnet,proto,scan,f1_class::Ciliopathy,3,0.0783132530120482,0.0,1,1840,733
B1_corrected,pointnet,proto,scan,f1_class::Ciliopathy,4,0.2047244094488189,0.0,1,1840,733
B1_corrected,pointnet,proto,scan,f1_class::Ciliopathy,5,0.1387283236994219,0.0,1,1840,733
B1_corrected,pointnet,proto,scan,f1_class::Cohesinopathy,1,0.1105990783410138,0.0,1,1840,733
B1_corrected,pointnet,proto,scan,f1_class::Cohesinopathy,2,0.1466666666666666,0.0,1,1840,733
B1_corrected,pointnet,proto,scan,f1_class::Cohesinopathy,3,0.1244444444444444,0.0,1,1840,733
B1_corrected,pointnet,proto,scan,f1_class::Cohesinopathy,4,0.1180811808118081,0.0,1,1840,733
B1_corrected,pointnet,proto,scan,f1_class::Cohesinopathy,5,0.072072072072072,0.0,1,1840,733
B1_corrected,pointnet,proto,scan,f1_class::Connective Tissue,1,0.1749049429657794,0.0,1,1840,733
B1_corrected,pointnet,proto,scan,f1_class::Connective Tissue,2,0.1849710982658959,0.0,1,1840,733
B1_corrected,pointnet,proto,scan,f1_class::Connective Tissue,3,0.2222222222222222,0.0,1,1840,733
B1_corrected,pointnet,proto,scan,f1_class::Connective Tissue,4,0.2189349112426035,0.0,1,1840,733
B1_corrected,pointnet,proto,scan,f1_class::Connective Tissue,5,0.21875,0.0,1,1840,733
B1_corrected,pointnet,proto,scan,f1_class::Control,1,0.3139013452914798,0.0,1,1840,733
B1_corrected,pointnet,proto,scan,f1_class::Control,2,0.0,0.0,1,1840,733
B1_corrected,pointnet,proto,scan,f1_class::Control,3,0.00625,0.0,1,1840,733
B1_corrected,pointnet,proto,scan,f1_class::Control,4,0.202020202020202,0.0,1,1840,733
B1_corrected,pointnet,proto,scan,f1_class::Control,5,0.2329113924050632,0.0,1,1840,733
B1_corrected,pointnet,proto,scan,f1_class::DNA Repair,1,0.1153846153846153,0.0,1,1840,733
B1_corrected,pointnet,proto,scan,f1_class::DNA Repair,2,0.1235955056179775,0.0,1,1840,733
B1_corrected,pointnet,proto,scan,f1_class::DNA Repair,3,0.1073170731707317,0.0,1,1840,733
B1_corrected,pointnet,proto,scan,f1_class::DNA Repair,4,0.0701754385964912,0.0,1,1840,733
B1_corrected,pointnet,proto,scan,f1_class::DNA Repair,5,0.072289156626506,0.0,1,1840,733
B1_corrected,pointnet,proto,scan,f1_class::Deletion,1,0.0206896551724137,0.0,1,1840,733
B1_corrected,pointnet,proto,scan,f1_class::Deletion,2,0.0,0.0,1,1840,733
B1_corrected,pointnet,proto,scan,f1_class::Deletion,3,0.0,0.0,1,1840,733
B1_corrected,pointnet,proto,scan,f1_class::Deletion,4,0.0208333333333333,0.0,1,1840,733
B1_corrected,pointnet,proto,scan,f1_class::Deletion,5,0.0,0.0,1,1840,733
B1_corrected,pointnet,proto,scan,f1_class::Duplication,1,0.0,0.0,1,1840,733
B1_corrected,pointnet,proto,scan,f1_class::Duplication,2,0.0,0.0,1,1840,733
B1_corrected,pointnet,proto,scan,f1_class::Duplication,3,0.0,0.0,1,1840,733
B1_corrected,pointnet,proto,scan,f1_class::Duplication,4,0.0235294117647058,0.0,1,1840,733
B1_corrected,pointnet,proto,scan,f1_class::Duplication,5,0.0,0.0,1,1840,733
B1_corrected,pointnet,proto,scan,f1_class::Ectodermal,1,0.1123595505617977,0.0,1,1840,733
B1_corrected,pointnet,proto,scan,f1_class::Ectodermal,2,0.0625,0.0,1,1840,733
B1_corrected,pointnet,proto,scan,f1_class::Ectodermal,3,0.0948616600790513,0.0,1,1840,733
B1_corrected,pointnet,proto,scan,f1_class::Ectodermal,4,0.0958904109589041,0.0,1,1840,733
B1_corrected,pointnet,proto,scan,f1_class::Ectodermal,5,0.087378640776699,0.0,1,1840,733
B1_corrected,pointnet,proto,scan,f1_class::Growth,1,0.0808080808080808,0.0,1,1840,733
B1_corrected,pointnet,proto,scan,f1_class::Growth,2,0.0574162679425837,0.0,1,1840,733
B1_corrected,pointnet,proto,scan,f1_class::Growth,3,0.0368663594470046,0.0,1,1840,733
B1_corrected,pointnet,proto,scan,f1_class::Growth,4,0.073394495412844,0.0,1,1840,733
B1_corrected,pointnet,proto,scan,f1_class::Growth,5,0.0419580419580419,0.0,1,1840,733
B1_corrected,pointnet,proto,scan,f1_class::Imprinting,1,0.1088435374149659,0.0,1,1840,733
B1_corrected,pointnet,proto,scan,f1_class::Imprinting,2,0.0858895705521472,0.0,1,1840,733
B1_corrected,pointnet,proto,scan,f1_class::Imprinting,3,0.0479041916167664,0.0,1,1840,733
B1_corrected,pointnet,proto,scan,f1_class::Imprinting,4,0.0786516853932584,0.0,1,1840,733
B1_corrected,pointnet,proto,scan,f1_class::Imprinting,5,0.0789473684210526,0.0,1,1840,733
B1_corrected,pointnet,proto,scan,f1_class::Lysozome,1,0.2264150943396226,0.0,1,1840,733
B1_corrected,pointnet,proto,scan,f1_class::Lysozome,2,0.1796407185628742,0.0,1,1840,733
B1_corrected,pointnet,proto,scan,f1_class::Lysozome,3,0.1105527638190954,0.0,1,1840,733
B1_corrected,pointnet,proto,scan,f1_class::Lysozome,4,0.1398601398601398,0.0,1,1840,733
B1_corrected,pointnet,proto,scan,f1_class::Lysozome,5,0.2237762237762237,0.0,1,1840,733
B1_corrected,pointnet,proto,scan,f1_class::Neurocristopathy,1,0.0875,0.0,1,1840,733
B1_corrected,pointnet,proto,scan,f1_class::Neurocristopathy,2,0.0,0.0,1,1840,733
B1_corrected,pointnet,proto,scan,f1_class::Neurocristopathy,3,0.0,0.0,1,1840,733
B1_corrected,pointnet,proto,scan,f1_class::Neurocristopathy,4,0.0848484848484848,0.0,1,1840,733
B1_corrected,pointnet,proto,scan,f1_class::Neurocristopathy,5,0.0869565217391304,0.0,1,1840,733
B1_corrected,pointnet,proto,scan,f1_class::Peroxisome,1,0.188034188034188,0.0,1,1840,733
B1_corrected,pointnet,proto,scan,f1_class::Peroxisome,2,0.1666666666666666,0.0,1,1840,733
B1_corrected,pointnet,proto,scan,f1_class::Peroxisome,3,0.1626016260162601,0.0,1,1840,733
B1_corrected,pointnet,proto,scan,f1_class::Peroxisome,4,0.1351351351351351,0.0,1,1840,733
B1_corrected,pointnet,proto,scan,f1_class::Peroxisome,5,0.233009708737864,0.0,1,1840,733
B1_corrected,pointnet,proto,scan,f1_class::Primary Palate,1,0.0961538461538461,0.0,1,1840,733
B1_corrected,pointnet,proto,scan,f1_class::Primary Palate,2,0.0670391061452514,0.0,1,1840,733
B1_corrected,pointnet,proto,scan,f1_class::Primary Palate,3,0.0,0.0,1,1840,733
B1_corrected,pointnet,proto,scan,f1_class::Primary Palate,4,0.0880503144654088,0.0,1,1840,733
B1_corrected,pointnet,proto,scan,f1_class::Primary Palate,5,0.0555555555555555,0.0,1,1840,733
B1_corrected,pointnet,proto,scan,f1_class::Rasopathy,1,0.0995850622406639,0.0,1,1840,733
B1_corrected,pointnet,proto,scan,f1_class::Rasopathy,2,0.1216216216216216,0.0,1,1840,733
B1_corrected,pointnet,proto,scan,f1_class::Rasopathy,3,0.0796812749003984,0.0,1,1840,733
B1_corrected,pointnet,proto,scan,f1_class::Rasopathy,4,0.0682926829268292,0.0,1,1840,733
B1_corrected,pointnet,proto,scan,f1_class::Rasopathy,5,0.1328671328671328,0.0,1,1840,733
B1_corrected,pointnet,proto,scan,f1_class::Sex Chromosome,1,0.1567164179104477,0.0,1,1840,733
B1_corrected,pointnet,proto,scan,f1_class::Sex Chromosome,2,0.102803738317757,0.0,1,1840,733
B1_corrected,pointnet,proto,scan,f1_class::Sex Chromosome,3,0.0756756756756756,0.0,1,1840,733
B1_corrected,pointnet,proto,scan,f1_class::Sex Chromosome,4,0.1298701298701298,0.0,1,1840,733
B1_corrected,pointnet,proto,scan,f1_class::Sex Chromosome,5,0.087431693989071,0.0,1,1840,733
B1_corrected,pointnet,proto,scan,f1_class::Trisomy,1,0.0307692307692307,0.0,1,1840,733
B1_corrected,pointnet,proto,scan,f1_class::Trisomy,2,0.0,0.0,1,1840,733
B1_corrected,pointnet,proto,scan,f1_class::Trisomy,3,0.0,0.0,1,1840,733
B1_corrected,pointnet,proto,scan,f1_class::Trisomy,4,0.0,0.0,1,1840,733
B1_corrected,pointnet,proto,scan,f1_class::Trisomy,5,0.0198019801980198,0.0,1,1840,733
B1_corrected,pointnet,proto,scan,f1_class::Uncategorized,1,0.0198019801980198,0.0,1,1840,733
B1_corrected,pointnet,proto,scan,f1_class::Uncategorized,2,0.006578947368421,0.0,1,1840,733
B1_corrected,pointnet,proto,scan,f1_class::Uncategorized,3,0.0,0.0,1,1840,733
B1_corrected,pointnet,proto,scan,f1_class::Uncategorized,4,0.0,0.0,1,1840,733
B1_corrected,pointnet,proto,scan,f1_class::Uncategorized,5,0.055045871559633,0.0,1,1840,733
B1_corrected,pointnet,proto,scan,macro_auc,1,0.6915847177314829,0.0,1,1840,733
B1_corrected,pointnet,proto,scan,macro_auc,2,0.6659433701119563,0.0,1,1840,733
B1_corrected,pointnet,proto,scan,macro_auc,3,0.6566542052958478,0.0,1,1840,733
B1_corrected,pointnet,proto,scan,macro_auc,4,0.6739171287776188,0.0,1,1840,733
B1_corrected,pointnet,proto,scan,macro_auc,5,0.6889328121525463,0.0,1,1840,733
B1_corrected,pointnet,proto,scan,macro_f1,1,0.1183950346705183,0.0,1,1840,733
B1_corrected,pointnet,proto,scan,macro_f1,2,0.0795500270414983,0.0,1,1840,733
B1_corrected,pointnet,proto,scan,macro_f1,3,0.0603521339159841,0.0,1,1840,733
B1_corrected,pointnet,proto,scan,macro_f1,4,0.0987538617811071,0.0,1,1840,733
B1_corrected,pointnet,proto,scan,macro_f1,5,0.1091599381140228,0.0,1,1840,733
B1_corrected,pointnet,proto,scan,top3_accuracy,1,0.3206521739130434,0.0,1,1840,733
B1_corrected,pointnet,proto,scan,top3_accuracy,2,0.2641304347826086,0.0,1,1840,733
B1_corrected,pointnet,proto,scan,top3_accuracy,3,0.2380434782608695,0.0,1,1840,733
B1_corrected,pointnet,proto,scan,top3_accuracy,4,0.2929347826086956,0.0,1,1840,733
B1_corrected,pointnet,proto,scan,top3_accuracy,5,0.3038043478260869,0.0,1,1840,733
B1_corrected,pointnet,proto,scan,top5_accuracy,1,0.5157608695652174,0.0,1,1840,733
B1_corrected,pointnet,proto,scan,top5_accuracy,2,0.4315217391304348,0.0,1,1840,733
B1_corrected,pointnet,proto,scan,top5_accuracy,3,0.3929347826086956,0.0,1,1840,733
B1_corrected,pointnet,proto,scan,top5_accuracy,4,0.4923913043478261,0.0,1,1840,733
B1_corrected,pointnet,proto,scan,top5_accuracy,5,0.4978260869565217,0.0,1,1840,733
B1_corrected,pointnet,proto,subject,accuracy,1,0.1664392905866303,0.0,1,733,733
B1_corrected,pointnet,proto,subject,accuracy,2,0.1050477489768076,0.0,1,733,733
B1_corrected,pointnet,proto,subject,accuracy,3,0.0845839017735334,0.0,1,733,733
B1_corrected,pointnet,proto,subject,accuracy,4,0.1446111869031378,0.0,1,733,733
B1_corrected,pointnet,proto,subject,accuracy,5,0.1596180081855388,0.0,1,733,733
B1_corrected,pointnet,proto,subject,f1_class::Cartilage,1,0.1846153846153846,0.0,1,733,733
B1_corrected,pointnet,proto,subject,f1_class::Cartilage,2,0.1944444444444444,0.0,1,733,733
B1_corrected,pointnet,proto,subject,f1_class::Cartilage,3,0.0,0.0,1,733,733
B1_corrected,pointnet,proto,subject,f1_class::Cartilage,4,0.1666666666666666,0.0,1,733,733
B1_corrected,pointnet,proto,subject,f1_class::Cartilage,5,0.3846153846153846,0.0,1,733,733
B1_corrected,pointnet,proto,subject,f1_class::Ciliopathy,1,0.2272727272727272,0.0,1,733,733
B1_corrected,pointnet,proto,subject,f1_class::Ciliopathy,2,0.1263157894736842,0.0,1,733,733
B1_corrected,pointnet,proto,subject,f1_class::Ciliopathy,3,0.1025641025641025,0.0,1,733,733
B1_corrected,pointnet,proto,subject,f1_class::Ciliopathy,4,0.2272727272727272,0.0,1,733,733
B1_corrected,pointnet,proto,subject,f1_class::Ciliopathy,5,0.2,0.0,1,733,733
B1_corrected,pointnet,proto,subject,f1_class::Cohesinopathy,1,0.1408450704225352,0.0,1,733,733
B1_corrected,pointnet,proto,subject,f1_class::Cohesinopathy,2,0.1818181818181818,0.0,1,733,733
B1_corrected,pointnet,proto,subject,f1_class::Cohesinopathy,3,0.0821917808219178,0.0,1,733,733
B1_corrected,pointnet,proto,subject,f1_class::Cohesinopathy,4,0.1149425287356321,0.0,1,733,733
B1_corrected,pointnet,proto,subject,f1_class::Cohesinopathy,5,0.1282051282051282,0.0,1,733,733
B1_corrected,pointnet,proto,subject,f1_class::Connective Tissue,1,0.2442748091603053,0.0,1,733,733
B1_corrected,pointnet,proto,subject,f1_class::Connective Tissue,2,0.1917808219178082,0.0,1,733,733
B1_corrected,pointnet,proto,subject,f1_class::Connective Tissue,3,0.2469135802469135,0.0,1,733,733
B1_corrected,pointnet,proto,subject,f1_class::Connective Tissue,4,0.2674418604651162,0.0,1,733,733
B1_corrected,pointnet,proto,subject,f1_class::Connective Tissue,5,0.2857142857142857,0.0,1,733,733
B1_corrected,pointnet,proto,subject,f1_class::Control,1,0.3219512195121951,0.0,1,733,733
B1_corrected,pointnet,proto,subject,f1_class::Control,2,0.0264900662251655,0.0,1,733,733
B1_corrected,pointnet,proto,subject,f1_class::Control,3,0.0,0.0,1,733,733
B1_corrected,pointnet,proto,subject,f1_class::Control,4,0.2245989304812834,0.0,1,733,733
B1_corrected,pointnet,proto,subject,f1_class::Control,5,0.2918918918918919,0.0,1,733,733
B1_corrected,pointnet,proto,subject,f1_class::DNA Repair,1,0.2727272727272727,0.0,1,733,733
B1_corrected,pointnet,proto,subject,f1_class::DNA Repair,2,0.125,0.0,1,733,733
B1_corrected,pointnet,proto,subject,f1_class::DNA Repair,3,0.1111111111111111,0.0,1,733,733
B1_corrected,pointnet,proto,subject,f1_class::DNA Repair,4,0.1481481481481481,0.0,1,733,733
B1_corrected,pointnet,proto,subject,f1_class::DNA Repair,5,0.0909090909090909,0.0,1,733,733
B1_corrected,pointnet,proto,subject,f1_class::Deletion,1,0.0384615384615384,0.0,1,733,733
B1_corrected,pointnet,proto,subject,f1_class::Deletion,2,0.0206185567010309,0.0,1,733,733
B1_corrected,pointnet,proto,subject,f1_class::Deletion,3,0.0412371134020618,0.0,1,733,733
B1_corrected,pointnet,proto,subject,f1_class::Deletion,4,0.0571428571428571,0.0,1,733,733
B1_corrected,pointnet,proto,subject,f1_class::Deletion,5,0.0212765957446808,0.0,1,733,733
B1_corrected,pointnet,proto,subject,f1_class::Duplication,1,0.0,0.0,1,733,733
B1_corrected,pointnet,proto,subject,f1_class::Duplication,2,0.0,0.0,1,733,733
B1_corrected,pointnet,proto,subject,f1_class::Duplication,3,0.0,0.0,1,733,733
B1_corrected,pointnet,proto,subject,f1_class::Duplication,4,0.0,0.0,1,733,733
B1_corrected,pointnet,proto,subject,f1_class::Duplication,5,0.0,0.0,1,733,733
B1_corrected,pointnet,proto,subject,f1_class::Ectodermal,1,0.1707317073170731,0.0,1,733,733
B1_corrected,pointnet,proto,subject,f1_class::Ectodermal,2,0.0952380952380952,0.0,1,733,733
B1_corrected,pointnet,proto,subject,f1_class::Ectodermal,3,0.1034482758620689,0.0,1,733,733
B1_corrected,pointnet,proto,subject,f1_class::Ectodermal,4,0.1388888888888889,0.0,1,733,733
B1_corrected,pointnet,proto,subject,f1_class::Ectodermal,5,0.1098901098901098,0.0,1,733,733
B1_corrected,pointnet,proto,subject,f1_class::Growth,1,0.12,0.0,1,733,733
B1_corrected,pointnet,proto,subject,f1_class::Growth,2,0.0408163265306122,0.0,1,733,733
B1_corrected,pointnet,proto,subject,f1_class::Growth,3,0.0560747663551401,0.0,1,733,733
B1_corrected,pointnet,proto,subject,f1_class::Growth,4,0.0851063829787234,0.0,1,733,733
B1_corrected,pointnet,proto,subject,f1_class::Growth,5,0.0701754385964912,0.0,1,733,733
B1_corrected,pointnet,proto,subject,f1_class::Imprinting,1,0.12,0.0,1,733,733
B1_corrected,pointnet,proto,subject,f1_class::Imprinting,2,0.0,0.0,1,733,733
B1_corrected,pointnet,proto,subject,f1_class::Imprinting,3,0.1428571428571428,0.0,1,733,733
B1_corrected,pointnet,proto,subject,f1_class::Imprinting,4,0.1714285714285714,0.0,1,733,733
B1_corrected,pointnet,proto,subject,f1_class::Imprinting,5,0.1265822784810126,0.0,1,733,733
B1_corrected,pointnet,proto,subject,f1_class::Lysozome,1,0.1578947368421052,0.0,1,733,733
B1_corrected,pointnet,proto,subject,f1_class::Lysozome,2,0.2051282051282051,0.0,1,733,733
B1_corrected,pointnet,proto,subject,f1_class::Lysozome,3,0.12,0.0,1,733,733
B1_corrected,pointnet,proto,subject,f1_class::Lysozome,4,0.2424242424242424,0.0,1,733,733
B1_corrected,pointnet,proto,subject,f1_class::Lysozome,5,0.3225806451612903,0.0,1,733,733
B1_corrected,pointnet,proto,subject,f1_class::Neurocristopathy,1,0.0952380952380952,0.0,1,733,733
B1_corrected,pointnet,proto,subject,f1_class::Neurocristopathy,2,0.0,0.0,1,733,733
B1_corrected,pointnet,proto,subject,f1_class::Neurocristopathy,3,0.0,0.0,1,733,733
B1_corrected,pointnet,proto,subject,f1_class::Neurocristopathy,4,0.1492537313432835,0.0,1,733,733
B1_corrected,pointnet,proto,subject,f1_class::Neurocristopathy,5,0.0923076923076923,0.0,1,733,733
B1_corrected,pointnet,proto,subject,f1_class::Peroxisome,1,0.2222222222222222,0.0,1,733,733
B1_corrected,pointnet,proto,subject,f1_class::Peroxisome,2,0.2105263157894736,0.0,1,733,733
B1_corrected,pointnet,proto,subject,f1_class::Peroxisome,3,0.1951219512195122,0.0,1,733,733
B1_corrected,pointnet,proto,subject,f1_class::Peroxisome,4,0.2424242424242424,0.0,1,733,733
B1_corrected,pointnet,proto,subject,f1_class::Peroxisome,5,0.3125,0.0,1,733,733
B1_corrected,pointnet,proto,subject,f1_class::Primary Palate,1,0.217391304347826,0.0,1,733,733
B1_corrected,pointnet,proto,subject,f1_class::Primary Palate,2,0.1282051282051282,0.0,1,733,733
B1_corrected,pointnet,proto,subject,f1_class::Primary Palate,3,0.0,0.0,1,733,733
B1_corrected,pointnet,proto,subject,f1_class::Primary Palate,4,0.1818181818181818,0.0,1,733,733
B1_corrected,pointnet,proto,subject,f1_class::Primary Palate,5,0.1395348837209302,0.0,1,733,733
B1_corrected,pointnet,proto,subject,f1_class::Rasopathy,1,0.125,0.0,1,733,733
B1_corrected,pointnet,proto,subject,f1_class::Rasopathy,2,0.1237113402061855,0.0,1,733,733
B1_corrected,pointnet,proto,subject,f1_class::Rasopathy,3,0.056338028169014,0.0,1,733,733
B1_corrected,pointnet,proto,subject,f1_class::Rasopathy,4,0.0597014925373134,0.0,1,733,733
B1_corrected,pointnet,proto,subject,f1_class::Rasopathy,5,0.1075268817204301,0.0,1,733,733
B1_corrected,pointnet,proto,subject,f1_class::Sex Chromosome,1,0.2015503875968992,0.0,1,733,733
B1_corrected,pointnet,proto,subject,f1_class::Sex Chromosome,2,0.2037037037037037,0.0,1,733,733
B1_corrected,pointnet,proto,subject,f1_class::Sex Chromosome,3,0.0631578947368421,0.0,1,733,733
B1_corrected,pointnet,proto,subject,f1_class::Sex Chromosome,4,0.1034482758620689,0.0,1,733,733
B1_corrected,pointnet,proto,subject,f1_class::Sex Chromosome,5,0.1304347826086956,0.0,1,733,733
B1_corrected,pointnet,proto,subject,f1_class::Trisomy,1,0.0,0.0,1,733,733
B1_corrected,pointnet,proto,subject,f1_class::Trisomy,2,0.0,0.0,1,733,733
B1_corrected,pointnet,proto,subject,f1_class::Trisomy,3,0.0,0.0,1,733,733
B1_corrected,pointnet,proto,subject,f1_class::Trisomy,4,0.0,0.0,1,733,733
B1_corrected,pointnet,proto,subject,f1_class::Trisomy,5,0.0350877192982456,0.0,1,733,733
B1_corrected,pointnet,proto,subject,f1_class::Uncategorized,1,0.0535714285714285,0.0,1,733,733
B1_corrected,pointnet,proto,subject,f1_class::Uncategorized,2,0.0655737704918032,0.0,1,733,733
B1_corrected,pointnet,proto,subject,f1_class::Uncategorized,3,0.036697247706422,0.0,1,733,733
B1_corrected,pointnet,proto,subject,f1_class::Uncategorized,4,0.0347826086956521,0.0,1,733,733
B1_corrected,pointnet,proto,subject,f1_class::Uncategorized,5,0.0451127819548872,0.0,1,733,733
B1_corrected,pointnet,proto,subject,macro_auc,1,0.716303968665712,0.0,1,733,733
B1_corrected,pointnet,proto,subject,macro_auc,2,0.6888971816172913,0.0,1,733,733
B1_corrected,pointnet,proto,subject,macro_auc,3,0.6835068347132905,0.0,1,733,733
B1_corrected,pointnet,proto,subject,macro_auc,4,0.7062782573868371,0.0,1,733,733
B1_corrected,pointnet,proto,subject,macro_auc,5,0.7177071598495602,0.0,1,733,733
B1_corrected,pointnet,proto,subject,macro_f1,1,0.1533551528582951,0.0,1,733,733
B1_corrected,pointnet,proto,subject,macro_f1,2,0.102072144519659,0.0,1,733,733
B1_corrected,pointnet,proto,subject,macro_f1,3,0.0714585786869604,0.0,1,733,733
B1_corrected,pointnet,proto,subject,macro_f1,4,0.1376573861743999,0.0,1,733,733
B1_corrected,pointnet,proto,subject,macro_f1,5,0.1523339784642235,0.0,1,733,733
B1_corrected,pointnet,proto,subject,top3_accuracy,1,0.3656207366984993,0.0,1,733,733
B1_corrected,pointnet,proto,subject,top3_accuracy,2,0.3083219645293315,0.0,1,733,733
B1_corrected,pointnet,proto,subject,top3_accuracy,3,0.276944065484311,0.0,1,733,733
B1_corrected,pointnet,proto,subject,top3_accuracy,4,0.3601637107776262,0.0,1,733,733
B1_corrected,pointnet,proto,subject,top3_accuracy,5,0.3751705320600272,0.0,1,733,733
B1_corrected,pointnet,proto,subject,top5_accuracy,1,0.5716234652114598,0.0,1,733,733
B1_corrected,pointnet,proto,subject,top5_accuracy,2,0.4706684856753069,0.0,1,733,733
B1_corrected,pointnet,proto,subject,top5_accuracy,3,0.4297407912687585,0.0,1,733,733
B1_corrected,pointnet,proto,subject,top5_accuracy,4,0.5648021828103683,0.0,1,733,733
B1_corrected,pointnet,proto,subject,top5_accuracy,5,0.5306957708049114,0.0,1,733,733
B1_corrected,pointnet,softmax,scan,accuracy,1,0.1298913043478261,0.0,1,1840,733
B1_corrected,pointnet,softmax,scan,accuracy,2,0.1206521739130434,0.0,1,1840,733
B1_corrected,pointnet,softmax,scan,accuracy,3,0.1059782608695652,0.0,1,1840,733
B1_corrected,pointnet,softmax,scan,accuracy,4,0.108695652173913,0.0,1,1840,733
B1_corrected,pointnet,softmax,scan,accuracy,5,0.1201086956521739,0.0,1,1840,733
B1_corrected,pointnet,softmax,scan,f1_class::Cartilage,1,0.1621621621621621,0.0,1,1840,733
B1_corrected,pointnet,softmax,scan,f1_class::Cartilage,2,0.0289855072463768,0.0,1,1840,733
B1_corrected,pointnet,softmax,scan,f1_class::Cartilage,3,0.0,0.0,1,1840,733
B1_corrected,pointnet,softmax,scan,f1_class::Cartilage,4,0.1176470588235294,0.0,1,1840,733
B1_corrected,pointnet,softmax,scan,f1_class::Cartilage,5,0.2201834862385321,0.0,1,1840,733
B1_corrected,pointnet,softmax,scan,f1_class::Ciliopathy,1,0.2790697674418604,0.0,1,1840,733
B1_corrected,pointnet,softmax,scan,f1_class::Ciliopathy,2,0.097378277153558,0.0,1,1840,733
B1_corrected,pointnet,softmax,scan,f1_class::Ciliopathy,3,0.0821917808219178,0.0,1,1840,733
B1_corrected,pointnet,softmax,scan,f1_class::Ciliopathy,4,0.247191011235955,0.0,1,1840,733
B1_corrected,pointnet,softmax,scan,f1_class::Ciliopathy,5,0.147239263803681,0.0,1,1840,733
B1_corrected,pointnet,softmax,scan,f1_class::Cohesinopathy,1,0.1011673151750972,0.0,1,1840,733
B1_corrected,pointnet,softmax,scan,f1_class::Cohesinopathy,2,0.1438848920863309,0.0,1,1840,733
B1_corrected,pointnet,softmax,scan,f1_class::Cohesinopathy,3,0.1395348837209302,0.0,1,1840,733
B1_corrected,pointnet,softmax,scan,f1_class::Cohesinopathy,4,0.1029411764705882,0.0,1,1840,733
B1_corrected,pointnet,softmax,scan,f1_class::Cohesinopathy,5,0.0845070422535211,0.0,1,1840,733
B1_corrected,pointnet,softmax,scan,f1_class::Connective Tissue,1,0.1838235294117647,0.0,1,1840,733
B1_corrected,pointnet,softmax,scan,f1_class::Connective Tissue,2,0.2329317269076305,0.0,1,1840,733
B1_corrected,pointnet,softmax,scan,f1_class::Connective Tissue,3,0.2594936708860759,0.0,1,1840,733
B1_corrected,pointnet,softmax,scan,f1_class::Connective Tissue,4,0.1850746268656716,0.0,1,1840,733
B1_corrected,pointnet,softmax,scan,f1_class::Connective Tissue,5,0.2065217391304347,0.0,1,1840,733
B1_corrected,pointnet,softmax,scan,f1_class::Control,1,0.3485477178423236,0.0,1,1840,733
B1_corrected,pointnet,softmax,scan,f1_class::Control,2,0.3018018018018018,0.0,1,1840,733
B1_corrected,pointnet,softmax,scan,f1_class::Control,3,0.1947743467933491,0.0,1,1840,733
B1_corrected,pointnet,softmax,scan,f1_class::Control,4,0.2843601895734597,0.0,1,1840,733
B1_corrected,pointnet,softmax,scan,f1_class::Control,5,0.3318385650224215,0.0,1,1840,733
B1_corrected,pointnet,softmax,scan,f1_class::DNA Repair,1,0.1081081081081081,0.0,1,1840,733
B1_corrected,pointnet,softmax,scan,f1_class::DNA Repair,2,0.1428571428571428,0.0,1,1840,733
B1_corrected,pointnet,softmax,scan,f1_class::DNA Repair,3,0.1176470588235294,0.0,1,1840,733
B1_corrected,pointnet,softmax,scan,f1_class::DNA Repair,4,0.0769230769230769,0.0,1,1840,733
B1_corrected,pointnet,softmax,scan,f1_class::DNA Repair,5,0.0363636363636363,0.0,1,1840,733
B1_corrected,pointnet,softmax,scan,f1_class::Deletion,1,0.0207612456747404,0.0,1,1840,733
B1_corrected,pointnet,softmax,scan,f1_class::Deletion,2,0.0,0.0,1,1840,733
B1_corrected,pointnet,softmax,scan,f1_class::Deletion,3,0.0069686411149825,0.0,1,1840,733
B1_corrected,pointnet,softmax,scan,f1_class::Deletion,4,0.0,0.0,1,1840,733
B1_corrected,pointnet,softmax,scan,f1_class::Deletion,5,0.0,0.0,1,1840,733
B1_corrected,pointnet,softmax,scan,f1_class::Duplication,1,0.018348623853211,0.0,1,1840,733
B1_corrected,pointnet,softmax,scan,f1_class::Duplication,2,0.0131578947368421,0.0,1,1840,733
B1_corrected,pointnet,softmax,scan,f1_class::Duplication,3,0.0,0.0,1,1840,733
B1_corrected,pointnet,softmax,scan,f1_class::Duplication,4,0.0602409638554216,0.0,1,1840,733
B1_corrected,pointnet,softmax,scan,f1_class::Duplication,5,0.0379746835443038,0.0,1,1840,733
B1_corrected,pointnet,softmax,scan,f1_class::Ectodermal,1,0.0837696335078534,0.0,1,1840,733
B1_corrected,pointnet,softmax,scan,f1_class::Ectodermal,2,0.0545454545454545,0.0,1,1840,733
B1_corrected,pointnet,softmax,scan,f1_class::Ectodermal,3,0.0634920634920634,0.0,1,1840,733
B1_corrected,pointnet,softmax,scan,f1_class::Ectodermal,4,0.0909090909090909,0.0,1,1840,733
B1_corrected,pointnet,softmax,scan,f1_class::Ectodermal,5,0.0762711864406779,0.0,1,1840,733
B1_corrected,pointnet,softmax,scan,f1_class::Growth,1,0.0857142857142857,0.0,1,1840,733
B1_corrected,pointnet,softmax,scan,f1_class::Growth,2,0.074074074074074,0.0,1,1840,733
B1_corrected,pointnet,softmax,scan,f1_class::Growth,3,0.0266666666666666,0.0,1,1840,733
B1_corrected,pointnet,softmax,scan,f1_class::Growth,4,0.1403508771929824,0.0,1,1840,733
B1_corrected,pointnet,softmax,scan,f1_class::Growth,5,0.0168067226890756,0.0,1,1840,733
B1_corrected,pointnet,softmax,scan,f1_class::Imprinting,1,0.0457142857142857,0.0,1,1840,733
B1_corrected,pointnet,softmax,scan,f1_class::Imprinting,2,0.0427807486631016,0.0,1,1840,733
B1_corrected,pointnet,softmax,scan,f1_class::Imprinting,3,0.0893854748603352,0.0,1,1840,733
B1_corrected,pointnet,softmax,scan,f1_class::Imprinting,4,0.0465116279069767,0.0,1,1840,733
B1_corrected,pointnet,softmax,scan,f1_class::Imprinting,5,0.1367521367521367,0.0,1,1840,733
B1_corrected,pointnet,softmax,scan,f1_class::Lysozome,1,0.206060606060606,0.0,1,1840,733
B1_corrected,pointnet,softmax,scan,f1_class::Lysozome,2,0.2718446601941747,0.0,1,1840,733
B1_corrected,pointnet,softmax,scan,f1_class::Lysozome,3,0.1325966850828729,0.0,1,1840,733
B1_corrected,pointnet,softmax,scan,f1_class::Lysozome,4,0.1221374045801526,0.0,1,1840,733
B1_corrected,pointnet,softmax,scan,f1_class::Lysozome,5,0.1587301587301587,0.0,1,1840,733
B1_corrected,pointnet,softmax,scan,f1_class::Neurocristopathy,1,0.0414507772020725,0.0,1,1840,733
B1_corrected,pointnet,softmax,scan,f1_class::Neurocristopathy,2,0.0148148148148148,0.0,1,1840,733
B1_corrected,pointnet,softmax,scan,f1_class::Neurocristopathy,3,0.0277777777777777,0.0,1,1840,733
B1_corrected,pointnet,softmax,scan,f1_class::Neurocristopathy,4,0.0467836257309941,0.0,1,1840,733
B1_corrected,pointnet,softmax,scan,f1_class::Neurocristopathy,5,0.0652173913043478,0.0,1,1840,733
B1_corrected,pointnet,softmax,scan,f1_class::Peroxisome,1,0.2018348623853211,0.0,1,1840,733
B1_corrected,pointnet,softmax,scan,f1_class::Peroxisome,2,0.188034188034188,0.0,1,1840,733
B1_corrected,pointnet,softmax,scan,f1_class::Peroxisome,3,0.1869158878504672,0.0,1,1840,733
B1_corrected,pointnet,softmax,scan,f1_class::Peroxisome,4,0.196078431372549,0.0,1,1840,733
B1_corrected,pointnet,softmax,scan,f1_class::Peroxisome,5,0.2452830188679245,0.0,1,1840,733
B1_corrected,pointnet,softmax,scan,f1_class::Primary Palate,1,0.0816326530612244,0.0,1,1840,733
B1_corrected,pointnet,softmax,scan,f1_class::Primary Palate,2,0.0618556701030927,0.0,1,1840,733
B1_corrected,pointnet,softmax,scan,f1_class::Primary Palate,3,0.0,0.0,1,1840,733
B1_corrected,pointnet,softmax,scan,f1_class::Primary Palate,4,0.0571428571428571,0.0,1,1840,733
B1_corrected,pointnet,softmax,scan,f1_class::Primary Palate,5,0.0625,0.0,1,1840,733
B1_corrected,pointnet,softmax,scan,f1_class::Rasopathy,1,0.0125786163522012,0.0,1,1840,733
B1_corrected,pointnet,softmax,scan,f1_class::Rasopathy,2,0.0248447204968944,0.0,1,1840,733
B1_corrected,pointnet,softmax,scan,f1_class::Rasopathy,3,0.0857142857142857,0.0,1,1840,733
B1_corrected,pointnet,softmax,scan,f1_class::Rasopathy,4,0.0245398773006134,0.0,1,1840,733
B1_corrected,pointnet,softmax,scan,f1_class::Rasopathy,5,0.0264900662251655,0.0,1,1840,733
B1_corrected,pointnet,softmax,scan,f1_class::Sex Chromosome,1,0.1361256544502617,0.0,1,1840,733
B1_corrected,pointnet,softmax,scan,f1_class::Sex Chromosome,2,0.1434977578475336,0.0,1,1840,733
B1_corrected,pointnet,softmax,scan,f1_class::Sex Chromosome,3,0.1290322580645161,0.0,1,1840,733
B1_corrected,pointnet,softmax,scan,f1_class::Sex Chromosome,4,0.1234567901234567,0.0,1,1840,733
B1_corrected,pointnet,softmax,scan,f1_class::Sex Chromosome,5,0.0825688073394495,0.0,1,1840,733
B1_corrected,pointnet,softmax,scan,f1_class::Trisomy,1,0.106060606060606,0.0,1,1840,733
B1_corrected,pointnet,softmax,scan,f1_class::Trisomy,2,0.0,0.0,1,1840,733
B1_corrected,pointnet,softmax,scan,f1_class::Trisomy,3,0.0,0.0,1,1840,733
B1_corrected,pointnet,softmax,scan,f1_class::Trisomy,4,0.0310077519379844,0.0,1,1840,733
B1_corrected,pointnet,softmax,scan,f1_class::Trisomy,5,0.032258064516129,0.0,1,1840,733
B1_corrected,pointnet,softmax,scan,f1_class::Uncategorized,1,0.0,0.0,1,1840,733
B1_corrected,pointnet,softmax,scan,f1_class::Uncategorized,2,0.0134228187919463,0.0,1,1840,733
B1_corrected,pointnet,softmax,scan,f1_class::Uncategorized,3,0.0,0.0,1,1840,733
B1_corrected,pointnet,softmax,scan,f1_class::Uncategorized,4,0.0132890365448504,0.0,1,1840,733
B1_corrected,pointnet,softmax,scan,f1_class::Uncategorized,5,0.0068728522336769,0.0,1,1840,733
B1_corrected,pointnet,softmax,scan,macro_auc,1,0.7035579116109286,0.0,1,1840,733
B1_corrected,pointnet,softmax,scan,macro_auc,2,0.690711508124583,0.0,1,1840,733
B1_corrected,pointnet,softmax,scan,macro_auc,3,0.6672327993598174,0.0,1,1840,733
B1_corrected,pointnet,softmax,scan,macro_auc,4,0.6859629925536888,0.0,1,1840,733
B1_corrected,pointnet,softmax,scan,macro_auc,5,0.7017342987307693,0.0,1,1840,733
B1_corrected,pointnet,softmax,scan,macro_f1,1,0.1169963394830518,0.0,1,1840,733
B1_corrected,pointnet,softmax,scan,macro_f1,2,0.0974059026502609,0.0,1,1840,733
B1_corrected,pointnet,softmax,scan,macro_f1,3,0.0811679727194615,0.0,1,1840,733
B1_corrected,pointnet,softmax,scan,macro_f1,4,0.1035044986573795,0.0,1,1840,733
B1_corrected,pointnet,softmax,scan,macro_f1,5,0.1039146748134354,0.0,1,1840,733
B1_corrected,pointnet,softmax,scan,top3_accuracy,1,0.3413043478260869,0.0,1,1840,733
B1_corrected,pointnet,softmax,scan,top3_accuracy,2,0.2918478260869565,0.0,1,1840,733
B1_corrected,pointnet,softmax,scan,top3_accuracy,3,0.2418478260869565,0.0,1,1840,733
B1_corrected,pointnet,softmax,scan,top3_accuracy,4,0.3119565217391304,0.0,1,1840,733
B1_corrected,pointnet,softmax,scan,top3_accuracy,5,0.3429347826086956,0.0,1,1840,733
B1_corrected,pointnet,softmax,scan,top5_accuracy,1,0.5510869565217391,0.0,1,1840,733
B1_corrected,pointnet,softmax,scan,top5_accuracy,2,0.4635869565217391,0.0,1,1840,733
B1_corrected,pointnet,softmax,scan,top5_accuracy,3,0.4119565217391304,0.0,1,1840,733
B1_corrected,pointnet,softmax,scan,top5_accuracy,4,0.5320652173913043,0.0,1,1840,733
B1_corrected,pointnet,softmax,scan,top5_accuracy,5,0.55,0.0,1,1840,733
B1_corrected,pointnet,softmax,subject,accuracy,1,0.1541609822646657,0.0,1,733,733
B1_corrected,pointnet,softmax,subject,accuracy,2,0.1500682128240109,0.0,1,733,733
B1_corrected,pointnet,softmax,subject,accuracy,3,0.1241473396998635,0.0,1,733,733
B1_corrected,pointnet,softmax,subject,accuracy,4,0.1336971350613915,0.0,1,733,733
B1_corrected,pointnet,softmax,subject,accuracy,5,0.1487039563437926,0.0,1,733,733
B1_corrected,pointnet,softmax,subject,f1_class::Cartilage,1,0.15625,0.0,1,733,733
B1_corrected,pointnet,softmax,subject,f1_class::Cartilage,2,0.0571428571428571,0.0,1,733,733
B1_corrected,pointnet,softmax,subject,f1_class::Cartilage,3,0.0,0.0,1,733,733
B1_corrected,pointnet,softmax,subject,f1_class::Cartilage,4,0.1481481481481481,0.0,1,733,733
B1_corrected,pointnet,softmax,subject,f1_class::Cartilage,5,0.32,0.0,1,733,733
B1_corrected,pointnet,softmax,subject,f1_class::Ciliopathy,1,0.2857142857142857,0.0,1,733,733
B1_corrected,pointnet,softmax,subject,f1_class::Ciliopathy,2,0.1458333333333333,0.0,1,733,733
B1_corrected,pointnet,softmax,subject,f1_class::Ciliopathy,3,0.1126760563380281,0.0,1,733,733
B1_corrected,pointnet,softmax,subject,f1_class::Ciliopathy,4,0.2162162162162162,0.0,1,733,733
B1_corrected,pointnet,softmax,subject,f1_class::Ciliopathy,5,0.1428571428571428,0.0,1,733,733
B1_corrected,pointnet,softmax,subject,f1_class::Cohesinopathy,1,0.1276595744680851,0.0,1,733,733
B1_corrected,pointnet,softmax,subject,f1_class::Cohesinopathy,2,0.1951219512195122,0.0,1,733,733
B1_corrected,pointnet,softmax,subject,f1_class::Cohesinopathy,3,0.1219512195121951,0.0,1,733,733
B1_corrected,pointnet,softmax,subject,f1_class::Cohesinopathy,4,0.1505376344086021,0.0,1,733,733
B1_corrected,pointnet,softmax,subject,f1_class::Cohesinopathy,5,0.136986301369863,0.0,1,733,733
B1_corrected,pointnet,softmax,subject,f1_class::Connective Tissue,1,0.176,0.0,1,733,733
B1_corrected,pointnet,softmax,subject,f1_class::Connective Tissue,2,0.2678571428571428,0.0,1,733,733
B1_corrected,pointnet,softmax,subject,f1_class::Connective Tissue,3,0.2631578947368421,0.0,1,733,733
B1_corrected,pointnet,softmax,subject,f1_class::Connective Tissue,4,0.1739130434782608,0.0,1,733,733
B1_corrected,pointnet,softmax,subject,f1_class::Connective Tissue,5,0.2569832402234637,0.0,1,733,733
B1_corrected,pointnet,softmax,subject,f1_class::Control,1,0.3454545454545454,0.0,1,733,733
B1_corrected,pointnet,softmax,subject,f1_class::Control,2,0.3018867924528302,0.0,1,733,733
B1_corrected,pointnet,softmax,subject,f1_class::Control,3,0.2634146341463415,0.0,1,733,733
B1_corrected,pointnet,softmax,subject,f1_class::Control,4,0.2631578947368421,0.0,1,733,733
B1_corrected,pointnet,softmax,subject,f1_class::Control,5,0.3366336633663366,0.0,1,733,733
B1_corrected,pointnet,softmax,subject,f1_class::DNA Repair,1,0.25,0.0,1,733,733
B1_corrected,pointnet,softmax,subject,f1_class::DNA Repair,2,0.1538461538461538,0.0,1,733,733
B1_corrected,pointnet,softmax,subject,f1_class::DNA Repair,3,0.1071428571428571,0.0,1,733,733
B1_corrected,pointnet,softmax,subject,f1_class::DNA Repair,4,0.2307692307692307,0.0,1,733,733
B1_corrected,pointnet,softmax,subject,f1_class::DNA Repair,5,0.1,0.0,1,733,733
B1_corrected,pointnet,softmax,subject,f1_class::Deletion,1,0.0,0.0,1,733,733
B1_corrected,pointnet,softmax,subject,f1_class::Deletion,2,0.0,0.0,1,733,733
B1_corrected,pointnet,softmax,subject,f1_class::Deletion,3,0.0210526315789473,0.0,1,733,733
B1_corrected,pointnet,softmax,subject,f1_class::Deletion,4,0.0,0.0,1,733,733
B1_corrected,pointnet,softmax,subject,f1_class::Deletion,5,0.0,0.0,1,733,733
B1_corrected,pointnet,softmax,subject,f1_class::Duplication,1,0.0,0.0,1,733,733
B1_corrected,pointnet,softmax,subject,f1_class::Duplication,2,0.0425531914893617,0.0,1,733,733
B1_corrected,pointnet,softmax,subject,f1_class::Duplication,3,0.0,0.0,1,733,733
B1_corrected,pointnet,softmax,subject,f1_class::Duplication,4,0.0,0.0,1,733,733
B1_corrected,pointnet,softmax,subject,f1_class::Duplication,5,0.0,0.0,1,733,733
B1_corrected,pointnet,softmax,subject,f1_class::Ectodermal,1,0.1111111111111111,0.0,1,733,733
B1_corrected,pointnet,softmax,subject,f1_class::Ectodermal,2,0.0727272727272727,0.0,1,733,733
B1_corrected,pointnet,softmax,subject,f1_class::Ectodermal,3,0.032258064516129,0.0,1,733,733
B1_corrected,pointnet,softmax,subject,f1_class::Ectodermal,4,0.1359223300970873,0.0,1,733,733
B1_corrected,pointnet,softmax,subject,f1_class::Ectodermal,5,0.1196581196581196,0.0,1,733,733
B1_corrected,pointnet,softmax,subject,f1_class::Growth,1,0.1212121212121212,0.0,1,733,733
B1_corrected,pointnet,softmax,subject,f1_class::Growth,2,0.048780487804878,0.0,1,733,733
B1_corrected,pointnet,softmax,subject,f1_class::Growth,3,0.0,0.0,1,733,733
B1_corrected,pointnet,softmax,subject,f1_class::Growth,4,0.16,0.0,1,733,733
B1_corrected,pointnet,softmax,subject,f1_class::Growth,5,0.0338983050847457,0.0,1,733,733
B1_corrected,pointnet,softmax,subject,f1_class::Imprinting,1,0.1052631578947368,0.0,1,733,733
B1_corrected,pointnet,softmax,subject,f1_class::Imprinting,2,0.0416666666666666,0.0,1,733,733
B1_corrected,pointnet,softmax,subject,f1_class::Imprinting,3,0.1071428571428571,0.0,1,733,733
B1_corrected,pointnet,softmax,subject,f1_class::Imprinting,4,0.0408163265306122,0.0,1,733,733
B1_corrected,pointnet,softmax,subject,f1_class::Imprinting,5,0.088235294117647,0.0,1,733,733
B1_corrected,pointnet,softmax,subject,f1_class::Lysozome,1,0.1904761904761904,0.0,1,733,733
B1_corrected,pointnet,softmax,subject,f1_class::Lysozome,2,0.2857142857142857,0.0,1,733,733
B1_corrected,pointnet,softmax,subject,f1_class::Lysozome,3,0.1132075471698113,0.0,1,733,733
B1_corrected,pointnet,softmax,subject,f1_class::Lysozome,4,0.2439024390243902,0.0,1,733,733
B1_corrected,pointnet,softmax,subject,f1_class::Lysozome,5,0.25,0.0,1,733,733
B1_corrected,pointnet,softmax,subject,f1_class::Neurocristopathy,1,0.0327868852459016,0.0,1,733,733
B1_corrected,pointnet,softmax,subject,f1_class::Neurocristopathy,2,0.0909090909090909,0.0,1,733,733
B1_corrected,pointnet,softmax,subject,f1_class::Neurocristopathy,3,0.0,0.0,1,733,733
B1_corrected,pointnet,softmax,subject,f1_class::Neurocristopathy,4,0.175438596491228,0.0,1,733,733
B1_corrected,pointnet,softmax,subject,f1_class::Neurocristopathy,5,0.0655737704918032,0.0,1,733,733
B1_corrected,pointnet,softmax,subject,f1_class::Peroxisome,1,0.2325581395348837,0.0,1,733,733
B1_corrected,pointnet,softmax,subject,f1_class::Peroxisome,2,0.1904761904761904,0.0,1,733,733
B1_corrected,pointnet,softmax,subject,f1_class::Peroxisome,3,0.2105263157894736,0.0,1,733,733
B1_corrected,pointnet,softmax,subject,f1_class::Peroxisome,4,0.1935483870967742,0.0,1,733,733
B1_corrected,pointnet,softmax,subject,f1_class::Peroxisome,5,0.2325581395348837,0.0,1,733,733
B1_corrected,pointnet,softmax,subject,f1_class::Primary Palate,1,0.1632653061224489,0.0,1,733,733
B1_corrected,pointnet,softmax,subject,f1_class::Primary Palate,2,0.101010101010101,0.0,1,733,733
B1_corrected,pointnet,softmax,subject,f1_class::Primary Palate,3,0.0909090909090909,0.0,1,733,733
B1_corrected,pointnet,softmax,subject,f1_class::Primary Palate,4,0.0943396226415094,0.0,1,733,733
B1_corrected,pointnet,softmax,subject,f1_class::Primary Palate,5,0.1224489795918367,0.0,1,733,733
B1_corrected,pointnet,softmax,subject,f1_class::Rasopathy,1,0.0384615384615384,0.0,1,733,733
B1_corrected,pointnet,softmax,subject,f1_class::Rasopathy,2,0.0357142857142857,0.0,1,733,733
B1_corrected,pointnet,softmax,subject,f1_class::Rasopathy,3,0.05,0.0,1,733,733
B1_corrected,pointnet,softmax,subject,f1_class::Rasopathy,4,0.04,0.0,1,733,733
B1_corrected,pointnet,softmax,subject,f1_class::Rasopathy,5,0.0392156862745098,0.0,1,733,733
B1_corrected,pointnet,softmax,subject,f1_class::Sex Chromosome,1,0.1818181818181818,0.0,1,733,733
B1_corrected,pointnet,softmax,subject,f1_class::Sex Chromosome,2,0.208695652173913,0.0,1,733,733
B1_corrected,pointnet,softmax,subject,f1_class::Sex Chromosome,3,0.1566265060240964,0.0,1,733,733
B1_corrected,pointnet,softmax,subject,f1_class::Sex Chromosome,4,0.1678321678321678,0.0,1,733,733
B1_corrected,pointnet,softmax,subject,f1_class::Sex Chromosome,5,0.101010101010101,0.0,1,733,733
B1_corrected,pointnet,softmax,subject,f1_class::Trisomy,1,0.109090909090909,0.0,1,733,733
B1_corrected,pointnet,softmax,subject,f1_class::Trisomy,2,0.0,0.0,1,733,733
B1_corrected,pointnet,softmax,subject,f1_class::Trisomy,3,0.0,0.0,1,733,733
B1_corrected,pointnet,softmax,subject,f1_class::Trisomy,4,0.0,0.0,1,733,733
B1_corrected,pointnet,softmax,subject,f1_class::Trisomy,5,0.0454545454545454,0.0,1,733,733
B1_corrected,pointnet,softmax,subject,f1_class::Uncategorized,1,0.0,0.0,1,733,733
B1_corrected,pointnet,softmax,subject,f1_class::Uncategorized,2,0.0,0.0,1,733,733
B1_corrected,pointnet,softmax,subject,f1_class::Uncategorized,3,0.0,0.0,1,733,733
B1_corrected,pointnet,softmax,subject,f1_class::Uncategorized,4,0.0,0.0,1,733,733
B1_corrected,pointnet,softmax,subject,f1_class::Uncategorized,5,0.0,0.0,1,733,733
B1_corrected,pointnet,softmax,subject,macro_auc,1,0.7261293898442674,0.0,1,733,733
B1_corrected,pointnet,softmax,subject,macro_auc,2,0.7113113952269504,0.0,1,733,733
B1_corrected,pointnet,softmax,subject,macro_auc,3,0.6835369534469996,0.0,1,733,733
B1_corrected,pointnet,softmax,subject,macro_auc,4,0.7061140896582186,0.0,1,733,733
B1_corrected,pointnet,softmax,subject,macro_auc,5,0.7181830280672378,0.0,1,733,733
B1_corrected,pointnet,softmax,subject,macro_f1,1,0.138269576137102,0.0,1,733,733
B1_corrected,pointnet,softmax,subject,macro_f1,2,0.1178913397651513,0.0,1,733,733
B1_corrected,pointnet,softmax,subject,macro_f1,3,0.0868455618424563,0.0,1,733,733
B1_corrected,pointnet,softmax,subject,macro_f1,4,0.1281337914458457,0.0,1,733,733
B1_corrected,pointnet,softmax,subject,macro_f1,5,0.1258691204755262,0.0,1,733,733
B1_corrected,pointnet,softmax,subject,top3_accuracy,1,0.3683492496589359,0.0,1,733,733
B1_corrected,pointnet,softmax,subject,top3_accuracy,2,0.3315143246930423,0.0,1,733,733
B1_corrected,pointnet,softmax,subject,top3_accuracy,3,0.2714870395634379,0.0,1,733,733
B1_corrected,pointnet,softmax,subject,top3_accuracy,4,0.3492496589358799,0.0,1,733,733
B1_corrected,pointnet,softmax,subject,top3_accuracy,5,0.3533424283765348,0.0,1,733,733
B1_corrected,pointnet,softmax,subject,top5_accuracy,1,0.5784447476125512,0.0,1,733,733
B1_corrected,pointnet,softmax,subject,top5_accuracy,2,0.5061391541609823,0.0,1,733,733
B1_corrected,pointnet,softmax,subject,top5_accuracy,3,0.4351978171896316,0.0,1,733,733
B1_corrected,pointnet,softmax,subject,top5_accuracy,4,0.5416098226466576,0.0,1,733,733
B1_corrected,pointnet,softmax,subject,top5_accuracy,5,0.5375170532060027,0.0,1,733,733
B1_corrected,pointnet2,knn11,scan,accuracy,1,0.2881521739130435,0.012209526712083515,5,1840,733
B1_corrected,pointnet2,knn11,scan,accuracy,2,0.2670652173913043,0.005720737985626396,5,1840,733
B1_corrected,pointnet2,knn11,scan,accuracy,3,0.28815217391304343,0.006153556458573124,5,1840,733
B1_corrected,pointnet2,knn11,scan,accuracy,4,0.27423913043478254,0.005997991157096257,5,1840,733
B1_corrected,pointnet2,knn11,scan,accuracy,5,0.2945652173913043,0.004244700910818841,5,1840,733
B1_corrected,pointnet2,knn11,scan,f1_class::Cartilage,1,0.12612816675669208,0.03392228916768637,5,1840,733
B1_corrected,pointnet2,knn11,scan,f1_class::Cartilage,2,0.16975658221559856,0.014155745800332836,5,1840,733
B1_corrected,pointnet2,knn11,scan,f1_class::Cartilage,3,0.1759099465766132,0.03782611544926194,5,1840,733
B1_corrected,pointnet2,knn11,scan,f1_class::Cartilage,4,0.18197540129247441,0.04950924611338553,5,1840,733
B1_corrected,pointnet2,knn11,scan,f1_class::Cartilage,5,0.25996246335236534,0.04008396661585343,5,1840,733
B1_corrected,pointnet2,knn11,scan,f1_class::Ciliopathy,1,0.2990571967316153,0.051929485851933355,5,1840,733
B1_corrected,pointnet2,knn11,scan,f1_class::Ciliopathy,2,0.24205340378355428,0.037430429413297224,5,1840,733
B1_corrected,pointnet2,knn11,scan,f1_class::Ciliopathy,3,0.2508991394051523,0.033179606643459626,5,1840,733
B1_corrected,pointnet2,knn11,scan,f1_class::Ciliopathy,4,0.20670706269015127,0.05404536231483812,5,1840,733
B1_corrected,pointnet2,knn11,scan,f1_class::Ciliopathy,5,0.22615350488021294,0.025046132208136365,5,1840,733
B1_corrected,pointnet2,knn11,scan,f1_class::Cohesinopathy,1,0.1075271512113617,0.06290831105231913,5,1840,733
B1_corrected,pointnet2,knn11,scan,f1_class::Cohesinopathy,2,0.13189309503705787,0.05535040696179102,5,1840,733
B1_corrected,pointnet2,knn11,scan,f1_class::Cohesinopathy,3,0.1185940402164257,0.03329043343551822,5,1840,733
B1_corrected,pointnet2,knn11,scan,f1_class::Cohesinopathy,4,0.14015570950823922,0.06940643949933864,5,1840,733
B1_corrected,pointnet2,knn11,scan,f1_class::Cohesinopathy,5,0.11912285849158857,0.039638119994630926,5,1840,733
B1_corrected,pointnet2,knn11,scan,f1_class::Connective Tissue,1,0.25085344314465063,0.027580742758899986,5,1840,733
B1_corrected,pointnet2,knn11,scan,f1_class::Connective Tissue,2,0.2593021074771985,0.0244223983344037,5,1840,733
B1_corrected,pointnet2,knn11,scan,f1_class::Connective Tissue,3,0.29366009114497793,0.010418021379570585,5,1840,733
B1_corrected,pointnet2,knn11,scan,f1_class::Connective Tissue,4,0.21506516671379333,0.01874434254908185,5,1840,733
B1_corrected,pointnet2,knn11,scan,f1_class::Connective Tissue,5,0.27800077238816345,0.022719394868951703,5,1840,733
B1_corrected,pointnet2,knn11,scan,f1_class::Control,1,0.5083919297494799,0.011368487295931705,5,1840,733
B1_corrected,pointnet2,knn11,scan,f1_class::Control,2,0.5007870904192895,0.009220485097947468,5,1840,733
B1_corrected,pointnet2,knn11,scan,f1_class::Control,3,0.4985443025968134,0.0062120120095616625,5,1840,733
B1_corrected,pointnet2,knn11,scan,f1_class::Control,4,0.4918072359909188,0.00705580580033677,5,1840,733
B1_corrected,pointnet2,knn11,scan,f1_class::Control,5,0.5300567303270576,0.009581844403575464,5,1840,733
B1_corrected,pointnet2,knn11,scan,f1_class::DNA Repair,1,0.2564842683032372,0.06751122018071704,5,1840,733
B1_corrected,pointnet2,knn11,scan,f1_class::DNA Repair,2,0.15700137261112868,0.04014239762543356,5,1840,733
B1_corrected,pointnet2,knn11,scan,f1_class::DNA Repair,3,0.29511778194705024,0.04282500027204407,5,1840,733
B1_corrected,pointnet2,knn11,scan,f1_class::DNA Repair,4,0.28470588235294114,0.04466458360754149,5,1840,733
B1_corrected,pointnet2,knn11,scan,f1_class::DNA Repair,5,0.19490516683673806,0.039903227105782625,5,1840,733
B1_corrected,pointnet2,knn11,scan,f1_class::Deletion,1,0.2534915806787314,0.025139495569958537,5,1840,733
B1_corrected,pointnet2,knn11,scan,f1_class::Deletion,2,0.22980767729097823,0.019519796143603545,5,1840,733
B1_corrected,pointnet2,knn11,scan,f1_class::Deletion,3,0.2561826121530378,0.011262166061131377,5,1840,733
B1_corrected,pointnet2,knn11,scan,f1_class::Deletion,4,0.22979300260989563,0.01723457364150794,5,1840,733
B1_corrected,pointnet2,knn11,scan,f1_class::Deletion,5,0.2573871403283058,0.010347707756120884,5,1840,733
B1_corrected,pointnet2,knn11,scan,f1_class::Duplication,1,0.11384509960573404,0.02082637101401341,5,1840,733
B1_corrected,pointnet2,knn11,scan,f1_class::Duplication,2,0.06573315202634356,0.011770885637196978,5,1840,733
B1_corrected,pointnet2,knn11,scan,f1_class::Duplication,3,0.07968708826243069,0.043852686640531796,5,1840,733
B1_corrected,pointnet2,knn11,scan,f1_class::Duplication,4,0.10497307570478301,0.03807116941246667,5,1840,733
B1_corrected,pointnet2,knn11,scan,f1_class::Duplication,5,0.10595301580173452,0.03843316261355133,5,1840,733
B1_corrected,pointnet2,knn11,scan,f1_class::Ectodermal,1,0.23517562859026273,0.10287202202418066,5,1840,733
B1_corrected,pointnet2,knn11,scan,f1_class::Ectodermal,2,0.07992733553709161,0.02430438465069179,5,1840,733
B1_corrected,pointnet2,knn11,scan,f1_class::Ectodermal,3,0.16165639323534056,0.05500990957493613,5,1840,733
B1_corrected,pointnet2,knn11,scan,f1_class::Ectodermal,4,0.14965622612681434,0.08709114212751906,5,1840,733
B1_corrected,pointnet2,knn11,scan,f1_class::Ectodermal,5,0.2508305647840531,0.051056251431754636,5,1840,733
B1_corrected,pointnet2,knn11,scan,f1_class::Growth,1,0.14199628390932736,0.08378898879658511,5,1840,733
B1_corrected,pointnet2,knn11,scan,f1_class::Growth,2,0.01666666666666666,0.03726779962499648,5,1840,733
B1_corrected,pointnet2,knn11,scan,f1_class::Growth,3,0.03418181818181818,0.04696402702825582,5,1840,733
B1_corrected,pointnet2,knn11,scan,f1_class::Growth,4,0.01818181818181818,0.040655781409087086,5,1840,733
B1_corrected,pointnet2,knn11,scan,f1_class::Growth,5,0.03266666666666666,0.044746197852132887,5,1840,733
B1_corrected,pointnet2,knn11,scan,f1_class::Imprinting,1,0.12230288149993344,0.03749801983412497,5,1840,733
B1_corrected,pointnet2,knn11,scan,f1_class::Imprinting,2,0.06603356127996356,0.027644357463724126,5,1840,733
B1_corrected,pointnet2,knn11,scan,f1_class::Imprinting,3,0.09270511718118662,0.020623396631997755,5,1840,733
B1_corrected,pointnet2,knn11,scan,f1_class::Imprinting,4,0.1466481983205859,0.019616238433069963,5,1840,733
B1_corrected,pointnet2,knn11,scan,f1_class::Imprinting,5,0.10815182380486466,0.01483164855055031,5,1840,733
B1_corrected,pointnet2,knn11,scan,f1_class::Lysozome,1,0.2667036469834604,0.031951481135384915,5,1840,733
B1_corrected,pointnet2,knn11,scan,f1_class::Lysozome,2,0.1835860027164375,0.022100267826887957,5,1840,733
B1_corrected,pointnet2,knn11,scan,f1_class::Lysozome,3,0.19253132832080194,0.04049942302125877,5,1840,733
B1_corrected,pointnet2,knn11,scan,f1_class::Lysozome,4,0.24493252361673407,0.03378920232769992,5,1840,733
B1_corrected,pointnet2,knn11,scan,f1_class::Lysozome,5,0.22448286792464617,0.051857875498190334,5,1840,733
B1_corrected,pointnet2,knn11,scan,f1_class::Neurocristopathy,1,0.0669953541816152,0.02332037711725021,5,1840,733
B1_corrected,pointnet2,knn11,scan,f1_class::Neurocristopathy,2,0.05066853040076992,0.02483298078418074,5,1840,733
B1_corrected,pointnet2,knn11,scan,f1_class::Neurocristopathy,3,0.053969787443364746,0.024293248166276368,5,1840,733
B1_corrected,pointnet2,knn11,scan,f1_class::Neurocristopathy,4,0.04766428145206516,0.018807434411765658,5,1840,733
B1_corrected,pointnet2,knn11,scan,f1_class::Neurocristopathy,5,0.07554569211811935,0.019000109491946443,5,1840,733
B1_corrected,pointnet2,knn11,scan,f1_class::Peroxisome,1,0.3269029678529037,0.041960001482378925,5,1840,733
B1_corrected,pointnet2,knn11,scan,f1_class::Peroxisome,2,0.29159733085069683,0.03726576644079404,5,1840,733
B1_corrected,pointnet2,knn11,scan,f1_class::Peroxisome,3,0.28111837879279733,0.03549157006265467,5,1840,733
B1_corrected,pointnet2,knn11,scan,f1_class::Peroxisome,4,0.30315050375384134,0.043879175644961306,5,1840,733
B1_corrected,pointnet2,knn11,scan,f1_class::Peroxisome,5,0.301280227596017,0.03165446610685887,5,1840,733
B1_corrected,pointnet2,knn11,scan,f1_class::Primary Palate,1,0.27743067743067745,0.022744774596575475,5,1840,733
B1_corrected,pointnet2,knn11,scan,f1_class::Primary Palate,2,0.2614718614718614,0.028400380029189133,5,1840,733
B1_corrected,pointnet2,knn11,scan,f1_class::Primary Palate,3,0.28201602672190906,0.04180135958789092,5,1840,733
B1_corrected,pointnet2,knn11,scan,f1_class::Primary Palate,4,0.3622894847088395,0.019583186111258727,5,1840,733
B1_corrected,pointnet2,knn11,scan,f1_class::Primary Palate,5,0.24302704463994784,0.013307094274238861,5,1840,733
B1_corrected,pointnet2,knn11,scan,f1_class::Rasopathy,1,0.26409838148609904,0.02287353793642468,5,1840,733
B1_corrected,pointnet2,knn11,scan,f1_class::Rasopathy,2,0.22639594476926073,0.015507197636227805,5,1840,733
B1_corrected,pointnet2,knn11,scan,f1_class::Rasopathy,3,0.2551359386272737,0.01566341734602581,5,1840,733
B1_corrected,pointnet2,knn11,scan,f1_class::Rasopathy,4,0.2576703110431877,0.005486500879167652,5,1840,733
B1_corrected,pointnet2,knn11,scan,f1_class::Rasopathy,5,0.25496149927377454,0.021092841748174426,5,1840,733
B1_corrected,pointnet2,knn11,scan,f1_class::Sex Chromosome,1,0.07274492485707436,0.025286164712896686,5,1840,733
B1_corrected,pointnet2,knn11,scan,f1_class::Sex Chromosome,2,0.07400722153663328,0.021936474634607343,5,1840,733
B1_corrected,pointnet2,knn11,scan,f1_class::Sex Chromosome,3,0.10131809253696536,0.03246600647759326,5,1840,733
B1_corrected,pointnet2,knn11,scan,f1_class::Sex Chromosome,4,0.08035011818440851,0.0219291621485127,5,1840,733
B1_corrected,pointnet2,knn11,scan,f1_class::Sex Chromosome,5,0.05358165561284206,0.014878044659886206,5,1840,733
B1_corrected,pointnet2,knn11,scan,f1_class::Trisomy,1,0.18491466588247937,0.034643909902906445,5,1840,733
B1_corrected,pointnet2,knn11,scan,f1_class::Trisomy,2,0.22676752378100082,0.023770963486594847,5,1840,733
B1_corrected,pointnet2,knn11,scan,f1_class::Trisomy,3,0.22503546599259455,0.036994185730766516,5,1840,733
B1_corrected,pointnet2,knn11,scan,f1_class::Trisomy,4,0.20388805094687443,0.040682986591389934,5,1840,733
B1_corrected,pointnet2,knn11,scan,f1_class::Trisomy,5,0.11171828731492595,0.032013728678154496,5,1840,733
B1_corrected,pointnet2,knn11,scan,f1_class::Uncategorized,1,0.22443477017930227,0.02105494901960007,5,1840,733
B1_corrected,pointnet2,knn11,scan,f1_class::Uncategorized,2,0.1973369633219436,0.012083492557254391,5,1840,733
B1_corrected,pointnet2,knn11,scan,f1_class::Uncategorized,3,0.2338062836384292,0.011851578226061985,5,1840,733
B1_corrected,pointnet2,knn11,scan,f1_class::Uncategorized,4,0.23160827331838751,0.026712645062331734,5,1840,733
B1_corrected,pointnet2,knn11,scan,f1_class::Uncategorized,5,0.25151120137570726,0.00847372998086547,5,1840,733
B1_corrected,pointnet2,knn11,scan,macro_auc,1,0.7398285322052905,0.0011071773729275783,5,1840,733
B1_corrected,pointnet2,knn11,scan,macro_auc,2,0.730566817769089,0.0010445251772260692,5,1840,733
B1_corrected,pointnet2,knn11,scan,macro_auc,3,0.7366771774608136,0.0012566926458399384,5,1840,733
B1_corrected,pointnet2,knn11,scan,macro_auc,4,0.7344911549504463,0.0023438643738188302,5,1840,733
B1_corrected,pointnet2,knn11,scan,macro_auc,5,0.7437148881343403,0.0007087728790056279,5,1840,733
B1_corrected,pointnet2,knn11,scan,macro_f1,1,0.21576205363340195,0.010061543547568936,5,1840,733
B1_corrected,pointnet2,knn11,scan,macro_f1,2,0.18056807490491972,0.003889280466996037,5,1840,733
B1_corrected,pointnet2,knn11,scan,macro_f1,3,0.20431945436710436,0.009612020834716713,5,1840,733
B1_corrected,pointnet2,knn11,scan,macro_f1,4,0.20532749086930285,0.008431203284689125,5,1840,733
B1_corrected,pointnet2,knn11,scan,macro_f1,5,0.20417364123777532,0.0028061412321200956,5,1840,733
B1_corrected,pointnet2,knn11,subject,accuracy,1,0.3080491132332878,0.012739555285051848,5,733,733
B1_corrected,pointnet2,knn11,subject,accuracy,2,0.29140518417462485,0.01123339091418222,5,733,733
B1_corrected,pointnet2,knn11,subject,accuracy,3,0.3102319236016371,0.014131748062841527,5,733,733
B1_corrected,pointnet2,knn11,subject,accuracy,4,0.2984993178717599,0.012884822868341186,5,733,733
B1_corrected,pointnet2,knn11,subject,accuracy,5,0.31596180081855385,0.005755804395560429,5,733,733
B1_corrected,pointnet2,knn11,subject,f1_class::Cartilage,1,0.19112138136528378,0.05661579067151209,5,733,733
B1_corrected,pointnet2,knn11,subject,f1_class::Cartilage,2,0.22424960530223684,0.022731676135423748,5,733,733
B1_corrected,pointnet2,knn11,subject,f1_class::Cartilage,3,0.22272085674524694,0.052739433946874935,5,733,733
B1_corrected,pointnet2,knn11,subject,f1_class::Cartilage,4,0.20225853225701731,0.043483191363328996,5,733,733
B1_corrected,pointnet2,knn11,subject,f1_class::Cartilage,5,0.3050318611294221,0.08736774632837475,5,733,733
B1_corrected,pointnet2,knn11,subject,f1_class::Ciliopathy,1,0.261327829377365,0.03615964506614269,5,733,733
B1_corrected,pointnet2,knn11,subject,f1_class::Ciliopathy,2,0.31614035087719294,0.011794902676471304,5,733,733
B1_corrected,pointnet2,knn11,subject,f1_class::Ciliopathy,3,0.2735500515995872,0.033724141758855984,5,733,733
B1_corrected,pointnet2,knn11,subject,f1_class::Ciliopathy,4,0.26676048409794534,0.0711407627984082,5,733,733
B1_corrected,pointnet2,knn11,subject,f1_class::Ciliopathy,5,0.29718413681261974,0.03860379996138779,5,733,733
B1_corrected,pointnet2,knn11,subject,f1_class::Cohesinopathy,1,0.059946949602122004,0.03368804693550454,5,733,733
B1_corrected,pointnet2,knn11,subject,f1_class::Cohesinopathy,2,0.17714285714285713,0.05397572310592288,5,733,733
B1_corrected,pointnet2,knn11,subject,f1_class::Cohesinopathy,3,0.07698412698412696,0.04415295570063848,5,733,733
B1_corrected,pointnet2,knn11,subject,f1_class::Cohesinopathy,4,0.17820914717466438,0.01984818469094801,5,733,733
B1_corrected,pointnet2,knn11,subject,f1_class::Cohesinopathy,5,0.14783787532071282,0.12097255018117653,5,733,733
B1_corrected,pointnet2,knn11,subject,f1_class::Connective Tissue,1,0.2566767431350703,0.023830359111224074,5,733,733
B1_corrected,pointnet2,knn11,subject,f1_class::Connective Tissue,2,0.2774543850312382,0.028006447342802783,5,733,733
B1_corrected,pointnet2,knn11,subject,f1_class::Connective Tissue,3,0.2912058764900467,0.02502342037239604,5,733,733
B1_corrected,pointnet2,knn11,subject,f1_class::Connective Tissue,4,0.2695521735789294,0.027663506465484974,5,733,733
B1_corrected,pointnet2,knn11,subject,f1_class::Connective Tissue,5,0.2926235655795404,0.025035624847887957,5,733,733
B1_corrected,pointnet2,knn11,subject,f1_class::Control,1,0.5339514246580753,0.017406878747844655,5,733,733
B1_corrected,pointnet2,knn11,subject,f1_class::Control,2,0.5211668128844209,0.01645842524581888,5,733,733
B1_corrected,pointnet2,knn11,subject,f1_class::Control,3,0.5225071808869887,0.015034934949107502,5,733,733
B1_corrected,pointnet2,knn11,subject,f1_class::Control,4,0.5212004822942512,0.01835627752836102,5,733,733
B1_corrected,pointnet2,knn11,subject,f1_class::Control,5,0.5368338368752574,0.011723876036402545,5,733,733
B1_corrected,pointnet2,knn11,subject,f1_class::DNA Repair,1,0.08888888888888888,0.12171612389003691,5,733,733
B1_corrected,pointnet2,knn11,subject,f1_class::DNA Repair,2,0.16266233766233765,0.1313651770778423,5,733,733
B1_corrected,pointnet2,knn11,subject,f1_class::DNA Repair,3,0.45984015984015986,0.06924309347080901,5,733,733
B1_corrected,pointnet2,knn11,subject,f1_class::DNA Repair,4,0.16456876456876451,0.011579006253631514,5,733,733
B1_corrected,pointnet2,knn11,subject,f1_class::DNA Repair,5,0.2833333333333333,0.11055415967851336,5,733,733
B1_corrected,pointnet2,knn11,subject,f1_class::Deletion,1,0.27302534381099114,0.012983723564726976,5,733,733
B1_corrected,pointnet2,knn11,subject,f1_class::Deletion,2,0.21935057912590458,0.0283453079794874,5,733,733
B1_corrected,pointnet2,knn11,subject,f1_class::Deletion,3,0.24816180549065897,0.028904923546203304,5,733,733
B1_corrected,pointnet2,knn11,subject,f1_class::Deletion,4,0.24777677666604103,0.024874396154972053,5,733,733
B1_corrected,pointnet2,knn11,subject,f1_class::Deletion,5,0.26047627513910737,0.014058310337236705,5,733,733
B1_corrected,pointnet2,knn11,subject,f1_class::Duplication,1,0.10927164622816792,0.03843142943364954,5,733,733
B1_corrected,pointnet2,knn11,subject,f1_class::Duplication,2,0.04686609686609684,0.04291391813962454,5,733,733
B1_corrected,pointnet2,knn11,subject,f1_class::Duplication,3,0.04816053511705684,0.044154757630941496,5,733,733
B1_corrected,pointnet2,knn11,subject,f1_class::Duplication,4,0.1383794309962274,0.05408893238726823,5,733,733
B1_corrected,pointnet2,knn11,subject,f1_class::Duplication,5,0.10972179552824712,0.07665650032379462,5,733,733
B1_corrected,pointnet2,knn11,subject,f1_class::Ectodermal,1,0.26454545454545453,0.11806637718456343,5,733,733
B1_corrected,pointnet2,knn11,subject,f1_class::Ectodermal,2,0.12140335027291546,0.04197640310905677,5,733,733
B1_corrected,pointnet2,knn11,subject,f1_class::Ectodermal,3,0.2561327561327561,0.02437001528032852,5,733,733
B1_corrected,pointnet2,knn11,subject,f1_class::Ectodermal,4,0.17196172248803826,0.12315049627755512,5,733,733
B1_corrected,pointnet2,knn11,subject,f1_class::Ectodermal,5,0.22025641025641024,0.060490543487503455,5,733,733
B1_corrected,pointnet2,knn11,subject,f1_class::Growth,1,0.06969696969696967,0.09558672906416667,5,733,733
B1_corrected,pointnet2,knn11,subject,f1_class::Growth,2,0.0,0.0,5,733,733
B1_corrected,pointnet2,knn11,subject,f1_class::Growth,3,0.08,0.10954451150103323,5,733,733
B1_corrected,pointnet2,knn11,subject,f1_class::Growth,4,0.0,0.0,5,733,733
B1_corrected,pointnet2,knn11,subject,f1_class::Growth,5,0.0,0.0,5,733,733
B1_corrected,pointnet2,knn11,subject,f1_class::Imprinting,1,0.04779050736497542,0.04181741458153444,5,733,733
B1_corrected,pointnet2,knn11,subject,f1_class::Imprinting,2,0.04483116883116882,0.029757891897905904,5,733,733
B1_corrected,pointnet2,knn11,subject,f1_class::Imprinting,3,0.07483944626801764,0.05530325433127765,5,733,733
B1_corrected,pointnet2,knn11,subject,f1_class::Imprinting,4,0.1399555449710248,0.016782006631636138,5,733,733
B1_corrected,pointnet2,knn11,subject,f1_class::Imprinting,5,0.07043390069671043,0.029489384358774847,5,733,733
B1_corrected,pointnet2,knn11,subject,f1_class::Lysozome,1,0.3117718882424764,0.07878054461748367,5,733,733
B1_corrected,pointnet2,knn11,subject,f1_class::Lysozome,2,0.10606060606060604,0.09701703390049768,5,733,733
B1_corrected,pointnet2,knn11,subject,f1_class::Lysozome,3,0.15333333333333332,0.10874920178506546,5,733,733
B1_corrected,pointnet2,knn11,subject,f1_class::Lysozome,4,0.31516698987287217,0.1415645198131673,5,733,733
B1_corrected,pointnet2,knn11,subject,f1_class::Lysozome,5,0.34928104575163393,0.13188499540957108,5,733,733
B1_corrected,pointnet2,knn11,subject,f1_class::Neurocristopathy,1,0.09957446808510638,0.022404164393341586,5,733,733
B1_corrected,pointnet2,knn11,subject,f1_class::Neurocristopathy,2,0.07632554471063784,0.03287212773599797,5,733,733
B1_corrected,pointnet2,knn11,subject,f1_class::Neurocristopathy,3,0.03192340481343038,0.03259551390577236,5,733,733
B1_corrected,pointnet2,knn11,subject,f1_class::Neurocristopathy,4,0.035096361593639255,0.03510932370714581,5,733,733
B1_corrected,pointnet2,knn11,subject,f1_class::Neurocristopathy,5,0.046316400580551496,0.06317948350451008,5,733,733
B1_corrected,pointnet2,knn11,subject,f1_class::Peroxisome,1,0.3781818181818182,0.019917183909278807,5,733,733
B1_corrected,pointnet2,knn11,subject,f1_class::Peroxisome,2,0.26303030303030306,0.09778069951390629,5,733,733
B1_corrected,pointnet2,knn11,subject,f1_class::Peroxisome,3,0.34383838383838383,0.07348649725666043,5,733,733
B1_corrected,pointnet2,knn11,subject,f1_class::Peroxisome,4,0.4,0.0,5,733,733
B1_corrected,pointnet2,knn11,subject,f1_class::Peroxisome,5,0.35151515151515145,0.08030144207818905,5,733,733
B1_corrected,pointnet2,knn11,subject,f1_class::Primary Palate,1,0.4327875023527197,0.04227016532375478,5,733,733
B1_corrected,pointnet2,knn11,subject,f1_class::Primary Palate,2,0.3473333333333333,0.0391861653591616,5,733,733
B1_corrected,pointnet2,knn11,subject,f1_class::Primary Palate,3,0.3891549609810479,0.05747863446671393,5,733,733
B1_corrected,pointnet2,knn11,subject,f1_class::Primary Palate,4,0.48923671497584537,0.029067886157196573,5,733,733
B1_corrected,pointnet2,knn11,subject,f1_class::Primary Palate,5,0.344927536231884,0.006481356456521109,5,733,733
B1_corrected,pointnet2,knn11,subject,f1_class::Rasopathy,1,0.2823385220001166,0.02915396423618431,5,733,733
B1_corrected,pointnet2,knn11,subject,f1_class::Rasopathy,2,0.21962276089126767,0.03422925514956989,5,733,733
B1_corrected,pointnet2,knn11,subject,f1_class::Rasopathy,3,0.22140947521385565,0.033567526429503176,5,733,733
B1_corrected,pointnet2,knn11,subject,f1_class::Rasopathy,4,0.22266945250820275,0.0224495433261256,5,733,733
B1_corrected,pointnet2,knn11,subject,f1_class::Rasopathy,5,0.2885309959567385,0.05989751838094067,5,733,733
B1_corrected,pointnet2,knn11,subject,f1_class::Sex Chromosome,1,0.053728841964136055,0.05198801873758139,5,733,733
B1_corrected,pointnet2,knn11,subject,f1_class::Sex Chromosome,2,0.10889894419306181,0.017069415651028742,5,733,733
B1_corrected,pointnet2,knn11,subject,f1_class::Sex Chromosome,3,0.11142229199372052,0.030503210401584383,5,733,733
B1_corrected,pointnet2,knn11,subject,f1_class::Sex Chromosome,4,0.1280382952039732,0.03850788817880504,5,733,733
B1_corrected,pointnet2,knn11,subject,f1_class::Sex Chromosome,5,0.10982805429864254,0.04157833720142649,5,733,733
B1_corrected,pointnet2,knn11,subject,f1_class::Trisomy,1,0.28542660307366186,0.036017717217963305,5,733,733
B1_corrected,pointnet2,knn11,subject,f1_class::Trisomy,2,0.34016636957813423,0.03694066237750665,5,733,733
B1_corrected,pointnet2,knn11,subject,f1_class::Trisomy,3,0.33975446034269563,0.07277226691778416,5,733,733
B1_corrected,pointnet2,knn11,subject,f1_class::Trisomy,4,0.2973015873015873,0.06477279709209949,5,733,733
B1_corrected,pointnet2,knn11,subject,f1_class::Trisomy,5,0.16082442067736186,0.029309879300811914,5,733,733
B1_corrected,pointnet2,knn11,subject,f1_class::Uncategorized,1,0.2170313016710331,0.03460739465383948,5,733,733
B1_corrected,pointnet2,knn11,subject,f1_class::Uncategorized,2,0.21574221467299734,0.029364513531171907,5,733,733
B1_corrected,pointnet2,knn11,subject,f1_class::Uncategorized,3,0.24166900778742884,0.02430403183599186,5,733,733
B1_corrected,pointnet2,knn11,subject,f1_class::Uncategorized,4,0.18558457898803796,0.01324435528975431,5,733,733
B1_corrected,pointnet2,knn11,subject,f1_class::Uncategorized,5,0.2382683624174307,0.033042858438106906,5,733,733
B1_corrected,pointnet2,knn11,subject,macro_auc,1,0.7722674644263388,0.0014774149065725915,5,733,733
B1_corrected,pointnet2,knn11,subject,macro_auc,2,0.7600356179352481,0.0010116056114992116,5,733,733
B1_corrected,pointnet2,knn11,subject,macro_auc,3,0.7639055987702061,0.0014656962267620987,5,733,733
B1_corrected,pointnet2,knn11,subject,macro_auc,4,0.7628944351981988,0.0029219187410165067,5,733,733
B1_corrected,pointnet2,knn11,subject,macro_auc,5,0.7707863964642478,0.0005358745282799938,5,733,733
B1_corrected,pointnet2,knn11,subject,macro_f1,1,0.22195179390760167,0.012291333900862669,5,733,733
B1_corrected,pointnet2,knn11,subject,macro_f1,2,0.1993919800245637,0.014616604082475934,5,733,733
B1_corrected,pointnet2,knn11,subject,macro_f1,3,0.23087411125571272,0.0115220445611526,5,733,733
B1_corrected,pointnet2,knn11,subject,macro_f1,4,0.23019563365984533,0.016632602171460578,5,733,733
B1_corrected,pointnet2,knn11,subject,macro_f1,5,0.2322749977947766,0.005231759499108457,5,733,733
B1_corrected,pointnet2,proto,scan,accuracy,1,0.27478260869565213,0.006573616136612427,5,1840,733
B1_corrected,pointnet2,proto,scan,accuracy,2,0.23793478260869563,0.00579511967937665,5,1840,733
B1_corrected,pointnet2,proto,scan,accuracy,3,0.2419565217391304,0.0038314253765248953,5,1840,733
B1_corrected,pointnet2,proto,scan,accuracy,4,0.2160869565217391,0.0064603085074431445,5,1840,733
B1_corrected,pointnet2,proto,scan,accuracy,5,0.24945652173913038,0.0044651295448790915,5,1840,733
B1_corrected,pointnet2,proto,scan,f1_class::Cartilage,1,0.24480531907350467,0.011282220935894304,5,1840,733
B1_corrected,pointnet2,proto,scan,f1_class::Cartilage,2,0.23121728307135214,0.024740413100097888,5,1840,733
B1_corrected,pointnet2,proto,scan,f1_class::Cartilage,3,0.19820857469803974,0.03428366325124295,5,1840,733
B1_corrected,pointnet2,proto,scan,f1_class::Cartilage,4,0.24970465608056958,0.019776561139817673,5,1840,733
B1_corrected,pointnet2,proto,scan,f1_class::Cartilage,5,0.2116495168501514,0.02499852763648295,5,1840,733
B1_corrected,pointnet2,proto,scan,f1_class::Ciliopathy,1,0.28359992272771173,0.03333624868972635,5,1840,733
B1_corrected,pointnet2,proto,scan,f1_class::Ciliopathy,2,0.24947427950260978,0.026133394253754588,5,1840,733
B1_corrected,pointnet2,proto,scan,f1_class::Ciliopathy,3,0.22862838216566886,0.02531422637722696,5,1840,733
B1_corrected,pointnet2,proto,scan,f1_class::Ciliopathy,4,0.23039387268811212,0.027126563603442965,5,1840,733
B1_corrected,pointnet2,proto,scan,f1_class::Ciliopathy,5,0.26118754703135005,0.011663861358560153,5,1840,733
B1_corrected,pointnet2,proto,scan,f1_class::Cohesinopathy,1,0.15648827183250114,0.021920484050067204,5,1840,733
B1_corrected,pointnet2,proto,scan,f1_class::Cohesinopathy,2,0.16911720148726325,0.01645067724116434,5,1840,733
B1_corrected,pointnet2,proto,scan,f1_class::Cohesinopathy,3,0.13977985001555512,0.017927310765467438,5,1840,733
B1_corrected,pointnet2,proto,scan,f1_class::Cohesinopathy,4,0.1665730546767345,0.011526480439583082,5,1840,733
B1_corrected,pointnet2,proto,scan,f1_class::Cohesinopathy,5,0.17167677476982118,0.010444900874445167,5,1840,733
B1_corrected,pointnet2,proto,scan,f1_class::Connective Tissue,1,0.3200421619261064,0.01818625865322906,5,1840,733
B1_corrected,pointnet2,proto,scan,f1_class::Connective Tissue,2,0.2623860355534354,0.0050859141982881675,5,1840,733
B1_corrected,pointnet2,proto,scan,f1_class::Connective Tissue,3,0.2740423029006097,0.00812017354405637,5,1840,733
B1_corrected,pointnet2,proto,scan,f1_class::Connective Tissue,4,0.26209864480729717,0.021153003321009133,5,1840,733
B1_corrected,pointnet2,proto,scan,f1_class::Connective Tissue,5,0.25787862096173003,0.0101677803229552,5,1840,733
B1_corrected,pointnet2,proto,scan,f1_class::Control,1,0.5500458768648118,0.018405305071034387,5,1840,733
B1_corrected,pointnet2,proto,scan,f1_class::Control,2,0.48778040084703245,0.009542665695250726,5,1840,733
B1_corrected,pointnet2,proto,scan,f1_class::Control,3,0.5016230331191183,0.007905781290823574,5,1840,733
B1_corrected,pointnet2,proto,scan,f1_class::Control,4,0.466070949999901,0.012883698421409361,5,1840,733
B1_corrected,pointnet2,proto,scan,f1_class::Control,5,0.5148520409422576,0.012390846309669336,5,1840,733
B1_corrected,pointnet2,proto,scan,f1_class::DNA Repair,1,0.4027652886959108,0.04185934460464305,5,1840,733
B1_corrected,pointnet2,proto,scan,f1_class::DNA Repair,2,0.3017186887815071,0.052228993270452384,5,1840,733
B1_corrected,pointnet2,proto,scan,f1_class::DNA Repair,3,0.4418523468826166,0.04731603394400908,5,1840,733
B1_corrected,pointnet2,proto,scan,f1_class::DNA Repair,4,0.3962153379207643,0.0021277553270102802,5,1840,733
B1_corrected,pointnet2,proto,scan,f1_class::DNA Repair,5,0.37807772122933675,0.05091001499648569,5,1840,733
B1_corrected,pointnet2,proto,scan,f1_class::Deletion,1,0.15420638016397276,0.02029268185682703,5,1840,733
B1_corrected,pointnet2,proto,scan,f1_class::Deletion,2,0.0905893875059903,0.01658923462099602,5,1840,733
B1_corrected,pointnet2,proto,scan,f1_class::Deletion,3,0.14236503835875927,0.019913938491245432,5,1840,733
B1_corrected,pointnet2,proto,scan,f1_class::Deletion,4,0.045896334921846624,0.012941370297423203,5,1840,733
B1_corrected,pointnet2,proto,scan,f1_class::Deletion,5,0.12845814716069764,0.017818964500956512,5,1840,733
B1_corrected,pointnet2,proto,scan,f1_class::Duplication,1,0.18893597279778193,0.023452562703805562,5,1840,733
B1_corrected,pointnet2,proto,scan,f1_class::Duplication,2,0.07505554384943805,0.019002990656788798,5,1840,733
B1_corrected,pointnet2,proto,scan,f1_class::Duplication,3,0.11680321550284153,0.009373366953764898,5,1840,733
B1_corrected,pointnet2,proto,scan,f1_class::Duplication,4,0.025889578261211,0.009245902412670303,5,1840,733
B1_corrected,pointnet2,proto,scan,f1_class::Duplication,5,0.16775379894444614,0.023286314215915038,5,1840,733
B1_corrected,pointnet2,proto,scan,f1_class::Ectodermal,1,0.21445098715816385,0.01495543221272951,5,1840,733
B1_corrected,pointnet2,proto,scan,f1_class::Ectodermal,2,0.14144953771557825,0.02605256894772598,5,1840,733
B1_corrected,pointnet2,proto,scan,f1_class::Ectodermal,3,0.17563935973629582,0.010760849840778153,5,1840,733
B1_corrected,pointnet2,proto,scan,f1_class::Ectodermal,4,0.14454499853937436,0.0123266002962429,5,1840,733
B1_corrected,pointnet2,proto,scan,f1_class::Ectodermal,5,0.15721256291672187,0.02531449856664048,5,1840,733
B1_corrected,pointnet2,proto,scan,f1_class::Growth,1,0.15532224418093982,0.03831750459113785,5,1840,733
B1_corrected,pointnet2,proto,scan,f1_class::Growth,2,0.14936821863395766,0.01892799447810802,5,1840,733
B1_corrected,pointnet2,proto,scan,f1_class::Growth,3,0.19821480798268465,0.026187649145847668,5,1840,733
B1_corrected,pointnet2,proto,scan,f1_class::Growth,4,0.18813869562758073,0.03722490304842468,5,1840,733
B1_corrected,pointnet2,proto,scan,f1_class::Growth,5,0.19490814036470253,0.03179894402386485,5,1840,733
B1_corrected,pointnet2,proto,scan,f1_class::Imprinting,1,0.2615514210954754,0.02156108445340248,5,1840,733
B1_corrected,pointnet2,proto,scan,f1_class::Imprinting,2,0.25265954131700713,0.022921182743320657,5,1840,733
B1_corrected,pointnet2,proto,scan,f1_class::Imprinting,3,0.17622010532545818,0.009788927332402561,5,1840,733
B1_corrected,pointnet2,proto,scan,f1_class::Imprinting,4,0.23741950954713373,0.025072851602623843,5,1840,733
B1_corrected,pointnet2,proto,scan,f1_class::Imprinting,5,0.22635672302981097,0.014551132788184118,5,1840,733
B1_corrected,pointnet2,proto,scan,f1_class::Lysozome,1,0.43843206664768364,0.017810024606678788,5,1840,733
B1_corrected,pointnet2,proto,scan,f1_class::Lysozome,2,0.3977296181630547,0.02237202721137143,5,1840,733
B1_corrected,pointnet2,proto,scan,f1_class::Lysozome,3,0.3929401775655196,0.004661591488922385,5,1840,733
B1_corrected,pointnet2,proto,scan,f1_class::Lysozome,4,0.36442664083488907,0.012489800278711539,5,1840,733
B1_corrected,pointnet2,proto,scan,f1_class::Lysozome,5,0.41263726893288954,0.031751141421028244,5,1840,733
B1_corrected,pointnet2,proto,scan,f1_class::Neurocristopathy,1,0.1454841874776961,0.015907624920126515,5,1840,733
B1_corrected,pointnet2,proto,scan,f1_class::Neurocristopathy,2,0.13775373304247024,0.021288258213375436,5,1840,733
B1_corrected,pointnet2,proto,scan,f1_class::Neurocristopathy,3,0.1591215796312492,0.010033828711579132,5,1840,733
B1_corrected,pointnet2,proto,scan,f1_class::Neurocristopathy,4,0.17864893709108753,0.006574747716025363,5,1840,733
B1_corrected,pointnet2,proto,scan,f1_class::Neurocristopathy,5,0.16611146830927356,0.012345451894761487,5,1840,733
B1_corrected,pointnet2,proto,scan,f1_class::Peroxisome,1,0.20243261216654834,0.031317978623419486,5,1840,733
B1_corrected,pointnet2,proto,scan,f1_class::Peroxisome,2,0.17748106003166902,0.01522666144756485,5,1840,733
B1_corrected,pointnet2,proto,scan,f1_class::Peroxisome,3,0.1554215252832274,0.022316165481697934,5,1840,733
B1_corrected,pointnet2,proto,scan,f1_class::Peroxisome,4,0.19242262824672163,0.013547997141918606,5,1840,733
B1_corrected,pointnet2,proto,scan,f1_class::Peroxisome,5,0.19175412385590568,0.009764318876087193,5,1840,733
B1_corrected,pointnet2,proto,scan,f1_class::Primary Palate,1,0.15088476350350544,0.00499938788307184,5,1840,733
B1_corrected,pointnet2,proto,scan,f1_class::Primary Palate,2,0.15426706889375183,0.010543456560570855,5,1840,733
B1_corrected,pointnet2,proto,scan,f1_class::Primary Palate,3,0.16801672000042034,0.012396742309303632,5,1840,733
B1_corrected,pointnet2,proto,scan,f1_class::Primary Palate,4,0.13802479862318165,0.00759228021103568,5,1840,733
B1_corrected,pointnet2,proto,scan,f1_class::Primary Palate,5,0.1707375338799487,0.014924034718295964,5,1840,733
B1_corrected,pointnet2,proto,scan,f1_class::Rasopathy,1,0.3452063123980233,0.022833275716334006,5,1840,733
B1_corrected,pointnet2,proto,scan,f1_class::Rasopathy,2,0.2910759240424744,0.026141588161476867,5,1840,733
B1_corrected,pointnet2,proto,scan,f1_class::Rasopathy,3,0.25843270725531076,0.012875492646688901,5,1840,733
B1_corrected,pointnet2,proto,scan,f1_class::Rasopathy,4,0.153008365413409,0.01598128968024265,5,1840,733
B1_corrected,pointnet2,proto,scan,f1_class::Rasopathy,5,0.28048847728751664,0.012395407307105628,5,1840,733
B1_corrected,pointnet2,proto,scan,f1_class::Sex Chromosome,1,0.1557395395382291,0.014485436453332692,5,1840,733
B1_corrected,pointnet2,proto,scan,f1_class::Sex Chromosome,2,0.20777890890541725,0.02338833692123763,5,1840,733
B1_corrected,pointnet2,proto,scan,f1_class::Sex Chromosome,3,0.2037595821400592,0.015411784038811287,5,1840,733
B1_corrected,pointnet2,proto,scan,f1_class::Sex Chromosome,4,0.15733906705094367,0.008939271789526837,5,1840,733
B1_corrected,pointnet2,proto,scan,f1_class::Sex Chromosome,5,0.17548446896792375,0.01477730875521772,5,1840,733
B1_corrected,pointnet2,proto,scan,f1_class::Trisomy,1,0.2448235942966211,0.0164554640001419,5,1840,733
B1_corrected,pointnet2,proto,scan,f1_class::Trisomy,2,0.2591221646548828,0.019024344922099215,5,1840,733
B1_corrected,pointnet2,proto,scan,f1_class::Trisomy,3,0.22181061318455972,0.016706953262055325,5,1840,733
B1_corrected,pointnet2,proto,scan,f1_class::Trisomy,4,0.21547942567426706,0.011223304467352604,5,1840,733
B1_corrected,pointnet2,proto,scan,f1_class::Trisomy,5,0.24589104039782556,0.034139998007228486,5,1840,733
B1_corrected,pointnet2,proto,scan,f1_class::Uncategorized,1,0.1000241292409862,0.012109643705893494,5,1840,733
B1_corrected,pointnet2,proto,scan,f1_class::Uncategorized,2,0.09430388494614178,0.01069792963864496,5,1840,733
B1_corrected,pointnet2,proto,scan,f1_class::Uncategorized,3,0.07442547478308677,0.011519452013817672,5,1840,733
B1_corrected,pointnet2,proto,scan,f1_class::Uncategorized,4,0.03174914220905678,0.007649287945680875,5,1840,733
B1_corrected,pointnet2,proto,scan,f1_class::Uncategorized,5,0.10393595927516334,0.02215903049438459,5,1840,733
B1_corrected,pointnet2,proto,scan,macro_auc,1,0.7835116755940394,0.0027851068388930335,5,1840,733
B1_corrected,pointnet2,proto,scan,macro_auc,2,0.7649322020638067,0.0012276519900615936,5,1840,733
B1_corrected,pointnet2,proto,scan,macro_auc,3,0.7722228886864814,0.003728549145355435,5,1840,733
B1_corrected,pointnet2,proto,scan,macro_auc,4,0.7676550662986065,0.0027962844075988245,5,1840,733
B1_corrected,pointnet2,proto,scan,macro_auc,5,0.7856195624282962,0.002039716003866617,5,1840,733
B1_corrected,pointnet2,proto,scan,macro_f1,1,0.24817058167295653,0.004817840612840176,5,1840,733
B1_corrected,pointnet2,proto,scan,macro_f1,2,0.2173857095234228,0.004520771256166551,5,1840,733
B1_corrected,pointnet2,proto,scan,macro_f1,3,0.22248975771216215,0.005790115749786355,5,1840,733
B1_corrected,pointnet2,proto,scan,macro_f1,4,0.20231813885337271,0.004007193107563355,5,1840,733
B1_corrected,pointnet2,proto,scan,macro_f1,5,0.23247641763723542,0.006109709220446723,5,1840,733
B1_corrected,pointnet2,proto,scan,top3_accuracy,1,0.5601086956521739,0.0034926671767521044,5,1840,733
B1_corrected,pointnet2,proto,scan,top3_accuracy,2,0.5323913043478261,0.005469994626124423,5,1840,733
B1_corrected,pointnet2,proto,scan,top3_accuracy,3,0.5291304347826087,0.007806058308378146,5,1840,733
B1_corrected,pointnet2,proto,scan,top3_accuracy,4,0.47076086956521734,0.004712931171451903,5,1840,733
B1_corrected,pointnet2,proto,scan,top3_accuracy,5,0.5553260869565217,0.0046656904415945,5,1840,733
B1_corrected,pointnet2,proto,scan,top5_accuracy,1,0.7393478260869565,0.004885261968313939,5,1840,733
B1_corrected,pointnet2,proto,scan,top5_accuracy,2,0.7215217391304348,0.004885261968313985,5,1840,733
B1_corrected,pointnet2,proto,scan,top5_accuracy,3,0.7232608695652174,0.006284169356331404,5,1840,733
B1_corrected,pointnet2,proto,scan,top5_accuracy,4,0.6670652173913043,0.006505868370280611,5,1840,733
B1_corrected,pointnet2,proto,scan,top5_accuracy,5,0.7320652173913043,0.003168995595024635,5,1840,733
B1_corrected,pointnet2,proto,subject,accuracy,1,0.3413369713506139,0.008431943869229132,5,733,733
B1_corrected,pointnet2,proto,subject,accuracy,2,0.3135061391541609,0.005739613633823362,5,733,733
B1_corrected,pointnet2,proto,subject,accuracy,3,0.3173260572987721,0.008606717760211465,5,733,733
B1_corrected,pointnet2,proto,subject,accuracy,4,0.27066848567530694,0.005755804395560406,5,733,733
B1_corrected,pointnet2,proto,subject,accuracy,5,0.31759890859481577,0.006206992177941251,5,733,733
B1_corrected,pointnet2,proto,subject,f1_class::Cartilage,1,0.32064689123512646,0.03382326758630794,5,733,733
B1_corrected,pointnet2,proto,subject,f1_class::Cartilage,2,0.3529938632490389,0.03515019778948087,5,733,733
B1_corrected,pointnet2,proto,subject,f1_class::Cartilage,3,0.3256707946336429,0.033972509498471117,5,733,733
B1_corrected,pointnet2,proto,subject,f1_class::Cartilage,4,0.3741472218654097,0.03627786215521884,5,733,733
B1_corrected,pointnet2,proto,subject,f1_class::Cartilage,5,0.3342244921601192,0.048194519089572875,5,733,733
B1_corrected,pointnet2,proto,subject,f1_class::Ciliopathy,1,0.4027737609689779,0.040477087260510386,5,733,733
B1_corrected,pointnet2,proto,subject,f1_class::Ciliopathy,2,0.35468253968253965,0.025662671106776745,5,733,733
B1_corrected,pointnet2,proto,subject,f1_class::Ciliopathy,3,0.3103688687770844,0.02044593687036206,5,733,733
B1_corrected,pointnet2,proto,subject,f1_class::Ciliopathy,4,0.31315789473684214,0.04041012940735309,5,733,733
B1_corrected,pointnet2,proto,subject,f1_class::Ciliopathy,5,0.33544401544401536,0.0101508427645745,5,733,733
B1_corrected,pointnet2,proto,subject,f1_class::Cohesinopathy,1,0.2071912761567934,0.03103855489459084,5,733,733
B1_corrected,pointnet2,proto,subject,f1_class::Cohesinopathy,2,0.325923645320197,0.08477981800564997,5,733,733
B1_corrected,pointnet2,proto,subject,f1_class::Cohesinopathy,3,0.18945000617970584,0.03111719143391336,5,733,733
B1_corrected,pointnet2,proto,subject,f1_class::Cohesinopathy,4,0.22021985815602835,0.01862928336469653,5,733,733
B1_corrected,pointnet2,proto,subject,f1_class::Cohesinopathy,5,0.30402614626752555,0.041750698768701903,5,733,733
B1_corrected,pointnet2,proto,subject,f1_class::Connective Tissue,1,0.3444679429193084,0.02139615168710301,5,733,733
B1_corrected,pointnet2,proto,subject,f1_class::Connective Tissue,2,0.3049094665701393,0.0122973115173513,5,733,733
B1_corrected,pointnet2,proto,subject,f1_class::Connective Tissue,3,0.3094144895245706,0.01413515100475198,5,733,733
B1_corrected,pointnet2,proto,subject,f1_class::Connective Tissue,4,0.2950708713592964,0.012031134614615774,5,733,733
B1_corrected,pointnet2,proto,subject,f1_class::Connective Tissue,5,0.28323976961531405,0.019127116749349728,5,733,733
B1_corrected,pointnet2,proto,subject,f1_class::Control,1,0.5828477162851665,0.018952435013333428,5,733,733
B1_corrected,pointnet2,proto,subject,f1_class::Control,2,0.5256481740191293,0.006146948385924372,5,733,733
B1_corrected,pointnet2,proto,subject,f1_class::Control,3,0.5581333019999479,0.011463710129626053,5,733,733
B1_corrected,pointnet2,proto,subject,f1_class::Control,4,0.5084675766182137,0.018744505141911068,5,733,733
B1_corrected,pointnet2,proto,subject,f1_class::Control,5,0.5322966459956161,0.018603738173410166,5,733,733
B1_corrected,pointnet2,proto,subject,f1_class::DNA Repair,1,0.5780718954248366,0.035061948192163336,5,733,733
B1_corrected,pointnet2,proto,subject,f1_class::DNA Repair,2,0.46474358974358976,0.10468362844509782,5,733,733
B1_corrected,pointnet2,proto,subject,f1_class::DNA Repair,3,0.5311612364243943,0.036349973408555544,5,733,733
B1_corrected,pointnet2,proto,subject,f1_class::DNA Repair,4,0.636969696969697,0.0575119263393084,5,733,733
B1_corrected,pointnet2,proto,subject,f1_class::DNA Repair,5,0.5216030271757826,0.08672992028967519,5,733,733
B1_corrected,pointnet2,proto,subject,f1_class::Deletion,1,0.2558421570636649,0.012890250071033635,5,733,733
B1_corrected,pointnet2,proto,subject,f1_class::Deletion,2,0.2345626367359875,0.030961575282281113,5,733,733
B1_corrected,pointnet2,proto,subject,f1_class::Deletion,3,0.2444719379675791,0.027260655127403915,5,733,733
B1_corrected,pointnet2,proto,subject,f1_class::Deletion,4,0.10963346178814141,0.020786857851244074,5,733,733
B1_corrected,pointnet2,proto,subject,f1_class::Deletion,5,0.2548375216916833,0.013068775380310703,5,733,733
B1_corrected,pointnet2,proto,subject,f1_class::Duplication,1,0.3291589861751152,0.06631592383615831,5,733,733
B1_corrected,pointnet2,proto,subject,f1_class::Duplication,2,0.1521247783490346,0.03732716797418532,5,733,733
B1_corrected,pointnet2,proto,subject,f1_class::Duplication,3,0.13668886252115284,0.05875294405568785,5,733,733
B1_corrected,pointnet2,proto,subject,f1_class::Duplication,4,0.04563222724987428,0.025841949086307544,5,733,733
B1_corrected,pointnet2,proto,subject,f1_class::Duplication,5,0.22896613190730836,0.02704884632603811,5,733,733
B1_corrected,pointnet2,proto,subject,f1_class::Ectodermal,1,0.30081605351170565,0.0426969521163455,5,733,733
B1_corrected,pointnet2,proto,subject,f1_class::Ectodermal,2,0.15876712701627946,0.04733219589759878,5,733,733
B1_corrected,pointnet2,proto,subject,f1_class::Ectodermal,3,0.23731463547306397,0.01397080699437675,5,733,733
B1_corrected,pointnet2,proto,subject,f1_class::Ectodermal,4,0.1628712899301134,0.024404809618770097,5,733,733
B1_corrected,pointnet2,proto,subject,f1_class::Ectodermal,5,0.20432378079436903,0.041944059489289136,5,733,733
B1_corrected,pointnet2,proto,subject,f1_class::Growth,1,0.29964912280701755,0.05639197994096366,5,733,733
B1_corrected,pointnet2,proto,subject,f1_class::Growth,2,0.1577708949192325,0.03388337018956465,5,733,733
B1_corrected,pointnet2,proto,subject,f1_class::Growth,3,0.31368381743194335,0.0825722921619367,5,733,733
B1_corrected,pointnet2,proto,subject,f1_class::Growth,4,0.24664784397821102,0.05446802742434166,5,733,733
B1_corrected,pointnet2,proto,subject,f1_class::Growth,5,0.2689177489177489,0.05629632537248841,5,733,733
B1_corrected,pointnet2,proto,subject,f1_class::Imprinting,1,0.22853324168480543,0.02055385183606957,5,733,733
B1_corrected,pointnet2,proto,subject,f1_class::Imprinting,2,0.22802858761161066,0.023401901681716138,5,733,733
B1_corrected,pointnet2,proto,subject,f1_class::Imprinting,3,0.19586552108291236,0.043092772053681457,5,733,733
B1_corrected,pointnet2,proto,subject,f1_class::Imprinting,4,0.21717817393757866,0.014175959259078866,5,733,733
B1_corrected,pointnet2,proto,subject,f1_class::Imprinting,5,0.22603134309422254,0.026571398388816836,5,733,733
B1_corrected,pointnet2,proto,subject,f1_class::Lysozome,1,0.526401833460657,0.0531098348920653,5,733,733
B1_corrected,pointnet2,proto,subject,f1_class::Lysozome,2,0.6007151979565772,0.04147946820825754,5,733,733
B1_corrected,pointnet2,proto,subject,f1_class::Lysozome,3,0.582760376878024,0.06658783794137789,5,733,733
B1_corrected,pointnet2,proto,subject,f1_class::Lysozome,4,0.4234241558631803,0.026827678643362277,5,733,733
B1_corrected,pointnet2,proto,subject,f1_class::Lysozome,5,0.6389253065774805,0.08083717495242045,5,733,733
B1_corrected,pointnet2,proto,subject,f1_class::Neurocristopathy,1,0.20146182456041611,0.0361681131100307,5,733,733
B1_corrected,pointnet2,proto,subject,f1_class::Neurocristopathy,2,0.1792003278304648,0.040438583719378876,5,733,733
B1_corrected,pointnet2,proto,subject,f1_class::Neurocristopathy,3,0.2277567980838795,0.01476210796759522,5,733,733
B1_corrected,pointnet2,proto,subject,f1_class::Neurocristopathy,4,0.19689601149398933,0.04126108924185962,5,733,733
B1_corrected,pointnet2,proto,subject,f1_class::Neurocristopathy,5,0.22633455473682798,0.033295976794845764,5,733,733
B1_corrected,pointnet2,proto,subject,f1_class::Peroxisome,1,0.324987864919215,0.0674055264864464,5,733,733
B1_corrected,pointnet2,proto,subject,f1_class::Peroxisome,2,0.28111518111518113,0.05842469223655279,5,733,733
B1_corrected,pointnet2,proto,subject,f1_class::Peroxisome,3,0.26609523809523805,0.07881592550607198,5,733,733
B1_corrected,pointnet2,proto,subject,f1_class::Peroxisome,4,0.2620863007959782,0.04437627974272125,5,733,733
B1_corrected,pointnet2,proto,subject,f1_class::Peroxisome,5,0.3379608217869087,0.028309827491920538,5,733,733
B1_corrected,pointnet2,proto,subject,f1_class::Primary Palate,1,0.33899495053010115,0.027277889655658943,5,733,733
B1_corrected,pointnet2,proto,subject,f1_class::Primary Palate,2,0.3373578620637444,0.010901244724295055,5,733,733
B1_corrected,pointnet2,proto,subject,f1_class::Primary Palate,3,0.32309234625024097,0.014485769606457352,5,733,733
B1_corrected,pointnet2,proto,subject,f1_class::Primary Palate,4,0.2718994282972511,0.01167515346019093,5,733,733
B1_corrected,pointnet2,proto,subject,f1_class::Primary Palate,5,0.375606013537048,0.02988572665447784,5,733,733
B1_corrected,pointnet2,proto,subject,f1_class::Rasopathy,1,0.35093810037499357,0.024184283440174835,5,733,733
B1_corrected,pointnet2,proto,subject,f1_class::Rasopathy,2,0.3379056817802689,0.025582092148532787,5,733,733
B1_corrected,pointnet2,proto,subject,f1_class::Rasopathy,3,0.25860520094562645,0.012980962399508047,5,733,733
B1_corrected,pointnet2,proto,subject,f1_class::Rasopathy,4,0.19938319560884601,0.012224301895932845,5,733,733
B1_corrected,pointnet2,proto,subject,f1_class::Rasopathy,5,0.29862745722662504,0.027888657064360885,5,733,733
B1_corrected,pointnet2,proto,subject,f1_class::Sex Chromosome,1,0.18907826852311346,0.032464414195626845,5,733,733
B1_corrected,pointnet2,proto,subject,f1_class::Sex Chromosome,2,0.2587423128887063,0.024726233852492,5,733,733
B1_corrected,pointnet2,proto,subject,f1_class::Sex Chromosome,3,0.2661516576851592,0.022683037609616343,5,733,733
B1_corrected,pointnet2,proto,subject,f1_class::Sex Chromosome,4,0.16037905147403364,0.02947545303271663,5,733,733
B1_corrected,pointnet2,proto,subject,f1_class::Sex Chromosome,5,0.20532015909096168,0.011288485347705457,5,733,733
B1_corrected,pointnet2,proto,subject,f1_class::Trisomy,1,0.43857133488847044,0.025175318518771146,5,733,733
B1_corrected,pointnet2,proto,subject,f1_class::Trisomy,2,0.43249606063111756,0.026676325035873475,5,733,733
B1_corrected,pointnet2,proto,subject,f1_class::Trisomy,3,0.4321506732294675,0.02397839064886723,5,733,733
B1_corrected,pointnet2,proto,subject,f1_class::Trisomy,4,0.37790781365958886,0.017235149100805144,5,733,733
B1_corrected,pointnet2,proto,subject,f1_class::Trisomy,5,0.4917229630527184,0.07127735337541037,5,733,733
B1_corrected,pointnet2,proto,subject,f1_class::Uncategorized,1,0.1709586873001842,0.025906789101305706,5,733,733
B1_corrected,pointnet2,proto,subject,f1_class::Uncategorized,2,0.1511980726611734,0.024751809114808208,5,733,733
B1_corrected,pointnet2,proto,subject,f1_class::Uncategorized,3,0.15156086937197205,0.011346362731611598,5,733,733
B1_corrected,pointnet2,proto,subject,f1_class::Uncategorized,4,0.0428344328108293,0.018528872788832307,5,733,733
B1_corrected,pointnet2,proto,subject,f1_class::Uncategorized,5,0.15828335970308693,0.025079864697552526,5,733,733
B1_corrected,pointnet2,proto,subject,macro_auc,1,0.8213150380818345,0.0020478653053627406,5,733,733
B1_corrected,pointnet2,proto,subject,macro_auc,2,0.8043533587463427,0.0009875695314574549,5,733,733
B1_corrected,pointnet2,proto,subject,macro_auc,3,0.8094256060679426,0.003495961228998566,5,733,733
B1_corrected,pointnet2,proto,subject,macro_auc,4,0.8008265555790309,0.003091650379754045,5,733,733
B1_corrected,pointnet2,proto,subject,macro_auc,5,0.8171339540034352,0.0013881326864200252,5,733,733
B1_corrected,pointnet2,proto,subject,macro_f1,1,0.33638904783103524,0.008724585697777022,5,733,733
B1_corrected,pointnet2,proto,subject,macro_f1,2,0.3073097894812638,0.01058660847450011,5,733,733
B1_corrected,pointnet2,proto,subject,macro_f1,3,0.3084419280292424,0.009486043158932145,5,733,733
B1_corrected,pointnet2,proto,subject,macro_f1,4,0.26656876350490016,0.00539885842123321,5,733,733
B1_corrected,pointnet2,proto,subject,macro_f1,5,0.3277205925671243,0.006407661475716285,5,733,733
B1_corrected,pointnet2,proto,subject,top3_accuracy,1,0.642837653478854,0.007559015103517127,5,733,733
B1_corrected,pointnet2,proto,subject,top3_accuracy,2,0.6117326057298772,0.0039303847996966,5,733,733
B1_corrected,pointnet2,proto,subject,top3_accuracy,3,0.610368349249659,0.00882031643942406,5,733,733
B1_corrected,pointnet2,proto,subject,top3_accuracy,4,0.5544338335607094,0.010236470113126372,5,733,733
B1_corrected,pointnet2,proto,subject,top3_accuracy,5,0.6248294679399727,0.005867888995254195,5,733,733
B1_corrected,pointnet2,proto,subject,top5_accuracy,1,0.780081855388813,0.006355151268132121,5,733,733
B1_corrected,pointnet2,proto,subject,top5_accuracy,2,0.7732605729877217,0.006055209009869616,5,733,733
B1_corrected,pointnet2,proto,subject,top5_accuracy,3,0.7699863574351978,0.004160423105587142,5,733,733
B1_corrected,pointnet2,proto,subject,top5_accuracy,4,0.7096862210095498,0.0076811395690364465,5,733,733
B1_corrected,pointnet2,proto,subject,top5_accuracy,5,0.7806275579809003,0.0037856580970018166,5,733,733
B1_corrected,pointnet2,softmax,scan,accuracy,1,0.2967391304347826,0.004244700910818845,5,1840,733
B1_corrected,pointnet2,softmax,scan,accuracy,2,0.2617391304347826,0.00468464389989347,5,1840,733
B1_corrected,pointnet2,softmax,scan,accuracy,3,0.268695652173913,0.006227511526361416,5,1840,733
B1_corrected,pointnet2,softmax,scan,accuracy,4,0.22152173913043477,0.008424789575715522,5,1840,733
B1_corrected,pointnet2,softmax,scan,accuracy,5,0.28554347826086957,0.0038544833101080748,5,1840,733
B1_corrected,pointnet2,softmax,scan,f1_class::Cartilage,1,0.27595721925133687,0.028607984261209966,5,1840,733
B1_corrected,pointnet2,softmax,scan,f1_class::Cartilage,2,0.2605202134936269,0.014353693812619785,5,1840,733
B1_corrected,pointnet2,softmax,scan,f1_class::Cartilage,3,0.19759927263110297,0.01857829648822507,5,1840,733
B1_corrected,pointnet2,softmax,scan,f1_class::Cartilage,4,0.21924629379962482,0.014111824392881379,5,1840,733
B1_corrected,pointnet2,softmax,scan,f1_class::Cartilage,5,0.2388114882916863,0.014086346133342682,5,1840,733
B1_corrected,pointnet2,softmax,scan,f1_class::Ciliopathy,1,0.3436774989716166,0.04303344349058451,5,1840,733
B1_corrected,pointnet2,softmax,scan,f1_class::Ciliopathy,2,0.2959795282599021,0.023489216801834988,5,1840,733
B1_corrected,pointnet2,softmax,scan,f1_class::Ciliopathy,3,0.2609304206665328,0.019471669161866142,5,1840,733
B1_corrected,pointnet2,softmax,scan,f1_class::Ciliopathy,4,0.20092940219069103,0.01801532496174603,5,1840,733
B1_corrected,pointnet2,softmax,scan,f1_class::Ciliopathy,5,0.2963773193297129,0.03195989574196626,5,1840,733
B1_corrected,pointnet2,softmax,scan,f1_class::Cohesinopathy,1,0.14605007435446918,0.03567361939370803,5,1840,733
B1_corrected,pointnet2,softmax,scan,f1_class::Cohesinopathy,2,0.11536449397828501,0.024864705701702464,5,1840,733
B1_corrected,pointnet2,softmax,scan,f1_class::Cohesinopathy,3,0.12512890887598904,0.030543271294207298,5,1840,733
B1_corrected,pointnet2,softmax,scan,f1_class::Cohesinopathy,4,0.15567737829664516,0.01714781649915376,5,1840,733
B1_corrected,pointnet2,softmax,scan,f1_class::Cohesinopathy,5,0.2030311392977246,0.052594894425164136,5,1840,733
B1_corrected,pointnet2,softmax,scan,f1_class::Connective Tissue,1,0.3126686494012175,0.025915328477894344,5,1840,733
B1_corrected,pointnet2,softmax,scan,f1_class::Connective Tissue,2,0.2681754188043496,0.020542085269208404,5,1840,733
B1_corrected,pointnet2,softmax,scan,f1_class::Connective Tissue,3,0.2817194737109991,0.016037179687157878,5,1840,733
B1_corrected,pointnet2,softmax,scan,f1_class::Connective Tissue,4,0.2397942754077905,0.010824613339910267,5,1840,733
B1_corrected,pointnet2,softmax,scan,f1_class::Connective Tissue,5,0.2560042252656162,0.023330103542023993,5,1840,733
B1_corrected,pointnet2,softmax,scan,f1_class::Control,1,0.5917479952016922,0.01342347459642021,5,1840,733
B1_corrected,pointnet2,softmax,scan,f1_class::Control,2,0.5269848341579462,0.006779005070970978,5,1840,733
B1_corrected,pointnet2,softmax,scan,f1_class::Control,3,0.557242898743921,0.018487945761600844,5,1840,733
B1_corrected,pointnet2,softmax,scan,f1_class::Control,4,0.4977603936094502,0.025257095249017873,5,1840,733
B1_corrected,pointnet2,softmax,scan,f1_class::Control,5,0.5645556347875135,0.009632366415312824,5,1840,733
B1_corrected,pointnet2,softmax,scan,f1_class::DNA Repair,1,0.4195663408605775,0.020106361438471252,5,1840,733
B1_corrected,pointnet2,softmax,scan,f1_class::DNA Repair,2,0.2827994227994227,0.05639213822569888,5,1840,733
B1_corrected,pointnet2,softmax,scan,f1_class::DNA Repair,3,0.48844199663004506,0.0333450566161102,5,1840,733
B1_corrected,pointnet2,softmax,scan,f1_class::DNA Repair,4,0.38656301058491593,0.017802715882641738,5,1840,733
B1_corrected,pointnet2,softmax,scan,f1_class::DNA Repair,5,0.39096618357487917,0.03800323767023828,5,1840,733
B1_corrected,pointnet2,softmax,scan,f1_class::Deletion,1,0.22620536063361674,0.016821363210971073,5,1840,733
B1_corrected,pointnet2,softmax,scan,f1_class::Deletion,2,0.14487780437841663,0.02519444147908316,5,1840,733
B1_corrected,pointnet2,softmax,scan,f1_class::Deletion,3,0.18970971448958038,0.009735033089131899,5,1840,733
B1_corrected,pointnet2,softmax,scan,f1_class::Deletion,4,0.06845912858446083,0.014470579452764091,5,1840,733
B1_corrected,pointnet2,softmax,scan,f1_class::Deletion,5,0.2597867481751065,0.007682140038005766,5,1840,733
B1_corrected,pointnet2,softmax,scan,f1_class::Duplication,1,0.18414865219483917,0.013840637928493346,5,1840,733
B1_corrected,pointnet2,softmax,scan,f1_class::Duplication,2,0.16390494613699289,0.013821362421989981,5,1840,733
B1_corrected,pointnet2,softmax,scan,f1_class::Duplication,3,0.13618877592501247,0.019524174655568792,5,1840,733
B1_corrected,pointnet2,softmax,scan,f1_class::Duplication,4,0.10674764002944234,0.01957648509445584,5,1840,733
B1_corrected,pointnet2,softmax,scan,f1_class::Duplication,5,0.17956933677863907,0.022183579855692474,5,1840,733
B1_corrected,pointnet2,softmax,scan,f1_class::Ectodermal,1,0.3094377978548674,0.029611906918390548,5,1840,733
B1_corrected,pointnet2,softmax,scan,f1_class::Ectodermal,2,0.19567354335424075,0.04576463281823067,5,1840,733
B1_corrected,pointnet2,softmax,scan,f1_class::Ectodermal,3,0.23380042287375083,0.012799539395002276,5,1840,733
B1_corrected,pointnet2,softmax,scan,f1_class::Ectodermal,4,0.2046382273217716,0.027310154678367744,5,1840,733
B1_corrected,pointnet2,softmax,scan,f1_class::Ectodermal,5,0.2108374177532509,0.03181228031327752,5,1840,733
B1_corrected,pointnet2,softmax,scan,f1_class::Growth,1,0.17522274153853096,0.051039728194538656,5,1840,733
B1_corrected,pointnet2,softmax,scan,f1_class::Growth,2,0.1643521594684385,0.026793046718458113,5,1840,733
B1_corrected,pointnet2,softmax,scan,f1_class::Growth,3,0.2304948821218853,0.02911238821311319,5,1840,733
B1_corrected,pointnet2,softmax,scan,f1_class::Growth,4,0.19818617314585055,0.04443769234750905,5,1840,733
B1_corrected,pointnet2,softmax,scan,f1_class::Growth,5,0.2219973677116534,0.022455426045631676,5,1840,733
B1_corrected,pointnet2,softmax,scan,f1_class::Imprinting,1,0.24840443569394624,0.01571926552634102,5,1840,733
B1_corrected,pointnet2,softmax,scan,f1_class::Imprinting,2,0.24106304041459553,0.016523635717984854,5,1840,733
B1_corrected,pointnet2,softmax,scan,f1_class::Imprinting,3,0.15186465269703125,0.017058338797937233,5,1840,733
B1_corrected,pointnet2,softmax,scan,f1_class::Imprinting,4,0.21738283919939985,0.01841131819073207,5,1840,733
B1_corrected,pointnet2,softmax,scan,f1_class::Imprinting,5,0.22228541779269384,0.021000718509554643,5,1840,733
B1_corrected,pointnet2,softmax,scan,f1_class::Lysozome,1,0.5148458724204745,0.017813788312143607,5,1840,733
B1_corrected,pointnet2,softmax,scan,f1_class::Lysozome,2,0.4798724213035824,0.00809784538248096,5,1840,733
B1_corrected,pointnet2,softmax,scan,f1_class::Lysozome,3,0.4598496212173148,0.019146089824726837,5,1840,733
B1_corrected,pointnet2,softmax,scan,f1_class::Lysozome,4,0.4398886029862242,0.03598391746882399,5,1840,733
B1_corrected,pointnet2,softmax,scan,f1_class::Lysozome,5,0.4127035742035742,0.03419837176830534,5,1840,733
B1_corrected,pointnet2,softmax,scan,f1_class::Neurocristopathy,1,0.14719717933227028,0.014878624682752372,5,1840,733
B1_corrected,pointnet2,softmax,scan,f1_class::Neurocristopathy,2,0.15329889768767832,0.015026894164086218,5,1840,733
B1_corrected,pointnet2,softmax,scan,f1_class::Neurocristopathy,3,0.14188370514210133,0.022807096134431975,5,1840,733
B1_corrected,pointnet2,softmax,scan,f1_class::Neurocristopathy,4,0.1475575683797427,0.02485942450539497,5,1840,733
B1_corrected,pointnet2,softmax,scan,f1_class::Neurocristopathy,5,0.18410847351362772,0.011735360175726062,5,1840,733
B1_corrected,pointnet2,softmax,scan,f1_class::Peroxisome,1,0.22073887173307222,0.04239555961359678,5,1840,733
B1_corrected,pointnet2,softmax,scan,f1_class::Peroxisome,2,0.19862251739706568,0.02811491935843229,5,1840,733
B1_corrected,pointnet2,softmax,scan,f1_class::Peroxisome,3,0.17817234868073842,0.01050118266731823,5,1840,733
B1_corrected,pointnet2,softmax,scan,f1_class::Peroxisome,4,0.18222283114726137,0.01796806520529246,5,1840,733
B1_corrected,pointnet2,softmax,scan,f1_class::Peroxisome,5,0.22976921971134492,0.023467027691115538,5,1840,733
B1_corrected,pointnet2,softmax,scan,f1_class::Primary Palate,1,0.18993766985702468,0.0038933763288867226,5,1840,733
B1_corrected,pointnet2,softmax,scan,f1_class::Primary Palate,2,0.1752660892893593,0.008848499472279683,5,1840,733
B1_corrected,pointnet2,softmax,scan,f1_class::Primary Palate,3,0.19112997658079625,0.012144337690539268,5,1840,733
B1_corrected,pointnet2,softmax,scan,f1_class::Primary Palate,4,0.12503722084367241,0.006674940671426093,5,1840,733
B1_corrected,pointnet2,softmax,scan,f1_class::Primary Palate,5,0.18106372274891563,0.012923568774100674,5,1840,733
B1_corrected,pointnet2,softmax,scan,f1_class::Rasopathy,1,0.31187578226551294,0.023263249458742682,5,1840,733
B1_corrected,pointnet2,softmax,scan,f1_class::Rasopathy,2,0.3224948208931787,0.018390528308147847,5,1840,733
B1_corrected,pointnet2,softmax,scan,f1_class::Rasopathy,3,0.24486399506106057,0.028204377902518642,5,1840,733
B1_corrected,pointnet2,softmax,scan,f1_class::Rasopathy,4,0.1323031754070903,0.017649526669055643,5,1840,733
B1_corrected,pointnet2,softmax,scan,f1_class::Rasopathy,5,0.2727756970758978,0.012069984296635104,5,1840,733
B1_corrected,pointnet2,softmax,scan,f1_class::Sex Chromosome,1,0.14481323068149413,0.019281652922294303,5,1840,733
B1_corrected,pointnet2,softmax,scan,f1_class::Sex Chromosome,2,0.2104748511286843,0.027411500753769847,5,1840,733
B1_corrected,pointnet2,softmax,scan,f1_class::Sex Chromosome,3,0.20311963949831874,0.013683329982539157,5,1840,733
B1_corrected,pointnet2,softmax,scan,f1_class::Sex Chromosome,4,0.1897692790378877,0.011125076522260318,5,1840,733
B1_corrected,pointnet2,softmax,scan,f1_class::Sex Chromosome,5,0.19493917711534287,0.018346456470910984,5,1840,733
B1_corrected,pointnet2,softmax,scan,f1_class::Trisomy,1,0.2504949992666126,0.01969092704389553,5,1840,733
B1_corrected,pointnet2,softmax,scan,f1_class::Trisomy,2,0.2411261533700792,0.027918873166896355,5,1840,733
B1_corrected,pointnet2,softmax,scan,f1_class::Trisomy,3,0.23061163132527981,0.01570604267631442,5,1840,733
B1_corrected,pointnet2,softmax,scan,f1_class::Trisomy,4,0.20189040129522834,0.014312053603807766,5,1840,733
B1_corrected,pointnet2,softmax,scan,f1_class::Trisomy,5,0.2534895991548388,0.03347920628163806,5,1840,733
B1_corrected,pointnet2,softmax,scan,f1_class::Uncategorized,1,0.14944701263381463,0.01886479208416414,5,1840,733
B1_corrected,pointnet2,softmax,scan,f1_class::Uncategorized,2,0.10596091786897235,0.015874547834440617,5,1840,733
B1_corrected,pointnet2,softmax,scan,f1_class::Uncategorized,3,0.11221693159831078,0.020323261454893493,5,1840,733
B1_corrected,pointnet2,softmax,scan,f1_class::Uncategorized,4,0.05385061240801542,0.018684036553190356,5,1840,733
B1_corrected,pointnet2,softmax,scan,f1_class::Uncategorized,5,0.14717461380302543,0.02286117864058753,5,1840,733
B1_corrected,pointnet2,softmax,scan,macro_auc,1,0.7836218187017069,0.0016277099560620659,5,1840,733
B1_corrected,pointnet2,softmax,scan,macro_auc,2,0.7664847254983632,0.001219133365959134,5,1840,733
B1_corrected,pointnet2,softmax,scan,macro_auc,3,0.7738530724621058,0.0027698088844284006,5,1840,733
B1_corrected,pointnet2,softmax,scan,macro_auc,4,0.7658004737252699,0.003584676081704763,5,1840,733
B1_corrected,pointnet2,softmax,scan,macro_auc,5,0.7848524352157619,0.002878723937632115,5,1840,733
B1_corrected,pointnet2,softmax,scan,macro_f1,1,0.27170723074457825,0.005789592227435314,5,1840,733
B1_corrected,pointnet2,softmax,scan,macro_f1,2,0.23930589864130614,0.004964328046252598,5,1840,733
B1_corrected,pointnet2,softmax,scan,macro_f1,3,0.24289311939314584,0.005122300028158428,5,1840,733
B1_corrected,pointnet2,softmax,scan,macro_f1,4,0.2088370765092192,0.00728947751778336,5,1840,733
B1_corrected,pointnet2,softmax,scan,macro_f1,5,0.25896033453079176,0.0028776796719629204,5,1840,733
B1_corrected,pointnet2,softmax,scan,top3_accuracy,1,0.6139130434782609,0.0038159760177265255,5,1840,733
B1_corrected,pointnet2,softmax,scan,top3_accuracy,2,0.5798913043478261,0.0041921871251471635,5,1840,733
B1_corrected,pointnet2,softmax,scan,top3_accuracy,3,0.58,0.008458030490200203,5,1840,733
B1_corrected,pointnet2,softmax,scan,top3_accuracy,4,0.49793478260869567,0.006435113093745936,5,1840,733
B1_corrected,pointnet2,softmax,scan,top3_accuracy,5,0.6064130434782609,0.0059955284219659144,5,1840,733
B1_corrected,pointnet2,softmax,scan,top5_accuracy,1,0.7727173913043478,0.0049123941471637764,5,1840,733
B1_corrected,pointnet2,softmax,scan,top5_accuracy,2,0.7568478260869566,0.004425261518657031,5,1840,733
B1_corrected,pointnet2,softmax,scan,top5_accuracy,3,0.7506521739130434,0.0020479830088496256,5,1840,733
B1_corrected,pointnet2,softmax,scan,top5_accuracy,4,0.696304347826087,0.006295908894597658,5,1840,733
B1_corrected,pointnet2,softmax,scan,top5_accuracy,5,0.7627173913043478,0.0040778981483269704,5,1840,733
B1_corrected,pointnet2,softmax,subject,accuracy,1,0.3386084583901773,0.0078013524995884315,5,733,733
B1_corrected,pointnet2,softmax,subject,accuracy,2,0.31377899045020463,0.01173577799050835,5,733,733
B1_corrected,pointnet2,softmax,subject,accuracy,3,0.3080491132332878,0.008914766304340807,5,733,733
B1_corrected,pointnet2,softmax,subject,accuracy,4,0.26302864938608456,0.011266479029774958,5,733,733
B1_corrected,pointnet2,softmax,subject,accuracy,5,0.320600272851296,0.01120851072657231,5,733,733
B1_corrected,pointnet2,softmax,subject,f1_class::Cartilage,1,0.30965389876880983,0.053736881505006655,5,733,733
B1_corrected,pointnet2,softmax,subject,f1_class::Cartilage,2,0.3720833333333333,0.029923223515449605,5,733,733
B1_corrected,pointnet2,softmax,subject,f1_class::Cartilage,3,0.29157417387876694,0.03644734932406407,5,733,733
B1_corrected,pointnet2,softmax,subject,f1_class::Cartilage,4,0.2911281044915997,0.02473236998563717,5,733,733
B1_corrected,pointnet2,softmax,subject,f1_class::Cartilage,5,0.32243490499648136,0.03474369668214417,5,733,733
B1_corrected,pointnet2,softmax,subject,f1_class::Ciliopathy,1,0.3857288560021065,0.049656581375426855,5,733,733
B1_corrected,pointnet2,softmax,subject,f1_class::Ciliopathy,2,0.27746681792399314,0.034304884894008826,5,733,733
B1_corrected,pointnet2,softmax,subject,f1_class::Ciliopathy,3,0.3096830221450282,0.022816813595287512,5,733,733
B1_corrected,pointnet2,softmax,subject,f1_class::Ciliopathy,4,0.2430997404523544,0.02555884262967007,5,733,733
B1_corrected,pointnet2,softmax,subject,f1_class::Ciliopathy,5,0.296009250693802,0.03581596962388223,5,733,733
B1_corrected,pointnet2,softmax,subject,f1_class::Cohesinopathy,1,0.16379183540473857,0.06796344042290113,5,733,733
B1_corrected,pointnet2,softmax,subject,f1_class::Cohesinopathy,2,0.22598916601730182,0.050943298243909224,5,733,733
B1_corrected,pointnet2,softmax,subject,f1_class::Cohesinopathy,3,0.1547122074636306,0.038889504706437206,5,733,733
B1_corrected,pointnet2,softmax,subject,f1_class::Cohesinopathy,4,0.2233188395155583,0.03226508055271594,5,733,733
B1_corrected,pointnet2,softmax,subject,f1_class::Cohesinopathy,5,0.29075539275539275,0.05217261839512673,5,733,733
B1_corrected,pointnet2,softmax,subject,f1_class::Connective Tissue,1,0.34133235510784055,0.02192865274967338,5,733,733
B1_corrected,pointnet2,softmax,subject,f1_class::Connective Tissue,2,0.3136770120513785,0.022163570836630758,5,733,733
B1_corrected,pointnet2,softmax,subject,f1_class::Connective Tissue,3,0.30311517593199777,0.016441174839550488,5,733,733
B1_corrected,pointnet2,softmax,subject,f1_class::Connective Tissue,4,0.2325923274613532,0.020669349748758316,5,733,733
B1_corrected,pointnet2,softmax,subject,f1_class::Connective Tissue,5,0.2684222527827732,0.046023734630198834,5,733,733
B1_corrected,pointnet2,softmax,subject,f1_class::Control,1,0.6123922492406757,0.010882027611245827,5,733,733
B1_corrected,pointnet2,softmax,subject,f1_class::Control,2,0.5624464688020374,0.00717075835841095,5,733,733
B1_corrected,pointnet2,softmax,subject,f1_class::Control,3,0.582453235140564,0.023251438146492467,5,733,733
B1_corrected,pointnet2,softmax,subject,f1_class::Control,4,0.5410272126459944,0.009053947454699606,5,733,733
B1_corrected,pointnet2,softmax,subject,f1_class::Control,5,0.5708456206260794,0.017624816235273615,5,733,733
B1_corrected,pointnet2,softmax,subject,f1_class::DNA Repair,1,0.6221428571428571,0.07235314315399878,5,733,733
B1_corrected,pointnet2,softmax,subject,f1_class::DNA Repair,2,0.4503846153846154,0.13570650593392428,5,733,733
B1_corrected,pointnet2,softmax,subject,f1_class::DNA Repair,3,0.6681318681318682,0.09401867971959316,5,733,733
B1_corrected,pointnet2,softmax,subject,f1_class::DNA Repair,4,0.5485228222070326,0.12006545868378103,5,733,733
B1_corrected,pointnet2,softmax,subject,f1_class::DNA Repair,5,0.5457659987071752,0.058970564298845486,5,733,733
B1_corrected,pointnet2,softmax,subject,f1_class::Deletion,1,0.24147785466188312,0.01465856729853362,5,733,733
B1_corrected,pointnet2,softmax,subject,f1_class::Deletion,2,0.15407073224407664,0.034738752661020215,5,733,733
B1_corrected,pointnet2,softmax,subject,f1_class::Deletion,3,0.17398731906555723,0.015424076068220986,5,733,733
B1_corrected,pointnet2,softmax,subject,f1_class::Deletion,4,0.06580629214100325,0.03933440137492072,5,733,733
B1_corrected,pointnet2,softmax,subject,f1_class::Deletion,5,0.25523165727354974,0.01494185463017024,5,733,733
B1_corrected,pointnet2,softmax,subject,f1_class::Duplication,1,0.2887904848731191,0.022431681129982,5,733,733
B1_corrected,pointnet2,softmax,subject,f1_class::Duplication,2,0.20028067414256673,0.026699379386902252,5,733,733
B1_corrected,pointnet2,softmax,subject,f1_class::Duplication,3,0.16974936106781946,0.031033506335618858,5,733,733
B1_corrected,pointnet2,softmax,subject,f1_class::Duplication,4,0.11613543242758831,0.020698113481854716,5,733,733
B1_corrected,pointnet2,softmax,subject,f1_class::Duplication,5,0.19655231941601517,0.02192840510077005,5,733,733
B1_corrected,pointnet2,softmax,subject,f1_class::Ectodermal,1,0.3360862415867471,0.04834697357834499,5,733,733
B1_corrected,pointnet2,softmax,subject,f1_class::Ectodermal,2,0.20289562289562285,0.05789941419938312,5,733,733
B1_corrected,pointnet2,softmax,subject,f1_class::Ectodermal,3,0.31217294900221726,0.02314743309272985,5,733,733
B1_corrected,pointnet2,softmax,subject,f1_class::Ectodermal,4,0.23086559094261272,0.019129089789774654,5,733,733
B1_corrected,pointnet2,softmax,subject,f1_class::Ectodermal,5,0.20915830894965187,0.026856282440784713,5,733,733
B1_corrected,pointnet2,softmax,subject,f1_class::Growth,1,0.3072549019607843,0.14863792709729265,5,733,733
B1_corrected,pointnet2,softmax,subject,f1_class::Growth,2,0.2188888888888889,0.08123278545081883,5,733,733
B1_corrected,pointnet2,softmax,subject,f1_class::Growth,3,0.2601324730020382,0.0261462753748567,5,733,733
B1_corrected,pointnet2,softmax,subject,f1_class::Growth,4,0.28787566137566134,0.042413516956189,5,733,733
B1_corrected,pointnet2,softmax,subject,f1_class::Growth,5,0.3591106719367589,0.05288142056145446,5,733,733
B1_corrected,pointnet2,softmax,subject,f1_class::Imprinting,1,0.2522634548738284,0.020792662646588064,5,733,733
B1_corrected,pointnet2,softmax,subject,f1_class::Imprinting,2,0.20869316653877573,0.024305532236481808,5,733,733
B1_corrected,pointnet2,softmax,subject,f1_class::Imprinting,3,0.1411119390627587,0.03448288031071905,5,733,733
B1_corrected,pointnet2,softmax,subject,f1_class::Imprinting,4,0.24264695114510024,0.012740885818065555,5,733,733
B1_corrected,pointnet2,softmax,subject,f1_class::Imprinting,5,0.25042525813639643,0.011374707196481811,5,733,733
B1_corrected,pointnet2,softmax,subject,f1_class::Lysozome,1,0.5932718894009217,0.03007349404131703,5,733,733
B1_corrected,pointnet2,softmax,subject,f1_class::Lysozome,2,0.5917972350230414,0.04619157703929974,5,733,733
B1_corrected,pointnet2,softmax,subject,f1_class::Lysozome,3,0.4515411417850442,0.030249346526509614,5,733,733
B1_corrected,pointnet2,softmax,subject,f1_class::Lysozome,4,0.4670383275261324,0.03098558294901338,5,733,733
B1_corrected,pointnet2,softmax,subject,f1_class::Lysozome,5,0.6239768926725449,0.0868356111038337,5,733,733
B1_corrected,pointnet2,softmax,subject,f1_class::Neurocristopathy,1,0.1718775823617717,0.019324851004710313,5,733,733
B1_corrected,pointnet2,softmax,subject,f1_class::Neurocristopathy,2,0.21861969382505805,0.021151350049040344,5,733,733
B1_corrected,pointnet2,softmax,subject,f1_class::Neurocristopathy,3,0.179930276577111,0.026989280314704055,5,733,733
B1_corrected,pointnet2,softmax,subject,f1_class::Neurocristopathy,4,0.16675566596598296,0.036779449932322954,5,733,733
B1_corrected,pointnet2,softmax,subject,f1_class::Neurocristopathy,5,0.2329584661450787,0.03354387430000182,5,733,733
B1_corrected,pointnet2,softmax,subject,f1_class::Peroxisome,1,0.25413137587050627,0.07177908807406444,5,733,733
B1_corrected,pointnet2,softmax,subject,f1_class::Peroxisome,2,0.2610851370851371,0.053890668123379205,5,733,733
B1_corrected,pointnet2,softmax,subject,f1_class::Peroxisome,3,0.23616022686990426,0.032955436472640175,5,733,733
B1_corrected,pointnet2,softmax,subject,f1_class::Peroxisome,4,0.19865601377845818,0.02740280821362416,5,733,733
B1_corrected,pointnet2,softmax,subject,f1_class::Peroxisome,5,0.261936832170425,0.012593558657606689,5,733,733
B1_corrected,pointnet2,softmax,subject,f1_class::Primary Palate,1,0.31065419748346573,0.023332598535638183,5,733,733
B1_corrected,pointnet2,softmax,subject,f1_class::Primary Palate,2,0.30688644688644684,0.017294653692913126,5,733,733
B1_corrected,pointnet2,softmax,subject,f1_class::Primary Palate,3,0.3066231066231066,0.013728997347605094,5,733,733
B1_corrected,pointnet2,softmax,subject,f1_class::Primary Palate,4,0.22324217850098976,0.02352652882246992,5,733,733
B1_corrected,pointnet2,softmax,subject,f1_class::Primary Palate,5,0.31888257729079295,0.04403634120793043,5,733,733
B1_corrected,pointnet2,softmax,subject,f1_class::Rasopathy,1,0.32458525237286295,0.05360580764529375,5,733,733
B1_corrected,pointnet2,softmax,subject,f1_class::Rasopathy,2,0.3710974368623174,0.04762961214534217,5,733,733
B1_corrected,pointnet2,softmax,subject,f1_class::Rasopathy,3,0.23396682665621835,0.036659165916054226,5,733,733
B1_corrected,pointnet2,softmax,subject,f1_class::Rasopathy,4,0.10024475524475522,0.04201579973106207,5,733,733
B1_corrected,pointnet2,softmax,subject,f1_class::Rasopathy,5,0.2811239642489083,0.040986973478237855,5,733,733
B1_corrected,pointnet2,softmax,subject,f1_class::Sex Chromosome,1,0.1861263816553561,0.03743046177360204,5,733,733
B1_corrected,pointnet2,softmax,subject,f1_class::Sex Chromosome,2,0.281739993103601,0.04185119977515962,5,733,733
B1_corrected,pointnet2,softmax,subject,f1_class::Sex Chromosome,3,0.2722806285431202,0.03405739387051154,5,733,733
B1_corrected,pointnet2,softmax,subject,f1_class::Sex Chromosome,4,0.20961142820946135,0.03955659949208714,5,733,733
B1_corrected,pointnet2,softmax,subject,f1_class::Sex Chromosome,5,0.23391807003475007,0.02719977882988671,5,733,733
B1_corrected,pointnet2,softmax,subject,f1_class::Trisomy,1,0.4150859158917176,0.023797064277861945,5,733,733
B1_corrected,pointnet2,softmax,subject,f1_class::Trisomy,2,0.39083856966209907,0.026048917910657353,5,733,733
B1_corrected,pointnet2,softmax,subject,f1_class::Trisomy,3,0.42137456111546134,0.017162135931611325,5,733,733
B1_corrected,pointnet2,softmax,subject,f1_class::Trisomy,4,0.33652887759216876,0.015884551697644196,5,733,733
B1_corrected,pointnet2,softmax,subject,f1_class::Trisomy,5,0.43436840992174985,0.05920756626699429,5,733,733
B1_corrected,pointnet2,softmax,subject,f1_class::Uncategorized,1,0.12105572051143332,0.019514884300141686,5,733,733
B1_corrected,pointnet2,softmax,subject,f1_class::Uncategorized,2,0.1203695923422349,0.016927231435532347,5,733,733
B1_corrected,pointnet2,softmax,subject,f1_class::Uncategorized,3,0.07976048273633962,0.03793546186149636,5,733,733
B1_corrected,pointnet2,softmax,subject,f1_class::Uncategorized,4,0.032124039295967924,0.022642337058662674,5,733,733
B1_corrected,pointnet2,softmax,subject,f1_class::Uncategorized,5,0.12815268816076456,0.016685739349964916,5,733,733
B1_corrected,pointnet2,softmax,subject,macro_auc,1,0.8116702797669479,0.0019726733678947124,5,733,733
B1_corrected,pointnet2,softmax,subject,macro_auc,2,0.7983669556284433,0.003687763733520022,5,733,733
B1_corrected,pointnet2,softmax,subject,macro_auc,3,0.8076550819974393,0.0030934157303188713,5,733,733
B1_corrected,pointnet2,softmax,subject,macro_auc,4,0.8012735233786191,0.0036293872530285924,5,733,733
B1_corrected,pointnet2,softmax,subject,macro_auc,5,0.8097367080463436,0.004054552339025562,5,733,733
B1_corrected,pointnet2,softmax,subject,macro_f1,1,0.32830017395639083,0.018668660346290764,5,733,733
B1_corrected,pointnet2,softmax,subject,macro_f1,2,0.30154266331644874,0.014152239911999038,5,733,733
B1_corrected,pointnet2,softmax,subject,macro_f1,3,0.29202426183150276,0.004203099439925299,5,733,733
B1_corrected,pointnet2,softmax,subject,macro_f1,4,0.25038001373261976,0.00789902112005864,5,733,733
B1_corrected,pointnet2,softmax,subject,macro_f1,5,0.320001554574689,0.009806612866481918,5,733,733
B1_corrected,pointnet2,softmax,subject,top3_accuracy,1,0.6510231923601637,0.008809759503936128,5,733,733
B1_corrected,pointnet2,softmax,subject,top3_accuracy,2,0.600818553888131,0.007257536741211666,5,733,733
B1_corrected,pointnet2,softmax,subject,top3_accuracy,3,0.6084583901773534,0.005194933905773486,5,733,733
B1_corrected,pointnet2,softmax,subject,top3_accuracy,4,0.5246930422919509,0.014521483318674106,5,733,733
B1_corrected,pointnet2,softmax,subject,top3_accuracy,5,0.6141882673942701,0.004861808917109279,5,733,733
B1_corrected,pointnet2,softmax,subject,top5_accuracy,1,0.793724420190996,0.007860769599393172,5,733,733
B1_corrected,pointnet2,softmax,subject,top5_accuracy,2,0.7577080491132333,0.007813272067272206,5,733,733
B1_corrected,pointnet2,softmax,subject,top5_accuracy,3,0.7705320600272851,0.005230638339067064,5,733,733
B1_corrected,pointnet2,softmax,subject,top5_accuracy,4,0.7195088676671214,0.008219574532819683,5,733,733
B1_corrected,pointnet2,softmax,subject,top5_accuracy,5,0.7757162346521146,0.005158982374130718,5,733,733
B2_corrected,dgcnn,knn11,scan,accuracy,1,0.2736842105263158,0.0,1,475,169
B2_corrected,dgcnn,knn11,scan,accuracy,2,0.2505263157894737,0.0,1,475,169
B2_corrected,dgcnn,knn11,scan,accuracy,3,0.2589473684210526,0.0,1,475,169
B2_corrected,dgcnn,knn11,scan,accuracy,4,0.2547368421052631,0.0,1,475,169
B2_corrected,dgcnn,knn11,scan,accuracy,5,0.2842105263157894,0.0,1,475,169
B2_corrected,dgcnn,knn11,scan,f1_class::4p Deletion Wolff-Hirschhorn Syndrome,1,0.3529411764705882,0.0,1,475,169
B2_corrected,dgcnn,knn11,scan,f1_class::4p Deletion Wolff-Hirschhorn Syndrome,2,0.4,0.0,1,475,169
B2_corrected,dgcnn,knn11,scan,f1_class::4p Deletion Wolff-Hirschhorn Syndrome,3,0.2222222222222222,0.0,1,475,169
B2_corrected,dgcnn,knn11,scan,f1_class::4p Deletion Wolff-Hirschhorn Syndrome,4,0.3076923076923077,0.0,1,475,169
B2_corrected,dgcnn,knn11,scan,f1_class::4p Deletion Wolff-Hirschhorn Syndrome,5,0.1428571428571428,0.0,1,475,169
B2_corrected,dgcnn,knn11,scan,f1_class::5p-,1,0.3636363636363636,0.0,1,475,169
B2_corrected,dgcnn,knn11,scan,f1_class::5p-,2,0.0,0.0,1,475,169
B2_corrected,dgcnn,knn11,scan,f1_class::5p-,3,0.2727272727272727,0.0,1,475,169
B2_corrected,dgcnn,knn11,scan,f1_class::5p-,4,0.32,0.0,1,475,169
B2_corrected,dgcnn,knn11,scan,f1_class::5p-,5,0.4761904761904761,0.0,1,475,169
B2_corrected,dgcnn,knn11,scan,f1_class::Achondroplasia,1,0.3333333333333333,0.0,1,475,169
B2_corrected,dgcnn,knn11,scan,f1_class::Achondroplasia,2,0.3157894736842105,0.0,1,475,169
B2_corrected,dgcnn,knn11,scan,f1_class::Achondroplasia,3,0.3529411764705882,0.0,1,475,169
B2_corrected,dgcnn,knn11,scan,f1_class::Achondroplasia,4,0.3888888888888889,0.0,1,475,169
B2_corrected,dgcnn,knn11,scan,f1_class::Achondroplasia,5,0.4,0.0,1,475,169
B2_corrected,dgcnn,knn11,scan,f1_class::Angelman Syndrome,1,0.2352941176470588,0.0,1,475,169
B2_corrected,dgcnn,knn11,scan,f1_class::Angelman Syndrome,2,0.0,0.0,1,475,169
B2_corrected,dgcnn,knn11,scan,f1_class::Angelman Syndrome,3,0.0,0.0,1,475,169
B2_corrected,dgcnn,knn11,scan,f1_class::Angelman Syndrome,4,0.1176470588235294,0.0,1,475,169
B2_corrected,dgcnn,knn11,scan,f1_class::Angelman Syndrome,5,0.0952380952380952,0.0,1,475,169
B2_corrected,dgcnn,knn11,scan,f1_class::Apert Syndrome,1,0.25,0.0,1,475,169
B2_corrected,dgcnn,knn11,scan,f1_class::Apert Syndrome,2,0.2,0.0,1,475,169
B2_corrected,dgcnn,knn11,scan,f1_class::Apert Syndrome,3,0.3076923076923077,0.0,1,475,169
B2_corrected,dgcnn,knn11,scan,f1_class::Apert Syndrome,4,0.1818181818181818,0.0,1,475,169
B2_corrected,dgcnn,knn11,scan,f1_class::Apert Syndrome,5,0.2222222222222222,0.0,1,475,169
B2_corrected,dgcnn,knn11,scan,f1_class::Bohring-Opitz Syndrome,1,0.1538461538461538,0.0,1,475,169
B2_corrected,dgcnn,knn11,scan,f1_class::Bohring-Opitz Syndrome,2,0.4,0.0,1,475,169
B2_corrected,dgcnn,knn11,scan,f1_class::Bohring-Opitz Syndrome,3,0.3076923076923077,0.0,1,475,169
B2_corrected,dgcnn,knn11,scan,f1_class::Bohring-Opitz Syndrome,4,0.3157894736842105,0.0,1,475,169
B2_corrected,dgcnn,knn11,scan,f1_class::Bohring-Opitz Syndrome,5,0.1428571428571428,0.0,1,475,169
B2_corrected,dgcnn,knn11,scan,f1_class::CDKL5,1,0.0,0.0,1,475,169
B2_corrected,dgcnn,knn11,scan,f1_class::CDKL5,2,0.0,0.0,1,475,169
B2_corrected,dgcnn,knn11,scan,f1_class::CDKL5,3,0.0,0.0,1,475,169
B2_corrected,dgcnn,knn11,scan,f1_class::CDKL5,4,0.0,0.0,1,475,169
B2_corrected,dgcnn,knn11,scan,f1_class::CDKL5,5,0.0,0.0,1,475,169
B2_corrected,dgcnn,knn11,scan,f1_class::CFC,1,0.0,0.0,1,475,169
B2_corrected,dgcnn,knn11,scan,f1_class::CFC,2,0.1212121212121212,0.0,1,475,169
B2_corrected,dgcnn,knn11,scan,f1_class::CFC,3,0.054054054054054,0.0,1,475,169
B2_corrected,dgcnn,knn11,scan,f1_class::CFC,4,0.0,0.0,1,475,169
B2_corrected,dgcnn,knn11,scan,f1_class::CFC,5,0.0,0.0,1,475,169
B2_corrected,dgcnn,knn11,scan,f1_class::CHARGE Syndrome,1,0.0555555555555555,0.0,1,475,169
B2_corrected,dgcnn,knn11,scan,f1_class::CHARGE Syndrome,2,0.0833333333333333,0.0,1,475,169
B2_corrected,dgcnn,knn11,scan,f1_class::CHARGE Syndrome,3,0.1875,0.0,1,475,169
B2_corrected,dgcnn,knn11,scan,f1_class::CHARGE Syndrome,4,0.1333333333333333,0.0,1,475,169
B2_corrected,dgcnn,knn11,scan,f1_class::CHARGE Syndrome,5,0.1428571428571428,0.0,1,475,169
B2_corrected,dgcnn,knn11,scan,f1_class::CdLS,1,0.1176470588235294,0.0,1,475,169
B2_corrected,dgcnn,knn11,scan,f1_class::CdLS,2,0.1111111111111111,0.0,1,475,169
B2_corrected,dgcnn,knn11,scan,f1_class::CdLS,3,0.1951219512195122,0.0,1,475,169
B2_corrected,dgcnn,knn11,scan,f1_class::CdLS,4,0.1016949152542373,0.0,1,475,169
B2_corrected,dgcnn,knn11,scan,f1_class::CdLS,5,0.0888888888888888,0.0,1,475,169
B2_corrected,dgcnn,knn11,scan,f1_class::Cockayne Syndrome,1,0.2352941176470588,0.0,1,475,169
B2_corrected,dgcnn,knn11,scan,f1_class::Cockayne Syndrome,2,0.2745098039215686,0.0,1,475,169
B2_corrected,dgcnn,knn11,scan,f1_class::Cockayne Syndrome,3,0.2083333333333333,0.0,1,475,169
B2_corrected,dgcnn,knn11,scan,f1_class::Cockayne Syndrome,4,0.2352941176470588,0.0,1,475,169
B2_corrected,dgcnn,knn11,scan,f1_class::Cockayne Syndrome,5,0.2333333333333333,0.0,1,475,169
B2_corrected,dgcnn,knn11,scan,f1_class::Cohen Syndrome,1,0.3333333333333333,0.0,1,475,169
B2_corrected,dgcnn,knn11,scan,f1_class::Cohen Syndrome,2,0.3076923076923077,0.0,1,475,169
B2_corrected,dgcnn,knn11,scan,f1_class::Cohen Syndrome,3,0.32,0.0,1,475,169
B2_corrected,dgcnn,knn11,scan,f1_class::Cohen Syndrome,4,0.2307692307692307,0.0,1,475,169
B2_corrected,dgcnn,knn11,scan,f1_class::Cohen Syndrome,5,0.3076923076923077,0.0,1,475,169
B2_corrected,dgcnn,knn11,scan,f1_class::Costello Syndrome,1,0.2456140350877192,0.0,1,475,169
B2_corrected,dgcnn,knn11,scan,f1_class::Costello Syndrome,2,0.1153846153846153,0.0,1,475,169
B2_corrected,dgcnn,knn11,scan,f1_class::Costello Syndrome,3,0.1967213114754098,0.0,1,475,169
B2_corrected,dgcnn,knn11,scan,f1_class::Costello Syndrome,4,0.2127659574468085,0.0,1,475,169
B2_corrected,dgcnn,knn11,scan,f1_class::Costello Syndrome,5,0.2456140350877192,0.0,1,475,169
B2_corrected,dgcnn,knn11,scan,f1_class::Crouzon Syndrome,1,0.0,0.0,1,475,169
B2_corrected,dgcnn,knn11,scan,f1_class::Crouzon Syndrome,2,0.0,0.0,1,475,169
B2_corrected,dgcnn,knn11,scan,f1_class::Crouzon Syndrome,3,0.0,0.0,1,475,169
B2_corrected,dgcnn,knn11,scan,f1_class::Crouzon Syndrome,4,0.0,0.0,1,475,169
B2_corrected,dgcnn,knn11,scan,f1_class::Crouzon Syndrome,5,0.0,0.0,1,475,169
B2_corrected,dgcnn,knn11,scan,f1_class::Down Syndrome,1,0.6666666666666666,0.0,1,475,169
B2_corrected,dgcnn,knn11,scan,f1_class::Down Syndrome,2,0.6875,0.0,1,475,169
B2_corrected,dgcnn,knn11,scan,f1_class::Down Syndrome,3,0.625,0.0,1,475,169
B2_corrected,dgcnn,knn11,scan,f1_class::Down Syndrome,4,0.7096774193548387,0.0,1,475,169
B2_corrected,dgcnn,knn11,scan,f1_class::Down Syndrome,5,0.7272727272727273,0.0,1,475,169
B2_corrected,dgcnn,knn11,scan,f1_class::Ehlers-Danlos Syndrome,1,0.3902439024390244,0.0,1,475,169
B2_corrected,dgcnn,knn11,scan,f1_class::Ehlers-Danlos Syndrome,2,0.2727272727272727,0.0,1,475,169
B2_corrected,dgcnn,knn11,scan,f1_class::Ehlers-Danlos Syndrome,3,0.1714285714285714,0.0,1,475,169
B2_corrected,dgcnn,knn11,scan,f1_class::Ehlers-Danlos Syndrome,4,0.1621621621621621,0.0,1,475,169
B2_corrected,dgcnn,knn11,scan,f1_class::Ehlers-Danlos Syndrome,5,0.2222222222222222,0.0,1,475,169
B2_corrected,dgcnn,knn11,scan,"f1_class::Facial Dysmorphia, possibly genetic",1,0.1904761904761904,0.0,1,475,169
B2_corrected,dgcnn,knn11,scan,"f1_class::Facial Dysmorphia, possibly genetic",2,0.1395348837209302,0.0,1,475,169
B2_corrected,dgcnn,knn11,scan,"f1_class::Facial Dysmorphia, possibly genetic",3,0.2307692307692307,0.0,1,475,169
B2_corrected,dgcnn,knn11,scan,"f1_class::Facial Dysmorphia, possibly genetic",4,0.1632653061224489,0.0,1,475,169
B2_corrected,dgcnn,knn11,scan,"f1_class::Facial Dysmorphia, possibly genetic",5,0.2083333333333333,0.0,1,475,169
B2_corrected,dgcnn,knn11,scan,f1_class::Jacobsen Syndrome,1,0.1333333333333333,0.0,1,475,169
B2_corrected,dgcnn,knn11,scan,f1_class::Jacobsen Syndrome,2,0.3428571428571428,0.0,1,475,169
B2_corrected,dgcnn,knn11,scan,f1_class::Jacobsen Syndrome,3,0.3636363636363636,0.0,1,475,169
B2_corrected,dgcnn,knn11,scan,f1_class::Jacobsen Syndrome,4,0.3333333333333333,0.0,1,475,169
B2_corrected,dgcnn,knn11,scan,f1_class::Jacobsen Syndrome,5,0.2564102564102564,0.0,1,475,169
B2_corrected,dgcnn,knn11,scan,f1_class::Joubert Syndrome,1,0.1764705882352941,0.0,1,475,169
B2_corrected,dgcnn,knn11,scan,f1_class::Joubert Syndrome,2,0.1142857142857142,0.0,1,475,169
B2_corrected,dgcnn,knn11,scan,f1_class::Joubert Syndrome,3,0.0,0.0,1,475,169
B2_corrected,dgcnn,knn11,scan,f1_class::Joubert Syndrome,4,0.1428571428571428,0.0,1,475,169
B2_corrected,dgcnn,knn11,scan,f1_class::Joubert Syndrome,5,0.2666666666666666,0.0,1,475,169
B2_corrected,dgcnn,knn11,scan,f1_class::Loeys-Dietz Syndrome,1,0.3333333333333333,0.0,1,475,169
B2_corrected,dgcnn,knn11,scan,f1_class::Loeys-Dietz Syndrome,2,0.3529411764705882,0.0,1,475,169
B2_corrected,dgcnn,knn11,scan,f1_class::Loeys-Dietz Syndrome,3,0.3157894736842105,0.0,1,475,169
B2_corrected,dgcnn,knn11,scan,f1_class::Loeys-Dietz Syndrome,4,0.4210526315789473,0.0,1,475,169
B2_corrected,dgcnn,knn11,scan,f1_class::Loeys-Dietz Syndrome,5,0.4545454545454545,0.0,1,475,169
B2_corrected,dgcnn,knn11,scan,f1_class::Marfan Syndrome,1,0.1290322580645161,0.0,1,475,169
B2_corrected,dgcnn,knn11,scan,f1_class::Marfan Syndrome,2,0.1333333333333333,0.0,1,475,169
B2_corrected,dgcnn,knn11,scan,f1_class::Marfan Syndrome,3,0.1481481481481481,0.0,1,475,169
B2_corrected,dgcnn,knn11,scan,f1_class::Marfan Syndrome,4,0.3225806451612903,0.0,1,475,169
B2_corrected,dgcnn,knn11,scan,f1_class::Marfan Syndrome,5,0.2068965517241379,0.0,1,475,169
B2_corrected,dgcnn,knn11,scan,f1_class::Mucopolysaccharidosis type IIIB (Sanfilippo B),1,0.0,0.0,1,475,169
B2_corrected,dgcnn,knn11,scan,f1_class::Mucopolysaccharidosis type IIIB (Sanfilippo B),2,0.0,0.0,1,475,169
B2_corrected,dgcnn,knn11,scan,f1_class::Mucopolysaccharidosis type IIIB (Sanfilippo B),3,0.0,0.0,1,475,169
B2_corrected,dgcnn,knn11,scan,f1_class::Mucopolysaccharidosis type IIIB (Sanfilippo B),4,0.0,0.0,1,475,169
B2_corrected,dgcnn,knn11,scan,f1_class::Mucopolysaccharidosis type IIIB (Sanfilippo B),5,0.0,0.0,1,475,169
B2_corrected,dgcnn,knn11,scan,f1_class::Noonan Syndrome,1,0.3829787234042553,0.0,1,475,169
B2_corrected,dgcnn,knn11,scan,f1_class::Noonan Syndrome,2,0.2978723404255319,0.0,1,475,169
B2_corrected,dgcnn,knn11,scan,f1_class::Noonan Syndrome,3,0.3529411764705882,0.0,1,475,169
B2_corrected,dgcnn,knn11,scan,f1_class::Noonan Syndrome,4,0.35,0.0,1,475,169
B2_corrected,dgcnn,knn11,scan,f1_class::Noonan Syndrome,5,0.4489795918367347,0.0,1,475,169
B2_corrected,dgcnn,knn11,scan,f1_class::Pallister-Killian Syndrome,1,0.3225806451612903,0.0,1,475,169
B2_corrected,dgcnn,knn11,scan,f1_class::Pallister-Killian Syndrome,2,0.3333333333333333,0.0,1,475,169
B2_corrected,dgcnn,knn11,scan,f1_class::Pallister-Killian Syndrome,3,0.2666666666666666,0.0,1,475,169
B2_corrected,dgcnn,knn11,scan,f1_class::Pallister-Killian Syndrome,4,0.25,0.0,1,475,169
B2_corrected,dgcnn,knn11,scan,f1_class::Pallister-Killian Syndrome,5,0.3333333333333333,0.0,1,475,169
B2_corrected,dgcnn,knn11,scan,f1_class::Phelan McDermid Syndrome,1,0.5576923076923077,0.0,1,475,169
B2_corrected,dgcnn,knn11,scan,f1_class::Phelan McDermid Syndrome,2,0.4952380952380952,0.0,1,475,169
B2_corrected,dgcnn,knn11,scan,f1_class::Phelan McDermid Syndrome,3,0.5858585858585859,0.0,1,475,169
B2_corrected,dgcnn,knn11,scan,f1_class::Phelan McDermid Syndrome,4,0.490566037735849,0.0,1,475,169
B2_corrected,dgcnn,knn11,scan,f1_class::Phelan McDermid Syndrome,5,0.5742574257425742,0.0,1,475,169
B2_corrected,dgcnn,knn11,scan,f1_class::Pitt Hopkins,1,0.3,0.0,1,475,169
B2_corrected,dgcnn,knn11,scan,f1_class::Pitt Hopkins,2,0.3,0.0,1,475,169
B2_corrected,dgcnn,knn11,scan,f1_class::Pitt Hopkins,3,0.3157894736842105,0.0,1,475,169
B2_corrected,dgcnn,knn11,scan,f1_class::Pitt Hopkins,4,0.3,0.0,1,475,169
B2_corrected,dgcnn,knn11,scan,f1_class::Pitt Hopkins,5,0.3157894736842105,0.0,1,475,169
B2_corrected,dgcnn,knn11,scan,f1_class::Rett Syndrome,1,0.0,0.0,1,475,169
B2_corrected,dgcnn,knn11,scan,f1_class::Rett Syndrome,2,0.0,0.0,1,475,169
B2_corrected,dgcnn,knn11,scan,f1_class::Rett Syndrome,3,0.0,0.0,1,475,169
B2_corrected,dgcnn,knn11,scan,f1_class::Rett Syndrome,4,0.0,0.0,1,475,169
B2_corrected,dgcnn,knn11,scan,f1_class::Rett Syndrome,5,0.0,0.0,1,475,169
B2_corrected,dgcnn,knn11,scan,f1_class::Rubinstein-Taybi Syndrome,1,0.25,0.0,1,475,169
B2_corrected,dgcnn,knn11,scan,f1_class::Rubinstein-Taybi Syndrome,2,0.0,0.0,1,475,169
B2_corrected,dgcnn,knn11,scan,f1_class::Rubinstein-Taybi Syndrome,3,0.0,0.0,1,475,169
B2_corrected,dgcnn,knn11,scan,f1_class::Rubinstein-Taybi Syndrome,4,0.0,0.0,1,475,169
B2_corrected,dgcnn,knn11,scan,f1_class::Rubinstein-Taybi Syndrome,5,0.0,0.0,1,475,169
B2_corrected,dgcnn,knn11,scan,f1_class::Smith-Lemli-Opitz,1,0.0,0.0,1,475,169
B2_corrected,dgcnn,knn11,scan,f1_class::Smith-Lemli-Opitz,2,0.0,0.0,1,475,169
B2_corrected,dgcnn,knn11,scan,f1_class::Smith-Lemli-Opitz,3,0.2222222222222222,0.0,1,475,169
B2_corrected,dgcnn,knn11,scan,f1_class::Smith-Lemli-Opitz,4,0.0,0.0,1,475,169
B2_corrected,dgcnn,knn11,scan,f1_class::Smith-Lemli-Opitz,5,0.0,0.0,1,475,169
B2_corrected,dgcnn,knn11,scan,f1_class::Tetrasomy 18p,1,0.0833333333333333,0.0,1,475,169
B2_corrected,dgcnn,knn11,scan,f1_class::Tetrasomy 18p,2,0.32,0.0,1,475,169
B2_corrected,dgcnn,knn11,scan,f1_class::Tetrasomy 18p,3,0.16,0.0,1,475,169
B2_corrected,dgcnn,knn11,scan,f1_class::Tetrasomy 18p,4,0.0,0.0,1,475,169
B2_corrected,dgcnn,knn11,scan,f1_class::Tetrasomy 18p,5,0.0952380952380952,0.0,1,475,169
B2_corrected,dgcnn,knn11,scan,f1_class::Trisomy 18,1,0.3076923076923077,0.0,1,475,169
B2_corrected,dgcnn,knn11,scan,f1_class::Trisomy 18,2,0.1666666666666666,0.0,1,475,169
B2_corrected,dgcnn,knn11,scan,f1_class::Trisomy 18,3,0.3076923076923077,0.0,1,475,169
B2_corrected,dgcnn,knn11,scan,f1_class::Trisomy 18,4,0.3333333333333333,0.0,1,475,169
B2_corrected,dgcnn,knn11,scan,f1_class::Trisomy 18,5,0.3636363636363636,0.0,1,475,169
B2_corrected,dgcnn,knn11,scan,f1_class::Turner Syndrome,1,0.0,0.0,1,475,169
B2_corrected,dgcnn,knn11,scan,f1_class::Turner Syndrome,2,0.1428571428571428,0.0,1,475,169
B2_corrected,dgcnn,knn11,scan,f1_class::Turner Syndrome,3,0.0,0.0,1,475,169
B2_corrected,dgcnn,knn11,scan,f1_class::Turner Syndrome,4,0.0,0.0,1,475,169
B2_corrected,dgcnn,knn11,scan,f1_class::Turner Syndrome,5,0.0,0.0,1,475,169
B2_corrected,dgcnn,knn11,scan,f1_class::Williams Syndrome,1,0.32,0.0,1,475,169
B2_corrected,dgcnn,knn11,scan,f1_class::Williams Syndrome,2,0.2745098039215686,0.0,1,475,169
B2_corrected,dgcnn,knn11,scan,f1_class::Williams Syndrome,3,0.1851851851851851,0.0,1,475,169
B2_corrected,dgcnn,knn11,scan,f1_class::Williams Syndrome,4,0.2807017543859649,0.0,1,475,169
B2_corrected,dgcnn,knn11,scan,f1_class::Williams Syndrome,5,0.3265306122448979,0.0,1,475,169
B2_corrected,dgcnn,knn11,scan,macro_auc,1,0.7772361028942851,0.0,1,475,169
B2_corrected,dgcnn,knn11,scan,macro_auc,2,0.7729081639155223,0.0,1,475,169
B2_corrected,dgcnn,knn11,scan,macro_auc,3,0.7570326030457346,0.0,1,475,169
B2_corrected,dgcnn,knn11,scan,macro_auc,4,0.7850559256066892,0.0,1,475,169
B2_corrected,dgcnn,knn11,scan,macro_auc,5,0.7772485374332805,0.0,1,475,169
B2_corrected,dgcnn,knn11,scan,macro_f1,1,0.2187978434912892,0.0,1,475,169
B2_corrected,dgcnn,knn11,scan,macro_f1,2,0.2031118082477754,0.0,1,475,169
B2_corrected,dgcnn,knn11,scan,macro_f1,3,0.208367677040403,0.0,1,475,169
B2_corrected,dgcnn,knn11,scan,macro_f1,4,0.2062188857994878,0.0,1,475,169
B2_corrected,dgcnn,knn11,scan,macro_f1,5,0.2211473604580448,0.0,1,475,169
B2_corrected,dgcnn,knn11,subject,accuracy,1,0.301775147928994,0.0,1,169,169
B2_corrected,dgcnn,knn11,subject,accuracy,2,0.2958579881656805,0.0,1,169,169
B2_corrected,dgcnn,knn11,subject,accuracy,3,0.301775147928994,0.0,1,169,169
B2_corrected,dgcnn,knn11,subject,accuracy,4,0.3195266272189349,0.0,1,169,169
B2_corrected,dgcnn,knn11,subject,accuracy,5,0.3076923076923077,0.0,1,169,169
B2_corrected,dgcnn,knn11,subject,f1_class::4p Deletion Wolff-Hirschhorn Syndrome,1,0.2,0.0,1,169,169
B2_corrected,dgcnn,knn11,subject,f1_class::4p Deletion Wolff-Hirschhorn Syndrome,2,0.2,0.0,1,169,169
B2_corrected,dgcnn,knn11,subject,f1_class::4p Deletion Wolff-Hirschhorn Syndrome,3,0.0,0.0,1,169,169
B2_corrected,dgcnn,knn11,subject,f1_class::4p Deletion Wolff-Hirschhorn Syndrome,4,0.2857142857142857,0.0,1,169,169
B2_corrected,dgcnn,knn11,subject,f1_class::4p Deletion Wolff-Hirschhorn Syndrome,5,0.0,0.0,1,169,169
B2_corrected,dgcnn,knn11,subject,f1_class::5p-,1,0.3333333333333333,0.0,1,169,169
B2_corrected,dgcnn,knn11,subject,f1_class::5p-,2,0.0,0.0,1,169,169
B2_corrected,dgcnn,knn11,subject,f1_class::5p-,3,0.0,0.0,1,169,169
B2_corrected,dgcnn,knn11,subject,f1_class::5p-,4,0.3333333333333333,0.0,1,169,169
B2_corrected,dgcnn,knn11,subject,f1_class::5p-,5,0.2857142857142857,0.0,1,169,169
B2_corrected,dgcnn,knn11,subject,f1_class::Achondroplasia,1,0.4210526315789473,0.0,1,169,169
B2_corrected,dgcnn,knn11,subject,f1_class::Achondroplasia,2,0.4166666666666667,0.0,1,169,169
B2_corrected,dgcnn,knn11,subject,f1_class::Achondroplasia,3,0.4545454545454545,0.0,1,169,169
B2_corrected,dgcnn,knn11,subject,f1_class::Achondroplasia,4,0.6666666666666666,0.0,1,169,169
B2_corrected,dgcnn,knn11,subject,f1_class::Achondroplasia,5,0.5555555555555556,0.0,1,169,169
B2_corrected,dgcnn,knn11,subject,f1_class::Angelman Syndrome,1,0.0,0.0,1,169,169
B2_corrected,dgcnn,knn11,subject,f1_class::Angelman Syndrome,2,0.0,0.0,1,169,169
B2_corrected,dgcnn,knn11,subject,f1_class::Angelman Syndrome,3,0.0,0.0,1,169,169
B2_corrected,dgcnn,knn11,subject,f1_class::Angelman Syndrome,4,0.0,0.0,1,169,169
B2_corrected,dgcnn,knn11,subject,f1_class::Angelman Syndrome,5,0.0,0.0,1,169,169
B2_corrected,dgcnn,knn11,subject,f1_class::Apert Syndrome,1,0.0,0.0,1,169,169
B2_corrected,dgcnn,knn11,subject,f1_class::Apert Syndrome,2,0.0,0.0,1,169,169
B2_corrected,dgcnn,knn11,subject,f1_class::Apert Syndrome,3,0.3333333333333333,0.0,1,169,169
B2_corrected,dgcnn,knn11,subject,f1_class::Apert Syndrome,4,0.6666666666666666,0.0,1,169,169
B2_corrected,dgcnn,knn11,subject,f1_class::Apert Syndrome,5,0.0,0.0,1,169,169
B2_corrected,dgcnn,knn11,subject,f1_class::Bohring-Opitz Syndrome,1,0.0,0.0,1,169,169
B2_corrected,dgcnn,knn11,subject,f1_class::Bohring-Opitz Syndrome,2,0.0,0.0,1,169,169
B2_corrected,dgcnn,knn11,subject,f1_class::Bohring-Opitz Syndrome,3,0.0,0.0,1,169,169
B2_corrected,dgcnn,knn11,subject,f1_class::Bohring-Opitz Syndrome,4,0.0,0.0,1,169,169
B2_corrected,dgcnn,knn11,subject,f1_class::Bohring-Opitz Syndrome,5,0.0,0.0,1,169,169
B2_corrected,dgcnn,knn11,subject,f1_class::CDKL5,1,0.0,0.0,1,169,169
B2_corrected,dgcnn,knn11,subject,f1_class::CDKL5,2,0.0,0.0,1,169,169
B2_corrected,dgcnn,knn11,subject,f1_class::CDKL5,3,0.0,0.0,1,169,169
B2_corrected,dgcnn,knn11,subject,f1_class::CDKL5,4,0.0,0.0,1,169,169
B2_corrected,dgcnn,knn11,subject,f1_class::CDKL5,5,0.0,0.0,1,169,169
B2_corrected,dgcnn,knn11,subject,f1_class::CFC,1,0.2,0.0,1,169,169
B2_corrected,dgcnn,knn11,subject,f1_class::CFC,2,0.1538461538461538,0.0,1,169,169
B2_corrected,dgcnn,knn11,subject,f1_class::CFC,3,0.1818181818181818,0.0,1,169,169
B2_corrected,dgcnn,knn11,subject,f1_class::CFC,4,0.2,0.0,1,169,169
B2_corrected,dgcnn,knn11,subject,f1_class::CFC,5,0.0,0.0,1,169,169
B2_corrected,dgcnn,knn11,subject,f1_class::CHARGE Syndrome,1,0.2,0.0,1,169,169
B2_corrected,dgcnn,knn11,subject,f1_class::CHARGE Syndrome,2,0.2,0.0,1,169,169
B2_corrected,dgcnn,knn11,subject,f1_class::CHARGE Syndrome,3,0.1666666666666666,0.0,1,169,169
B2_corrected,dgcnn,knn11,subject,f1_class::CHARGE Syndrome,4,0.1666666666666666,0.0,1,169,169
B2_corrected,dgcnn,knn11,subject,f1_class::CHARGE Syndrome,5,0.2666666666666666,0.0,1,169,169
B2_corrected,dgcnn,knn11,subject,f1_class::CdLS,1,0.0,0.0,1,169,169
B2_corrected,dgcnn,knn11,subject,f1_class::CdLS,2,0.1818181818181818,0.0,1,169,169
B2_corrected,dgcnn,knn11,subject,f1_class::CdLS,3,0.2857142857142857,0.0,1,169,169
B2_corrected,dgcnn,knn11,subject,f1_class::CdLS,4,0.1739130434782608,0.0,1,169,169
B2_corrected,dgcnn,knn11,subject,f1_class::CdLS,5,0.0,0.0,1,169,169
B2_corrected,dgcnn,knn11,subject,f1_class::Cockayne Syndrome,1,0.5,0.0,1,169,169
B2_corrected,dgcnn,knn11,subject,f1_class::Cockayne Syndrome,2,0.2857142857142857,0.0,1,169,169
B2_corrected,dgcnn,knn11,subject,f1_class::Cockayne Syndrome,3,0.5714285714285714,0.0,1,169,169
B2_corrected,dgcnn,knn11,subject,f1_class::Cockayne Syndrome,4,0.4444444444444444,0.0,1,169,169
B2_corrected,dgcnn,knn11,subject,f1_class::Cockayne Syndrome,5,0.1818181818181818,0.0,1,169,169
B2_corrected,dgcnn,knn11,subject,f1_class::Cohen Syndrome,1,0.2857142857142857,0.0,1,169,169
B2_corrected,dgcnn,knn11,subject,f1_class::Cohen Syndrome,2,0.5714285714285714,0.0,1,169,169
B2_corrected,dgcnn,knn11,subject,f1_class::Cohen Syndrome,3,0.25,0.0,1,169,169
B2_corrected,dgcnn,knn11,subject,f1_class::Cohen Syndrome,4,0.5714285714285714,0.0,1,169,169
B2_corrected,dgcnn,knn11,subject,f1_class::Cohen Syndrome,5,0.3333333333333333,0.0,1,169,169
B2_corrected,dgcnn,knn11,subject,f1_class::Costello Syndrome,1,0.25,0.0,1,169,169
B2_corrected,dgcnn,knn11,subject,f1_class::Costello Syndrome,2,0.1333333333333333,0.0,1,169,169
B2_corrected,dgcnn,knn11,subject,f1_class::Costello Syndrome,3,0.1818181818181818,0.0,1,169,169
B2_corrected,dgcnn,knn11,subject,f1_class::Costello Syndrome,4,0.3636363636363636,0.0,1,169,169
B2_corrected,dgcnn,knn11,subject,f1_class::Costello Syndrome,5,0.25,0.0,1,169,169
B2_corrected,dgcnn,knn11,subject,f1_class::Crouzon Syndrome,1,0.0,0.0,1,169,169
B2_corrected,dgcnn,knn11,subject,f1_class::Crouzon Syndrome,2,0.0,0.0,1,169,169
B2_corrected,dgcnn,knn11,subject,f1_class::Crouzon Syndrome,3,0.0,0.0,1,169,169
B2_corrected,dgcnn,knn11,subject,f1_class::Crouzon Syndrome,4,0.0,0.0,1,169,169
B2_corrected,dgcnn,knn11,subject,f1_class::Crouzon Syndrome,5,0.0,0.0,1,169,169
B2_corrected,dgcnn,knn11,subject,f1_class::Down Syndrome,1,0.75,0.0,1,169,169
B2_corrected,dgcnn,knn11,subject,f1_class::Down Syndrome,2,0.7333333333333333,0.0,1,169,169
B2_corrected,dgcnn,knn11,subject,f1_class::Down Syndrome,3,0.6896551724137931,0.0,1,169,169
B2_corrected,dgcnn,knn11,subject,f1_class::Down Syndrome,4,0.7586206896551724,0.0,1,169,169
B2_corrected,dgcnn,knn11,subject,f1_class::Down Syndrome,5,0.8,0.0,1,169,169
B2_corrected,dgcnn,knn11,subject,f1_class::Ehlers-Danlos Syndrome,1,0.1333333333333333,0.0,1,169,169
B2_corrected,dgcnn,knn11,subject,f1_class::Ehlers-Danlos Syndrome,2,0.4705882352941176,0.0,1,169,169
B2_corrected,dgcnn,knn11,subject,f1_class::Ehlers-Danlos Syndrome,3,0.2857142857142857,0.0,1,169,169
B2_corrected,dgcnn,knn11,subject,f1_class::Ehlers-Danlos Syndrome,4,0.25,0.0,1,169,169
B2_corrected,dgcnn,knn11,subject,f1_class::Ehlers-Danlos Syndrome,5,0.2857142857142857,0.0,1,169,169
B2_corrected,dgcnn,knn11,subject,"f1_class::Facial Dysmorphia, possibly genetic",1,0.2,0.0,1,169,169
B2_corrected,dgcnn,knn11,subject,"f1_class::Facial Dysmorphia, possibly genetic",2,0.0909090909090909,0.0,1,169,169
B2_corrected,dgcnn,knn11,subject,"f1_class::Facial Dysmorphia, possibly genetic",3,0.2608695652173913,0.0,1,169,169
B2_corrected,dgcnn,knn11,subject,"f1_class::Facial Dysmorphia, possibly genetic",4,0.1,0.0,1,169,169
B2_corrected,dgcnn,knn11,subject,"f1_class::Facial Dysmorphia, possibly genetic",5,0.1052631578947368,0.0,1,169,169
B2_corrected,dgcnn,knn11,subject,f1_class::Jacobsen Syndrome,1,0.5714285714285714,0.0,1,169,169
B2_corrected,dgcnn,knn11,subject,f1_class::Jacobsen Syndrome,2,0.5714285714285714,0.0,1,169,169
B2_corrected,dgcnn,knn11,subject,f1_class::Jacobsen Syndrome,3,0.5,0.0,1,169,169
B2_corrected,dgcnn,knn11,subject,f1_class::Jacobsen Syndrome,4,0.3333333333333333,0.0,1,169,169
B2_corrected,dgcnn,knn11,subject,f1_class::Jacobsen Syndrome,5,0.4,0.0,1,169,169
B2_corrected,dgcnn,knn11,subject,f1_class::Joubert Syndrome,1,0.3076923076923077,0.0,1,169,169
B2_corrected,dgcnn,knn11,subject,f1_class::Joubert Syndrome,2,0.0,0.0,1,169,169
B2_corrected,dgcnn,knn11,subject,f1_class::Joubert Syndrome,3,0.0,0.0,1,169,169
B2_corrected,dgcnn,knn11,subject,f1_class::Joubert Syndrome,4,0.3636363636363636,0.0,1,169,169
B2_corrected,dgcnn,knn11,subject,f1_class::Joubert Syndrome,5,0.0,0.0,1,169,169
B2_corrected,dgcnn,knn11,subject,f1_class::Loeys-Dietz Syndrome,1,0.4615384615384615,0.0,1,169,169
B2_corrected,dgcnn,knn11,subject,f1_class::Loeys-Dietz Syndrome,2,0.4,0.0,1,169,169
B2_corrected,dgcnn,knn11,subject,f1_class::Loeys-Dietz Syndrome,3,0.5333333333333333,0.0,1,169,169
B2_corrected,dgcnn,knn11,subject,f1_class::Loeys-Dietz Syndrome,4,0.5333333333333333,0.0,1,169,169
B2_corrected,dgcnn,knn11,subject,f1_class::Loeys-Dietz Syndrome,5,0.5714285714285714,0.0,1,169,169
B2_corrected,dgcnn,knn11,subject,f1_class::Marfan Syndrome,1,0.2857142857142857,0.0,1,169,169
B2_corrected,dgcnn,knn11,subject,f1_class::Marfan Syndrome,2,0.1428571428571428,0.0,1,169,169
B2_corrected,dgcnn,knn11,subject,f1_class::Marfan Syndrome,3,0.2,0.0,1,169,169
B2_corrected,dgcnn,knn11,subject,f1_class::Marfan Syndrome,4,0.2666666666666666,0.0,1,169,169
B2_corrected,dgcnn,knn11,subject,f1_class::Marfan Syndrome,5,0.3333333333333333,0.0,1,169,169
B2_corrected,dgcnn,knn11,subject,f1_class::Mucopolysaccharidosis type IIIB (Sanfilippo B),1,0.0,0.0,1,169,169
B2_corrected,dgcnn,knn11,subject,f1_class::Mucopolysaccharidosis type IIIB (Sanfilippo B),2,0.0,0.0,1,169,169
B2_corrected,dgcnn,knn11,subject,f1_class::Mucopolysaccharidosis type IIIB (Sanfilippo B),3,0.0,0.0,1,169,169
B2_corrected,dgcnn,knn11,subject,f1_class::Mucopolysaccharidosis type IIIB (Sanfilippo B),4,0.0,0.0,1,169,169
B2_corrected,dgcnn,knn11,subject,f1_class::Mucopolysaccharidosis type IIIB (Sanfilippo B),5,0.0,0.0,1,169,169
B2_corrected,dgcnn,knn11,subject,f1_class::Noonan Syndrome,1,0.4285714285714285,0.0,1,169,169
B2_corrected,dgcnn,knn11,subject,f1_class::Noonan Syndrome,2,0.5,0.0,1,169,169
B2_corrected,dgcnn,knn11,subject,f1_class::Noonan Syndrome,3,0.2666666666666666,0.0,1,169,169
B2_corrected,dgcnn,knn11,subject,f1_class::Noonan Syndrome,4,0.2857142857142857,0.0,1,169,169
B2_corrected,dgcnn,knn11,subject,f1_class::Noonan Syndrome,5,0.4,0.0,1,169,169
B2_corrected,dgcnn,knn11,subject,f1_class::Pallister-Killian Syndrome,1,0.6,0.0,1,169,169
B2_corrected,dgcnn,knn11,subject,f1_class::Pallister-Killian Syndrome,2,0.2,0.0,1,169,169
B2_corrected,dgcnn,knn11,subject,f1_class::Pallister-Killian Syndrome,3,0.5333333333333333,0.0,1,169,169
B2_corrected,dgcnn,knn11,subject,f1_class::Pallister-Killian Syndrome,4,0.0,0.0,1,169,169
B2_corrected,dgcnn,knn11,subject,f1_class::Pallister-Killian Syndrome,5,0.6,0.0,1,169,169
B2_corrected,dgcnn,knn11,subject,f1_class::Phelan McDermid Syndrome,1,0.375,0.0,1,169,169
B2_corrected,dgcnn,knn11,subject,f1_class::Phelan McDermid Syndrome,2,0.625,0.0,1,169,169
B2_corrected,dgcnn,knn11,subject,f1_class::Phelan McDermid Syndrome,3,0.4285714285714285,0.0,1,169,169
B2_corrected,dgcnn,knn11,subject,f1_class::Phelan McDermid Syndrome,4,0.5714285714285714,0.0,1,169,169
B2_corrected,dgcnn,knn11,subject,f1_class::Phelan McDermid Syndrome,5,0.375,0.0,1,169,169
B2_corrected,dgcnn,knn11,subject,f1_class::Pitt Hopkins,1,0.1818181818181818,0.0,1,169,169
B2_corrected,dgcnn,knn11,subject,f1_class::Pitt Hopkins,2,0.2,0.0,1,169,169
B2_corrected,dgcnn,knn11,subject,f1_class::Pitt Hopkins,3,0.2222222222222222,0.0,1,169,169
B2_corrected,dgcnn,knn11,subject,f1_class::Pitt Hopkins,4,0.1333333333333333,0.0,1,169,169
B2_corrected,dgcnn,knn11,subject,f1_class::Pitt Hopkins,5,0.3333333333333333,0.0,1,169,169
B2_corrected,dgcnn,knn11,subject,f1_class::Rett Syndrome,1,0.0,0.0,1,169,169
B2_corrected,dgcnn,knn11,subject,f1_class::Rett Syndrome,2,0.0,0.0,1,169,169
B2_corrected,dgcnn,knn11,subject,f1_class::Rett Syndrome,3,0.0,0.0,1,169,169
B2_corrected,dgcnn,knn11,subject,f1_class::Rett Syndrome,4,0.0,0.0,1,169,169
B2_corrected,dgcnn,knn11,subject,f1_class::Rett Syndrome,5,0.0,0.0,1,169,169
B2_corrected,dgcnn,knn11,subject,f1_class::Rubinstein-Taybi Syndrome,1,0.0,0.0,1,169,169
B2_corrected,dgcnn,knn11,subject,f1_class::Rubinstein-Taybi Syndrome,2,0.0,0.0,1,169,169
B2_corrected,dgcnn,knn11,subject,f1_class::Rubinstein-Taybi Syndrome,3,0.0,0.0,1,169,169
B2_corrected,dgcnn,knn11,subject,f1_class::Rubinstein-Taybi Syndrome,4,0.0,0.0,1,169,169
B2_corrected,dgcnn,knn11,subject,f1_class::Rubinstein-Taybi Syndrome,5,0.0,0.0,1,169,169
B2_corrected,dgcnn,knn11,subject,f1_class::Smith-Lemli-Opitz,1,0.0,0.0,1,169,169
B2_corrected,dgcnn,knn11,subject,f1_class::Smith-Lemli-Opitz,2,0.0,0.0,1,169,169
B2_corrected,dgcnn,knn11,subject,f1_class::Smith-Lemli-Opitz,3,0.0,0.0,1,169,169
B2_corrected,dgcnn,knn11,subject,f1_class::Smith-Lemli-Opitz,4,0.0,0.0,1,169,169
B2_corrected,dgcnn,knn11,subject,f1_class::Smith-Lemli-Opitz,5,0.0,0.0,1,169,169
B2_corrected,dgcnn,knn11,subject,f1_class::Tetrasomy 18p,1,0.0,0.0,1,169,169
B2_corrected,dgcnn,knn11,subject,f1_class::Tetrasomy 18p,2,0.0,0.0,1,169,169
B2_corrected,dgcnn,knn11,subject,f1_class::Tetrasomy 18p,3,0.0,0.0,1,169,169
B2_corrected,dgcnn,knn11,subject,f1_class::Tetrasomy 18p,4,0.0,0.0,1,169,169
B2_corrected,dgcnn,knn11,subject,f1_class::Tetrasomy 18p,5,0.0,0.0,1,169,169
B2_corrected,dgcnn,knn11,subject,f1_class::Trisomy 18,1,0.0,0.0,1,169,169
B2_corrected,dgcnn,knn11,subject,f1_class::Trisomy 18,2,0.0,0.0,1,169,169
B2_corrected,dgcnn,knn11,subject,f1_class::Trisomy 18,3,0.0,0.0,1,169,169
B2_corrected,dgcnn,knn11,subject,f1_class::Trisomy 18,4,0.0,0.0,1,169,169
B2_corrected,dgcnn,knn11,subject,f1_class::Trisomy 18,5,0.0,0.0,1,169,169
B2_corrected,dgcnn,knn11,subject,f1_class::Turner Syndrome,1,0.0,0.0,1,169,169
B2_corrected,dgcnn,knn11,subject,f1_class::Turner Syndrome,2,0.0,0.0,1,169,169
B2_corrected,dgcnn,knn11,subject,f1_class::Turner Syndrome,3,0.0,0.0,1,169,169
B2_corrected,dgcnn,knn11,subject,f1_class::Turner Syndrome,4,0.0,0.0,1,169,169
B2_corrected,dgcnn,knn11,subject,f1_class::Turner Syndrome,5,0.0,0.0,1,169,169
B2_corrected,dgcnn,knn11,subject,f1_class::Williams Syndrome,1,0.2857142857142857,0.0,1,169,169
B2_corrected,dgcnn,knn11,subject,f1_class::Williams Syndrome,2,0.3529411764705882,0.0,1,169,169
B2_corrected,dgcnn,knn11,subject,f1_class::Williams Syndrome,3,0.4,0.0,1,169,169
B2_corrected,dgcnn,knn11,subject,f1_class::Williams Syndrome,4,0.1052631578947368,0.0,1,169,169
B2_corrected,dgcnn,knn11,subject,f1_class::Williams Syndrome,5,0.3809523809523809,0.0,1,169,169
B2_corrected,dgcnn,knn11,subject,macro_auc,1,0.8260813496301314,0.0,1,169,169
B2_corrected,dgcnn,knn11,subject,macro_auc,2,0.8224756269288264,0.0,1,169,169
B2_corrected,dgcnn,knn11,subject,macro_auc,3,0.8033494026023337,0.0,1,169,169
B2_corrected,dgcnn,knn11,subject,macro_auc,4,0.8366327834032662,0.0,1,169,169
B2_corrected,dgcnn,knn11,subject,macro_auc,5,0.828196786170533,0.0,1,169,169
B2_corrected,dgcnn,knn11,subject,macro_f1,1,0.2112397304981037,0.0,1,169,169
B2_corrected,dgcnn,knn11,subject,macro_f1,2,0.1948443861545465,0.0,1,169,169
B2_corrected,dgcnn,knn11,subject,macro_f1,3,0.2044148691756706,0.0,1,169,169
B2_corrected,dgcnn,knn11,subject,macro_f1,4,0.2295090841524562,0.0,1,169,169
B2_corrected,dgcnn,knn11,subject,macro_f1,5,0.1957003965377171,0.0,1,169,169
B2_corrected,dgcnn,proto,scan,accuracy,1,0.3052631578947368,0.0,1,475,169
B2_corrected,dgcnn,proto,scan,accuracy,2,0.2884210526315789,0.0,1,475,169
B2_corrected,dgcnn,proto,scan,accuracy,3,0.2105263157894736,0.0,1,475,169
B2_corrected,dgcnn,proto,scan,accuracy,4,0.3136842105263158,0.0,1,475,169
B2_corrected,dgcnn,proto,scan,accuracy,5,0.2947368421052631,0.0,1,475,169
B2_corrected,dgcnn,proto,scan,f1_class::4p Deletion Wolff-Hirschhorn Syndrome,1,0.25,0.0,1,475,169
B2_corrected,dgcnn,proto,scan,f1_class::4p Deletion Wolff-Hirschhorn Syndrome,2,0.4,0.0,1,475,169
B2_corrected,dgcnn,proto,scan,f1_class::4p Deletion Wolff-Hirschhorn Syndrome,3,0.2,0.0,1,475,169
B2_corrected,dgcnn,proto,scan,f1_class::4p Deletion Wolff-Hirschhorn Syndrome,4,0.2222222222222222,0.0,1,475,169
B2_corrected,dgcnn,proto,scan,f1_class::4p Deletion Wolff-Hirschhorn Syndrome,5,0.125,0.0,1,475,169
B2_corrected,dgcnn,proto,scan,f1_class::5p-,1,0.4166666666666667,0.0,1,475,169
B2_corrected,dgcnn,proto,scan,f1_class::5p-,2,0.4,0.0,1,475,169
B2_corrected,dgcnn,proto,scan,f1_class::5p-,3,0.2857142857142857,0.0,1,475,169
B2_corrected,dgcnn,proto,scan,f1_class::5p-,4,0.3157894736842105,0.0,1,475,169
B2_corrected,dgcnn,proto,scan,f1_class::5p-,5,0.4210526315789473,0.0,1,475,169
B2_corrected,dgcnn,proto,scan,f1_class::Achondroplasia,1,0.4848484848484848,0.0,1,475,169
B2_corrected,dgcnn,proto,scan,f1_class::Achondroplasia,2,0.5,0.0,1,475,169
B2_corrected,dgcnn,proto,scan,f1_class::Achondroplasia,3,0.0952380952380952,0.0,1,475,169
B2_corrected,dgcnn,proto,scan,f1_class::Achondroplasia,4,0.5405405405405406,0.0,1,475,169
B2_corrected,dgcnn,proto,scan,f1_class::Achondroplasia,5,0.4705882352941176,0.0,1,475,169
B2_corrected,dgcnn,proto,scan,f1_class::Angelman Syndrome,1,0.1111111111111111,0.0,1,475,169
B2_corrected,dgcnn,proto,scan,f1_class::Angelman Syndrome,2,0.0,0.0,1,475,169
B2_corrected,dgcnn,proto,scan,f1_class::Angelman Syndrome,3,0.1052631578947368,0.0,1,475,169
B2_corrected,dgcnn,proto,scan,f1_class::Angelman Syndrome,4,0.0,0.0,1,475,169
B2_corrected,dgcnn,proto,scan,f1_class::Angelman Syndrome,5,0.1428571428571428,0.0,1,475,169
B2_corrected,dgcnn,proto,scan,f1_class::Apert Syndrome,1,0.0,0.0,1,475,169
B2_corrected,dgcnn,proto,scan,f1_class::Apert Syndrome,2,0.0,0.0,1,475,169
B2_corrected,dgcnn,proto,scan,f1_class::Apert Syndrome,3,0.0,0.0,1,475,169
B2_corrected,dgcnn,proto,scan,f1_class::Apert Syndrome,4,0.0,0.0,1,475,169
B2_corrected,dgcnn,proto,scan,f1_class::Apert Syndrome,5,0.0,0.0,1,475,169
B2_corrected,dgcnn,proto,scan,f1_class::Bohring-Opitz Syndrome,1,0.4,0.0,1,475,169
B2_corrected,dgcnn,proto,scan,f1_class::Bohring-Opitz Syndrome,2,0.3448275862068966,0.0,1,475,169
B2_corrected,dgcnn,proto,scan,f1_class::Bohring-Opitz Syndrome,3,0.2702702702702703,0.0,1,475,169
B2_corrected,dgcnn,proto,scan,f1_class::Bohring-Opitz Syndrome,4,0.3225806451612903,0.0,1,475,169
B2_corrected,dgcnn,proto,scan,f1_class::Bohring-Opitz Syndrome,5,0.2962962962962963,0.0,1,475,169
B2_corrected,dgcnn,proto,scan,f1_class::CDKL5,1,0.1111111111111111,0.0,1,475,169
B2_corrected,dgcnn,proto,scan,f1_class::CDKL5,2,0.1,0.0,1,475,169
B2_corrected,dgcnn,proto,scan,f1_class::CDKL5,3,0.0,0.0,1,475,169
B2_corrected,dgcnn,proto,scan,f1_class::CDKL5,4,0.0,0.0,1,475,169
B2_corrected,dgcnn,proto,scan,f1_class::CDKL5,5,0.0,0.0,1,475,169
B2_corrected,dgcnn,proto,scan,f1_class::CFC,1,0.4166666666666667,0.0,1,475,169
B2_corrected,dgcnn,proto,scan,f1_class::CFC,2,0.1935483870967742,0.0,1,475,169
B2_corrected,dgcnn,proto,scan,f1_class::CFC,3,0.2666666666666666,0.0,1,475,169
B2_corrected,dgcnn,proto,scan,f1_class::CFC,4,0.08,0.0,1,475,169
B2_corrected,dgcnn,proto,scan,f1_class::CFC,5,0.0,0.0,1,475,169
B2_corrected,dgcnn,proto,scan,f1_class::CHARGE Syndrome,1,0.0,0.0,1,475,169
B2_corrected,dgcnn,proto,scan,f1_class::CHARGE Syndrome,2,0.16,0.0,1,475,169
B2_corrected,dgcnn,proto,scan,f1_class::CHARGE Syndrome,3,0.0625,0.0,1,475,169
B2_corrected,dgcnn,proto,scan,f1_class::CHARGE Syndrome,4,0.3333333333333333,0.0,1,475,169
B2_corrected,dgcnn,proto,scan,f1_class::CHARGE Syndrome,5,0.0869565217391304,0.0,1,475,169
B2_corrected,dgcnn,proto,scan,f1_class::CdLS,1,0.1142857142857142,0.0,1,475,169
B2_corrected,dgcnn,proto,scan,f1_class::CdLS,2,0.0588235294117647,0.0,1,475,169
B2_corrected,dgcnn,proto,scan,f1_class::CdLS,3,0.0666666666666666,0.0,1,475,169
B2_corrected,dgcnn,proto,scan,f1_class::CdLS,4,0.054054054054054,0.0,1,475,169
B2_corrected,dgcnn,proto,scan,f1_class::CdLS,5,0.1052631578947368,0.0,1,475,169
B2_corrected,dgcnn,proto,scan,f1_class::Cockayne Syndrome,1,0.3225806451612903,0.0,1,475,169
B2_corrected,dgcnn,proto,scan,f1_class::Cockayne Syndrome,2,0.3684210526315789,0.0,1,475,169
B2_corrected,dgcnn,proto,scan,f1_class::Cockayne Syndrome,3,0.3414634146341463,0.0,1,475,169
B2_corrected,dgcnn,proto,scan,f1_class::Cockayne Syndrome,4,0.5625,0.0,1,475,169
B2_corrected,dgcnn,proto,scan,f1_class::Cockayne Syndrome,5,0.2857142857142857,0.0,1,475,169
B2_corrected,dgcnn,proto,scan,f1_class::Cohen Syndrome,1,0.3225806451612903,0.0,1,475,169
B2_corrected,dgcnn,proto,scan,f1_class::Cohen Syndrome,2,0.45,0.0,1,475,169
B2_corrected,dgcnn,proto,scan,f1_class::Cohen Syndrome,3,0.4,0.0,1,475,169
B2_corrected,dgcnn,proto,scan,f1_class::Cohen Syndrome,4,0.3703703703703703,0.0,1,475,169
B2_corrected,dgcnn,proto,scan,f1_class::Cohen Syndrome,5,0.358974358974359,0.0,1,475,169
B2_corrected,dgcnn,proto,scan,f1_class::Costello Syndrome,1,0.1935483870967742,0.0,1,475,169
B2_corrected,dgcnn,proto,scan,f1_class::Costello Syndrome,2,0.3333333333333333,0.0,1,475,169
B2_corrected,dgcnn,proto,scan,f1_class::Costello Syndrome,3,0.1666666666666666,0.0,1,475,169
B2_corrected,dgcnn,proto,scan,f1_class::Costello Syndrome,4,0.1935483870967742,0.0,1,475,169
B2_corrected,dgcnn,proto,scan,f1_class::Costello Syndrome,5,0.2857142857142857,0.0,1,475,169
B2_corrected,dgcnn,proto,scan,f1_class::Crouzon Syndrome,1,0.0,0.0,1,475,169
B2_corrected,dgcnn,proto,scan,f1_class::Crouzon Syndrome,2,0.0,0.0,1,475,169
B2_corrected,dgcnn,proto,scan,f1_class::Crouzon Syndrome,3,0.0,0.0,1,475,169
B2_corrected,dgcnn,proto,scan,f1_class::Crouzon Syndrome,4,0.0,0.0,1,475,169
B2_corrected,dgcnn,proto,scan,f1_class::Crouzon Syndrome,5,0.0,0.0,1,475,169
B2_corrected,dgcnn,proto,scan,f1_class::Down Syndrome,1,0.6666666666666666,0.0,1,475,169
B2_corrected,dgcnn,proto,scan,f1_class::Down Syndrome,2,0.625,0.0,1,475,169
B2_corrected,dgcnn,proto,scan,f1_class::Down Syndrome,3,0.4137931034482758,0.0,1,475,169
B2_corrected,dgcnn,proto,scan,f1_class::Down Syndrome,4,0.5714285714285714,0.0,1,475,169
B2_corrected,dgcnn,proto,scan,f1_class::Down Syndrome,5,0.6666666666666666,0.0,1,475,169
B2_corrected,dgcnn,proto,scan,f1_class::Ehlers-Danlos Syndrome,1,0.3846153846153846,0.0,1,475,169
B2_corrected,dgcnn,proto,scan,f1_class::Ehlers-Danlos Syndrome,2,0.1935483870967742,0.0,1,475,169
B2_corrected,dgcnn,proto,scan,f1_class::Ehlers-Danlos Syndrome,3,0.2352941176470588,0.0,1,475,169
B2_corrected,dgcnn,proto,scan,f1_class::Ehlers-Danlos Syndrome,4,0.2285714285714285,0.0,1,475,169
B2_corrected,dgcnn,proto,scan,f1_class::Ehlers-Danlos Syndrome,5,0.4242424242424242,0.0,1,475,169
B2_corrected,dgcnn,proto,scan,"f1_class::Facial Dysmorphia, possibly genetic",1,0.0,0.0,1,475,169
B2_corrected,dgcnn,proto,scan,"f1_class::Facial Dysmorphia, possibly genetic",2,0.2424242424242424,0.0,1,475,169
B2_corrected,dgcnn,proto,scan,"f1_class::Facial Dysmorphia, possibly genetic",3,0.0909090909090909,0.0,1,475,169
B2_corrected,dgcnn,proto,scan,"f1_class::Facial Dysmorphia, possibly genetic",4,0.2051282051282051,0.0,1,475,169
B2_corrected,dgcnn,proto,scan,"f1_class::Facial Dysmorphia, possibly genetic",5,0.064516129032258,0.0,1,475,169
B2_corrected,dgcnn,proto,scan,f1_class::Jacobsen Syndrome,1,0.08,0.0,1,475,169
B2_corrected,dgcnn,proto,scan,f1_class::Jacobsen Syndrome,2,0.4117647058823529,0.0,1,475,169
B2_corrected,dgcnn,proto,scan,f1_class::Jacobsen Syndrome,3,0.2857142857142857,0.0,1,475,169
B2_corrected,dgcnn,proto,scan,f1_class::Jacobsen Syndrome,4,0.2222222222222222,0.0,1,475,169
B2_corrected,dgcnn,proto,scan,f1_class::Jacobsen Syndrome,5,0.1538461538461538,0.0,1,475,169
B2_corrected,dgcnn,proto,scan,f1_class::Joubert Syndrome,1,0.1714285714285714,0.0,1,475,169
B2_corrected,dgcnn,proto,scan,f1_class::Joubert Syndrome,2,0.2222222222222222,0.0,1,475,169
B2_corrected,dgcnn,proto,scan,f1_class::Joubert Syndrome,3,0.1081081081081081,0.0,1,475,169
B2_corrected,dgcnn,proto,scan,f1_class::Joubert Syndrome,4,0.2222222222222222,0.0,1,475,169
B2_corrected,dgcnn,proto,scan,f1_class::Joubert Syndrome,5,0.2285714285714285,0.0,1,475,169
B2_corrected,dgcnn,proto,scan,f1_class::Loeys-Dietz Syndrome,1,0.3333333333333333,0.0,1,475,169
B2_corrected,dgcnn,proto,scan,f1_class::Loeys-Dietz Syndrome,2,0.2,0.0,1,475,169
B2_corrected,dgcnn,proto,scan,f1_class::Loeys-Dietz Syndrome,3,0.0869565217391304,0.0,1,475,169
B2_corrected,dgcnn,proto,scan,f1_class::Loeys-Dietz Syndrome,4,0.3478260869565217,0.0,1,475,169
B2_corrected,dgcnn,proto,scan,f1_class::Loeys-Dietz Syndrome,5,0.1428571428571428,0.0,1,475,169
B2_corrected,dgcnn,proto,scan,f1_class::Marfan Syndrome,1,0.5116279069767442,0.0,1,475,169
B2_corrected,dgcnn,proto,scan,f1_class::Marfan Syndrome,2,0.4390243902439024,0.0,1,475,169
B2_corrected,dgcnn,proto,scan,f1_class::Marfan Syndrome,3,0.3243243243243243,0.0,1,475,169
B2_corrected,dgcnn,proto,scan,f1_class::Marfan Syndrome,4,0.5454545454545454,0.0,1,475,169
B2_corrected,dgcnn,proto,scan,f1_class::Marfan Syndrome,5,0.3888888888888889,0.0,1,475,169
B2_corrected,dgcnn,proto,scan,f1_class::Mucopolysaccharidosis type IIIB (Sanfilippo B),1,0.0,0.0,1,475,169
B2_corrected,dgcnn,proto,scan,f1_class::Mucopolysaccharidosis type IIIB (Sanfilippo B),2,0.0,0.0,1,475,169
B2_corrected,dgcnn,proto,scan,f1_class::Mucopolysaccharidosis type IIIB (Sanfilippo B),3,0.0,0.0,1,475,169
B2_corrected,dgcnn,proto,scan,f1_class::Mucopolysaccharidosis type IIIB (Sanfilippo B),4,0.16,0.0,1,475,169
B2_corrected,dgcnn,proto,scan,f1_class::Mucopolysaccharidosis type IIIB (Sanfilippo B),5,0.0,0.0,1,475,169
B2_corrected,dgcnn,proto,scan,f1_class::Noonan Syndrome,1,0.5098039215686274,0.0,1,475,169
B2_corrected,dgcnn,proto,scan,f1_class::Noonan Syndrome,2,0.3555555555555555,0.0,1,475,169
B2_corrected,dgcnn,proto,scan,f1_class::Noonan Syndrome,3,0.1860465116279069,0.0,1,475,169
B2_corrected,dgcnn,proto,scan,f1_class::Noonan Syndrome,4,0.391304347826087,0.0,1,475,169
B2_corrected,dgcnn,proto,scan,f1_class::Noonan Syndrome,5,0.4150943396226415,0.0,1,475,169
B2_corrected,dgcnn,proto,scan,f1_class::Pallister-Killian Syndrome,1,0.4888888888888889,0.0,1,475,169
B2_corrected,dgcnn,proto,scan,f1_class::Pallister-Killian Syndrome,2,0.3414634146341463,0.0,1,475,169
B2_corrected,dgcnn,proto,scan,f1_class::Pallister-Killian Syndrome,3,0.2666666666666666,0.0,1,475,169
B2_corrected,dgcnn,proto,scan,f1_class::Pallister-Killian Syndrome,4,0.5,0.0,1,475,169
B2_corrected,dgcnn,proto,scan,f1_class::Pallister-Killian Syndrome,5,0.4186046511627907,0.0,1,475,169
B2_corrected,dgcnn,proto,scan,f1_class::Phelan McDermid Syndrome,1,0.4418604651162791,0.0,1,475,169
B2_corrected,dgcnn,proto,scan,f1_class::Phelan McDermid Syndrome,2,0.3950617283950617,0.0,1,475,169
B2_corrected,dgcnn,proto,scan,f1_class::Phelan McDermid Syndrome,3,0.1538461538461538,0.0,1,475,169
B2_corrected,dgcnn,proto,scan,f1_class::Phelan McDermid Syndrome,4,0.4761904761904761,0.0,1,475,169
B2_corrected,dgcnn,proto,scan,f1_class::Phelan McDermid Syndrome,5,0.5121951219512195,0.0,1,475,169
B2_corrected,dgcnn,proto,scan,f1_class::Pitt Hopkins,1,0.4761904761904761,0.0,1,475,169
B2_corrected,dgcnn,proto,scan,f1_class::Pitt Hopkins,2,0.2727272727272727,0.0,1,475,169
B2_corrected,dgcnn,proto,scan,f1_class::Pitt Hopkins,3,0.4,0.0,1,475,169
B2_corrected,dgcnn,proto,scan,f1_class::Pitt Hopkins,4,0.4545454545454545,0.0,1,475,169
B2_corrected,dgcnn,proto,scan,f1_class::Pitt Hopkins,5,0.32,0.0,1,475,169
B2_corrected,dgcnn,proto,scan,f1_class::Rett Syndrome,1,0.0,0.0,1,475,169
B2_corrected,dgcnn,proto,scan,f1_class::Rett Syndrome,2,0.2666666666666666,0.0,1,475,169
B2_corrected,dgcnn,proto,scan,f1_class::Rett Syndrome,3,0.0833333333333333,0.0,1,475,169
B2_corrected,dgcnn,proto,scan,f1_class::Rett Syndrome,4,0.1176470588235294,0.0,1,475,169
B2_corrected,dgcnn,proto,scan,f1_class::Rett Syndrome,5,0.0,0.0,1,475,169
B2_corrected,dgcnn,proto,scan,f1_class::Rubinstein-Taybi Syndrome,1,0.2666666666666666,0.0,1,475,169
B2_corrected,dgcnn,proto,scan,f1_class::Rubinstein-Taybi Syndrome,2,0.4210526315789473,0.0,1,475,169
B2_corrected,dgcnn,proto,scan,f1_class::Rubinstein-Taybi Syndrome,3,0.4444444444444444,0.0,1,475,169
B2_corrected,dgcnn,proto,scan,f1_class::Rubinstein-Taybi Syndrome,4,0.1818181818181818,0.0,1,475,169
B2_corrected,dgcnn,proto,scan,f1_class::Rubinstein-Taybi Syndrome,5,0.5,0.0,1,475,169
B2_corrected,dgcnn,proto,scan,f1_class::Smith-Lemli-Opitz,1,0.2666666666666666,0.0,1,475,169
B2_corrected,dgcnn,proto,scan,f1_class::Smith-Lemli-Opitz,2,0.1666666666666666,0.0,1,475,169
B2_corrected,dgcnn,proto,scan,f1_class::Smith-Lemli-Opitz,3,0.3076923076923077,0.0,1,475,169
B2_corrected,dgcnn,proto,scan,f1_class::Smith-Lemli-Opitz,4,0.1538461538461538,0.0,1,475,169
B2_corrected,dgcnn,proto,scan,f1_class::Smith-Lemli-Opitz,5,0.1333333333333333,0.0,1,475,169
B2_corrected,dgcnn,proto,scan,f1_class::Tetrasomy 18p,1,0.3076923076923077,0.0,1,475,169
B2_corrected,dgcnn,proto,scan,f1_class::Tetrasomy 18p,2,0.1666666666666666,0.0,1,475,169
B2_corrected,dgcnn,proto,scan,f1_class::Tetrasomy 18p,3,0.5294117647058824,0.0,1,475,169
B2_corrected,dgcnn,proto,scan,f1_class::Tetrasomy 18p,4,0.1666666666666666,0.0,1,475,169
B2_corrected,dgcnn,proto,scan,f1_class::Tetrasomy 18p,5,0.3703703703703703,0.0,1,475,169
B2_corrected,dgcnn,proto,scan,f1_class::Trisomy 18,1,0.2857142857142857,0.0,1,475,169
B2_corrected,dgcnn,proto,scan,f1_class::Trisomy 18,2,0.1176470588235294,0.0,1,475,169
B2_corrected,dgcnn,proto,scan,f1_class::Trisomy 18,3,0.16,0.0,1,475,169
B2_corrected,dgcnn,proto,scan,f1_class::Trisomy 18,4,0.4705882352941176,0.0,1,475,169
B2_corrected,dgcnn,proto,scan,f1_class::Trisomy 18,5,0.2857142857142857,0.0,1,475,169
B2_corrected,dgcnn,proto,scan,f1_class::Turner Syndrome,1,0.0869565217391304,0.0,1,475,169
B2_corrected,dgcnn,proto,scan,f1_class::Turner Syndrome,2,0.0,0.0,1,475,169
B2_corrected,dgcnn,proto,scan,f1_class::Turner Syndrome,3,0.0,0.0,1,475,169
B2_corrected,dgcnn,proto,scan,f1_class::Turner Syndrome,4,0.0,0.0,1,475,169
B2_corrected,dgcnn,proto,scan,f1_class::Turner Syndrome,5,0.0,0.0,1,475,169
B2_corrected,dgcnn,proto,scan,f1_class::Williams Syndrome,1,0.2962962962962963,0.0,1,475,169
B2_corrected,dgcnn,proto,scan,f1_class::Williams Syndrome,2,0.1702127659574468,0.0,1,475,169
B2_corrected,dgcnn,proto,scan,f1_class::Williams Syndrome,3,0.1851851851851851,0.0,1,475,169
B2_corrected,dgcnn,proto,scan,f1_class::Williams Syndrome,4,0.3076923076923077,0.0,1,475,169
B2_corrected,dgcnn,proto,scan,f1_class::Williams Syndrome,5,0.3703703703703703,0.0,1,475,169
B2_corrected,dgcnn,proto,scan,macro_auc,1,0.8647935145752271,0.0,1,475,169
B2_corrected,dgcnn,proto,scan,macro_auc,2,0.8404948043940942,0.0,1,475,169
B2_corrected,dgcnn,proto,scan,macro_auc,3,0.8238676922695286,0.0,1,475,169
B2_corrected,dgcnn,proto,scan,macro_auc,4,0.8546919071240631,0.0,1,475,169
B2_corrected,dgcnn,proto,scan,macro_auc,5,0.8455265114979813,0.0,1,475,169
B2_corrected,dgcnn,proto,scan,macro_f1,1,0.2641759936869525,0.0,1,475,169
B2_corrected,dgcnn,proto,scan,macro_f1,2,0.2520199474006606,0.0,1,475,169
B2_corrected,dgcnn,proto,scan,macro_f1,3,0.1976416710043542,0.0,1,475,169
B2_corrected,dgcnn,proto,scan,macro_f1,4,0.2641845815499845,0.0,1,475,169
B2_corrected,dgcnn,proto,scan,macro_f1,5,0.2416269158391902,0.0,1,475,169
B2_corrected,dgcnn,proto,scan,top3_accuracy,1,0.5326315789473685,0.0,1,475,169
B2_corrected,dgcnn,proto,scan,top3_accuracy,2,0.5368421052631579,0.0,1,475,169
B2_corrected,dgcnn,proto,scan,top3_accuracy,3,0.4568421052631579,0.0,1,475,169
B2_corrected,dgcnn,proto,scan,top3_accuracy,4,0.5515789473684211,0.0,1,475,169
B2_corrected,dgcnn,proto,scan,top3_accuracy,5,0.5684210526315789,0.0,1,475,169
B2_corrected,dgcnn,proto,scan,top5_accuracy,1,0.6757894736842105,0.0,1,475,169
B2_corrected,dgcnn,proto,scan,top5_accuracy,2,0.6568421052631579,0.0,1,475,169
B2_corrected,dgcnn,proto,scan,top5_accuracy,3,0.6378947368421053,0.0,1,475,169
B2_corrected,dgcnn,proto,scan,top5_accuracy,4,0.6926315789473684,0.0,1,475,169
B2_corrected,dgcnn,proto,scan,top5_accuracy,5,0.6884210526315789,0.0,1,475,169
B2_corrected,dgcnn,proto,subject,accuracy,1,0.4615384615384615,0.0,1,169,169
B2_corrected,dgcnn,proto,subject,accuracy,2,0.4023668639053254,0.0,1,169,169
B2_corrected,dgcnn,proto,subject,accuracy,3,0.2781065088757396,0.0,1,169,169
B2_corrected,dgcnn,proto,subject,accuracy,4,0.4792899408284023,0.0,1,169,169
B2_corrected,dgcnn,proto,subject,accuracy,5,0.4142011834319526,0.0,1,169,169
B2_corrected,dgcnn,proto,subject,f1_class::4p Deletion Wolff-Hirschhorn Syndrome,1,0.2,0.0,1,169,169
B2_corrected,dgcnn,proto,subject,f1_class::4p Deletion Wolff-Hirschhorn Syndrome,2,0.2857142857142857,0.0,1,169,169
B2_corrected,dgcnn,proto,subject,f1_class::4p Deletion Wolff-Hirschhorn Syndrome,3,0.2222222222222222,0.0,1,169,169
B2_corrected,dgcnn,proto,subject,f1_class::4p Deletion Wolff-Hirschhorn Syndrome,4,0.3333333333333333,0.0,1,169,169
B2_corrected,dgcnn,proto,subject,f1_class::4p Deletion Wolff-Hirschhorn Syndrome,5,0.2222222222222222,0.0,1,169,169
B2_corrected,dgcnn,proto,subject,f1_class::5p-,1,0.5,0.0,1,169,169
B2_corrected,dgcnn,proto,subject,f1_class::5p-,2,0.4,0.0,1,169,169
B2_corrected,dgcnn,proto,subject,f1_class::5p-,3,0.2857142857142857,0.0,1,169,169
B2_corrected,dgcnn,proto,subject,f1_class::5p-,4,0.4444444444444444,0.0,1,169,169
B2_corrected,dgcnn,proto,subject,f1_class::5p-,5,0.5,0.0,1,169,169
B2_corrected,dgcnn,proto,subject,f1_class::Achondroplasia,1,0.631578947368421,0.0,1,169,169
B2_corrected,dgcnn,proto,subject,f1_class::Achondroplasia,2,0.5882352941176471,0.0,1,169,169
B2_corrected,dgcnn,proto,subject,f1_class::Achondroplasia,3,0.1538461538461538,0.0,1,169,169
B2_corrected,dgcnn,proto,subject,f1_class::Achondroplasia,4,0.7272727272727273,0.0,1,169,169
B2_corrected,dgcnn,proto,subject,f1_class::Achondroplasia,5,0.7777777777777778,0.0,1,169,169
B2_corrected,dgcnn,proto,subject,f1_class::Angelman Syndrome,1,0.5,0.0,1,169,169
B2_corrected,dgcnn,proto,subject,f1_class::Angelman Syndrome,2,0.3333333333333333,0.0,1,169,169
B2_corrected,dgcnn,proto,subject,f1_class::Angelman Syndrome,3,0.3333333333333333,0.0,1,169,169
B2_corrected,dgcnn,proto,subject,f1_class::Angelman Syndrome,4,0.0,0.0,1,169,169
B2_corrected,dgcnn,proto,subject,f1_class::Angelman Syndrome,5,0.3333333333333333,0.0,1,169,169
B2_corrected,dgcnn,proto,subject,f1_class::Apert Syndrome,1,0.0,0.0,1,169,169
B2_corrected,dgcnn,proto,subject,f1_class::Apert Syndrome,2,0.0,0.0,1,169,169
B2_corrected,dgcnn,proto,subject,f1_class::Apert Syndrome,3,0.0,0.0,1,169,169
B2_corrected,dgcnn,proto,subject,f1_class::Apert Syndrome,4,0.0,0.0,1,169,169
B2_corrected,dgcnn,proto,subject,f1_class::Apert Syndrome,5,0.0,0.0,1,169,169
B2_corrected,dgcnn,proto,subject,f1_class::Bohring-Opitz Syndrome,1,0.6666666666666666,0.0,1,169,169
B2_corrected,dgcnn,proto,subject,f1_class::Bohring-Opitz Syndrome,2,0.5,0.0,1,169,169
B2_corrected,dgcnn,proto,subject,f1_class::Bohring-Opitz Syndrome,3,0.3333333333333333,0.0,1,169,169
B2_corrected,dgcnn,proto,subject,f1_class::Bohring-Opitz Syndrome,4,0.5,0.0,1,169,169
B2_corrected,dgcnn,proto,subject,f1_class::Bohring-Opitz Syndrome,5,0.5,0.0,1,169,169
B2_corrected,dgcnn,proto,subject,f1_class::CDKL5,1,0.0,0.0,1,169,169
B2_corrected,dgcnn,proto,subject,f1_class::CDKL5,2,0.0,0.0,1,169,169
B2_corrected,dgcnn,proto,subject,f1_class::CDKL5,3,0.0,0.0,1,169,169
B2_corrected,dgcnn,proto,subject,f1_class::CDKL5,4,0.0,0.0,1,169,169
B2_corrected,dgcnn,proto,subject,f1_class::CDKL5,5,0.0,0.0,1,169,169
B2_corrected,dgcnn,proto,subject,f1_class::CFC,1,0.5,0.0,1,169,169
B2_corrected,dgcnn,proto,subject,f1_class::CFC,2,0.2857142857142857,0.0,1,169,169
B2_corrected,dgcnn,proto,subject,f1_class::CFC,3,0.0,0.0,1,169,169
B2_corrected,dgcnn,proto,subject,f1_class::CFC,4,0.25,0.0,1,169,169
B2_corrected,dgcnn,proto,subject,f1_class::CFC,5,0.0,0.0,1,169,169
B2_corrected,dgcnn,proto,subject,f1_class::CHARGE Syndrome,1,0.0,0.0,1,169,169
B2_corrected,dgcnn,proto,subject,f1_class::CHARGE Syndrome,2,0.3076923076923077,0.0,1,169,169
B2_corrected,dgcnn,proto,subject,f1_class::CHARGE Syndrome,3,0.1333333333333333,0.0,1,169,169
B2_corrected,dgcnn,proto,subject,f1_class::CHARGE Syndrome,4,0.4615384615384615,0.0,1,169,169
B2_corrected,dgcnn,proto,subject,f1_class::CHARGE Syndrome,5,0.2222222222222222,0.0,1,169,169
B2_corrected,dgcnn,proto,subject,f1_class::CdLS,1,0.1333333333333333,0.0,1,169,169
B2_corrected,dgcnn,proto,subject,f1_class::CdLS,2,0.125,0.0,1,169,169
B2_corrected,dgcnn,proto,subject,f1_class::CdLS,3,0.0,0.0,1,169,169
B2_corrected,dgcnn,proto,subject,f1_class::CdLS,4,0.2222222222222222,0.0,1,169,169
B2_corrected,dgcnn,proto,subject,f1_class::CdLS,5,0.2222222222222222,0.0,1,169,169
B2_corrected,dgcnn,proto,subject,f1_class::Cockayne Syndrome,1,0.6666666666666666,0.0,1,169,169
B2_corrected,dgcnn,proto,subject,f1_class::Cockayne Syndrome,2,0.6666666666666666,0.0,1,169,169
B2_corrected,dgcnn,proto,subject,f1_class::Cockayne Syndrome,3,0.5714285714285714,0.0,1,169,169
B2_corrected,dgcnn,proto,subject,f1_class::Cockayne Syndrome,4,0.6666666666666666,0.0,1,169,169
B2_corrected,dgcnn,proto,subject,f1_class::Cockayne Syndrome,5,0.0,0.0,1,169,169
B2_corrected,dgcnn,proto,subject,f1_class::Cohen Syndrome,1,0.5,0.0,1,169,169
B2_corrected,dgcnn,proto,subject,f1_class::Cohen Syndrome,2,0.6,0.0,1,169,169
B2_corrected,dgcnn,proto,subject,f1_class::Cohen Syndrome,3,0.6666666666666666,0.0,1,169,169
B2_corrected,dgcnn,proto,subject,f1_class::Cohen Syndrome,4,0.75,0.0,1,169,169
B2_corrected,dgcnn,proto,subject,f1_class::Cohen Syndrome,5,0.5,0.0,1,169,169
B2_corrected,dgcnn,proto,subject,f1_class::Costello Syndrome,1,0.3636363636363636,0.0,1,169,169
B2_corrected,dgcnn,proto,subject,f1_class::Costello Syndrome,2,0.5454545454545454,0.0,1,169,169
B2_corrected,dgcnn,proto,subject,f1_class::Costello Syndrome,3,0.2,0.0,1,169,169
B2_corrected,dgcnn,proto,subject,f1_class::Costello Syndrome,4,0.6,0.0,1,169,169
B2_corrected,dgcnn,proto,subject,f1_class::Costello Syndrome,5,0.3333333333333333,0.0,1,169,169
B2_corrected,dgcnn,proto,subject,f1_class::Crouzon Syndrome,1,0.0,0.0,1,169,169
B2_corrected,dgcnn,proto,subject,f1_class::Crouzon Syndrome,2,0.0,0.0,1,169,169
B2_corrected,dgcnn,proto,subject,f1_class::Crouzon Syndrome,3,0.0,0.0,1,169,169
B2_corrected,dgcnn,proto,subject,f1_class::Crouzon Syndrome,4,0.0,0.0,1,169,169
B2_corrected,dgcnn,proto,subject,f1_class::Crouzon Syndrome,5,0.0,0.0,1,169,169
B2_corrected,dgcnn,proto,subject,f1_class::Down Syndrome,1,0.7333333333333333,0.0,1,169,169
B2_corrected,dgcnn,proto,subject,f1_class::Down Syndrome,2,0.6666666666666666,0.0,1,169,169
B2_corrected,dgcnn,proto,subject,f1_class::Down Syndrome,3,0.4615384615384615,0.0,1,169,169
B2_corrected,dgcnn,proto,subject,f1_class::Down Syndrome,4,0.7272727272727273,0.0,1,169,169
B2_corrected,dgcnn,proto,subject,f1_class::Down Syndrome,5,0.6896551724137931,0.0,1,169,169
B2_corrected,dgcnn,proto,subject,f1_class::Ehlers-Danlos Syndrome,1,0.6,0.0,1,169,169
B2_corrected,dgcnn,proto,subject,f1_class::Ehlers-Danlos Syndrome,2,0.3333333333333333,0.0,1,169,169
B2_corrected,dgcnn,proto,subject,f1_class::Ehlers-Danlos Syndrome,3,0.3076923076923077,0.0,1,169,169
B2_corrected,dgcnn,proto,subject,f1_class::Ehlers-Danlos Syndrome,4,0.3333333333333333,0.0,1,169,169
B2_corrected,dgcnn,proto,subject,f1_class::Ehlers-Danlos Syndrome,5,0.5,0.0,1,169,169
B2_corrected,dgcnn,proto,subject,"f1_class::Facial Dysmorphia, possibly genetic",1,0.2352941176470588,0.0,1,169,169
B2_corrected,dgcnn,proto,subject,"f1_class::Facial Dysmorphia, possibly genetic",2,0.2352941176470588,0.0,1,169,169
B2_corrected,dgcnn,proto,subject,"f1_class::Facial Dysmorphia, possibly genetic",3,0.2857142857142857,0.0,1,169,169
B2_corrected,dgcnn,proto,subject,"f1_class::Facial Dysmorphia, possibly genetic",4,0.3,0.0,1,169,169
B2_corrected,dgcnn,proto,subject,"f1_class::Facial Dysmorphia, possibly genetic",5,0.0,0.0,1,169,169
B2_corrected,dgcnn,proto,subject,f1_class::Jacobsen Syndrome,1,0.4,0.0,1,169,169
B2_corrected,dgcnn,proto,subject,f1_class::Jacobsen Syndrome,2,0.5,0.0,1,169,169
B2_corrected,dgcnn,proto,subject,f1_class::Jacobsen Syndrome,3,0.4,0.0,1,169,169
B2_corrected,dgcnn,proto,subject,f1_class::Jacobsen Syndrome,4,0.3333333333333333,0.0,1,169,169
B2_corrected,dgcnn,proto,subject,f1_class::Jacobsen Syndrome,5,0.25,0.0,1,169,169
B2_corrected,dgcnn,proto,subject,f1_class::Joubert Syndrome,1,0.4,0.0,1,169,169
B2_corrected,dgcnn,proto,subject,f1_class::Joubert Syndrome,2,0.375,0.0,1,169,169
B2_corrected,dgcnn,proto,subject,f1_class::Joubert Syndrome,3,0.125,0.0,1,169,169
B2_corrected,dgcnn,proto,subject,f1_class::Joubert Syndrome,4,0.3076923076923077,0.0,1,169,169
B2_corrected,dgcnn,proto,subject,f1_class::Joubert Syndrome,5,0.1666666666666666,0.0,1,169,169
B2_corrected,dgcnn,proto,subject,f1_class::Loeys-Dietz Syndrome,1,0.5,0.0,1,169,169
B2_corrected,dgcnn,proto,subject,f1_class::Loeys-Dietz Syndrome,2,0.3333333333333333,0.0,1,169,169
B2_corrected,dgcnn,proto,subject,f1_class::Loeys-Dietz Syndrome,3,0.1333333333333333,0.0,1,169,169
B2_corrected,dgcnn,proto,subject,f1_class::Loeys-Dietz Syndrome,4,0.4285714285714285,0.0,1,169,169
B2_corrected,dgcnn,proto,subject,f1_class::Loeys-Dietz Syndrome,5,0.0,0.0,1,169,169
B2_corrected,dgcnn,proto,subject,f1_class::Marfan Syndrome,1,0.6666666666666666,0.0,1,169,169
B2_corrected,dgcnn,proto,subject,f1_class::Marfan Syndrome,2,0.5263157894736842,0.0,1,169,169
B2_corrected,dgcnn,proto,subject,f1_class::Marfan Syndrome,3,0.4210526315789473,0.0,1,169,169
B2_corrected,dgcnn,proto,subject,f1_class::Marfan Syndrome,4,0.6666666666666666,0.0,1,169,169
B2_corrected,dgcnn,proto,subject,f1_class::Marfan Syndrome,5,0.5714285714285714,0.0,1,169,169
B2_corrected,dgcnn,proto,subject,f1_class::Mucopolysaccharidosis type IIIB (Sanfilippo B),1,0.0,0.0,1,169,169
B2_corrected,dgcnn,proto,subject,f1_class::Mucopolysaccharidosis type IIIB (Sanfilippo B),2,0.0,0.0,1,169,169
B2_corrected,dgcnn,proto,subject,f1_class::Mucopolysaccharidosis type IIIB (Sanfilippo B),3,0.0,0.0,1,169,169
B2_corrected,dgcnn,proto,subject,f1_class::Mucopolysaccharidosis type IIIB (Sanfilippo B),4,0.5,0.0,1,169,169
B2_corrected,dgcnn,proto,subject,f1_class::Mucopolysaccharidosis type IIIB (Sanfilippo B),5,0.0,0.0,1,169,169
B2_corrected,dgcnn,proto,subject,f1_class::Noonan Syndrome,1,0.5882352941176471,0.0,1,169,169
B2_corrected,dgcnn,proto,subject,f1_class::Noonan Syndrome,2,0.2666666666666666,0.0,1,169,169
B2_corrected,dgcnn,proto,subject,f1_class::Noonan Syndrome,3,0.1333333333333333,0.0,1,169,169
B2_corrected,dgcnn,proto,subject,f1_class::Noonan Syndrome,4,0.625,0.0,1,169,169
B2_corrected,dgcnn,proto,subject,f1_class::Noonan Syndrome,5,0.5882352941176471,0.0,1,169,169
B2_corrected,dgcnn,proto,subject,f1_class::Pallister-Killian Syndrome,1,0.375,0.0,1,169,169
B2_corrected,dgcnn,proto,subject,f1_class::Pallister-Killian Syndrome,2,0.1818181818181818,0.0,1,169,169
B2_corrected,dgcnn,proto,subject,f1_class::Pallister-Killian Syndrome,3,0.4285714285714285,0.0,1,169,169
B2_corrected,dgcnn,proto,subject,f1_class::Pallister-Killian Syndrome,4,0.4705882352941176,0.0,1,169,169
B2_corrected,dgcnn,proto,subject,f1_class::Pallister-Killian Syndrome,5,0.4615384615384615,0.0,1,169,169
B2_corrected,dgcnn,proto,subject,f1_class::Phelan McDermid Syndrome,1,0.7619047619047619,0.0,1,169,169
B2_corrected,dgcnn,proto,subject,f1_class::Phelan McDermid Syndrome,2,0.7058823529411765,0.0,1,169,169
B2_corrected,dgcnn,proto,subject,f1_class::Phelan McDermid Syndrome,3,0.4285714285714285,0.0,1,169,169
B2_corrected,dgcnn,proto,subject,f1_class::Phelan McDermid Syndrome,4,0.7619047619047619,0.0,1,169,169
B2_corrected,dgcnn,proto,subject,f1_class::Phelan McDermid Syndrome,5,0.9,0.0,1,169,169
B2_corrected,dgcnn,proto,subject,f1_class::Pitt Hopkins,1,0.5,0.0,1,169,169
B2_corrected,dgcnn,proto,subject,f1_class::Pitt Hopkins,2,0.5,0.0,1,169,169
B2_corrected,dgcnn,proto,subject,f1_class::Pitt Hopkins,3,0.5,0.0,1,169,169
B2_corrected,dgcnn,proto,subject,f1_class::Pitt Hopkins,4,0.4444444444444444,0.0,1,169,169
B2_corrected,dgcnn,proto,subject,f1_class::Pitt Hopkins,5,0.5714285714285714,0.0,1,169,169
B2_corrected,dgcnn,proto,subject,f1_class::Rett Syndrome,1,0.0,0.0,1,169,169
B2_corrected,dgcnn,proto,subject,f1_class::Rett Syndrome,2,0.2857142857142857,0.0,1,169,169
B2_corrected,dgcnn,proto,subject,f1_class::Rett Syndrome,3,0.0,0.0,1,169,169
B2_corrected,dgcnn,proto,subject,f1_class::Rett Syndrome,4,0.0,0.0,1,169,169
B2_corrected,dgcnn,proto,subject,f1_class::Rett Syndrome,5,0.0,0.0,1,169,169
B2_corrected,dgcnn,proto,subject,f1_class::Rubinstein-Taybi Syndrome,1,0.5,0.0,1,169,169
B2_corrected,dgcnn,proto,subject,f1_class::Rubinstein-Taybi Syndrome,2,0.5,0.0,1,169,169
B2_corrected,dgcnn,proto,subject,f1_class::Rubinstein-Taybi Syndrome,3,0.5714285714285714,0.0,1,169,169
B2_corrected,dgcnn,proto,subject,f1_class::Rubinstein-Taybi Syndrome,4,0.6666666666666666,0.0,1,169,169
B2_corrected,dgcnn,proto,subject,f1_class::Rubinstein-Taybi Syndrome,5,0.5,0.0,1,169,169
B2_corrected,dgcnn,proto,subject,f1_class::Smith-Lemli-Opitz,1,0.4,0.0,1,169,169
B2_corrected,dgcnn,proto,subject,f1_class::Smith-Lemli-Opitz,2,0.4,0.0,1,169,169
B2_corrected,dgcnn,proto,subject,f1_class::Smith-Lemli-Opitz,3,0.5,0.0,1,169,169
B2_corrected,dgcnn,proto,subject,f1_class::Smith-Lemli-Opitz,4,0.3333333333333333,0.0,1,169,169
B2_corrected,dgcnn,proto,subject,f1_class::Smith-Lemli-Opitz,5,0.4,0.0,1,169,169
B2_corrected,dgcnn,proto,subject,f1_class::Tetrasomy 18p,1,0.5,0.0,1,169,169
B2_corrected,dgcnn,proto,subject,f1_class::Tetrasomy 18p,2,0.0,0.0,1,169,169
B2_corrected,dgcnn,proto,subject,f1_class::Tetrasomy 18p,3,0.5714285714285714,0.0,1,169,169
B2_corrected,dgcnn,proto,subject,f1_class::Tetrasomy 18p,4,0.0,0.0,1,169,169
B2_corrected,dgcnn,proto,subject,f1_class::Tetrasomy 18p,5,0.4,0.0,1,169,169
B2_corrected,dgcnn,proto,subject,f1_class::Trisomy 18,1,0.3333333333333333,0.0,1,169,169
B2_corrected,dgcnn,proto,subject,f1_class::Trisomy 18,2,0.2857142857142857,0.0,1,169,169
B2_corrected,dgcnn,proto,subject,f1_class::Trisomy 18,3,0.1333333333333333,0.0,1,169,169
B2_corrected,dgcnn,proto,subject,f1_class::Trisomy 18,4,0.3333333333333333,0.0,1,169,169
B2_corrected,dgcnn,proto,subject,f1_class::Trisomy 18,5,0.2857142857142857,0.0,1,169,169
B2_corrected,dgcnn,proto,subject,f1_class::Turner Syndrome,1,0.25,0.0,1,169,169
B2_corrected,dgcnn,proto,subject,f1_class::Turner Syndrome,2,0.0,0.0,1,169,169
B2_corrected,dgcnn,proto,subject,f1_class::Turner Syndrome,3,0.0,0.0,1,169,169
B2_corrected,dgcnn,proto,subject,f1_class::Turner Syndrome,4,0.0,0.0,1,169,169
B2_corrected,dgcnn,proto,subject,f1_class::Turner Syndrome,5,0.25,0.0,1,169,169
B2_corrected,dgcnn,proto,subject,f1_class::Williams Syndrome,1,0.4210526315789473,0.0,1,169,169
B2_corrected,dgcnn,proto,subject,f1_class::Williams Syndrome,2,0.3333333333333333,0.0,1,169,169
B2_corrected,dgcnn,proto,subject,f1_class::Williams Syndrome,3,0.2857142857142857,0.0,1,169,169
B2_corrected,dgcnn,proto,subject,f1_class::Williams Syndrome,4,0.4,0.0,1,169,169
B2_corrected,dgcnn,proto,subject,f1_class::Williams Syndrome,5,0.4,0.0,1,169,169
B2_corrected,dgcnn,proto,subject,macro_auc,1,0.9212763157833856,0.0,1,169,169
B2_corrected,dgcnn,proto,subject,macro_auc,2,0.8916088541907772,0.0,1,169,169
B2_corrected,dgcnn,proto,subject,macro_auc,3,0.8730596765336323,0.0,1,169,169
B2_corrected,dgcnn,proto,subject,macro_auc,4,0.9127261388883918,0.0,1,169,169
B2_corrected,dgcnn,proto,subject,macro_auc,5,0.905448915635363,0.0,1,169,169
B2_corrected,dgcnn,proto,subject,macro_f1,1,0.3886879429167636,0.0,1,169,169
B2_corrected,dgcnn,proto,subject,macro_f1,2,0.3353600928889417,0.0,1,169,169
B2_corrected,dgcnn,proto,subject,macro_f1,3,0.2601996930944299,0.0,1,169,169
B2_corrected,dgcnn,proto,subject,macro_f1,4,0.3814429826461912,0.0,1,169,169
B2_corrected,dgcnn,proto,subject,macro_f1,5,0.3195690343763366,0.0,1,169,169
B2_corrected,dgcnn,proto,subject,top3_accuracy,1,0.6449704142011834,0.0,1,169,169
B2_corrected,dgcnn,proto,subject,top3_accuracy,2,0.6627218934911243,0.0,1,169,169
B2_corrected,dgcnn,proto,subject,top3_accuracy,3,0.5562130177514792,0.0,1,169,169
B2_corrected,dgcnn,proto,subject,top3_accuracy,4,0.7159763313609467,0.0,1,169,169
B2_corrected,dgcnn,proto,subject,top3_accuracy,5,0.6982248520710059,0.0,1,169,169
B2_corrected,dgcnn,proto,subject,top5_accuracy,1,0.8165680473372781,0.0,1,169,169
B2_corrected,dgcnn,proto,subject,top5_accuracy,2,0.7337278106508875,0.0,1,169,169
B2_corrected,dgcnn,proto,subject,top5_accuracy,3,0.7633136094674556,0.0,1,169,169
B2_corrected,dgcnn,proto,subject,top5_accuracy,4,0.8106508875739645,0.0,1,169,169
B2_corrected,dgcnn,proto,subject,top5_accuracy,5,0.7869822485207101,0.0,1,169,169
B2_corrected,dgcnn,softmax,scan,accuracy,1,0.3242105263157894,0.0,1,475,169
B2_corrected,dgcnn,softmax,scan,accuracy,2,0.2863157894736842,0.0,1,475,169
B2_corrected,dgcnn,softmax,scan,accuracy,3,0.2168421052631579,0.0,1,475,169
B2_corrected,dgcnn,softmax,scan,accuracy,4,0.2947368421052631,0.0,1,475,169
B2_corrected,dgcnn,softmax,scan,accuracy,5,0.2778947368421052,0.0,1,475,169
B2_corrected,dgcnn,softmax,scan,f1_class::4p Deletion Wolff-Hirschhorn Syndrome,1,0.2352941176470588,0.0,1,475,169
B2_corrected,dgcnn,softmax,scan,f1_class::4p Deletion Wolff-Hirschhorn Syndrome,2,0.1363636363636363,0.0,1,475,169
B2_corrected,dgcnn,softmax,scan,f1_class::4p Deletion Wolff-Hirschhorn Syndrome,3,0.0,0.0,1,475,169
B2_corrected,dgcnn,softmax,scan,f1_class::4p Deletion Wolff-Hirschhorn Syndrome,4,0.1538461538461538,0.0,1,475,169
B2_corrected,dgcnn,softmax,scan,f1_class::4p Deletion Wolff-Hirschhorn Syndrome,5,0.0,0.0,1,475,169
B2_corrected,dgcnn,softmax,scan,f1_class::5p-,1,0.3703703703703703,0.0,1,475,169
B2_corrected,dgcnn,softmax,scan,f1_class::5p-,2,0.4166666666666667,0.0,1,475,169
B2_corrected,dgcnn,softmax,scan,f1_class::5p-,3,0.2608695652173913,0.0,1,475,169
B2_corrected,dgcnn,softmax,scan,f1_class::5p-,4,0.3636363636363636,0.0,1,475,169
B2_corrected,dgcnn,softmax,scan,f1_class::5p-,5,0.4444444444444444,0.0,1,475,169
B2_corrected,dgcnn,softmax,scan,f1_class::Achondroplasia,1,0.5294117647058824,0.0,1,475,169
B2_corrected,dgcnn,softmax,scan,f1_class::Achondroplasia,2,0.5,0.0,1,475,169
B2_corrected,dgcnn,softmax,scan,f1_class::Achondroplasia,3,0.3636363636363636,0.0,1,475,169
B2_corrected,dgcnn,softmax,scan,f1_class::Achondroplasia,4,0.7142857142857143,0.0,1,475,169
B2_corrected,dgcnn,softmax,scan,f1_class::Achondroplasia,5,0.5625,0.0,1,475,169
B2_corrected,dgcnn,softmax,scan,f1_class::Angelman Syndrome,1,0.0,0.0,1,475,169
B2_corrected,dgcnn,softmax,scan,f1_class::Angelman Syndrome,2,0.0,0.0,1,475,169
B2_corrected,dgcnn,softmax,scan,f1_class::Angelman Syndrome,3,0.0952380952380952,0.0,1,475,169
B2_corrected,dgcnn,softmax,scan,f1_class::Angelman Syndrome,4,0.0,0.0,1,475,169
B2_corrected,dgcnn,softmax,scan,f1_class::Angelman Syndrome,5,0.0,0.0,1,475,169
B2_corrected,dgcnn,softmax,scan,f1_class::Apert Syndrome,1,0.0,0.0,1,475,169
B2_corrected,dgcnn,softmax,scan,f1_class::Apert Syndrome,2,0.0,0.0,1,475,169
B2_corrected,dgcnn,softmax,scan,f1_class::Apert Syndrome,3,0.0,0.0,1,475,169
B2_corrected,dgcnn,softmax,scan,f1_class::Apert Syndrome,4,0.0,0.0,1,475,169
B2_corrected,dgcnn,softmax,scan,f1_class::Apert Syndrome,5,0.0,0.0,1,475,169
B2_corrected,dgcnn,softmax,scan,f1_class::Bohring-Opitz Syndrome,1,0.3636363636363636,0.0,1,475,169
B2_corrected,dgcnn,softmax,scan,f1_class::Bohring-Opitz Syndrome,2,0.5217391304347826,0.0,1,475,169
B2_corrected,dgcnn,softmax,scan,f1_class::Bohring-Opitz Syndrome,3,0.2857142857142857,0.0,1,475,169
B2_corrected,dgcnn,softmax,scan,f1_class::Bohring-Opitz Syndrome,4,0.2857142857142857,0.0,1,475,169
B2_corrected,dgcnn,softmax,scan,f1_class::Bohring-Opitz Syndrome,5,0.3448275862068966,0.0,1,475,169
B2_corrected,dgcnn,softmax,scan,f1_class::CDKL5,1,0.0,0.0,1,475,169
B2_corrected,dgcnn,softmax,scan,f1_class::CDKL5,2,0.0,0.0,1,475,169
B2_corrected,dgcnn,softmax,scan,f1_class::CDKL5,3,0.0,0.0,1,475,169
B2_corrected,dgcnn,softmax,scan,f1_class::CDKL5,4,0.0,0.0,1,475,169
B2_corrected,dgcnn,softmax,scan,f1_class::CDKL5,5,0.0,0.0,1,475,169
B2_corrected,dgcnn,softmax,scan,f1_class::CFC,1,0.0,0.0,1,475,169
B2_corrected,dgcnn,softmax,scan,f1_class::CFC,2,0.1538461538461538,0.0,1,475,169
B2_corrected,dgcnn,softmax,scan,f1_class::CFC,3,0.0,0.0,1,475,169
B2_corrected,dgcnn,softmax,scan,f1_class::CFC,4,0.0,0.0,1,475,169
B2_corrected,dgcnn,softmax,scan,f1_class::CFC,5,0.0,0.0,1,475,169
B2_corrected,dgcnn,softmax,scan,f1_class::CHARGE Syndrome,1,0.0,0.0,1,475,169
B2_corrected,dgcnn,softmax,scan,f1_class::CHARGE Syndrome,2,0.0869565217391304,0.0,1,475,169
B2_corrected,dgcnn,softmax,scan,f1_class::CHARGE Syndrome,3,0.0869565217391304,0.0,1,475,169
B2_corrected,dgcnn,softmax,scan,f1_class::CHARGE Syndrome,4,0.2105263157894736,0.0,1,475,169
B2_corrected,dgcnn,softmax,scan,f1_class::CHARGE Syndrome,5,0.0,0.0,1,475,169
B2_corrected,dgcnn,softmax,scan,f1_class::CdLS,1,0.0,0.0,1,475,169
B2_corrected,dgcnn,softmax,scan,f1_class::CdLS,2,0.0,0.0,1,475,169
B2_corrected,dgcnn,softmax,scan,f1_class::CdLS,3,0.0,0.0,1,475,169
B2_corrected,dgcnn,softmax,scan,f1_class::CdLS,4,0.0,0.0,1,475,169
B2_corrected,dgcnn,softmax,scan,f1_class::CdLS,5,0.0,0.0,1,475,169
B2_corrected,dgcnn,softmax,scan,f1_class::Cockayne Syndrome,1,0.5384615384615384,0.0,1,475,169
B2_corrected,dgcnn,softmax,scan,f1_class::Cockayne Syndrome,2,0.5333333333333333,0.0,1,475,169
B2_corrected,dgcnn,softmax,scan,f1_class::Cockayne Syndrome,3,0.3846153846153846,0.0,1,475,169
B2_corrected,dgcnn,softmax,scan,f1_class::Cockayne Syndrome,4,0.2727272727272727,0.0,1,475,169
B2_corrected,dgcnn,softmax,scan,f1_class::Cockayne Syndrome,5,0.2962962962962963,0.0,1,475,169
B2_corrected,dgcnn,softmax,scan,f1_class::Cohen Syndrome,1,0.2962962962962963,0.0,1,475,169
B2_corrected,dgcnn,softmax,scan,f1_class::Cohen Syndrome,2,0.4186046511627907,0.0,1,475,169
B2_corrected,dgcnn,softmax,scan,f1_class::Cohen Syndrome,3,0.4,0.0,1,475,169
B2_corrected,dgcnn,softmax,scan,f1_class::Cohen Syndrome,4,0.2105263157894736,0.0,1,475,169
B2_corrected,dgcnn,softmax,scan,f1_class::Cohen Syndrome,5,0.35,0.0,1,475,169
B2_corrected,dgcnn,softmax,scan,f1_class::Costello Syndrome,1,0.1666666666666666,0.0,1,475,169
B2_corrected,dgcnn,softmax,scan,f1_class::Costello Syndrome,2,0.3225806451612903,0.0,1,475,169
B2_corrected,dgcnn,softmax,scan,f1_class::Costello Syndrome,3,0.1935483870967742,0.0,1,475,169
B2_corrected,dgcnn,softmax,scan,f1_class::Costello Syndrome,4,0.3783783783783784,0.0,1,475,169
B2_corrected,dgcnn,softmax,scan,f1_class::Costello Syndrome,5,0.2307692307692307,0.0,1,475,169
B2_corrected,dgcnn,softmax,scan,f1_class::Crouzon Syndrome,1,0.0,0.0,1,475,169
B2_corrected,dgcnn,softmax,scan,f1_class::Crouzon Syndrome,2,0.3333333333333333,0.0,1,475,169
B2_corrected,dgcnn,softmax,scan,f1_class::Crouzon Syndrome,3,0.0,0.0,1,475,169
B2_corrected,dgcnn,softmax,scan,f1_class::Crouzon Syndrome,4,0.1538461538461538,0.0,1,475,169
B2_corrected,dgcnn,softmax,scan,f1_class::Crouzon Syndrome,5,0.4,0.0,1,475,169
B2_corrected,dgcnn,softmax,scan,f1_class::Down Syndrome,1,0.6,0.0,1,475,169
B2_corrected,dgcnn,softmax,scan,f1_class::Down Syndrome,2,0.6521739130434783,0.0,1,475,169
B2_corrected,dgcnn,softmax,scan,f1_class::Down Syndrome,3,0.509090909090909,0.0,1,475,169
B2_corrected,dgcnn,softmax,scan,f1_class::Down Syndrome,4,0.4642857142857143,0.0,1,475,169
B2_corrected,dgcnn,softmax,scan,f1_class::Down Syndrome,5,0.6382978723404256,0.0,1,475,169
B2_corrected,dgcnn,softmax,scan,f1_class::Ehlers-Danlos Syndrome,1,0.3428571428571428,0.0,1,475,169
B2_corrected,dgcnn,softmax,scan,f1_class::Ehlers-Danlos Syndrome,2,0.1904761904761904,0.0,1,475,169
B2_corrected,dgcnn,softmax,scan,f1_class::Ehlers-Danlos Syndrome,3,0.24,0.0,1,475,169
B2_corrected,dgcnn,softmax,scan,f1_class::Ehlers-Danlos Syndrome,4,0.2222222222222222,0.0,1,475,169
B2_corrected,dgcnn,softmax,scan,f1_class::Ehlers-Danlos Syndrome,5,0.2105263157894736,0.0,1,475,169
B2_corrected,dgcnn,softmax,scan,"f1_class::Facial Dysmorphia, possibly genetic",1,0.2597402597402597,0.0,1,475,169
B2_corrected,dgcnn,softmax,scan,"f1_class::Facial Dysmorphia, possibly genetic",2,0.2745098039215686,0.0,1,475,169
B2_corrected,dgcnn,softmax,scan,"f1_class::Facial Dysmorphia, possibly genetic",3,0.1764705882352941,0.0,1,475,169
B2_corrected,dgcnn,softmax,scan,"f1_class::Facial Dysmorphia, possibly genetic",4,0.2647058823529412,0.0,1,475,169
B2_corrected,dgcnn,softmax,scan,"f1_class::Facial Dysmorphia, possibly genetic",5,0.1612903225806451,0.0,1,475,169
B2_corrected,dgcnn,softmax,scan,f1_class::Jacobsen Syndrome,1,0.3636363636363636,0.0,1,475,169
B2_corrected,dgcnn,softmax,scan,f1_class::Jacobsen Syndrome,2,0.35,0.0,1,475,169
B2_corrected,dgcnn,softmax,scan,f1_class::Jacobsen Syndrome,3,0.375,0.0,1,475,169
B2_corrected,dgcnn,softmax,scan,f1_class::Jacobsen Syndrome,4,0.3428571428571428,0.0,1,475,169
B2_corrected,dgcnn,softmax,scan,f1_class::Jacobsen Syndrome,5,0.2564102564102564,0.0,1,475,169
B2_corrected,dgcnn,softmax,scan,f1_class::Joubert Syndrome,1,0.2941176470588235,0.0,1,475,169
B2_corrected,dgcnn,softmax,scan,f1_class::Joubert Syndrome,2,0.0909090909090909,0.0,1,475,169
B2_corrected,dgcnn,softmax,scan,f1_class::Joubert Syndrome,3,0.074074074074074,0.0,1,475,169
B2_corrected,dgcnn,softmax,scan,f1_class::Joubert Syndrome,4,0.1666666666666666,0.0,1,475,169
B2_corrected,dgcnn,softmax,scan,f1_class::Joubert Syndrome,5,0.1428571428571428,0.0,1,475,169
B2_corrected,dgcnn,softmax,scan,f1_class::Loeys-Dietz Syndrome,1,0.4074074074074074,0.0,1,475,169
B2_corrected,dgcnn,softmax,scan,f1_class::Loeys-Dietz Syndrome,2,0.3111111111111111,0.0,1,475,169
B2_corrected,dgcnn,softmax,scan,f1_class::Loeys-Dietz Syndrome,3,0.1904761904761904,0.0,1,475,169
B2_corrected,dgcnn,softmax,scan,f1_class::Loeys-Dietz Syndrome,4,0.4848484848484848,0.0,1,475,169
B2_corrected,dgcnn,softmax,scan,f1_class::Loeys-Dietz Syndrome,5,0.4285714285714285,0.0,1,475,169
B2_corrected,dgcnn,softmax,scan,f1_class::Marfan Syndrome,1,0.0,0.0,1,475,169
B2_corrected,dgcnn,softmax,scan,f1_class::Marfan Syndrome,2,0.0909090909090909,0.0,1,475,169
B2_corrected,dgcnn,softmax,scan,f1_class::Marfan Syndrome,3,0.1,0.0,1,475,169
B2_corrected,dgcnn,softmax,scan,f1_class::Marfan Syndrome,4,0.0869565217391304,0.0,1,475,169
B2_corrected,dgcnn,softmax,scan,f1_class::Marfan Syndrome,5,0.2307692307692307,0.0,1,475,169
B2_corrected,dgcnn,softmax,scan,f1_class::Mucopolysaccharidosis type IIIB (Sanfilippo B),1,0.0,0.0,1,475,169
B2_corrected,dgcnn,softmax,scan,f1_class::Mucopolysaccharidosis type IIIB (Sanfilippo B),2,0.048780487804878,0.0,1,475,169
B2_corrected,dgcnn,softmax,scan,f1_class::Mucopolysaccharidosis type IIIB (Sanfilippo B),3,0.0,0.0,1,475,169
B2_corrected,dgcnn,softmax,scan,f1_class::Mucopolysaccharidosis type IIIB (Sanfilippo B),4,0.1,0.0,1,475,169
B2_corrected,dgcnn,softmax,scan,f1_class::Mucopolysaccharidosis type IIIB (Sanfilippo B),5,0.0,0.0,1,475,169
B2_corrected,dgcnn,softmax,scan,f1_class::Noonan Syndrome,1,0.4333333333333333,0.0,1,475,169
B2_corrected,dgcnn,softmax,scan,f1_class::Noonan Syndrome,2,0.4067796610169492,0.0,1,475,169
B2_corrected,dgcnn,softmax,scan,f1_class::Noonan Syndrome,3,0.2608695652173913,0.0,1,475,169
B2_corrected,dgcnn,softmax,scan,f1_class::Noonan Syndrome,4,0.5238095238095238,0.0,1,475,169
B2_corrected,dgcnn,softmax,scan,f1_class::Noonan Syndrome,5,0.2580645161290322,0.0,1,475,169
B2_corrected,dgcnn,softmax,scan,f1_class::Pallister-Killian Syndrome,1,0.3902439024390244,0.0,1,475,169
B2_corrected,dgcnn,softmax,scan,f1_class::Pallister-Killian Syndrome,2,0.2857142857142857,0.0,1,475,169
B2_corrected,dgcnn,softmax,scan,f1_class::Pallister-Killian Syndrome,3,0.238095238095238,0.0,1,475,169
B2_corrected,dgcnn,softmax,scan,f1_class::Pallister-Killian Syndrome,4,0.425531914893617,0.0,1,475,169
B2_corrected,dgcnn,softmax,scan,f1_class::Pallister-Killian Syndrome,5,0.375,0.0,1,475,169
B2_corrected,dgcnn,softmax,scan,f1_class::Phelan McDermid Syndrome,1,0.6166666666666667,0.0,1,475,169
B2_corrected,dgcnn,softmax,scan,f1_class::Phelan McDermid Syndrome,2,0.4285714285714285,0.0,1,475,169
B2_corrected,dgcnn,softmax,scan,f1_class::Phelan McDermid Syndrome,3,0.1333333333333333,0.0,1,475,169
B2_corrected,dgcnn,softmax,scan,f1_class::Phelan McDermid Syndrome,4,0.4565217391304347,0.0,1,475,169
B2_corrected,dgcnn,softmax,scan,f1_class::Phelan McDermid Syndrome,5,0.5535714285714286,0.0,1,475,169
B2_corrected,dgcnn,softmax,scan,f1_class::Pitt Hopkins,1,0.625,0.0,1,475,169
B2_corrected,dgcnn,softmax,scan,f1_class::Pitt Hopkins,2,0.4615384615384615,0.0,1,475,169
B2_corrected,dgcnn,softmax,scan,f1_class::Pitt Hopkins,3,0.4285714285714285,0.0,1,475,169
B2_corrected,dgcnn,softmax,scan,f1_class::Pitt Hopkins,4,0.3636363636363636,0.0,1,475,169
B2_corrected,dgcnn,softmax,scan,f1_class::Pitt Hopkins,5,0.0,0.0,1,475,169
B2_corrected,dgcnn,softmax,scan,f1_class::Rett Syndrome,1,0.0,0.0,1,475,169
B2_corrected,dgcnn,softmax,scan,f1_class::Rett Syndrome,2,0.2105263157894736,0.0,1,475,169
B2_corrected,dgcnn,softmax,scan,f1_class::Rett Syndrome,3,0.0,0.0,1,475,169
B2_corrected,dgcnn,softmax,scan,f1_class::Rett Syndrome,4,0.0,0.0,1,475,169
B2_corrected,dgcnn,softmax,scan,f1_class::Rett Syndrome,5,0.0,0.0,1,475,169
B2_corrected,dgcnn,softmax,scan,f1_class::Rubinstein-Taybi Syndrome,1,0.25,0.0,1,475,169
B2_corrected,dgcnn,softmax,scan,f1_class::Rubinstein-Taybi Syndrome,2,0.32,0.0,1,475,169
B2_corrected,dgcnn,softmax,scan,f1_class::Rubinstein-Taybi Syndrome,3,0.0,0.0,1,475,169
B2_corrected,dgcnn,softmax,scan,f1_class::Rubinstein-Taybi Syndrome,4,0.0,0.0,1,475,169
B2_corrected,dgcnn,softmax,scan,f1_class::Rubinstein-Taybi Syndrome,5,0.0,0.0,1,475,169
B2_corrected,dgcnn,softmax,scan,f1_class::Smith-Lemli-Opitz,1,0.0,0.0,1,475,169
B2_corrected,dgcnn,softmax,scan,f1_class::Smith-Lemli-Opitz,2,0.1666666666666666,0.0,1,475,169
B2_corrected,dgcnn,softmax,scan,f1_class::Smith-Lemli-Opitz,3,0.1538461538461538,0.0,1,475,169
B2_corrected,dgcnn,softmax,scan,f1_class::Smith-Lemli-Opitz,4,0.1818181818181818,0.0,1,475,169
B2_corrected,dgcnn,softmax,scan,f1_class::Smith-Lemli-Opitz,5,0.0,0.0,1,475,169
B2_corrected,dgcnn,softmax,scan,f1_class::Tetrasomy 18p,1,0.1739130434782608,0.0,1,475,169
B2_corrected,dgcnn,softmax,scan,f1_class::Tetrasomy 18p,2,0.0,0.0,1,475,169
B2_corrected,dgcnn,softmax,scan,f1_class::Tetrasomy 18p,3,0.4324324324324324,0.0,1,475,169
B2_corrected,dgcnn,softmax,scan,f1_class::Tetrasomy 18p,4,0.0,0.0,1,475,169
B2_corrected,dgcnn,softmax,scan,f1_class::Tetrasomy 18p,5,0.2439024390243902,0.0,1,475,169
B2_corrected,dgcnn,softmax,scan,f1_class::Trisomy 18,1,0.2,0.0,1,475,169
B2_corrected,dgcnn,softmax,scan,f1_class::Trisomy 18,2,0.1818181818181818,0.0,1,475,169
B2_corrected,dgcnn,softmax,scan,f1_class::Trisomy 18,3,0.125,0.0,1,475,169
B2_corrected,dgcnn,softmax,scan,f1_class::Trisomy 18,4,0.0,0.0,1,475,169
B2_corrected,dgcnn,softmax,scan,f1_class::Trisomy 18,5,0.3076923076923077,0.0,1,475,169
B2_corrected,dgcnn,softmax,scan,f1_class::Turner Syndrome,1,0.0606060606060606,0.0,1,475,169
B2_corrected,dgcnn,softmax,scan,f1_class::Turner Syndrome,2,0.0571428571428571,0.0,1,475,169
B2_corrected,dgcnn,softmax,scan,f1_class::Turner Syndrome,3,0.1081081081081081,0.0,1,475,169
B2_corrected,dgcnn,softmax,scan,f1_class::Turner Syndrome,4,0.1739130434782608,0.0,1,475,169
B2_corrected,dgcnn,softmax,scan,f1_class::Turner Syndrome,5,0.05,0.0,1,475,169
B2_corrected,dgcnn,softmax,scan,f1_class::Williams Syndrome,1,0.1666666666666666,0.0,1,475,169
B2_corrected,dgcnn,softmax,scan,f1_class::Williams Syndrome,2,0.0606060606060606,0.0,1,475,169
B2_corrected,dgcnn,softmax,scan,f1_class::Williams Syndrome,3,0.238095238095238,0.0,1,475,169
B2_corrected,dgcnn,softmax,scan,f1_class::Williams Syndrome,4,0.2926829268292683,0.0,1,475,169
B2_corrected,dgcnn,softmax,scan,f1_class::Williams Syndrome,5,0.2777777777777778,0.0,1,475,169
B2_corrected,dgcnn,softmax,scan,macro_auc,1,0.8701231179866062,0.0,1,475,169
B2_corrected,dgcnn,softmax,scan,macro_auc,2,0.8544671348140885,0.0,1,475,169
B2_corrected,dgcnn,softmax,scan,macro_auc,3,0.848234281801079,0.0,1,475,169
B2_corrected,dgcnn,softmax,scan,macro_auc,4,0.8626407078536993,0.0,1,475,169
B2_corrected,dgcnn,softmax,scan,macro_auc,5,0.8515657996840621,0.0,1,475,169
B2_corrected,dgcnn,softmax,scan,macro_f1,1,0.2328583518689147,0.0,1,475,169
B2_corrected,dgcnn,softmax,scan,macro_f1,2,0.2427775054266937,0.0,1,475,169
B2_corrected,dgcnn,softmax,scan,macro_f1,3,0.1773952079646429,0.0,1,475,169
B2_corrected,dgcnn,softmax,scan,macro_f1,4,0.2210285843206431,0.0,1,475,169
B2_corrected,dgcnn,softmax,scan,macro_f1,5,0.2049566241281941,0.0,1,475,169
B2_corrected,dgcnn,softmax,scan,top3_accuracy,1,0.52,0.0,1,475,169
B2_corrected,dgcnn,softmax,scan,top3_accuracy,2,0.4884210526315789,0.0,1,475,169
B2_corrected,dgcnn,softmax,scan,top3_accuracy,3,0.4442105263157895,0.0,1,475,169
B2_corrected,dgcnn,softmax,scan,top3_accuracy,4,0.5368421052631579,0.0,1,475,169
B2_corrected,dgcnn,softmax,scan,top3_accuracy,5,0.5452631578947369,0.0,1,475,169
B2_corrected,dgcnn,softmax,scan,top5_accuracy,1,0.6378947368421053,0.0,1,475,169
B2_corrected,dgcnn,softmax,scan,top5_accuracy,2,0.6105263157894737,0.0,1,475,169
B2_corrected,dgcnn,softmax,scan,top5_accuracy,3,0.5831578947368421,0.0,1,475,169
B2_corrected,dgcnn,softmax,scan,top5_accuracy,4,0.64,0.0,1,475,169
B2_corrected,dgcnn,softmax,scan,top5_accuracy,5,0.6547368421052632,0.0,1,475,169
B2_corrected,dgcnn,softmax,subject,accuracy,1,0.408284023668639,0.0,1,169,169
B2_corrected,dgcnn,softmax,subject,accuracy,2,0.3905325443786982,0.0,1,169,169
B2_corrected,dgcnn,softmax,subject,accuracy,3,0.301775147928994,0.0,1,169,169
B2_corrected,dgcnn,softmax,subject,accuracy,4,0.3846153846153846,0.0,1,169,169
B2_corrected,dgcnn,softmax,subject,accuracy,5,0.3727810650887574,0.0,1,169,169
B2_corrected,dgcnn,softmax,subject,f1_class::4p Deletion Wolff-Hirschhorn Syndrome,1,0.25,0.0,1,169,169
B2_corrected,dgcnn,softmax,subject,f1_class::4p Deletion Wolff-Hirschhorn Syndrome,2,0.1333333333333333,0.0,1,169,169
B2_corrected,dgcnn,softmax,subject,f1_class::4p Deletion Wolff-Hirschhorn Syndrome,3,0.0,0.0,1,169,169
B2_corrected,dgcnn,softmax,subject,f1_class::4p Deletion Wolff-Hirschhorn Syndrome,4,0.4,0.0,1,169,169
B2_corrected,dgcnn,softmax,subject,f1_class::4p Deletion Wolff-Hirschhorn Syndrome,5,0.0,0.0,1,169,169
B2_corrected,dgcnn,softmax,subject,f1_class::5p-,1,0.5454545454545454,0.0,1,169,169
B2_corrected,dgcnn,softmax,subject,f1_class::5p-,2,0.5454545454545454,0.0,1,169,169
B2_corrected,dgcnn,softmax,subject,f1_class::5p-,3,0.2222222222222222,0.0,1,169,169
B2_corrected,dgcnn,softmax,subject,f1_class::5p-,4,0.5,0.0,1,169,169
B2_corrected,dgcnn,softmax,subject,f1_class::5p-,5,0.4444444444444444,0.0,1,169,169
B2_corrected,dgcnn,softmax,subject,f1_class::Achondroplasia,1,0.7777777777777778,0.0,1,169,169
B2_corrected,dgcnn,softmax,subject,f1_class::Achondroplasia,2,0.7,0.0,1,169,169
B2_corrected,dgcnn,softmax,subject,f1_class::Achondroplasia,3,0.4827586206896552,0.0,1,169,169
B2_corrected,dgcnn,softmax,subject,f1_class::Achondroplasia,4,0.8888888888888888,0.0,1,169,169
B2_corrected,dgcnn,softmax,subject,f1_class::Achondroplasia,5,0.7777777777777778,0.0,1,169,169
B2_corrected,dgcnn,softmax,subject,f1_class::Angelman Syndrome,1,0.0,0.0,1,169,169
B2_corrected,dgcnn,softmax,subject,f1_class::Angelman Syndrome,2,0.0,0.0,1,169,169
B2_corrected,dgcnn,softmax,subject,f1_class::Angelman Syndrome,3,0.4,0.0,1,169,169
B2_corrected,dgcnn,softmax,subject,f1_class::Angelman Syndrome,4,0.0,0.0,1,169,169
B2_corrected,dgcnn,softmax,subject,f1_class::Angelman Syndrome,5,0.0,0.0,1,169,169
B2_corrected,dgcnn,softmax,subject,f1_class::Apert Syndrome,1,0.0,0.0,1,169,169
B2_corrected,dgcnn,softmax,subject,f1_class::Apert Syndrome,2,0.0,0.0,1,169,169
B2_corrected,dgcnn,softmax,subject,f1_class::Apert Syndrome,3,0.0,0.0,1,169,169
B2_corrected,dgcnn,softmax,subject,f1_class::Apert Syndrome,4,0.0,0.0,1,169,169
B2_corrected,dgcnn,softmax,subject,f1_class::Apert Syndrome,5,0.0,0.0,1,169,169
B2_corrected,dgcnn,softmax,subject,f1_class::Bohring-Opitz Syndrome,1,0.6666666666666666,0.0,1,169,169
B2_corrected,dgcnn,softmax,subject,f1_class::Bohring-Opitz Syndrome,2,0.4,0.0,1,169,169
B2_corrected,dgcnn,softmax,subject,f1_class::Bohring-Opitz Syndrome,3,0.3333333333333333,0.0,1,169,169
B2_corrected,dgcnn,softmax,subject,f1_class::Bohring-Opitz Syndrome,4,0.2222222222222222,0.0,1,169,169
B2_corrected,dgcnn,softmax,subject,f1_class::Bohring-Opitz Syndrome,5,0.4,0.0,1,169,169
B2_corrected,dgcnn,softmax,subject,f1_class::CDKL5,1,0.0,0.0,1,169,169
B2_corrected,dgcnn,softmax,subject,f1_class::CDKL5,2,0.0,0.0,1,169,169
B2_corrected,dgcnn,softmax,subject,f1_class::CDKL5,3,0.0,0.0,1,169,169
B2_corrected,dgcnn,softmax,subject,f1_class::CDKL5,4,0.0,0.0,1,169,169
B2_corrected,dgcnn,softmax,subject,f1_class::CDKL5,5,0.0,0.0,1,169,169
B2_corrected,dgcnn,softmax,subject,f1_class::CFC,1,0.0,0.0,1,169,169
B2_corrected,dgcnn,softmax,subject,f1_class::CFC,2,0.0,0.0,1,169,169
B2_corrected,dgcnn,softmax,subject,f1_class::CFC,3,0.0,0.0,1,169,169
B2_corrected,dgcnn,softmax,subject,f1_class::CFC,4,0.0,0.0,1,169,169
B2_corrected,dgcnn,softmax,subject,f1_class::CFC,5,0.0,0.0,1,169,169
B2_corrected,dgcnn,softmax,subject,f1_class::CHARGE Syndrome,1,0.0,0.0,1,169,169
B2_corrected,dgcnn,softmax,subject,f1_class::CHARGE Syndrome,2,0.2,0.0,1,169,169
B2_corrected,dgcnn,softmax,subject,f1_class::CHARGE Syndrome,3,0.1538461538461538,0.0,1,169,169
B2_corrected,dgcnn,softmax,subject,f1_class::CHARGE Syndrome,4,0.0,0.0,1,169,169
B2_corrected,dgcnn,softmax,subject,f1_class::CHARGE Syndrome,5,0.0,0.0,1,169,169
B2_corrected,dgcnn,softmax,subject,f1_class::CdLS,1,0.0,0.0,1,169,169
B2_corrected,dgcnn,softmax,subject,f1_class::CdLS,2,0.0,0.0,1,169,169
B2_corrected,dgcnn,softmax,subject,f1_class::CdLS,3,0.0,0.0,1,169,169
B2_corrected,dgcnn,softmax,subject,f1_class::CdLS,4,0.0,0.0,1,169,169
B2_corrected,dgcnn,softmax,subject,f1_class::CdLS,5,0.0,0.0,1,169,169
B2_corrected,dgcnn,softmax,subject,f1_class::Cockayne Syndrome,1,0.8571428571428571,0.0,1,169,169
B2_corrected,dgcnn,softmax,subject,f1_class::Cockayne Syndrome,2,0.75,0.0,1,169,169
B2_corrected,dgcnn,softmax,subject,f1_class::Cockayne Syndrome,3,0.4,0.0,1,169,169
B2_corrected,dgcnn,softmax,subject,f1_class::Cockayne Syndrome,4,0.0,0.0,1,169,169
B2_corrected,dgcnn,softmax,subject,f1_class::Cockayne Syndrome,5,0.3333333333333333,0.0,1,169,169
B2_corrected,dgcnn,softmax,subject,f1_class::Cohen Syndrome,1,0.3333333333333333,0.0,1,169,169
B2_corrected,dgcnn,softmax,subject,f1_class::Cohen Syndrome,2,0.5454545454545454,0.0,1,169,169
B2_corrected,dgcnn,softmax,subject,f1_class::Cohen Syndrome,3,0.4,0.0,1,169,169
B2_corrected,dgcnn,softmax,subject,f1_class::Cohen Syndrome,4,0.5714285714285714,0.0,1,169,169
B2_corrected,dgcnn,softmax,subject,f1_class::Cohen Syndrome,5,0.5454545454545454,0.0,1,169,169
B2_corrected,dgcnn,softmax,subject,f1_class::Costello Syndrome,1,0.2222222222222222,0.0,1,169,169
B2_corrected,dgcnn,softmax,subject,f1_class::Costello Syndrome,2,0.3636363636363636,0.0,1,169,169
B2_corrected,dgcnn,softmax,subject,f1_class::Costello Syndrome,3,0.2222222222222222,0.0,1,169,169
B2_corrected,dgcnn,softmax,subject,f1_class::Costello Syndrome,4,0.6666666666666666,0.0,1,169,169
B2_corrected,dgcnn,softmax,subject,f1_class::Costello Syndrome,5,0.2222222222222222,0.0,1,169,169
B2_corrected,dgcnn,softmax,subject,f1_class::Crouzon Syndrome,1,0.0,0.0,1,169,169
B2_corrected,dgcnn,softmax,subject,f1_class::Crouzon Syndrome,2,0.4,0.0,1,169,169
B2_corrected,dgcnn,softmax,subject,f1_class::Crouzon Syndrome,3,0.0,0.0,1,169,169
B2_corrected,dgcnn,softmax,subject,f1_class::Crouzon Syndrome,4,0.4,0.0,1,169,169
B2_corrected,dgcnn,softmax,subject,f1_class::Crouzon Syndrome,5,1.0,0.0,1,169,169
B2_corrected,dgcnn,softmax,subject,f1_class::Down Syndrome,1,0.7741935483870968,0.0,1,169,169
B2_corrected,dgcnn,softmax,subject,f1_class::Down Syndrome,2,0.8571428571428571,0.0,1,169,169
B2_corrected,dgcnn,softmax,subject,f1_class::Down Syndrome,3,0.8,0.0,1,169,169
B2_corrected,dgcnn,softmax,subject,f1_class::Down Syndrome,4,0.6341463414634146,0.0,1,169,169
B2_corrected,dgcnn,softmax,subject,f1_class::Down Syndrome,5,0.8484848484848485,0.0,1,169,169
B2_corrected,dgcnn,softmax,subject,f1_class::Ehlers-Danlos Syndrome,1,0.3076923076923077,0.0,1,169,169
B2_corrected,dgcnn,softmax,subject,f1_class::Ehlers-Danlos Syndrome,2,0.4,0.0,1,169,169
B2_corrected,dgcnn,softmax,subject,f1_class::Ehlers-Danlos Syndrome,3,0.3636363636363636,0.0,1,169,169
B2_corrected,dgcnn,softmax,subject,f1_class::Ehlers-Danlos Syndrome,4,0.2857142857142857,0.0,1,169,169
B2_corrected,dgcnn,softmax,subject,f1_class::Ehlers-Danlos Syndrome,5,0.2666666666666666,0.0,1,169,169
B2_corrected,dgcnn,softmax,subject,"f1_class::Facial Dysmorphia, possibly genetic",1,0.3243243243243243,0.0,1,169,169
B2_corrected,dgcnn,softmax,subject,"f1_class::Facial Dysmorphia, possibly genetic",2,0.3809523809523809,0.0,1,169,169
B2_corrected,dgcnn,softmax,subject,"f1_class::Facial Dysmorphia, possibly genetic",3,0.0,0.0,1,169,169
B2_corrected,dgcnn,softmax,subject,"f1_class::Facial Dysmorphia, possibly genetic",4,0.2857142857142857,0.0,1,169,169
B2_corrected,dgcnn,softmax,subject,"f1_class::Facial Dysmorphia, possibly genetic",5,0.1666666666666666,0.0,1,169,169
B2_corrected,dgcnn,softmax,subject,f1_class::Jacobsen Syndrome,1,0.2,0.0,1,169,169
B2_corrected,dgcnn,softmax,subject,f1_class::Jacobsen Syndrome,2,0.5,0.0,1,169,169
B2_corrected,dgcnn,softmax,subject,f1_class::Jacobsen Syndrome,3,0.4,0.0,1,169,169
B2_corrected,dgcnn,softmax,subject,f1_class::Jacobsen Syndrome,4,0.2307692307692307,0.0,1,169,169
B2_corrected,dgcnn,softmax,subject,f1_class::Jacobsen Syndrome,5,0.24,0.0,1,169,169
B2_corrected,dgcnn,softmax,subject,f1_class::Joubert Syndrome,1,0.2857142857142857,0.0,1,169,169
B2_corrected,dgcnn,softmax,subject,f1_class::Joubert Syndrome,2,0.0,0.0,1,169,169
B2_corrected,dgcnn,softmax,subject,f1_class::Joubert Syndrome,3,0.1538461538461538,0.0,1,169,169
B2_corrected,dgcnn,softmax,subject,f1_class::Joubert Syndrome,4,0.4,0.0,1,169,169
B2_corrected,dgcnn,softmax,subject,f1_class::Joubert Syndrome,5,0.1666666666666666,0.0,1,169,169
B2_corrected,dgcnn,softmax,subject,f1_class::Loeys-Dietz Syndrome,1,0.5517241379310345,0.0,1,169,169
B2_corrected,dgcnn,softmax,subject,f1_class::Loeys-Dietz Syndrome,2,0.48,0.0,1,169,169
B2_corrected,dgcnn,softmax,subject,f1_class::Loeys-Dietz Syndrome,3,0.32,0.0,1,169,169
B2_corrected,dgcnn,softmax,subject,f1_class::Loeys-Dietz Syndrome,4,0.6,0.0,1,169,169
B2_corrected,dgcnn,softmax,subject,f1_class::Loeys-Dietz Syndrome,5,0.5882352941176471,0.0,1,169,169
B2_corrected,dgcnn,softmax,subject,f1_class::Marfan Syndrome,1,0.0,0.0,1,169,169
B2_corrected,dgcnn,softmax,subject,f1_class::Marfan Syndrome,2,0.0,0.0,1,169,169
B2_corrected,dgcnn,softmax,subject,f1_class::Marfan Syndrome,3,0.0,0.0,1,169,169
B2_corrected,dgcnn,softmax,subject,f1_class::Marfan Syndrome,4,0.1818181818181818,0.0,1,169,169
B2_corrected,dgcnn,softmax,subject,f1_class::Marfan Syndrome,5,0.1818181818181818,0.0,1,169,169
B2_corrected,dgcnn,softmax,subject,f1_class::Mucopolysaccharidosis type IIIB (Sanfilippo B),1,0.0,0.0,1,169,169
B2_corrected,dgcnn,softmax,subject,f1_class::Mucopolysaccharidosis type IIIB (Sanfilippo B),2,0.0,0.0,1,169,169
B2_corrected,dgcnn,softmax,subject,f1_class::Mucopolysaccharidosis type IIIB (Sanfilippo B),3,0.0,0.0,1,169,169
B2_corrected,dgcnn,softmax,subject,f1_class::Mucopolysaccharidosis type IIIB (Sanfilippo B),4,0.2222222222222222,0.0,1,169,169
B2_corrected,dgcnn,softmax,subject,f1_class::Mucopolysaccharidosis type IIIB (Sanfilippo B),5,0.0,0.0,1,169,169
B2_corrected,dgcnn,softmax,subject,f1_class::Noonan Syndrome,1,0.4210526315789473,0.0,1,169,169
B2_corrected,dgcnn,softmax,subject,f1_class::Noonan Syndrome,2,0.4761904761904761,0.0,1,169,169
B2_corrected,dgcnn,softmax,subject,f1_class::Noonan Syndrome,3,0.2352941176470588,0.0,1,169,169
B2_corrected,dgcnn,softmax,subject,f1_class::Noonan Syndrome,4,0.6153846153846154,0.0,1,169,169
B2_corrected,dgcnn,softmax,subject,f1_class::Noonan Syndrome,5,0.3636363636363636,0.0,1,169,169
B2_corrected,dgcnn,softmax,subject,f1_class::Pallister-Killian Syndrome,1,0.5454545454545454,0.0,1,169,169
B2_corrected,dgcnn,softmax,subject,f1_class::Pallister-Killian Syndrome,2,0.2222222222222222,0.0,1,169,169
B2_corrected,dgcnn,softmax,subject,f1_class::Pallister-Killian Syndrome,3,0.4705882352941176,0.0,1,169,169
B2_corrected,dgcnn,softmax,subject,f1_class::Pallister-Killian Syndrome,4,0.5333333333333333,0.0,1,169,169
B2_corrected,dgcnn,softmax,subject,f1_class::Pallister-Killian Syndrome,5,0.5454545454545454,0.0,1,169,169
B2_corrected,dgcnn,softmax,subject,f1_class::Phelan McDermid Syndrome,1,0.72,0.0,1,169,169
B2_corrected,dgcnn,softmax,subject,f1_class::Phelan McDermid Syndrome,2,0.5882352941176471,0.0,1,169,169
B2_corrected,dgcnn,softmax,subject,f1_class::Phelan McDermid Syndrome,3,0.0,0.0,1,169,169
B2_corrected,dgcnn,softmax,subject,f1_class::Phelan McDermid Syndrome,4,0.375,0.0,1,169,169
B2_corrected,dgcnn,softmax,subject,f1_class::Phelan McDermid Syndrome,5,0.6428571428571429,0.0,1,169,169
B2_corrected,dgcnn,softmax,subject,f1_class::Pitt Hopkins,1,0.6666666666666666,0.0,1,169,169
B2_corrected,dgcnn,softmax,subject,f1_class::Pitt Hopkins,2,0.4,0.0,1,169,169
B2_corrected,dgcnn,softmax,subject,f1_class::Pitt Hopkins,3,0.4,0.0,1,169,169
B2_corrected,dgcnn,softmax,subject,f1_class::Pitt Hopkins,4,0.4,0.0,1,169,169
B2_corrected,dgcnn,softmax,subject,f1_class::Pitt Hopkins,5,0.0,0.0,1,169,169
B2_corrected,dgcnn,softmax,subject,f1_class::Rett Syndrome,1,0.0,0.0,1,169,169
B2_corrected,dgcnn,softmax,subject,f1_class::Rett Syndrome,2,0.0,0.0,1,169,169
B2_corrected,dgcnn,softmax,subject,f1_class::Rett Syndrome,3,0.0,0.0,1,169,169
B2_corrected,dgcnn,softmax,subject,f1_class::Rett Syndrome,4,0.0,0.0,1,169,169
B2_corrected,dgcnn,softmax,subject,f1_class::Rett Syndrome,5,0.0,0.0,1,169,169
B2_corrected,dgcnn,softmax,subject,f1_class::Rubinstein-Taybi Syndrome,1,0.6666666666666666,0.0,1,169,169
B2_corrected,dgcnn,softmax,subject,f1_class::Rubinstein-Taybi Syndrome,2,0.4444444444444444,0.0,1,169,169
B2_corrected,dgcnn,softmax,subject,f1_class::Rubinstein-Taybi Syndrome,3,0.0,0.0,1,169,169
B2_corrected,dgcnn,softmax,subject,f1_class::Rubinstein-Taybi Syndrome,4,0.0,0.0,1,169,169
B2_corrected,dgcnn,softmax,subject,f1_class::Rubinstein-Taybi Syndrome,5,0.4,0.0,1,169,169
B2_corrected,dgcnn,softmax,subject,f1_class::Smith-Lemli-Opitz,1,0.0,0.0,1,169,169
B2_corrected,dgcnn,softmax,subject,f1_class::Smith-Lemli-Opitz,2,0.5,0.0,1,169,169
B2_corrected,dgcnn,softmax,subject,f1_class::Smith-Lemli-Opitz,3,0.5,0.0,1,169,169
B2_corrected,dgcnn,softmax,subject,f1_class::Smith-Lemli-Opitz,4,0.0,0.0,1,169,169
B2_corrected,dgcnn,softmax,subject,f1_class::Smith-Lemli-Opitz,5,0.0,0.0,1,169,169
B2_corrected,dgcnn,softmax,subject,f1_class::Tetrasomy 18p,1,0.0,0.0,1,169,169
B2_corrected,dgcnn,softmax,subject,f1_class::Tetrasomy 18p,2,0.0,0.0,1,169,169
B2_corrected,dgcnn,softmax,subject,f1_class::Tetrasomy 18p,3,0.4,0.0,1,169,169
B2_corrected,dgcnn,softmax,subject,f1_class::Tetrasomy 18p,4,0.0,0.0,1,169,169
B2_corrected,dgcnn,softmax,subject,f1_class::Tetrasomy 18p,5,0.2,0.0,1,169,169
B2_corrected,dgcnn,softmax,subject,f1_class::Trisomy 18,1,0.5,0.0,1,169,169
B2_corrected,dgcnn,softmax,subject,f1_class::Trisomy 18,2,0.0,0.0,1,169,169
B2_corrected,dgcnn,softmax,subject,f1_class::Trisomy 18,3,0.1333333333333333,0.0,1,169,169
B2_corrected,dgcnn,softmax,subject,f1_class::Trisomy 18,4,0.0,0.0,1,169,169
B2_corrected,dgcnn,softmax,subject,f1_class::Trisomy 18,5,0.5,0.0,1,169,169
B2_corrected,dgcnn,softmax,subject,f1_class::Turner Syndrome,1,0.0,0.0,1,169,169
B2_corrected,dgcnn,softmax,subject,f1_class::Turner Syndrome,2,0.0,0.0,1,169,169
B2_corrected,dgcnn,softmax,subject,f1_class::Turner Syndrome,3,0.0,0.0,1,169,169
B2_corrected,dgcnn,softmax,subject,f1_class::Turner Syndrome,4,0.0,0.0,1,169,169
B2_corrected,dgcnn,softmax,subject,f1_class::Turner Syndrome,5,0.0,0.0,1,169,169
B2_corrected,dgcnn,softmax,subject,f1_class::Williams Syndrome,1,0.1818181818181818,0.0,1,169,169
B2_corrected,dgcnn,softmax,subject,f1_class::Williams Syndrome,2,0.0,0.0,1,169,169
B2_corrected,dgcnn,softmax,subject,f1_class::Williams Syndrome,3,0.4,0.0,1,169,169
B2_corrected,dgcnn,softmax,subject,f1_class::Williams Syndrome,4,0.3076923076923077,0.0,1,169,169
B2_corrected,dgcnn,softmax,subject,f1_class::Williams Syndrome,5,0.3333333333333333,0.0,1,169,169
B2_corrected,dgcnn,softmax,subject,macro_auc,1,0.9152694781889162,0.0,1,169,169
B2_corrected,dgcnn,softmax,subject,macro_auc,2,0.9097100870162956,0.0,1,169,169
B2_corrected,dgcnn,softmax,subject,macro_auc,3,0.8994327973559937,0.0,1,169,169
B2_corrected,dgcnn,softmax,subject,macro_auc,4,0.912263802694964,0.0,1,169,169
B2_corrected,dgcnn,softmax,subject,macro_auc,5,0.8976221016070456,0.0,1,169,169
B2_corrected,dgcnn,softmax,subject,macro_f1,1,0.2969062029948927,0.0,1,169,169
B2_corrected,dgcnn,softmax,subject,macro_f1,2,0.2814262564529944,0.0,1,169,169
B2_corrected,dgcnn,softmax,subject,macro_f1,3,0.2179115380627458,0.0,1,169,169
B2_corrected,dgcnn,softmax,subject,macro_f1,4,0.2642727622217644,0.0,1,169,169
B2_corrected,dgcnn,softmax,subject,macro_f1,5,0.2777894555434663,0.0,1,169,169
B2_corrected,dgcnn,softmax,subject,top3_accuracy,1,0.5976331360946746,0.0,1,169,169
B2_corrected,dgcnn,softmax,subject,top3_accuracy,2,0.6035502958579881,0.0,1,169,169
B2_corrected,dgcnn,softmax,subject,top3_accuracy,3,0.5562130177514792,0.0,1,169,169
B2_corrected,dgcnn,softmax,subject,top3_accuracy,4,0.621301775147929,0.0,1,169,169
B2_corrected,dgcnn,softmax,subject,top3_accuracy,5,0.5739644970414202,0.0,1,169,169
B2_corrected,dgcnn,softmax,subject,top5_accuracy,1,0.6745562130177515,0.0,1,169,169
B2_corrected,dgcnn,softmax,subject,top5_accuracy,2,0.7041420118343196,0.0,1,169,169
B2_corrected,dgcnn,softmax,subject,top5_accuracy,3,0.6923076923076923,0.0,1,169,169
B2_corrected,dgcnn,softmax,subject,top5_accuracy,4,0.6923076923076923,0.0,1,169,169
B2_corrected,dgcnn,softmax,subject,top5_accuracy,5,0.6982248520710059,0.0,1,169,169
B2_corrected,geommlp,knn11,scan,accuracy,1,0.1747368421052631,0.0,1,475,169
B2_corrected,geommlp,knn11,scan,accuracy,2,0.1747368421052631,0.0,1,475,169
B2_corrected,geommlp,knn11,scan,accuracy,3,0.1747368421052631,0.0,1,475,169
B2_corrected,geommlp,knn11,scan,accuracy,4,0.1747368421052631,0.0,1,475,169
B2_corrected,geommlp,knn11,scan,accuracy,5,0.1747368421052631,0.0,1,475,169
B2_corrected,geommlp,knn11,scan,f1_class::4p Deletion Wolff-Hirschhorn Syndrome,1,0.1428571428571428,0.0,1,475,169
B2_corrected,geommlp,knn11,scan,f1_class::4p Deletion Wolff-Hirschhorn Syndrome,2,0.1428571428571428,0.0,1,475,169
B2_corrected,geommlp,knn11,scan,f1_class::4p Deletion Wolff-Hirschhorn Syndrome,3,0.1428571428571428,0.0,1,475,169
B2_corrected,geommlp,knn11,scan,f1_class::4p Deletion Wolff-Hirschhorn Syndrome,4,0.1428571428571428,0.0,1,475,169
B2_corrected,geommlp,knn11,scan,f1_class::4p Deletion Wolff-Hirschhorn Syndrome,5,0.1428571428571428,0.0,1,475,169
B2_corrected,geommlp,knn11,scan,f1_class::5p-,1,0.0,0.0,1,475,169
B2_corrected,geommlp,knn11,scan,f1_class::5p-,2,0.0,0.0,1,475,169
B2_corrected,geommlp,knn11,scan,f1_class::5p-,3,0.0,0.0,1,475,169
B2_corrected,geommlp,knn11,scan,f1_class::5p-,4,0.0,0.0,1,475,169
B2_corrected,geommlp,knn11,scan,f1_class::5p-,5,0.0,0.0,1,475,169
B2_corrected,geommlp,knn11,scan,f1_class::Achondroplasia,1,0.0588235294117647,0.0,1,475,169
B2_corrected,geommlp,knn11,scan,f1_class::Achondroplasia,2,0.0588235294117647,0.0,1,475,169
B2_corrected,geommlp,knn11,scan,f1_class::Achondroplasia,3,0.0588235294117647,0.0,1,475,169
B2_corrected,geommlp,knn11,scan,f1_class::Achondroplasia,4,0.0588235294117647,0.0,1,475,169
B2_corrected,geommlp,knn11,scan,f1_class::Achondroplasia,5,0.0588235294117647,0.0,1,475,169
B2_corrected,geommlp,knn11,scan,f1_class::Angelman Syndrome,1,0.0833333333333333,0.0,1,475,169
B2_corrected,geommlp,knn11,scan,f1_class::Angelman Syndrome,2,0.0833333333333333,0.0,1,475,169
B2_corrected,geommlp,knn11,scan,f1_class::Angelman Syndrome,3,0.0833333333333333,0.0,1,475,169
B2_corrected,geommlp,knn11,scan,f1_class::Angelman Syndrome,4,0.0833333333333333,0.0,1,475,169
B2_corrected,geommlp,knn11,scan,f1_class::Angelman Syndrome,5,0.0833333333333333,0.0,1,475,169
B2_corrected,geommlp,knn11,scan,f1_class::Apert Syndrome,1,0.0,0.0,1,475,169
B2_corrected,geommlp,knn11,scan,f1_class::Apert Syndrome,2,0.0,0.0,1,475,169
B2_corrected,geommlp,knn11,scan,f1_class::Apert Syndrome,3,0.0,0.0,1,475,169
B2_corrected,geommlp,knn11,scan,f1_class::Apert Syndrome,4,0.0,0.0,1,475,169
B2_corrected,geommlp,knn11,scan,f1_class::Apert Syndrome,5,0.0,0.0,1,475,169
B2_corrected,geommlp,knn11,scan,f1_class::Bohring-Opitz Syndrome,1,0.2857142857142857,0.0,1,475,169
B2_corrected,geommlp,knn11,scan,f1_class::Bohring-Opitz Syndrome,2,0.2857142857142857,0.0,1,475,169
B2_corrected,geommlp,knn11,scan,f1_class::Bohring-Opitz Syndrome,3,0.2857142857142857,0.0,1,475,169
B2_corrected,geommlp,knn11,scan,f1_class::Bohring-Opitz Syndrome,4,0.2857142857142857,0.0,1,475,169
B2_corrected,geommlp,knn11,scan,f1_class::Bohring-Opitz Syndrome,5,0.2857142857142857,0.0,1,475,169
B2_corrected,geommlp,knn11,scan,f1_class::CDKL5,1,0.1538461538461538,0.0,1,475,169
B2_corrected,geommlp,knn11,scan,f1_class::CDKL5,2,0.1538461538461538,0.0,1,475,169
B2_corrected,geommlp,knn11,scan,f1_class::CDKL5,3,0.1538461538461538,0.0,1,475,169
B2_corrected,geommlp,knn11,scan,f1_class::CDKL5,4,0.1538461538461538,0.0,1,475,169
B2_corrected,geommlp,knn11,scan,f1_class::CDKL5,5,0.1538461538461538,0.0,1,475,169
B2_corrected,geommlp,knn11,scan,f1_class::CFC,1,0.1379310344827586,0.0,1,475,169
B2_corrected,geommlp,knn11,scan,f1_class::CFC,2,0.1379310344827586,0.0,1,475,169
B2_corrected,geommlp,knn11,scan,f1_class::CFC,3,0.1379310344827586,0.0,1,475,169
B2_corrected,geommlp,knn11,scan,f1_class::CFC,4,0.1379310344827586,0.0,1,475,169
B2_corrected,geommlp,knn11,scan,f1_class::CFC,5,0.1379310344827586,0.0,1,475,169
B2_corrected,geommlp,knn11,scan,f1_class::CHARGE Syndrome,1,0.1290322580645161,0.0,1,475,169
B2_corrected,geommlp,knn11,scan,f1_class::CHARGE Syndrome,2,0.1290322580645161,0.0,1,475,169
B2_corrected,geommlp,knn11,scan,f1_class::CHARGE Syndrome,3,0.1290322580645161,0.0,1,475,169
B2_corrected,geommlp,knn11,scan,f1_class::CHARGE Syndrome,4,0.1290322580645161,0.0,1,475,169
B2_corrected,geommlp,knn11,scan,f1_class::CHARGE Syndrome,5,0.1290322580645161,0.0,1,475,169
B2_corrected,geommlp,knn11,scan,f1_class::CdLS,1,0.0952380952380952,0.0,1,475,169
B2_corrected,geommlp,knn11,scan,f1_class::CdLS,2,0.0952380952380952,0.0,1,475,169
B2_corrected,geommlp,knn11,scan,f1_class::CdLS,3,0.0952380952380952,0.0,1,475,169
B2_corrected,geommlp,knn11,scan,f1_class::CdLS,4,0.0952380952380952,0.0,1,475,169
B2_corrected,geommlp,knn11,scan,f1_class::CdLS,5,0.0952380952380952,0.0,1,475,169
B2_corrected,geommlp,knn11,scan,f1_class::Cockayne Syndrome,1,0.2051282051282051,0.0,1,475,169
B2_corrected,geommlp,knn11,scan,f1_class::Cockayne Syndrome,2,0.2051282051282051,0.0,1,475,169
B2_corrected,geommlp,knn11,scan,f1_class::Cockayne Syndrome,3,0.2051282051282051,0.0,1,475,169
B2_corrected,geommlp,knn11,scan,f1_class::Cockayne Syndrome,4,0.2051282051282051,0.0,1,475,169
B2_corrected,geommlp,knn11,scan,f1_class::Cockayne Syndrome,5,0.2051282051282051,0.0,1,475,169
B2_corrected,geommlp,knn11,scan,f1_class::Cohen Syndrome,1,0.1538461538461538,0.0,1,475,169
B2_corrected,geommlp,knn11,scan,f1_class::Cohen Syndrome,2,0.1538461538461538,0.0,1,475,169
B2_corrected,geommlp,knn11,scan,f1_class::Cohen Syndrome,3,0.1538461538461538,0.0,1,475,169
B2_corrected,geommlp,knn11,scan,f1_class::Cohen Syndrome,4,0.1538461538461538,0.0,1,475,169
B2_corrected,geommlp,knn11,scan,f1_class::Cohen Syndrome,5,0.1538461538461538,0.0,1,475,169
B2_corrected,geommlp,knn11,scan,f1_class::Costello Syndrome,1,0.0909090909090909,0.0,1,475,169
B2_corrected,geommlp,knn11,scan,f1_class::Costello Syndrome,2,0.0909090909090909,0.0,1,475,169
B2_corrected,geommlp,knn11,scan,f1_class::Costello Syndrome,3,0.0909090909090909,0.0,1,475,169
B2_corrected,geommlp,knn11,scan,f1_class::Costello Syndrome,4,0.0909090909090909,0.0,1,475,169
B2_corrected,geommlp,knn11,scan,f1_class::Costello Syndrome,5,0.0909090909090909,0.0,1,475,169
B2_corrected,geommlp,knn11,scan,f1_class::Crouzon Syndrome,1,0.0,0.0,1,475,169
B2_corrected,geommlp,knn11,scan,f1_class::Crouzon Syndrome,2,0.0,0.0,1,475,169
B2_corrected,geommlp,knn11,scan,f1_class::Crouzon Syndrome,3,0.0,0.0,1,475,169
B2_corrected,geommlp,knn11,scan,f1_class::Crouzon Syndrome,4,0.0,0.0,1,475,169
B2_corrected,geommlp,knn11,scan,f1_class::Crouzon Syndrome,5,0.0,0.0,1,475,169
B2_corrected,geommlp,knn11,scan,f1_class::Down Syndrome,1,0.1714285714285714,0.0,1,475,169
B2_corrected,geommlp,knn11,scan,f1_class::Down Syndrome,2,0.1714285714285714,0.0,1,475,169
B2_corrected,geommlp,knn11,scan,f1_class::Down Syndrome,3,0.1714285714285714,0.0,1,475,169
B2_corrected,geommlp,knn11,scan,f1_class::Down Syndrome,4,0.1714285714285714,0.0,1,475,169
B2_corrected,geommlp,knn11,scan,f1_class::Down Syndrome,5,0.1714285714285714,0.0,1,475,169
B2_corrected,geommlp,knn11,scan,f1_class::Ehlers-Danlos Syndrome,1,0.2083333333333333,0.0,1,475,169
B2_corrected,geommlp,knn11,scan,f1_class::Ehlers-Danlos Syndrome,2,0.2083333333333333,0.0,1,475,169
B2_corrected,geommlp,knn11,scan,f1_class::Ehlers-Danlos Syndrome,3,0.2083333333333333,0.0,1,475,169
B2_corrected,geommlp,knn11,scan,f1_class::Ehlers-Danlos Syndrome,4,0.2083333333333333,0.0,1,475,169
B2_corrected,geommlp,knn11,scan,f1_class::Ehlers-Danlos Syndrome,5,0.2083333333333333,0.0,1,475,169
B2_corrected,geommlp,knn11,scan,"f1_class::Facial Dysmorphia, possibly genetic",1,0.05,0.0,1,475,169
B2_corrected,geommlp,knn11,scan,"f1_class::Facial Dysmorphia, possibly genetic",2,0.05,0.0,1,475,169
B2_corrected,geommlp,knn11,scan,"f1_class::Facial Dysmorphia, possibly genetic",3,0.05,0.0,1,475,169
B2_corrected,geommlp,knn11,scan,"f1_class::Facial Dysmorphia, possibly genetic",4,0.05,0.0,1,475,169
B2_corrected,geommlp,knn11,scan,"f1_class::Facial Dysmorphia, possibly genetic",5,0.05,0.0,1,475,169
B2_corrected,geommlp,knn11,scan,f1_class::Jacobsen Syndrome,1,0.2439024390243902,0.0,1,475,169
B2_corrected,geommlp,knn11,scan,f1_class::Jacobsen Syndrome,2,0.2439024390243902,0.0,1,475,169
B2_corrected,geommlp,knn11,scan,f1_class::Jacobsen Syndrome,3,0.2439024390243902,0.0,1,475,169
B2_corrected,geommlp,knn11,scan,f1_class::Jacobsen Syndrome,4,0.2439024390243902,0.0,1,475,169
B2_corrected,geommlp,knn11,scan,f1_class::Jacobsen Syndrome,5,0.2439024390243902,0.0,1,475,169
B2_corrected,geommlp,knn11,scan,f1_class::Joubert Syndrome,1,0.08,0.0,1,475,169
B2_corrected,geommlp,knn11,scan,f1_class::Joubert Syndrome,2,0.08,0.0,1,475,169
B2_corrected,geommlp,knn11,scan,f1_class::Joubert Syndrome,3,0.08,0.0,1,475,169
B2_corrected,geommlp,knn11,scan,f1_class::Joubert Syndrome,4,0.08,0.0,1,475,169
B2_corrected,geommlp,knn11,scan,f1_class::Joubert Syndrome,5,0.08,0.0,1,475,169
B2_corrected,geommlp,knn11,scan,f1_class::Loeys-Dietz Syndrome,1,0.0952380952380952,0.0,1,475,169
B2_corrected,geommlp,knn11,scan,f1_class::Loeys-Dietz Syndrome,2,0.0952380952380952,0.0,1,475,169
B2_corrected,geommlp,knn11,scan,f1_class::Loeys-Dietz Syndrome,3,0.0952380952380952,0.0,1,475,169
B2_corrected,geommlp,knn11,scan,f1_class::Loeys-Dietz Syndrome,4,0.0952380952380952,0.0,1,475,169
B2_corrected,geommlp,knn11,scan,f1_class::Loeys-Dietz Syndrome,5,0.0952380952380952,0.0,1,475,169
B2_corrected,geommlp,knn11,scan,f1_class::Marfan Syndrome,1,0.3684210526315789,0.0,1,475,169
B2_corrected,geommlp,knn11,scan,f1_class::Marfan Syndrome,2,0.3684210526315789,0.0,1,475,169
B2_corrected,geommlp,knn11,scan,f1_class::Marfan Syndrome,3,0.3684210526315789,0.0,1,475,169
B2_corrected,geommlp,knn11,scan,f1_class::Marfan Syndrome,4,0.3684210526315789,0.0,1,475,169
B2_corrected,geommlp,knn11,scan,f1_class::Marfan Syndrome,5,0.3684210526315789,0.0,1,475,169
B2_corrected,geommlp,knn11,scan,f1_class::Mucopolysaccharidosis type IIIB (Sanfilippo B),1,0.0,0.0,1,475,169
B2_corrected,geommlp,knn11,scan,f1_class::Mucopolysaccharidosis type IIIB (Sanfilippo B),2,0.0,0.0,1,475,169
B2_corrected,geommlp,knn11,scan,f1_class::Mucopolysaccharidosis type IIIB (Sanfilippo B),3,0.0,0.0,1,475,169
B2_corrected,geommlp,knn11,scan,f1_class::Mucopolysaccharidosis type IIIB (Sanfilippo B),4,0.0,0.0,1,475,169
B2_corrected,geommlp,knn11,scan,f1_class::Mucopolysaccharidosis type IIIB (Sanfilippo B),5,0.0,0.0,1,475,169
B2_corrected,geommlp,knn11,scan,f1_class::Noonan Syndrome,1,0.1764705882352941,0.0,1,475,169
B2_corrected,geommlp,knn11,scan,f1_class::Noonan Syndrome,2,0.1764705882352941,0.0,1,475,169
B2_corrected,geommlp,knn11,scan,f1_class::Noonan Syndrome,3,0.1764705882352941,0.0,1,475,169
B2_corrected,geommlp,knn11,scan,f1_class::Noonan Syndrome,4,0.1764705882352941,0.0,1,475,169
B2_corrected,geommlp,knn11,scan,f1_class::Noonan Syndrome,5,0.1764705882352941,0.0,1,475,169
B2_corrected,geommlp,knn11,scan,f1_class::Pallister-Killian Syndrome,1,0.5,0.0,1,475,169
B2_corrected,geommlp,knn11,scan,f1_class::Pallister-Killian Syndrome,2,0.5,0.0,1,475,169
B2_corrected,geommlp,knn11,scan,f1_class::Pallister-Killian Syndrome,3,0.5,0.0,1,475,169
B2_corrected,geommlp,knn11,scan,f1_class::Pallister-Killian Syndrome,4,0.5,0.0,1,475,169
B2_corrected,geommlp,knn11,scan,f1_class::Pallister-Killian Syndrome,5,0.5,0.0,1,475,169
B2_corrected,geommlp,knn11,scan,f1_class::Phelan McDermid Syndrome,1,0.3529411764705882,0.0,1,475,169
B2_corrected,geommlp,knn11,scan,f1_class::Phelan McDermid Syndrome,2,0.3529411764705882,0.0,1,475,169
B2_corrected,geommlp,knn11,scan,f1_class::Phelan McDermid Syndrome,3,0.3529411764705882,0.0,1,475,169
B2_corrected,geommlp,knn11,scan,f1_class::Phelan McDermid Syndrome,4,0.3529411764705882,0.0,1,475,169
B2_corrected,geommlp,knn11,scan,f1_class::Phelan McDermid Syndrome,5,0.3529411764705882,0.0,1,475,169
B2_corrected,geommlp,knn11,scan,f1_class::Pitt Hopkins,1,0.25,0.0,1,475,169
B2_corrected,geommlp,knn11,scan,f1_class::Pitt Hopkins,2,0.25,0.0,1,475,169
B2_corrected,geommlp,knn11,scan,f1_class::Pitt Hopkins,3,0.25,0.0,1,475,169
B2_corrected,geommlp,knn11,scan,f1_class::Pitt Hopkins,4,0.25,0.0,1,475,169
B2_corrected,geommlp,knn11,scan,f1_class::Pitt Hopkins,5,0.25,0.0,1,475,169
B2_corrected,geommlp,knn11,scan,f1_class::Rett Syndrome,1,0.0,0.0,1,475,169
B2_corrected,geommlp,knn11,scan,f1_class::Rett Syndrome,2,0.0,0.0,1,475,169
B2_corrected,geommlp,knn11,scan,f1_class::Rett Syndrome,3,0.0,0.0,1,475,169
B2_corrected,geommlp,knn11,scan,f1_class::Rett Syndrome,4,0.0,0.0,1,475,169
B2_corrected,geommlp,knn11,scan,f1_class::Rett Syndrome,5,0.0,0.0,1,475,169
B2_corrected,geommlp,knn11,scan,f1_class::Rubinstein-Taybi Syndrome,1,0.1818181818181818,0.0,1,475,169
B2_corrected,geommlp,knn11,scan,f1_class::Rubinstein-Taybi Syndrome,2,0.1818181818181818,0.0,1,475,169
B2_corrected,geommlp,knn11,scan,f1_class::Rubinstein-Taybi Syndrome,3,0.1818181818181818,0.0,1,475,169
B2_corrected,geommlp,knn11,scan,f1_class::Rubinstein-Taybi Syndrome,4,0.1818181818181818,0.0,1,475,169
B2_corrected,geommlp,knn11,scan,f1_class::Rubinstein-Taybi Syndrome,5,0.1818181818181818,0.0,1,475,169
B2_corrected,geommlp,knn11,scan,f1_class::Smith-Lemli-Opitz,1,0.0,0.0,1,475,169
B2_corrected,geommlp,knn11,scan,f1_class::Smith-Lemli-Opitz,2,0.0,0.0,1,475,169
B2_corrected,geommlp,knn11,scan,f1_class::Smith-Lemli-Opitz,3,0.0,0.0,1,475,169
B2_corrected,geommlp,knn11,scan,f1_class::Smith-Lemli-Opitz,4,0.0,0.0,1,475,169
B2_corrected,geommlp,knn11,scan,f1_class::Smith-Lemli-Opitz,5,0.0,0.0,1,475,169
B2_corrected,geommlp,knn11,scan,f1_class::Tetrasomy 18p,1,0.0,0.0,1,475,169
B2_corrected,geommlp,knn11,scan,f1_class::Tetrasomy 18p,2,0.0,0.0,1,475,169
B2_corrected,geommlp,knn11,scan,f1_class::Tetrasomy 18p,3,0.0,0.0,1,475,169
B2_corrected,geommlp,knn11,scan,f1_class::Tetrasomy 18p,4,0.0,0.0,1,475,169
B2_corrected,geommlp,knn11,scan,f1_class::Tetrasomy 18p,5,0.0,0.0,1,475,169
B2_corrected,geommlp,knn11,scan,f1_class::Trisomy 18,1,0.1538461538461538,0.0,1,475,169
B2_corrected,geommlp,knn11,scan,f1_class::Trisomy 18,2,0.1538461538461538,0.0,1,475,169
B2_corrected,geommlp,knn11,scan,f1_class::Trisomy 18,3,0.1538461538461538,0.0,1,475,169
B2_corrected,geommlp,knn11,scan,f1_class::Trisomy 18,4,0.1538461538461538,0.0,1,475,169
B2_corrected,geommlp,knn11,scan,f1_class::Trisomy 18,5,0.1538461538461538,0.0,1,475,169
B2_corrected,geommlp,knn11,scan,f1_class::Turner Syndrome,1,0.0,0.0,1,475,169
B2_corrected,geommlp,knn11,scan,f1_class::Turner Syndrome,2,0.0,0.0,1,475,169
B2_corrected,geommlp,knn11,scan,f1_class::Turner Syndrome,3,0.0,0.0,1,475,169
B2_corrected,geommlp,knn11,scan,f1_class::Turner Syndrome,4,0.0,0.0,1,475,169
B2_corrected,geommlp,knn11,scan,f1_class::Turner Syndrome,5,0.0,0.0,1,475,169
B2_corrected,geommlp,knn11,scan,f1_class::Williams Syndrome,1,0.1639344262295081,0.0,1,475,169
B2_corrected,geommlp,knn11,scan,f1_class::Williams Syndrome,2,0.1639344262295081,0.0,1,475,169
B2_corrected,geommlp,knn11,scan,f1_class::Williams Syndrome,3,0.1639344262295081,0.0,1,475,169
B2_corrected,geommlp,knn11,scan,f1_class::Williams Syndrome,4,0.1639344262295081,0.0,1,475,169
B2_corrected,geommlp,knn11,scan,f1_class::Williams Syndrome,5,0.1639344262295081,0.0,1,475,169
B2_corrected,geommlp,knn11,scan,macro_auc,1,0.6860560652606227,0.0,1,475,169
B2_corrected,geommlp,knn11,scan,macro_auc,2,0.6860560652606227,0.0,1,475,169
B2_corrected,geommlp,knn11,scan,macro_auc,3,0.6860560652606227,0.0,1,475,169
B2_corrected,geommlp,knn11,scan,macro_auc,4,0.6860560652606227,0.0,1,475,169
B2_corrected,geommlp,knn11,scan,macro_auc,5,0.6860560652606227,0.0,1,475,169
B2_corrected,geommlp,knn11,scan,macro_f1,1,0.1373634333662786,0.0,1,475,169
B2_corrected,geommlp,knn11,scan,macro_f1,2,0.1373634333662786,0.0,1,475,169
B2_corrected,geommlp,knn11,scan,macro_f1,3,0.1373634333662786,0.0,1,475,169
B2_corrected,geommlp,knn11,scan,macro_f1,4,0.1373634333662786,0.0,1,475,169
B2_corrected,geommlp,knn11,scan,macro_f1,5,0.1373634333662786,0.0,1,475,169
B2_corrected,geommlp,knn11,subject,accuracy,1,0.165680473372781,0.0,1,169,169
B2_corrected,geommlp,knn11,subject,accuracy,2,0.165680473372781,0.0,1,169,169
B2_corrected,geommlp,knn11,subject,accuracy,3,0.165680473372781,0.0,1,169,169
B2_corrected,geommlp,knn11,subject,accuracy,4,0.165680473372781,0.0,1,169,169
B2_corrected,geommlp,knn11,subject,accuracy,5,0.165680473372781,0.0,1,169,169
B2_corrected,geommlp,knn11,subject,f1_class::4p Deletion Wolff-Hirschhorn Syndrome,1,0.0,0.0,1,169,169
B2_corrected,geommlp,knn11,subject,f1_class::4p Deletion Wolff-Hirschhorn Syndrome,2,0.0,0.0,1,169,169
B2_corrected,geommlp,knn11,subject,f1_class::4p Deletion Wolff-Hirschhorn Syndrome,3,0.0,0.0,1,169,169
B2_corrected,geommlp,knn11,subject,f1_class::4p Deletion Wolff-Hirschhorn Syndrome,4,0.0,0.0,1,169,169
B2_corrected,geommlp,knn11,subject,f1_class::4p Deletion Wolff-Hirschhorn Syndrome,5,0.0,0.0,1,169,169
B2_corrected,geommlp,knn11,subject,f1_class::5p-,1,0.0,0.0,1,169,169
B2_corrected,geommlp,knn11,subject,f1_class::5p-,2,0.0,0.0,1,169,169
B2_corrected,geommlp,knn11,subject,f1_class::5p-,3,0.0,0.0,1,169,169
B2_corrected,geommlp,knn11,subject,f1_class::5p-,4,0.0,0.0,1,169,169
B2_corrected,geommlp,knn11,subject,f1_class::5p-,5,0.0,0.0,1,169,169
B2_corrected,geommlp,knn11,subject,f1_class::Achondroplasia,1,0.1111111111111111,0.0,1,169,169
B2_corrected,geommlp,knn11,subject,f1_class::Achondroplasia,2,0.1111111111111111,0.0,1,169,169
B2_corrected,geommlp,knn11,subject,f1_class::Achondroplasia,3,0.1111111111111111,0.0,1,169,169
B2_corrected,geommlp,knn11,subject,f1_class::Achondroplasia,4,0.1111111111111111,0.0,1,169,169
B2_corrected,geommlp,knn11,subject,f1_class::Achondroplasia,5,0.1111111111111111,0.0,1,169,169
B2_corrected,geommlp,knn11,subject,f1_class::Angelman Syndrome,1,0.2857142857142857,0.0,1,169,169
B2_corrected,geommlp,knn11,subject,f1_class::Angelman Syndrome,2,0.2857142857142857,0.0,1,169,169
B2_corrected,geommlp,knn11,subject,f1_class::Angelman Syndrome,3,0.2857142857142857,0.0,1,169,169
B2_corrected,geommlp,knn11,subject,f1_class::Angelman Syndrome,4,0.2857142857142857,0.0,1,169,169
B2_corrected,geommlp,knn11,subject,f1_class::Angelman Syndrome,5,0.2857142857142857,0.0,1,169,169
B2_corrected,geommlp,knn11,subject,f1_class::Apert Syndrome,1,0.0,0.0,1,169,169
B2_corrected,geommlp,knn11,subject,f1_class::Apert Syndrome,2,0.0,0.0,1,169,169
B2_corrected,geommlp,knn11,subject,f1_class::Apert Syndrome,3,0.0,0.0,1,169,169
B2_corrected,geommlp,knn11,subject,f1_class::Apert Syndrome,4,0.0,0.0,1,169,169
B2_corrected,geommlp,knn11,subject,f1_class::Apert Syndrome,5,0.0,0.0,1,169,169
B2_corrected,geommlp,knn11,subject,f1_class::Bohring-Opitz Syndrome,1,0.0,0.0,1,169,169
B2_corrected,geommlp,knn11,subject,f1_class::Bohring-Opitz Syndrome,2,0.0,0.0,1,169,169
B2_corrected,geommlp,knn11,subject,f1_class::Bohring-Opitz Syndrome,3,0.0,0.0,1,169,169
B2_corrected,geommlp,knn11,subject,f1_class::Bohring-Opitz Syndrome,4,0.0,0.0,1,169,169
B2_corrected,geommlp,knn11,subject,f1_class::Bohring-Opitz Syndrome,5,0.0,0.0,1,169,169
B2_corrected,geommlp,knn11,subject,f1_class::CDKL5,1,0.0,0.0,1,169,169
B2_corrected,geommlp,knn11,subject,f1_class::CDKL5,2,0.0,0.0,1,169,169
B2_corrected,geommlp,knn11,subject,f1_class::CDKL5,3,0.0,0.0,1,169,169
B2_corrected,geommlp,knn11,subject,f1_class::CDKL5,4,0.0,0.0,1,169,169
B2_corrected,geommlp,knn11,subject,f1_class::CDKL5,5,0.0,0.0,1,169,169
B2_corrected,geommlp,knn11,subject,f1_class::CFC,1,0.0,0.0,1,169,169
B2_corrected,geommlp,knn11,subject,f1_class::CFC,2,0.0,0.0,1,169,169
B2_corrected,geommlp,knn11,subject,f1_class::CFC,3,0.0,0.0,1,169,169
B2_corrected,geommlp,knn11,subject,f1_class::CFC,4,0.0,0.0,1,169,169
B2_corrected,geommlp,knn11,subject,f1_class::CFC,5,0.0,0.0,1,169,169
B2_corrected,geommlp,knn11,subject,f1_class::CHARGE Syndrome,1,0.0,0.0,1,169,169
B2_corrected,geommlp,knn11,subject,f1_class::CHARGE Syndrome,2,0.0,0.0,1,169,169
B2_corrected,geommlp,knn11,subject,f1_class::CHARGE Syndrome,3,0.0,0.0,1,169,169
B2_corrected,geommlp,knn11,subject,f1_class::CHARGE Syndrome,4,0.0,0.0,1,169,169
B2_corrected,geommlp,knn11,subject,f1_class::CHARGE Syndrome,5,0.0,0.0,1,169,169
B2_corrected,geommlp,knn11,subject,f1_class::CdLS,1,0.2666666666666666,0.0,1,169,169
B2_corrected,geommlp,knn11,subject,f1_class::CdLS,2,0.2666666666666666,0.0,1,169,169
B2_corrected,geommlp,knn11,subject,f1_class::CdLS,3,0.2666666666666666,0.0,1,169,169
B2_corrected,geommlp,knn11,subject,f1_class::CdLS,4,0.2666666666666666,0.0,1,169,169
B2_corrected,geommlp,knn11,subject,f1_class::CdLS,5,0.2666666666666666,0.0,1,169,169
B2_corrected,geommlp,knn11,subject,f1_class::Cockayne Syndrome,1,0.0,0.0,1,169,169
B2_corrected,geommlp,knn11,subject,f1_class::Cockayne Syndrome,2,0.0,0.0,1,169,169
B2_corrected,geommlp,knn11,subject,f1_class::Cockayne Syndrome,3,0.0,0.0,1,169,169
B2_corrected,geommlp,knn11,subject,f1_class::Cockayne Syndrome,4,0.0,0.0,1,169,169
B2_corrected,geommlp,knn11,subject,f1_class::Cockayne Syndrome,5,0.0,0.0,1,169,169
B2_corrected,geommlp,knn11,subject,f1_class::Cohen Syndrome,1,0.1666666666666666,0.0,1,169,169
B2_corrected,geommlp,knn11,subject,f1_class::Cohen Syndrome,2,0.1666666666666666,0.0,1,169,169
B2_corrected,geommlp,knn11,subject,f1_class::Cohen Syndrome,3,0.1666666666666666,0.0,1,169,169
B2_corrected,geommlp,knn11,subject,f1_class::Cohen Syndrome,4,0.1666666666666666,0.0,1,169,169
B2_corrected,geommlp,knn11,subject,f1_class::Cohen Syndrome,5,0.1666666666666666,0.0,1,169,169
B2_corrected,geommlp,knn11,subject,f1_class::Costello Syndrome,1,0.1111111111111111,0.0,1,169,169
B2_corrected,geommlp,knn11,subject,f1_class::Costello Syndrome,2,0.1111111111111111,0.0,1,169,169
B2_corrected,geommlp,knn11,subject,f1_class::Costello Syndrome,3,0.1111111111111111,0.0,1,169,169
B2_corrected,geommlp,knn11,subject,f1_class::Costello Syndrome,4,0.1111111111111111,0.0,1,169,169
B2_corrected,geommlp,knn11,subject,f1_class::Costello Syndrome,5,0.1111111111111111,0.0,1,169,169
B2_corrected,geommlp,knn11,subject,f1_class::Crouzon Syndrome,1,0.0,0.0,1,169,169
B2_corrected,geommlp,knn11,subject,f1_class::Crouzon Syndrome,2,0.0,0.0,1,169,169
B2_corrected,geommlp,knn11,subject,f1_class::Crouzon Syndrome,3,0.0,0.0,1,169,169
B2_corrected,geommlp,knn11,subject,f1_class::Crouzon Syndrome,4,0.0,0.0,1,169,169
B2_corrected,geommlp,knn11,subject,f1_class::Crouzon Syndrome,5,0.0,0.0,1,169,169
B2_corrected,geommlp,knn11,subject,f1_class::Down Syndrome,1,0.24,0.0,1,169,169
B2_corrected,geommlp,knn11,subject,f1_class::Down Syndrome,2,0.24,0.0,1,169,169
B2_corrected,geommlp,knn11,subject,f1_class::Down Syndrome,3,0.24,0.0,1,169,169
B2_corrected,geommlp,knn11,subject,f1_class::Down Syndrome,4,0.24,0.0,1,169,169
B2_corrected,geommlp,knn11,subject,f1_class::Down Syndrome,5,0.24,0.0,1,169,169
B2_corrected,geommlp,knn11,subject,f1_class::Ehlers-Danlos Syndrome,1,0.3157894736842105,0.0,1,169,169
B2_corrected,geommlp,knn11,subject,f1_class::Ehlers-Danlos Syndrome,2,0.3157894736842105,0.0,1,169,169
B2_corrected,geommlp,knn11,subject,f1_class::Ehlers-Danlos Syndrome,3,0.3157894736842105,0.0,1,169,169
B2_corrected,geommlp,knn11,subject,f1_class::Ehlers-Danlos Syndrome,4,0.3157894736842105,0.0,1,169,169
B2_corrected,geommlp,knn11,subject,f1_class::Ehlers-Danlos Syndrome,5,0.3157894736842105,0.0,1,169,169
B2_corrected,geommlp,knn11,subject,"f1_class::Facial Dysmorphia, possibly genetic",1,0.0,0.0,1,169,169
B2_corrected,geommlp,knn11,subject,"f1_class::Facial Dysmorphia, possibly genetic",2,0.0,0.0,1,169,169
B2_corrected,geommlp,knn11,subject,"f1_class::Facial Dysmorphia, possibly genetic",3,0.0,0.0,1,169,169
B2_corrected,geommlp,knn11,subject,"f1_class::Facial Dysmorphia, possibly genetic",4,0.0,0.0,1,169,169
B2_corrected,geommlp,knn11,subject,"f1_class::Facial Dysmorphia, possibly genetic",5,0.0,0.0,1,169,169
B2_corrected,geommlp,knn11,subject,f1_class::Jacobsen Syndrome,1,0.2222222222222222,0.0,1,169,169
B2_corrected,geommlp,knn11,subject,f1_class::Jacobsen Syndrome,2,0.2222222222222222,0.0,1,169,169
B2_corrected,geommlp,knn11,subject,f1_class::Jacobsen Syndrome,3,0.2222222222222222,0.0,1,169,169
B2_corrected,geommlp,knn11,subject,f1_class::Jacobsen Syndrome,4,0.2222222222222222,0.0,1,169,169
B2_corrected,geommlp,knn11,subject,f1_class::Jacobsen Syndrome,5,0.2222222222222222,0.0,1,169,169
B2_corrected,geommlp,knn11,subject,f1_class::Joubert Syndrome,1,0.2,0.0,1,169,169
B2_corrected,geommlp,knn11,subject,f1_class::Joubert Syndrome,2,0.2,0.0,1,169,169
B2_corrected,geommlp,knn11,subject,f1_class::Joubert Syndrome,3,0.2,0.0,1,169,169
B2_corrected,geommlp,knn11,subject,f1_class::Joubert Syndrome,4,0.2,0.0,1,169,169
B2_corrected,geommlp,knn11,subject,f1_class::Joubert Syndrome,5,0.2,0.0,1,169,169
B2_corrected,geommlp,knn11,subject,f1_class::Loeys-Dietz Syndrome,1,0.125,0.0,1,169,169
B2_corrected,geommlp,knn11,subject,f1_class::Loeys-Dietz Syndrome,2,0.125,0.0,1,169,169
B2_corrected,geommlp,knn11,subject,f1_class::Loeys-Dietz Syndrome,3,0.125,0.0,1,169,169
B2_corrected,geommlp,knn11,subject,f1_class::Loeys-Dietz Syndrome,4,0.125,0.0,1,169,169
B2_corrected,geommlp,knn11,subject,f1_class::Loeys-Dietz Syndrome,5,0.125,0.0,1,169,169
B2_corrected,geommlp,knn11,subject,f1_class::Marfan Syndrome,1,0.2352941176470588,0.0,1,169,169
B2_corrected,geommlp,knn11,subject,f1_class::Marfan Syndrome,2,0.2352941176470588,0.0,1,169,169
B2_corrected,geommlp,knn11,subject,f1_class::Marfan Syndrome,3,0.2352941176470588,0.0,1,169,169
B2_corrected,geommlp,knn11,subject,f1_class::Marfan Syndrome,4,0.2352941176470588,0.0,1,169,169
B2_corrected,geommlp,knn11,subject,f1_class::Marfan Syndrome,5,0.2352941176470588,0.0,1,169,169
B2_corrected,geommlp,knn11,subject,f1_class::Mucopolysaccharidosis type IIIB (Sanfilippo B),1,0.0,0.0,1,169,169
B2_corrected,geommlp,knn11,subject,f1_class::Mucopolysaccharidosis type IIIB (Sanfilippo B),2,0.0,0.0,1,169,169
B2_corrected,geommlp,knn11,subject,f1_class::Mucopolysaccharidosis type IIIB (Sanfilippo B),3,0.0,0.0,1,169,169
B2_corrected,geommlp,knn11,subject,f1_class::Mucopolysaccharidosis type IIIB (Sanfilippo B),4,0.0,0.0,1,169,169
B2_corrected,geommlp,knn11,subject,f1_class::Mucopolysaccharidosis type IIIB (Sanfilippo B),5,0.0,0.0,1,169,169
B2_corrected,geommlp,knn11,subject,f1_class::Noonan Syndrome,1,0.1666666666666666,0.0,1,169,169
B2_corrected,geommlp,knn11,subject,f1_class::Noonan Syndrome,2,0.1666666666666666,0.0,1,169,169
B2_corrected,geommlp,knn11,subject,f1_class::Noonan Syndrome,3,0.1666666666666666,0.0,1,169,169
B2_corrected,geommlp,knn11,subject,f1_class::Noonan Syndrome,4,0.1666666666666666,0.0,1,169,169
B2_corrected,geommlp,knn11,subject,f1_class::Noonan Syndrome,5,0.1666666666666666,0.0,1,169,169
B2_corrected,geommlp,knn11,subject,f1_class::Pallister-Killian Syndrome,1,0.6666666666666666,0.0,1,169,169
B2_corrected,geommlp,knn11,subject,f1_class::Pallister-Killian Syndrome,2,0.6666666666666666,0.0,1,169,169
B2_corrected,geommlp,knn11,subject,f1_class::Pallister-Killian Syndrome,3,0.6666666666666666,0.0,1,169,169
B2_corrected,geommlp,knn11,subject,f1_class::Pallister-Killian Syndrome,4,0.6666666666666666,0.0,1,169,169
B2_corrected,geommlp,knn11,subject,f1_class::Pallister-Killian Syndrome,5,0.6666666666666666,0.0,1,169,169
B2_corrected,geommlp,knn11,subject,f1_class::Phelan McDermid Syndrome,1,0.3157894736842105,0.0,1,169,169
B2_corrected,geommlp,knn11,subject,f1_class::Phelan McDermid Syndrome,2,0.3157894736842105,0.0,1,169,169
B2_corrected,geommlp,knn11,subject,f1_class::Phelan McDermid Syndrome,3,0.3157894736842105,0.0,1,169,169
B2_corrected,geommlp,knn11,subject,f1_class::Phelan McDermid Syndrome,4,0.3157894736842105,0.0,1,169,169
B2_corrected,geommlp,knn11,subject,f1_class::Phelan McDermid Syndrome,5,0.3157894736842105,0.0,1,169,169
B2_corrected,geommlp,knn11,subject,f1_class::Pitt Hopkins,1,0.0,0.0,1,169,169
B2_corrected,geommlp,knn11,subject,f1_class::Pitt Hopkins,2,0.0,0.0,1,169,169
B2_corrected,geommlp,knn11,subject,f1_class::Pitt Hopkins,3,0.0,0.0,1,169,169
B2_corrected,geommlp,knn11,subject,f1_class::Pitt Hopkins,4,0.0,0.0,1,169,169
B2_corrected,geommlp,knn11,subject,f1_class::Pitt Hopkins,5,0.0,0.0,1,169,169
B2_corrected,geommlp,knn11,subject,f1_class::Rett Syndrome,1,0.0,0.0,1,169,169
B2_corrected,geommlp,knn11,subject,f1_class::Rett Syndrome,2,0.0,0.0,1,169,169
B2_corrected,geommlp,knn11,subject,f1_class::Rett Syndrome,3,0.0,0.0,1,169,169
B2_corrected,geommlp,knn11,subject,f1_class::Rett Syndrome,4,0.0,0.0,1,169,169
B2_corrected,geommlp,knn11,subject,f1_class::Rett Syndrome,5,0.0,0.0,1,169,169
B2_corrected,geommlp,knn11,subject,f1_class::Rubinstein-Taybi Syndrome,1,0.0,0.0,1,169,169
B2_corrected,geommlp,knn11,subject,f1_class::Rubinstein-Taybi Syndrome,2,0.0,0.0,1,169,169
B2_corrected,geommlp,knn11,subject,f1_class::Rubinstein-Taybi Syndrome,3,0.0,0.0,1,169,169
B2_corrected,geommlp,knn11,subject,f1_class::Rubinstein-Taybi Syndrome,4,0.0,0.0,1,169,169
B2_corrected,geommlp,knn11,subject,f1_class::Rubinstein-Taybi Syndrome,5,0.0,0.0,1,169,169
B2_corrected,geommlp,knn11,subject,f1_class::Smith-Lemli-Opitz,1,0.0,0.0,1,169,169
B2_corrected,geommlp,knn11,subject,f1_class::Smith-Lemli-Opitz,2,0.0,0.0,1,169,169
B2_corrected,geommlp,knn11,subject,f1_class::Smith-Lemli-Opitz,3,0.0,0.0,1,169,169
B2_corrected,geommlp,knn11,subject,f1_class::Smith-Lemli-Opitz,4,0.0,0.0,1,169,169
B2_corrected,geommlp,knn11,subject,f1_class::Smith-Lemli-Opitz,5,0.0,0.0,1,169,169
B2_corrected,geommlp,knn11,subject,f1_class::Tetrasomy 18p,1,0.0,0.0,1,169,169
B2_corrected,geommlp,knn11,subject,f1_class::Tetrasomy 18p,2,0.0,0.0,1,169,169
B2_corrected,geommlp,knn11,subject,f1_class::Tetrasomy 18p,3,0.0,0.0,1,169,169
B2_corrected,geommlp,knn11,subject,f1_class::Tetrasomy 18p,4,0.0,0.0,1,169,169
B2_corrected,geommlp,knn11,subject,f1_class::Tetrasomy 18p,5,0.0,0.0,1,169,169
B2_corrected,geommlp,knn11,subject,f1_class::Trisomy 18,1,0.0,0.0,1,169,169
B2_corrected,geommlp,knn11,subject,f1_class::Trisomy 18,2,0.0,0.0,1,169,169
B2_corrected,geommlp,knn11,subject,f1_class::Trisomy 18,3,0.0,0.0,1,169,169
B2_corrected,geommlp,knn11,subject,f1_class::Trisomy 18,4,0.0,0.0,1,169,169
B2_corrected,geommlp,knn11,subject,f1_class::Trisomy 18,5,0.0,0.0,1,169,169
B2_corrected,geommlp,knn11,subject,f1_class::Turner Syndrome,1,0.0,0.0,1,169,169
B2_corrected,geommlp,knn11,subject,f1_class::Turner Syndrome,2,0.0,0.0,1,169,169
B2_corrected,geommlp,knn11,subject,f1_class::Turner Syndrome,3,0.0,0.0,1,169,169
B2_corrected,geommlp,knn11,subject,f1_class::Turner Syndrome,4,0.0,0.0,1,169,169
B2_corrected,geommlp,knn11,subject,f1_class::Turner Syndrome,5,0.0,0.0,1,169,169
B2_corrected,geommlp,knn11,subject,f1_class::Williams Syndrome,1,0.2727272727272727,0.0,1,169,169
B2_corrected,geommlp,knn11,subject,f1_class::Williams Syndrome,2,0.2727272727272727,0.0,1,169,169
B2_corrected,geommlp,knn11,subject,f1_class::Williams Syndrome,3,0.2727272727272727,0.0,1,169,169
B2_corrected,geommlp,knn11,subject,f1_class::Williams Syndrome,4,0.2727272727272727,0.0,1,169,169
B2_corrected,geommlp,knn11,subject,f1_class::Williams Syndrome,5,0.2727272727272727,0.0,1,169,169
B2_corrected,geommlp,knn11,subject,macro_auc,1,0.7153284083919772,0.0,1,169,169
B2_corrected,geommlp,knn11,subject,macro_auc,2,0.7153284083919772,0.0,1,169,169
B2_corrected,geommlp,knn11,subject,macro_auc,3,0.7153284083919772,0.0,1,169,169
B2_corrected,geommlp,knn11,subject,macro_auc,4,0.7153284083919772,0.0,1,169,169
B2_corrected,geommlp,knn11,subject,macro_auc,5,0.7153284083919772,0.0,1,169,169
B2_corrected,geommlp,knn11,subject,macro_f1,1,0.1121644161990348,0.0,1,169,169
B2_corrected,geommlp,knn11,subject,macro_f1,2,0.1121644161990348,0.0,1,169,169
B2_corrected,geommlp,knn11,subject,macro_f1,3,0.1121644161990348,0.0,1,169,169
B2_corrected,geommlp,knn11,subject,macro_f1,4,0.1121644161990348,0.0,1,169,169
B2_corrected,geommlp,knn11,subject,macro_f1,5,0.1121644161990348,0.0,1,169,169
B2_corrected,geommlp,proto,scan,accuracy,1,0.1810526315789473,0.0,1,475,169
B2_corrected,geommlp,proto,scan,accuracy,2,0.1536842105263157,0.0,1,475,169
B2_corrected,geommlp,proto,scan,accuracy,3,0.1810526315789473,0.0,1,475,169
B2_corrected,geommlp,proto,scan,accuracy,4,0.1726315789473684,0.0,1,475,169
B2_corrected,geommlp,proto,scan,accuracy,5,0.1705263157894737,0.0,1,475,169
B2_corrected,geommlp,proto,scan,f1_class::4p Deletion Wolff-Hirschhorn Syndrome,1,0.0,0.0,1,475,169
B2_corrected,geommlp,proto,scan,f1_class::4p Deletion Wolff-Hirschhorn Syndrome,2,0.0,0.0,1,475,169
B2_corrected,geommlp,proto,scan,f1_class::4p Deletion Wolff-Hirschhorn Syndrome,3,0.0,0.0,1,475,169
B2_corrected,geommlp,proto,scan,f1_class::4p Deletion Wolff-Hirschhorn Syndrome,4,0.0,0.0,1,475,169
B2_corrected,geommlp,proto,scan,f1_class::4p Deletion Wolff-Hirschhorn Syndrome,5,0.0,0.0,1,475,169
B2_corrected,geommlp,proto,scan,f1_class::5p-,1,0.2222222222222222,0.0,1,475,169
B2_corrected,geommlp,proto,scan,f1_class::5p-,2,0.0952380952380952,0.0,1,475,169
B2_corrected,geommlp,proto,scan,f1_class::5p-,3,0.1,0.0,1,475,169
B2_corrected,geommlp,proto,scan,f1_class::5p-,4,0.1111111111111111,0.0,1,475,169
B2_corrected,geommlp,proto,scan,f1_class::5p-,5,0.0952380952380952,0.0,1,475,169
B2_corrected,geommlp,proto,scan,f1_class::Achondroplasia,1,0.1666666666666666,0.0,1,475,169
B2_corrected,geommlp,proto,scan,f1_class::Achondroplasia,2,0.1739130434782608,0.0,1,475,169
B2_corrected,geommlp,proto,scan,f1_class::Achondroplasia,3,0.0833333333333333,0.0,1,475,169
B2_corrected,geommlp,proto,scan,f1_class::Achondroplasia,4,0.1481481481481481,0.0,1,475,169
B2_corrected,geommlp,proto,scan,f1_class::Achondroplasia,5,0.1428571428571428,0.0,1,475,169
B2_corrected,geommlp,proto,scan,f1_class::Angelman Syndrome,1,0.0,0.0,1,475,169
B2_corrected,geommlp,proto,scan,f1_class::Angelman Syndrome,2,0.0,0.0,1,475,169
B2_corrected,geommlp,proto,scan,f1_class::Angelman Syndrome,3,0.1111111111111111,0.0,1,475,169
B2_corrected,geommlp,proto,scan,f1_class::Angelman Syndrome,4,0.0952380952380952,0.0,1,475,169
B2_corrected,geommlp,proto,scan,f1_class::Angelman Syndrome,5,0.1052631578947368,0.0,1,475,169
B2_corrected,geommlp,proto,scan,f1_class::Apert Syndrome,1,0.0,0.0,1,475,169
B2_corrected,geommlp,proto,scan,f1_class::Apert Syndrome,2,0.0,0.0,1,475,169
B2_corrected,geommlp,proto,scan,f1_class::Apert Syndrome,3,0.0,0.0,1,475,169
B2_corrected,geommlp,proto,scan,f1_class::Apert Syndrome,4,0.0,0.0,1,475,169
B2_corrected,geommlp,proto,scan,f1_class::Apert Syndrome,5,0.0,0.0,1,475,169
B2_corrected,geommlp,proto,scan,f1_class::Bohring-Opitz Syndrome,1,0.3478260869565217,0.0,1,475,169
B2_corrected,geommlp,proto,scan,f1_class::Bohring-Opitz Syndrome,2,0.3,0.0,1,475,169
B2_corrected,geommlp,proto,scan,f1_class::Bohring-Opitz Syndrome,3,0.4,0.0,1,475,169
B2_corrected,geommlp,proto,scan,f1_class::Bohring-Opitz Syndrome,4,0.3809523809523809,0.0,1,475,169
B2_corrected,geommlp,proto,scan,f1_class::Bohring-Opitz Syndrome,5,0.4,0.0,1,475,169
B2_corrected,geommlp,proto,scan,f1_class::CDKL5,1,0.2666666666666666,0.0,1,475,169
B2_corrected,geommlp,proto,scan,f1_class::CDKL5,2,0.25,0.0,1,475,169
B2_corrected,geommlp,proto,scan,f1_class::CDKL5,3,0.3333333333333333,0.0,1,475,169
B2_corrected,geommlp,proto,scan,f1_class::CDKL5,4,0.2307692307692307,0.0,1,475,169
B2_corrected,geommlp,proto,scan,f1_class::CDKL5,5,0.25,0.0,1,475,169
B2_corrected,geommlp,proto,scan,f1_class::CFC,1,0.3703703703703703,0.0,1,475,169
B2_corrected,geommlp,proto,scan,f1_class::CFC,2,0.2608695652173913,0.0,1,475,169
B2_corrected,geommlp,proto,scan,f1_class::CFC,3,0.2608695652173913,0.0,1,475,169
B2_corrected,geommlp,proto,scan,f1_class::CFC,4,0.3,0.0,1,475,169
B2_corrected,geommlp,proto,scan,f1_class::CFC,5,0.1818181818181818,0.0,1,475,169
B2_corrected,geommlp,proto,scan,f1_class::CHARGE Syndrome,1,0.1538461538461538,0.0,1,475,169
B2_corrected,geommlp,proto,scan,f1_class::CHARGE Syndrome,2,0.1333333333333333,0.0,1,475,169
B2_corrected,geommlp,proto,scan,f1_class::CHARGE Syndrome,3,0.1935483870967742,0.0,1,475,169
B2_corrected,geommlp,proto,scan,f1_class::CHARGE Syndrome,4,0.2758620689655172,0.0,1,475,169
B2_corrected,geommlp,proto,scan,f1_class::CHARGE Syndrome,5,0.2307692307692307,0.0,1,475,169
B2_corrected,geommlp,proto,scan,f1_class::CdLS,1,0.0,0.0,1,475,169
B2_corrected,geommlp,proto,scan,f1_class::CdLS,2,0.0,0.0,1,475,169
B2_corrected,geommlp,proto,scan,f1_class::CdLS,3,0.0,0.0,1,475,169
B2_corrected,geommlp,proto,scan,f1_class::CdLS,4,0.0,0.0,1,475,169
B2_corrected,geommlp,proto,scan,f1_class::CdLS,5,0.0,0.0,1,475,169
B2_corrected,geommlp,proto,scan,f1_class::Cockayne Syndrome,1,0.2285714285714285,0.0,1,475,169
B2_corrected,geommlp,proto,scan,f1_class::Cockayne Syndrome,2,0.1052631578947368,0.0,1,475,169
B2_corrected,geommlp,proto,scan,f1_class::Cockayne Syndrome,3,0.1428571428571428,0.0,1,475,169
B2_corrected,geommlp,proto,scan,f1_class::Cockayne Syndrome,4,0.2222222222222222,0.0,1,475,169
B2_corrected,geommlp,proto,scan,f1_class::Cockayne Syndrome,5,0.1951219512195122,0.0,1,475,169
B2_corrected,geommlp,proto,scan,f1_class::Cohen Syndrome,1,0.1739130434782608,0.0,1,475,169
B2_corrected,geommlp,proto,scan,f1_class::Cohen Syndrome,2,0.125,0.0,1,475,169
B2_corrected,geommlp,proto,scan,f1_class::Cohen Syndrome,3,0.1428571428571428,0.0,1,475,169
B2_corrected,geommlp,proto,scan,f1_class::Cohen Syndrome,4,0.1379310344827586,0.0,1,475,169
B2_corrected,geommlp,proto,scan,f1_class::Cohen Syndrome,5,0.1818181818181818,0.0,1,475,169
B2_corrected,geommlp,proto,scan,f1_class::Costello Syndrome,1,0.0,0.0,1,475,169
B2_corrected,geommlp,proto,scan,f1_class::Costello Syndrome,2,0.074074074074074,0.0,1,475,169
B2_corrected,geommlp,proto,scan,f1_class::Costello Syndrome,3,0.0,0.0,1,475,169
B2_corrected,geommlp,proto,scan,f1_class::Costello Syndrome,4,0.0,0.0,1,475,169
B2_corrected,geommlp,proto,scan,f1_class::Costello Syndrome,5,0.0,0.0,1,475,169
B2_corrected,geommlp,proto,scan,f1_class::Crouzon Syndrome,1,0.0,0.0,1,475,169
B2_corrected,geommlp,proto,scan,f1_class::Crouzon Syndrome,2,0.0,0.0,1,475,169
B2_corrected,geommlp,proto,scan,f1_class::Crouzon Syndrome,3,0.0,0.0,1,475,169
B2_corrected,geommlp,proto,scan,f1_class::Crouzon Syndrome,4,0.0,0.0,1,475,169
B2_corrected,geommlp,proto,scan,f1_class::Crouzon Syndrome,5,0.0,0.0,1,475,169
B2_corrected,geommlp,proto,scan,f1_class::Down Syndrome,1,0.1739130434782608,0.0,1,475,169
B2_corrected,geommlp,proto,scan,f1_class::Down Syndrome,2,0.0952380952380952,0.0,1,475,169
B2_corrected,geommlp,proto,scan,f1_class::Down Syndrome,3,0.1666666666666666,0.0,1,475,169
B2_corrected,geommlp,proto,scan,f1_class::Down Syndrome,4,0.1666666666666666,0.0,1,475,169
B2_corrected,geommlp,proto,scan,f1_class::Down Syndrome,5,0.0,0.0,1,475,169
B2_corrected,geommlp,proto,scan,f1_class::Ehlers-Danlos Syndrome,1,0.2545454545454545,0.0,1,475,169
B2_corrected,geommlp,proto,scan,f1_class::Ehlers-Danlos Syndrome,2,0.2857142857142857,0.0,1,475,169
B2_corrected,geommlp,proto,scan,f1_class::Ehlers-Danlos Syndrome,3,0.2272727272727272,0.0,1,475,169
B2_corrected,geommlp,proto,scan,f1_class::Ehlers-Danlos Syndrome,4,0.2127659574468085,0.0,1,475,169
B2_corrected,geommlp,proto,scan,f1_class::Ehlers-Danlos Syndrome,5,0.2916666666666667,0.0,1,475,169
B2_corrected,geommlp,proto,scan,"f1_class::Facial Dysmorphia, possibly genetic",1,0.0833333333333333,0.0,1,475,169
B2_corrected,geommlp,proto,scan,"f1_class::Facial Dysmorphia, possibly genetic",2,0.0,0.0,1,475,169
B2_corrected,geommlp,proto,scan,"f1_class::Facial Dysmorphia, possibly genetic",3,0.0833333333333333,0.0,1,475,169
B2_corrected,geommlp,proto,scan,"f1_class::Facial Dysmorphia, possibly genetic",4,0.074074074074074,0.0,1,475,169
B2_corrected,geommlp,proto,scan,"f1_class::Facial Dysmorphia, possibly genetic",5,0.0869565217391304,0.0,1,475,169
B2_corrected,geommlp,proto,scan,f1_class::Jacobsen Syndrome,1,0.3333333333333333,0.0,1,475,169
B2_corrected,geommlp,proto,scan,f1_class::Jacobsen Syndrome,2,0.0833333333333333,0.0,1,475,169
B2_corrected,geommlp,proto,scan,f1_class::Jacobsen Syndrome,3,0.1538461538461538,0.0,1,475,169
B2_corrected,geommlp,proto,scan,f1_class::Jacobsen Syndrome,4,0.25,0.0,1,475,169
B2_corrected,geommlp,proto,scan,f1_class::Jacobsen Syndrome,5,0.4117647058823529,0.0,1,475,169
B2_corrected,geommlp,proto,scan,f1_class::Joubert Syndrome,1,0.1304347826086956,0.0,1,475,169
B2_corrected,geommlp,proto,scan,f1_class::Joubert Syndrome,2,0.1212121212121212,0.0,1,475,169
B2_corrected,geommlp,proto,scan,f1_class::Joubert Syndrome,3,0.0930232558139534,0.0,1,475,169
B2_corrected,geommlp,proto,scan,f1_class::Joubert Syndrome,4,0.054054054054054,0.0,1,475,169
B2_corrected,geommlp,proto,scan,f1_class::Joubert Syndrome,5,0.0888888888888888,0.0,1,475,169
B2_corrected,geommlp,proto,scan,f1_class::Loeys-Dietz Syndrome,1,0.0,0.0,1,475,169
B2_corrected,geommlp,proto,scan,f1_class::Loeys-Dietz Syndrome,2,0.0,0.0,1,475,169
B2_corrected,geommlp,proto,scan,f1_class::Loeys-Dietz Syndrome,3,0.0,0.0,1,475,169
B2_corrected,geommlp,proto,scan,f1_class::Loeys-Dietz Syndrome,4,0.0,0.0,1,475,169
B2_corrected,geommlp,proto,scan,f1_class::Loeys-Dietz Syndrome,5,0.0,0.0,1,475,169
B2_corrected,geommlp,proto,scan,f1_class::Marfan Syndrome,1,0.1764705882352941,0.0,1,475,169
B2_corrected,geommlp,proto,scan,f1_class::Marfan Syndrome,2,0.2666666666666666,0.0,1,475,169
B2_corrected,geommlp,proto,scan,f1_class::Marfan Syndrome,3,0.3902439024390244,0.0,1,475,169
B2_corrected,geommlp,proto,scan,f1_class::Marfan Syndrome,4,0.2222222222222222,0.0,1,475,169
B2_corrected,geommlp,proto,scan,f1_class::Marfan Syndrome,5,0.08,0.0,1,475,169
B2_corrected,geommlp,proto,scan,f1_class::Mucopolysaccharidosis type IIIB (Sanfilippo B),1,0.0909090909090909,0.0,1,475,169
B2_corrected,geommlp,proto,scan,f1_class::Mucopolysaccharidosis type IIIB (Sanfilippo B),2,0.15,0.0,1,475,169
B2_corrected,geommlp,proto,scan,f1_class::Mucopolysaccharidosis type IIIB (Sanfilippo B),3,0.0975609756097561,0.0,1,475,169
B2_corrected,geommlp,proto,scan,f1_class::Mucopolysaccharidosis type IIIB (Sanfilippo B),4,0.0909090909090909,0.0,1,475,169
B2_corrected,geommlp,proto,scan,f1_class::Mucopolysaccharidosis type IIIB (Sanfilippo B),5,0.0851063829787234,0.0,1,475,169
B2_corrected,geommlp,proto,scan,f1_class::Noonan Syndrome,1,0.2857142857142857,0.0,1,475,169
B2_corrected,geommlp,proto,scan,f1_class::Noonan Syndrome,2,0.1702127659574468,0.0,1,475,169
B2_corrected,geommlp,proto,scan,f1_class::Noonan Syndrome,3,0.3,0.0,1,475,169
B2_corrected,geommlp,proto,scan,f1_class::Noonan Syndrome,4,0.2127659574468085,0.0,1,475,169
B2_corrected,geommlp,proto,scan,f1_class::Noonan Syndrome,5,0.3333333333333333,0.0,1,475,169
B2_corrected,geommlp,proto,scan,f1_class::Pallister-Killian Syndrome,1,0.2926829268292683,0.0,1,475,169
B2_corrected,geommlp,proto,scan,f1_class::Pallister-Killian Syndrome,2,0.2641509433962264,0.0,1,475,169
B2_corrected,geommlp,proto,scan,f1_class::Pallister-Killian Syndrome,3,0.2978723404255319,0.0,1,475,169
B2_corrected,geommlp,proto,scan,f1_class::Pallister-Killian Syndrome,4,0.2608695652173913,0.0,1,475,169
B2_corrected,geommlp,proto,scan,f1_class::Pallister-Killian Syndrome,5,0.2666666666666666,0.0,1,475,169
B2_corrected,geommlp,proto,scan,f1_class::Phelan McDermid Syndrome,1,0.0983606557377049,0.0,1,475,169
B2_corrected,geommlp,proto,scan,f1_class::Phelan McDermid Syndrome,2,0.0,0.0,1,475,169
B2_corrected,geommlp,proto,scan,f1_class::Phelan McDermid Syndrome,3,0.1428571428571428,0.0,1,475,169
B2_corrected,geommlp,proto,scan,f1_class::Phelan McDermid Syndrome,4,0.1176470588235294,0.0,1,475,169
B2_corrected,geommlp,proto,scan,f1_class::Phelan McDermid Syndrome,5,0.1290322580645161,0.0,1,475,169
B2_corrected,geommlp,proto,scan,f1_class::Pitt Hopkins,1,0.2631578947368421,0.0,1,475,169
B2_corrected,geommlp,proto,scan,f1_class::Pitt Hopkins,2,0.2666666666666666,0.0,1,475,169
B2_corrected,geommlp,proto,scan,f1_class::Pitt Hopkins,3,0.2777777777777778,0.0,1,475,169
B2_corrected,geommlp,proto,scan,f1_class::Pitt Hopkins,4,0.2352941176470588,0.0,1,475,169
B2_corrected,geommlp,proto,scan,f1_class::Pitt Hopkins,5,0.2727272727272727,0.0,1,475,169
B2_corrected,geommlp,proto,scan,f1_class::Rett Syndrome,1,0.0,0.0,1,475,169
B2_corrected,geommlp,proto,scan,f1_class::Rett Syndrome,2,0.0,0.0,1,475,169
B2_corrected,geommlp,proto,scan,f1_class::Rett Syndrome,3,0.0,0.0,1,475,169
B2_corrected,geommlp,proto,scan,f1_class::Rett Syndrome,4,0.0,0.0,1,475,169
B2_corrected,geommlp,proto,scan,f1_class::Rett Syndrome,5,0.0,0.0,1,475,169
B2_corrected,geommlp,proto,scan,f1_class::Rubinstein-Taybi Syndrome,1,0.0,0.0,1,475,169
B2_corrected,geommlp,proto,scan,f1_class::Rubinstein-Taybi Syndrome,2,0.0,0.0,1,475,169
B2_corrected,geommlp,proto,scan,f1_class::Rubinstein-Taybi Syndrome,3,0.0,0.0,1,475,169
B2_corrected,geommlp,proto,scan,f1_class::Rubinstein-Taybi Syndrome,4,0.0,0.0,1,475,169
B2_corrected,geommlp,proto,scan,f1_class::Rubinstein-Taybi Syndrome,5,0.0,0.0,1,475,169
B2_corrected,geommlp,proto,scan,f1_class::Smith-Lemli-Opitz,1,0.0,0.0,1,475,169
B2_corrected,geommlp,proto,scan,f1_class::Smith-Lemli-Opitz,2,0.0,0.0,1,475,169
B2_corrected,geommlp,proto,scan,f1_class::Smith-Lemli-Opitz,3,0.0,0.0,1,475,169
B2_corrected,geommlp,proto,scan,f1_class::Smith-Lemli-Opitz,4,0.0,0.0,1,475,169
B2_corrected,geommlp,proto,scan,f1_class::Smith-Lemli-Opitz,5,0.0,0.0,1,475,169
B2_corrected,geommlp,proto,scan,f1_class::Tetrasomy 18p,1,0.2,0.0,1,475,169
B2_corrected,geommlp,proto,scan,f1_class::Tetrasomy 18p,2,0.3157894736842105,0.0,1,475,169
B2_corrected,geommlp,proto,scan,f1_class::Tetrasomy 18p,3,0.3846153846153846,0.0,1,475,169
B2_corrected,geommlp,proto,scan,f1_class::Tetrasomy 18p,4,0.3333333333333333,0.0,1,475,169
B2_corrected,geommlp,proto,scan,f1_class::Tetrasomy 18p,5,0.24,0.0,1,475,169
B2_corrected,geommlp,proto,scan,f1_class::Trisomy 18,1,0.3225806451612903,0.0,1,475,169
B2_corrected,geommlp,proto,scan,f1_class::Trisomy 18,2,0.2222222222222222,0.0,1,475,169
B2_corrected,geommlp,proto,scan,f1_class::Trisomy 18,3,0.3846153846153846,0.0,1,475,169
B2_corrected,geommlp,proto,scan,f1_class::Trisomy 18,4,0.4166666666666667,0.0,1,475,169
B2_corrected,geommlp,proto,scan,f1_class::Trisomy 18,5,0.2727272727272727,0.0,1,475,169
B2_corrected,geommlp,proto,scan,f1_class::Turner Syndrome,1,0.0,0.0,1,475,169
B2_corrected,geommlp,proto,scan,f1_class::Turner Syndrome,2,0.074074074074074,0.0,1,475,169
B2_corrected,geommlp,proto,scan,f1_class::Turner Syndrome,3,0.0,0.0,1,475,169
B2_corrected,geommlp,proto,scan,f1_class::Turner Syndrome,4,0.0,0.0,1,475,169
B2_corrected,geommlp,proto,scan,f1_class::Turner Syndrome,5,0.0,0.0,1,475,169
B2_corrected,geommlp,proto,scan,f1_class::Williams Syndrome,1,0.2950819672131147,0.0,1,475,169
B2_corrected,geommlp,proto,scan,f1_class::Williams Syndrome,2,0.2985074626865671,0.0,1,475,169
B2_corrected,geommlp,proto,scan,f1_class::Williams Syndrome,3,0.28125,0.0,1,475,169
B2_corrected,geommlp,proto,scan,f1_class::Williams Syndrome,4,0.3142857142857143,0.0,1,475,169
B2_corrected,geommlp,proto,scan,f1_class::Williams Syndrome,5,0.2769230769230769,0.0,1,475,169
B2_corrected,geommlp,proto,scan,macro_auc,1,0.7590755641713035,0.0,1,475,169
B2_corrected,geommlp,proto,scan,macro_auc,2,0.7490599508154191,0.0,1,475,169
B2_corrected,geommlp,proto,scan,macro_auc,3,0.7644600429708451,0.0,1,475,169
B2_corrected,geommlp,proto,scan,macro_auc,4,0.7653029052465029,0.0,1,475,169
B2_corrected,geommlp,proto,scan,macro_auc,5,0.7560891178887936,0.0,1,475,169
B2_corrected,geommlp,proto,scan,macro_f1,1,0.1494121406246745,0.0,1,475,169
B2_corrected,geommlp,proto,scan,macro_f1,2,0.1251963448511456,0.0,1,475,169
B2_corrected,geommlp,proto,scan,macro_f1,3,0.1529953048811838,0.0,1,475,169
B2_corrected,geommlp,proto,scan,macro_f1,4,0.1473875385055419,0.0,1,475,169
B2_corrected,geommlp,proto,scan,macro_f1,5,0.1399599693397873,0.0,1,475,169
B2_corrected,geommlp,proto,scan,top3_accuracy,1,0.36,0.0,1,475,169
B2_corrected,geommlp,proto,scan,top3_accuracy,2,0.3578947368421052,0.0,1,475,169
B2_corrected,geommlp,proto,scan,top3_accuracy,3,0.3684210526315789,0.0,1,475,169
B2_corrected,geommlp,proto,scan,top3_accuracy,4,0.3642105263157895,0.0,1,475,169
B2_corrected,geommlp,proto,scan,top3_accuracy,5,0.351578947368421,0.0,1,475,169
B2_corrected,geommlp,proto,scan,top5_accuracy,1,0.4778947368421052,0.0,1,475,169
B2_corrected,geommlp,proto,scan,top5_accuracy,2,0.4863157894736842,0.0,1,475,169
B2_corrected,geommlp,proto,scan,top5_accuracy,3,0.4989473684210526,0.0,1,475,169
B2_corrected,geommlp,proto,scan,top5_accuracy,4,0.4989473684210526,0.0,1,475,169
B2_corrected,geommlp,proto,scan,top5_accuracy,5,0.48,0.0,1,475,169
B2_corrected,geommlp,proto,subject,accuracy,1,0.2189349112426035,0.0,1,169,169
B2_corrected,geommlp,proto,subject,accuracy,2,0.2071005917159763,0.0,1,169,169
B2_corrected,geommlp,proto,subject,accuracy,3,0.2485207100591716,0.0,1,169,169
B2_corrected,geommlp,proto,subject,accuracy,4,0.2485207100591716,0.0,1,169,169
B2_corrected,geommlp,proto,subject,accuracy,5,0.2071005917159763,0.0,1,169,169
B2_corrected,geommlp,proto,subject,f1_class::4p Deletion Wolff-Hirschhorn Syndrome,1,0.0,0.0,1,169,169
B2_corrected,geommlp,proto,subject,f1_class::4p Deletion Wolff-Hirschhorn Syndrome,2,0.0,0.0,1,169,169
B2_corrected,geommlp,proto,subject,f1_class::4p Deletion Wolff-Hirschhorn Syndrome,3,0.0,0.0,1,169,169
B2_corrected,geommlp,proto,subject,f1_class::4p Deletion Wolff-Hirschhorn Syndrome,4,0.0,0.0,1,169,169
B2_corrected,geommlp,proto,subject,f1_class::4p Deletion Wolff-Hirschhorn Syndrome,5,0.0,0.0,1,169,169
B2_corrected,geommlp,proto,subject,f1_class::5p-,1,0.0,0.0,1,169,169
B2_corrected,geommlp,proto,subject,f1_class::5p-,2,0.0,0.0,1,169,169
B2_corrected,geommlp,proto,subject,f1_class::5p-,3,0.0,0.0,1,169,169
B2_corrected,geommlp,proto,subject,f1_class::5p-,4,0.0,0.0,1,169,169
B2_corrected,geommlp,proto,subject,f1_class::5p-,5,0.0,0.0,1,169,169
B2_corrected,geommlp,proto,subject,f1_class::Achondroplasia,1,0.2857142857142857,0.0,1,169,169
B2_corrected,geommlp,proto,subject,f1_class::Achondroplasia,2,0.3076923076923077,0.0,1,169,169
B2_corrected,geommlp,proto,subject,f1_class::Achondroplasia,3,0.1538461538461538,0.0,1,169,169
B2_corrected,geommlp,proto,subject,f1_class::Achondroplasia,4,0.2857142857142857,0.0,1,169,169
B2_corrected,geommlp,proto,subject,f1_class::Achondroplasia,5,0.25,0.0,1,169,169
B2_corrected,geommlp,proto,subject,f1_class::Angelman Syndrome,1,0.0,0.0,1,169,169
B2_corrected,geommlp,proto,subject,f1_class::Angelman Syndrome,2,0.0,0.0,1,169,169
B2_corrected,geommlp,proto,subject,f1_class::Angelman Syndrome,3,0.2857142857142857,0.0,1,169,169
B2_corrected,geommlp,proto,subject,f1_class::Angelman Syndrome,4,0.0,0.0,1,169,169
B2_corrected,geommlp,proto,subject,f1_class::Angelman Syndrome,5,0.0,0.0,1,169,169
B2_corrected,geommlp,proto,subject,f1_class::Apert Syndrome,1,0.0,0.0,1,169,169
B2_corrected,geommlp,proto,subject,f1_class::Apert Syndrome,2,0.0,0.0,1,169,169
B2_corrected,geommlp,proto,subject,f1_class::Apert Syndrome,3,0.0,0.0,1,169,169
B2_corrected,geommlp,proto,subject,f1_class::Apert Syndrome,4,0.0,0.0,1,169,169
B2_corrected,geommlp,proto,subject,f1_class::Apert Syndrome,5,0.0,0.0,1,169,169
B2_corrected,geommlp,proto,subject,f1_class::Bohring-Opitz Syndrome,1,0.6666666666666666,0.0,1,169,169
B2_corrected,geommlp,proto,subject,f1_class::Bohring-Opitz Syndrome,2,0.6666666666666666,0.0,1,169,169
B2_corrected,geommlp,proto,subject,f1_class::Bohring-Opitz Syndrome,3,0.6666666666666666,0.0,1,169,169
B2_corrected,geommlp,proto,subject,f1_class::Bohring-Opitz Syndrome,4,0.6666666666666666,0.0,1,169,169
B2_corrected,geommlp,proto,subject,f1_class::Bohring-Opitz Syndrome,5,0.6666666666666666,0.0,1,169,169
B2_corrected,geommlp,proto,subject,f1_class::CDKL5,1,0.5,0.0,1,169,169
B2_corrected,geommlp,proto,subject,f1_class::CDKL5,2,0.4,0.0,1,169,169
B2_corrected,geommlp,proto,subject,f1_class::CDKL5,3,0.6666666666666666,0.0,1,169,169
B2_corrected,geommlp,proto,subject,f1_class::CDKL5,4,0.4,0.0,1,169,169
B2_corrected,geommlp,proto,subject,f1_class::CDKL5,5,0.4,0.0,1,169,169
B2_corrected,geommlp,proto,subject,f1_class::CFC,1,0.2,0.0,1,169,169
B2_corrected,geommlp,proto,subject,f1_class::CFC,2,0.4444444444444444,0.0,1,169,169
B2_corrected,geommlp,proto,subject,f1_class::CFC,3,0.2,0.0,1,169,169
B2_corrected,geommlp,proto,subject,f1_class::CFC,4,0.4444444444444444,0.0,1,169,169
B2_corrected,geommlp,proto,subject,f1_class::CFC,5,0.4,0.0,1,169,169
B2_corrected,geommlp,proto,subject,f1_class::CHARGE Syndrome,1,0.1666666666666666,0.0,1,169,169
B2_corrected,geommlp,proto,subject,f1_class::CHARGE Syndrome,2,0.3636363636363636,0.0,1,169,169
B2_corrected,geommlp,proto,subject,f1_class::CHARGE Syndrome,3,0.1818181818181818,0.0,1,169,169
B2_corrected,geommlp,proto,subject,f1_class::CHARGE Syndrome,4,0.2,0.0,1,169,169
B2_corrected,geommlp,proto,subject,f1_class::CHARGE Syndrome,5,0.3636363636363636,0.0,1,169,169
B2_corrected,geommlp,proto,subject,f1_class::CdLS,1,0.0,0.0,1,169,169
B2_corrected,geommlp,proto,subject,f1_class::CdLS,2,0.0,0.0,1,169,169
B2_corrected,geommlp,proto,subject,f1_class::CdLS,3,0.0,0.0,1,169,169
B2_corrected,geommlp,proto,subject,f1_class::CdLS,4,0.0,0.0,1,169,169
B2_corrected,geommlp,proto,subject,f1_class::CdLS,5,0.0,0.0,1,169,169
B2_corrected,geommlp,proto,subject,f1_class::Cockayne Syndrome,1,0.2222222222222222,0.0,1,169,169
B2_corrected,geommlp,proto,subject,f1_class::Cockayne Syndrome,2,0.25,0.0,1,169,169
B2_corrected,geommlp,proto,subject,f1_class::Cockayne Syndrome,3,0.1818181818181818,0.0,1,169,169
B2_corrected,geommlp,proto,subject,f1_class::Cockayne Syndrome,4,0.2857142857142857,0.0,1,169,169
B2_corrected,geommlp,proto,subject,f1_class::Cockayne Syndrome,5,0.2222222222222222,0.0,1,169,169
B2_corrected,geommlp,proto,subject,f1_class::Cohen Syndrome,1,0.3333333333333333,0.0,1,169,169
B2_corrected,geommlp,proto,subject,f1_class::Cohen Syndrome,2,0.2222222222222222,0.0,1,169,169
B2_corrected,geommlp,proto,subject,f1_class::Cohen Syndrome,3,0.2857142857142857,0.0,1,169,169
B2_corrected,geommlp,proto,subject,f1_class::Cohen Syndrome,4,0.2857142857142857,0.0,1,169,169
B2_corrected,geommlp,proto,subject,f1_class::Cohen Syndrome,5,0.25,0.0,1,169,169
B2_corrected,geommlp,proto,subject,f1_class::Costello Syndrome,1,0.0,0.0,1,169,169
B2_corrected,geommlp,proto,subject,f1_class::Costello Syndrome,2,0.0,0.0,1,169,169
B2_corrected,geommlp,proto,subject,f1_class::Costello Syndrome,3,0.0,0.0,1,169,169
B2_corrected,geommlp,proto,subject,f1_class::Costello Syndrome,4,0.0,0.0,1,169,169
B2_corrected,geommlp,proto,subject,f1_class::Costello Syndrome,5,0.0,0.0,1,169,169
B2_corrected,geommlp,proto,subject,f1_class::Crouzon Syndrome,1,0.0,0.0,1,169,169
B2_corrected,geommlp,proto,subject,f1_class::Crouzon Syndrome,2,0.0,0.0,1,169,169
B2_corrected,geommlp,proto,subject,f1_class::Crouzon Syndrome,3,0.0,0.0,1,169,169
B2_corrected,geommlp,proto,subject,f1_class::Crouzon Syndrome,4,0.0,0.0,1,169,169
B2_corrected,geommlp,proto,subject,f1_class::Crouzon Syndrome,5,0.0,0.0,1,169,169
B2_corrected,geommlp,proto,subject,f1_class::Down Syndrome,1,0.0952380952380952,0.0,1,169,169
B2_corrected,geommlp,proto,subject,f1_class::Down Syndrome,2,0.0952380952380952,0.0,1,169,169
B2_corrected,geommlp,proto,subject,f1_class::Down Syndrome,3,0.1739130434782608,0.0,1,169,169
B2_corrected,geommlp,proto,subject,f1_class::Down Syndrome,4,0.1818181818181818,0.0,1,169,169
B2_corrected,geommlp,proto,subject,f1_class::Down Syndrome,5,0.0,0.0,1,169,169
B2_corrected,geommlp,proto,subject,f1_class::Ehlers-Danlos Syndrome,1,0.3157894736842105,0.0,1,169,169
B2_corrected,geommlp,proto,subject,f1_class::Ehlers-Danlos Syndrome,2,0.2727272727272727,0.0,1,169,169
B2_corrected,geommlp,proto,subject,f1_class::Ehlers-Danlos Syndrome,3,0.3333333333333333,0.0,1,169,169
B2_corrected,geommlp,proto,subject,f1_class::Ehlers-Danlos Syndrome,4,0.3529411764705882,0.0,1,169,169
B2_corrected,geommlp,proto,subject,f1_class::Ehlers-Danlos Syndrome,5,0.3157894736842105,0.0,1,169,169
B2_corrected,geommlp,proto,subject,"f1_class::Facial Dysmorphia, possibly genetic",1,0.2666666666666666,0.0,1,169,169
B2_corrected,geommlp,proto,subject,"f1_class::Facial Dysmorphia, possibly genetic",2,0.1428571428571428,0.0,1,169,169
B2_corrected,geommlp,proto,subject,"f1_class::Facial Dysmorphia, possibly genetic",3,0.3076923076923077,0.0,1,169,169
B2_corrected,geommlp,proto,subject,"f1_class::Facial Dysmorphia, possibly genetic",4,0.2857142857142857,0.0,1,169,169
B2_corrected,geommlp,proto,subject,"f1_class::Facial Dysmorphia, possibly genetic",5,0.3076923076923077,0.0,1,169,169
B2_corrected,geommlp,proto,subject,f1_class::Jacobsen Syndrome,1,0.25,0.0,1,169,169
B2_corrected,geommlp,proto,subject,f1_class::Jacobsen Syndrome,2,0.4444444444444444,0.0,1,169,169
B2_corrected,geommlp,proto,subject,f1_class::Jacobsen Syndrome,3,0.4444444444444444,0.0,1,169,169
B2_corrected,geommlp,proto,subject,f1_class::Jacobsen Syndrome,4,0.4444444444444444,0.0,1,169,169
B2_corrected,geommlp,proto,subject,f1_class::Jacobsen Syndrome,5,0.25,0.0,1,169,169
B2_corrected,geommlp,proto,subject,f1_class::Joubert Syndrome,1,0.1818181818181818,0.0,1,169,169
B2_corrected,geommlp,proto,subject,f1_class::Joubert Syndrome,2,0.2666666666666666,0.0,1,169,169
B2_corrected,geommlp,proto,subject,f1_class::Joubert Syndrome,3,0.3,0.0,1,169,169
B2_corrected,geommlp,proto,subject,f1_class::Joubert Syndrome,4,0.1818181818181818,0.0,1,169,169
B2_corrected,geommlp,proto,subject,f1_class::Joubert Syndrome,5,0.1739130434782608,0.0,1,169,169
B2_corrected,geommlp,proto,subject,f1_class::Loeys-Dietz Syndrome,1,0.0,0.0,1,169,169
B2_corrected,geommlp,proto,subject,f1_class::Loeys-Dietz Syndrome,2,0.0,0.0,1,169,169
B2_corrected,geommlp,proto,subject,f1_class::Loeys-Dietz Syndrome,3,0.0,0.0,1,169,169
B2_corrected,geommlp,proto,subject,f1_class::Loeys-Dietz Syndrome,4,0.0,0.0,1,169,169
B2_corrected,geommlp,proto,subject,f1_class::Loeys-Dietz Syndrome,5,0.0,0.0,1,169,169
B2_corrected,geommlp,proto,subject,f1_class::Marfan Syndrome,1,0.2352941176470588,0.0,1,169,169
B2_corrected,geommlp,proto,subject,f1_class::Marfan Syndrome,2,0.2666666666666666,0.0,1,169,169
B2_corrected,geommlp,proto,subject,f1_class::Marfan Syndrome,3,0.3809523809523809,0.0,1,169,169
B2_corrected,geommlp,proto,subject,f1_class::Marfan Syndrome,4,0.4210526315789473,0.0,1,169,169
B2_corrected,geommlp,proto,subject,f1_class::Marfan Syndrome,5,0.1428571428571428,0.0,1,169,169
B2_corrected,geommlp,proto,subject,f1_class::Mucopolysaccharidosis type IIIB (Sanfilippo B),1,0.0,0.0,1,169,169
B2_corrected,geommlp,proto,subject,f1_class::Mucopolysaccharidosis type IIIB (Sanfilippo B),2,0.0,0.0,1,169,169
B2_corrected,geommlp,proto,subject,f1_class::Mucopolysaccharidosis type IIIB (Sanfilippo B),3,0.0,0.0,1,169,169
B2_corrected,geommlp,proto,subject,f1_class::Mucopolysaccharidosis type IIIB (Sanfilippo B),4,0.0,0.0,1,169,169
B2_corrected,geommlp,proto,subject,f1_class::Mucopolysaccharidosis type IIIB (Sanfilippo B),5,0.0,0.0,1,169,169
B2_corrected,geommlp,proto,subject,f1_class::Noonan Syndrome,1,0.2352941176470588,0.0,1,169,169
B2_corrected,geommlp,proto,subject,f1_class::Noonan Syndrome,2,0.2352941176470588,0.0,1,169,169
B2_corrected,geommlp,proto,subject,f1_class::Noonan Syndrome,3,0.25,0.0,1,169,169
B2_corrected,geommlp,proto,subject,f1_class::Noonan Syndrome,4,0.2352941176470588,0.0,1,169,169
B2_corrected,geommlp,proto,subject,f1_class::Noonan Syndrome,5,0.25,0.0,1,169,169
B2_corrected,geommlp,proto,subject,f1_class::Pallister-Killian Syndrome,1,0.375,0.0,1,169,169
B2_corrected,geommlp,proto,subject,f1_class::Pallister-Killian Syndrome,2,0.3157894736842105,0.0,1,169,169
B2_corrected,geommlp,proto,subject,f1_class::Pallister-Killian Syndrome,3,0.4,0.0,1,169,169
B2_corrected,geommlp,proto,subject,f1_class::Pallister-Killian Syndrome,4,0.25,0.0,1,169,169
B2_corrected,geommlp,proto,subject,f1_class::Pallister-Killian Syndrome,5,0.2222222222222222,0.0,1,169,169
B2_corrected,geommlp,proto,subject,f1_class::Phelan McDermid Syndrome,1,0.4285714285714285,0.0,1,169,169
B2_corrected,geommlp,proto,subject,f1_class::Phelan McDermid Syndrome,2,0.3076923076923077,0.0,1,169,169
B2_corrected,geommlp,proto,subject,f1_class::Phelan McDermid Syndrome,3,0.4444444444444444,0.0,1,169,169
B2_corrected,geommlp,proto,subject,f1_class::Phelan McDermid Syndrome,4,0.3157894736842105,0.0,1,169,169
B2_corrected,geommlp,proto,subject,f1_class::Phelan McDermid Syndrome,5,0.5333333333333333,0.0,1,169,169
B2_corrected,geommlp,proto,subject,f1_class::Pitt Hopkins,1,0.5,0.0,1,169,169
B2_corrected,geommlp,proto,subject,f1_class::Pitt Hopkins,2,0.4285714285714285,0.0,1,169,169
B2_corrected,geommlp,proto,subject,f1_class::Pitt Hopkins,3,0.5,0.0,1,169,169
B2_corrected,geommlp,proto,subject,f1_class::Pitt Hopkins,4,0.3636363636363636,0.0,1,169,169
B2_corrected,geommlp,proto,subject,f1_class::Pitt Hopkins,5,0.4615384615384615,0.0,1,169,169
B2_corrected,geommlp,proto,subject,f1_class::Rett Syndrome,1,0.0,0.0,1,169,169
B2_corrected,geommlp,proto,subject,f1_class::Rett Syndrome,2,0.0,0.0,1,169,169
B2_corrected,geommlp,proto,subject,f1_class::Rett Syndrome,3,0.0,0.0,1,169,169
B2_corrected,geommlp,proto,subject,f1_class::Rett Syndrome,4,0.0,0.0,1,169,169
B2_corrected,geommlp,proto,subject,f1_class::Rett Syndrome,5,0.0,0.0,1,169,169
B2_corrected,geommlp,proto,subject,f1_class::Rubinstein-Taybi Syndrome,1,0.3333333333333333,0.0,1,169,169
B2_corrected,geommlp,proto,subject,f1_class::Rubinstein-Taybi Syndrome,2,0.0,0.0,1,169,169
B2_corrected,geommlp,proto,subject,f1_class::Rubinstein-Taybi Syndrome,3,0.0,0.0,1,169,169
B2_corrected,geommlp,proto,subject,f1_class::Rubinstein-Taybi Syndrome,4,0.0,0.0,1,169,169
B2_corrected,geommlp,proto,subject,f1_class::Rubinstein-Taybi Syndrome,5,0.0,0.0,1,169,169
B2_corrected,geommlp,proto,subject,f1_class::Smith-Lemli-Opitz,1,0.0,0.0,1,169,169
B2_corrected,geommlp,proto,subject,f1_class::Smith-Lemli-Opitz,2,0.0,0.0,1,169,169
B2_corrected,geommlp,proto,subject,f1_class::Smith-Lemli-Opitz,3,0.0,0.0,1,169,169
B2_corrected,geommlp,proto,subject,f1_class::Smith-Lemli-Opitz,4,0.0,0.0,1,169,169
B2_corrected,geommlp,proto,subject,f1_class::Smith-Lemli-Opitz,5,0.0,0.0,1,169,169
B2_corrected,geommlp,proto,subject,f1_class::Tetrasomy 18p,1,0.0,0.0,1,169,169
B2_corrected,geommlp,proto,subject,f1_class::Tetrasomy 18p,2,0.0,0.0,1,169,169
B2_corrected,geommlp,proto,subject,f1_class::Tetrasomy 18p,3,0.0,0.0,1,169,169
B2_corrected,geommlp,proto,subject,f1_class::Tetrasomy 18p,4,0.5,0.0,1,169,169
B2_corrected,geommlp,proto,subject,f1_class::Tetrasomy 18p,5,0.0,0.0,1,169,169
B2_corrected,geommlp,proto,subject,f1_class::Trisomy 18,1,0.4,0.0,1,169,169
B2_corrected,geommlp,proto,subject,f1_class::Trisomy 18,2,0.2222222222222222,0.0,1,169,169
B2_corrected,geommlp,proto,subject,f1_class::Trisomy 18,3,0.3333333333333333,0.0,1,169,169
B2_corrected,geommlp,proto,subject,f1_class::Trisomy 18,4,0.4444444444444444,0.0,1,169,169
B2_corrected,geommlp,proto,subject,f1_class::Trisomy 18,5,0.4,0.0,1,169,169
B2_corrected,geommlp,proto,subject,f1_class::Turner Syndrome,1,0.0,0.0,1,169,169
B2_corrected,geommlp,proto,subject,f1_class::Turner Syndrome,2,0.0,0.0,1,169,169
B2_corrected,geommlp,proto,subject,f1_class::Turner Syndrome,3,0.0,0.0,1,169,169
B2_corrected,geommlp,proto,subject,f1_class::Turner Syndrome,4,0.0,0.0,1,169,169
B2_corrected,geommlp,proto,subject,f1_class::Turner Syndrome,5,0.0,0.0,1,169,169
B2_corrected,geommlp,proto,subject,f1_class::Williams Syndrome,1,0.4210526315789473,0.0,1,169,169
B2_corrected,geommlp,proto,subject,f1_class::Williams Syndrome,2,0.3157894736842105,0.0,1,169,169
B2_corrected,geommlp,proto,subject,f1_class::Williams Syndrome,3,0.4444444444444444,0.0,1,169,169
B2_corrected,geommlp,proto,subject,f1_class::Williams Syndrome,4,0.6,0.0,1,169,169
B2_corrected,geommlp,proto,subject,f1_class::Williams Syndrome,5,0.3333333333333333,0.0,1,169,169
B2_corrected,geommlp,proto,subject,macro_auc,1,0.7967418382524428,0.0,1,169,169
B2_corrected,geommlp,proto,subject,macro_auc,2,0.7903889784134047,0.0,1,169,169
B2_corrected,geommlp,proto,subject,macro_auc,3,0.803228583447771,0.0,1,169,169
B2_corrected,geommlp,proto,subject,macro_auc,4,0.801582221998482,0.0,1,169,169
B2_corrected,geommlp,proto,subject,macro_auc,5,0.7902966245474057,0.0,1,169,169
B2_corrected,geommlp,proto,subject,macro_f1,1,0.1943230672966107,0.0,1,169,169
B2_corrected,geommlp,proto,subject,macro_f1,2,0.180867312629204,0.0,1,169,169
B2_corrected,geommlp,proto,subject,macro_f1,3,0.2101455198293143,0.0,1,169,169
B2_corrected,geommlp,proto,subject,macro_f1,4,0.2165214324094143,0.0,1,169,169
B2_corrected,geommlp,proto,subject,macro_f1,5,0.1800971082019553,0.0,1,169,169
B2_corrected,geommlp,proto,subject,top3_accuracy,1,0.408284023668639,0.0,1,169,169
B2_corrected,geommlp,proto,subject,top3_accuracy,2,0.408284023668639,0.0,1,169,169
B2_corrected,geommlp,proto,subject,top3_accuracy,3,0.4437869822485207,0.0,1,169,169
B2_corrected,geommlp,proto,subject,top3_accuracy,4,0.4437869822485207,0.0,1,169,169
B2_corrected,geommlp,proto,subject,top3_accuracy,5,0.4142011834319526,0.0,1,169,169
B2_corrected,geommlp,proto,subject,top5_accuracy,1,0.5502958579881657,0.0,1,169,169
B2_corrected,geommlp,proto,subject,top5_accuracy,2,0.5266272189349113,0.0,1,169,169
B2_corrected,geommlp,proto,subject,top5_accuracy,3,0.5443786982248521,0.0,1,169,169
B2_corrected,geommlp,proto,subject,top5_accuracy,4,0.5502958579881657,0.0,1,169,169
B2_corrected,geommlp,proto,subject,top5_accuracy,5,0.5207100591715976,0.0,1,169,169
B2_corrected,geommlp,softmax,scan,accuracy,1,0.1557894736842105,0.0,1,475,169
B2_corrected,geommlp,softmax,scan,accuracy,2,0.1305263157894736,0.0,1,475,169
B2_corrected,geommlp,softmax,scan,accuracy,3,0.1431578947368421,0.0,1,475,169
B2_corrected,geommlp,softmax,scan,accuracy,4,0.1747368421052631,0.0,1,475,169
B2_corrected,geommlp,softmax,scan,accuracy,5,0.1621052631578947,0.0,1,475,169
B2_corrected,geommlp,softmax,scan,f1_class::4p Deletion Wolff-Hirschhorn Syndrome,1,0.0,0.0,1,475,169
B2_corrected,geommlp,softmax,scan,f1_class::4p Deletion Wolff-Hirschhorn Syndrome,2,0.0,0.0,1,475,169
B2_corrected,geommlp,softmax,scan,f1_class::4p Deletion Wolff-Hirschhorn Syndrome,3,0.0,0.0,1,475,169
B2_corrected,geommlp,softmax,scan,f1_class::4p Deletion Wolff-Hirschhorn Syndrome,4,0.0,0.0,1,475,169
B2_corrected,geommlp,softmax,scan,f1_class::4p Deletion Wolff-Hirschhorn Syndrome,5,0.0,0.0,1,475,169
B2_corrected,geommlp,softmax,scan,f1_class::5p-,1,0.0,0.0,1,475,169
B2_corrected,geommlp,softmax,scan,f1_class::5p-,2,0.074074074074074,0.0,1,475,169
B2_corrected,geommlp,softmax,scan,f1_class::5p-,3,0.0,0.0,1,475,169
B2_corrected,geommlp,softmax,scan,f1_class::5p-,4,0.0,0.0,1,475,169
B2_corrected,geommlp,softmax,scan,f1_class::5p-,5,0.0,0.0,1,475,169
B2_corrected,geommlp,softmax,scan,f1_class::Achondroplasia,1,0.0588235294117647,0.0,1,475,169
B2_corrected,geommlp,softmax,scan,f1_class::Achondroplasia,2,0.1379310344827586,0.0,1,475,169
B2_corrected,geommlp,softmax,scan,f1_class::Achondroplasia,3,0.25,0.0,1,475,169
B2_corrected,geommlp,softmax,scan,f1_class::Achondroplasia,4,0.1904761904761904,0.0,1,475,169
B2_corrected,geommlp,softmax,scan,f1_class::Achondroplasia,5,0.1481481481481481,0.0,1,475,169
B2_corrected,geommlp,softmax,scan,f1_class::Angelman Syndrome,1,0.0,0.0,1,475,169
B2_corrected,geommlp,softmax,scan,f1_class::Angelman Syndrome,2,0.0,0.0,1,475,169
B2_corrected,geommlp,softmax,scan,f1_class::Angelman Syndrome,3,0.1,0.0,1,475,169
B2_corrected,geommlp,softmax,scan,f1_class::Angelman Syndrome,4,0.0,0.0,1,475,169
B2_corrected,geommlp,softmax,scan,f1_class::Angelman Syndrome,5,0.08,0.0,1,475,169
B2_corrected,geommlp,softmax,scan,f1_class::Apert Syndrome,1,0.0,0.0,1,475,169
B2_corrected,geommlp,softmax,scan,f1_class::Apert Syndrome,2,0.0689655172413793,0.0,1,475,169
B2_corrected,geommlp,softmax,scan,f1_class::Apert Syndrome,3,0.0,0.0,1,475,169
B2_corrected,geommlp,softmax,scan,f1_class::Apert Syndrome,4,0.0,0.0,1,475,169
B2_corrected,geommlp,softmax,scan,f1_class::Apert Syndrome,5,0.0,0.0,1,475,169
B2_corrected,geommlp,softmax,scan,f1_class::Bohring-Opitz Syndrome,1,0.3076923076923077,0.0,1,475,169
B2_corrected,geommlp,softmax,scan,f1_class::Bohring-Opitz Syndrome,2,0.4,0.0,1,475,169
B2_corrected,geommlp,softmax,scan,f1_class::Bohring-Opitz Syndrome,3,0.3333333333333333,0.0,1,475,169
B2_corrected,geommlp,softmax,scan,f1_class::Bohring-Opitz Syndrome,4,0.2758620689655172,0.0,1,475,169
B2_corrected,geommlp,softmax,scan,f1_class::Bohring-Opitz Syndrome,5,0.3636363636363636,0.0,1,475,169
B2_corrected,geommlp,softmax,scan,f1_class::CDKL5,1,0.2666666666666666,0.0,1,475,169
B2_corrected,geommlp,softmax,scan,f1_class::CDKL5,2,0.0,0.0,1,475,169
B2_corrected,geommlp,softmax,scan,f1_class::CDKL5,3,0.1111111111111111,0.0,1,475,169
B2_corrected,geommlp,softmax,scan,f1_class::CDKL5,4,0.2105263157894736,0.0,1,475,169
B2_corrected,geommlp,softmax,scan,f1_class::CDKL5,5,0.2352941176470588,0.0,1,475,169
B2_corrected,geommlp,softmax,scan,f1_class::CFC,1,0.2,0.0,1,475,169
B2_corrected,geommlp,softmax,scan,f1_class::CFC,2,0.2307692307692307,0.0,1,475,169
B2_corrected,geommlp,softmax,scan,f1_class::CFC,3,0.24,0.0,1,475,169
B2_corrected,geommlp,softmax,scan,f1_class::CFC,4,0.1142857142857142,0.0,1,475,169
B2_corrected,geommlp,softmax,scan,f1_class::CFC,5,0.1714285714285714,0.0,1,475,169
B2_corrected,geommlp,softmax,scan,f1_class::CHARGE Syndrome,1,0.125,0.0,1,475,169
B2_corrected,geommlp,softmax,scan,f1_class::CHARGE Syndrome,2,0.2040816326530612,0.0,1,475,169
B2_corrected,geommlp,softmax,scan,f1_class::CHARGE Syndrome,3,0.0,0.0,1,475,169
B2_corrected,geommlp,softmax,scan,f1_class::CHARGE Syndrome,4,0.0,0.0,1,475,169
B2_corrected,geommlp,softmax,scan,f1_class::CHARGE Syndrome,5,0.1290322580645161,0.0,1,475,169
B2_corrected,geommlp,softmax,scan,f1_class::CdLS,1,0.0,0.0,1,475,169
B2_corrected,geommlp,softmax,scan,f1_class::CdLS,2,0.0,0.0,1,475,169
B2_corrected,geommlp,softmax,scan,f1_class::CdLS,3,0.0,0.0,1,475,169
B2_corrected,geommlp,softmax,scan,f1_class::CdLS,4,0.0,0.0,1,475,169
B2_corrected,geommlp,softmax,scan,f1_class::CdLS,5,0.0,0.0,1,475,169
B2_corrected,geommlp,softmax,scan,f1_class::Cockayne Syndrome,1,0.2962962962962963,0.0,1,475,169
B2_corrected,geommlp,softmax,scan,f1_class::Cockayne Syndrome,2,0.074074074074074,0.0,1,475,169
B2_corrected,geommlp,softmax,scan,f1_class::Cockayne Syndrome,3,0.1935483870967742,0.0,1,475,169
B2_corrected,geommlp,softmax,scan,f1_class::Cockayne Syndrome,4,0.2758620689655172,0.0,1,475,169
B2_corrected,geommlp,softmax,scan,f1_class::Cockayne Syndrome,5,0.1951219512195122,0.0,1,475,169
B2_corrected,geommlp,softmax,scan,f1_class::Cohen Syndrome,1,0.0833333333333333,0.0,1,475,169
B2_corrected,geommlp,softmax,scan,f1_class::Cohen Syndrome,2,0.1739130434782608,0.0,1,475,169
B2_corrected,geommlp,softmax,scan,f1_class::Cohen Syndrome,3,0.0625,0.0,1,475,169
B2_corrected,geommlp,softmax,scan,f1_class::Cohen Syndrome,4,0.2222222222222222,0.0,1,475,169
B2_corrected,geommlp,softmax,scan,f1_class::Cohen Syndrome,5,0.1379310344827586,0.0,1,475,169
B2_corrected,geommlp,softmax,scan,f1_class::Costello Syndrome,1,0.0,0.0,1,475,169
B2_corrected,geommlp,softmax,scan,f1_class::Costello Syndrome,2,0.0,0.0,1,475,169
B2_corrected,geommlp,softmax,scan,f1_class::Costello Syndrome,3,0.0,0.0,1,475,169
B2_corrected,geommlp,softmax,scan,f1_class::Costello Syndrome,4,0.1379310344827586,0.0,1,475,169
B2_corrected,geommlp,softmax,scan,f1_class::Costello Syndrome,5,0.064516129032258,0.0,1,475,169
B2_corrected,geommlp,softmax,scan,f1_class::Crouzon Syndrome,1,0.0,0.0,1,475,169
B2_corrected,geommlp,softmax,scan,f1_class::Crouzon Syndrome,2,0.0,0.0,1,475,169
B2_corrected,geommlp,softmax,scan,f1_class::Crouzon Syndrome,3,0.0,0.0,1,475,169
B2_corrected,geommlp,softmax,scan,f1_class::Crouzon Syndrome,4,0.0,0.0,1,475,169
B2_corrected,geommlp,softmax,scan,f1_class::Crouzon Syndrome,5,0.0,0.0,1,475,169
B2_corrected,geommlp,softmax,scan,f1_class::Down Syndrome,1,0.2631578947368421,0.0,1,475,169
B2_corrected,geommlp,softmax,scan,f1_class::Down Syndrome,2,0.0,0.0,1,475,169
B2_corrected,geommlp,softmax,scan,f1_class::Down Syndrome,3,0.08,0.0,1,475,169
B2_corrected,geommlp,softmax,scan,f1_class::Down Syndrome,4,0.0833333333333333,0.0,1,475,169
B2_corrected,geommlp,softmax,scan,f1_class::Down Syndrome,5,0.0,0.0,1,475,169
B2_corrected,geommlp,softmax,scan,f1_class::Ehlers-Danlos Syndrome,1,0.3181818181818182,0.0,1,475,169
B2_corrected,geommlp,softmax,scan,f1_class::Ehlers-Danlos Syndrome,2,0.2692307692307692,0.0,1,475,169
B2_corrected,geommlp,softmax,scan,f1_class::Ehlers-Danlos Syndrome,3,0.25,0.0,1,475,169
B2_corrected,geommlp,softmax,scan,f1_class::Ehlers-Danlos Syndrome,4,0.2439024390243902,0.0,1,475,169
B2_corrected,geommlp,softmax,scan,f1_class::Ehlers-Danlos Syndrome,5,0.3,0.0,1,475,169
B2_corrected,geommlp,softmax,scan,"f1_class::Facial Dysmorphia, possibly genetic",1,0.0571428571428571,0.0,1,475,169
B2_corrected,geommlp,softmax,scan,"f1_class::Facial Dysmorphia, possibly genetic",2,0.0,0.0,1,475,169
B2_corrected,geommlp,softmax,scan,"f1_class::Facial Dysmorphia, possibly genetic",3,0.0,0.0,1,475,169
B2_corrected,geommlp,softmax,scan,"f1_class::Facial Dysmorphia, possibly genetic",4,0.0,0.0,1,475,169
B2_corrected,geommlp,softmax,scan,"f1_class::Facial Dysmorphia, possibly genetic",5,0.1025641025641025,0.0,1,475,169
B2_corrected,geommlp,softmax,scan,f1_class::Jacobsen Syndrome,1,0.3243243243243243,0.0,1,475,169
B2_corrected,geommlp,softmax,scan,f1_class::Jacobsen Syndrome,2,0.3125,0.0,1,475,169
B2_corrected,geommlp,softmax,scan,f1_class::Jacobsen Syndrome,3,0.3225806451612903,0.0,1,475,169
B2_corrected,geommlp,softmax,scan,f1_class::Jacobsen Syndrome,4,0.5625,0.0,1,475,169
B2_corrected,geommlp,softmax,scan,f1_class::Jacobsen Syndrome,5,0.25,0.0,1,475,169
B2_corrected,geommlp,softmax,scan,f1_class::Joubert Syndrome,1,0.0526315789473684,0.0,1,475,169
B2_corrected,geommlp,softmax,scan,f1_class::Joubert Syndrome,2,0.0,0.0,1,475,169
B2_corrected,geommlp,softmax,scan,f1_class::Joubert Syndrome,3,0.0625,0.0,1,475,169
B2_corrected,geommlp,softmax,scan,f1_class::Joubert Syndrome,4,0.0,0.0,1,475,169
B2_corrected,geommlp,softmax,scan,f1_class::Joubert Syndrome,5,0.0571428571428571,0.0,1,475,169
B2_corrected,geommlp,softmax,scan,f1_class::Loeys-Dietz Syndrome,1,0.0,0.0,1,475,169
B2_corrected,geommlp,softmax,scan,f1_class::Loeys-Dietz Syndrome,2,0.0,0.0,1,475,169
B2_corrected,geommlp,softmax,scan,f1_class::Loeys-Dietz Syndrome,3,0.1,0.0,1,475,169
B2_corrected,geommlp,softmax,scan,f1_class::Loeys-Dietz Syndrome,4,0.1212121212121212,0.0,1,475,169
B2_corrected,geommlp,softmax,scan,f1_class::Loeys-Dietz Syndrome,5,0.0,0.0,1,475,169
B2_corrected,geommlp,softmax,scan,f1_class::Marfan Syndrome,1,0.238095238095238,0.0,1,475,169
B2_corrected,geommlp,softmax,scan,f1_class::Marfan Syndrome,2,0.0,0.0,1,475,169
B2_corrected,geommlp,softmax,scan,f1_class::Marfan Syndrome,3,0.1818181818181818,0.0,1,475,169
B2_corrected,geommlp,softmax,scan,f1_class::Marfan Syndrome,4,0.0606060606060606,0.0,1,475,169
B2_corrected,geommlp,softmax,scan,f1_class::Marfan Syndrome,5,0.2424242424242424,0.0,1,475,169
B2_corrected,geommlp,softmax,scan,f1_class::Mucopolysaccharidosis type IIIB (Sanfilippo B),1,0.0869565217391304,0.0,1,475,169
B2_corrected,geommlp,softmax,scan,f1_class::Mucopolysaccharidosis type IIIB (Sanfilippo B),2,0.1379310344827586,0.0,1,475,169
B2_corrected,geommlp,softmax,scan,f1_class::Mucopolysaccharidosis type IIIB (Sanfilippo B),3,0.0,0.0,1,475,169
B2_corrected,geommlp,softmax,scan,f1_class::Mucopolysaccharidosis type IIIB (Sanfilippo B),4,0.1176470588235294,0.0,1,475,169
B2_corrected,geommlp,softmax,scan,f1_class::Mucopolysaccharidosis type IIIB (Sanfilippo B),5,0.0975609756097561,0.0,1,475,169
B2_corrected,geommlp,softmax,scan,f1_class::Noonan Syndrome,1,0.2857142857142857,0.0,1,475,169
B2_corrected,geommlp,softmax,scan,f1_class::Noonan Syndrome,2,0.1904761904761904,0.0,1,475,169
B2_corrected,geommlp,softmax,scan,f1_class::Noonan Syndrome,3,0.3243243243243243,0.0,1,475,169
B2_corrected,geommlp,softmax,scan,f1_class::Noonan Syndrome,4,0.3809523809523809,0.0,1,475,169
B2_corrected,geommlp,softmax,scan,f1_class::Noonan Syndrome,5,0.3157894736842105,0.0,1,475,169
B2_corrected,geommlp,softmax,scan,f1_class::Pallister-Killian Syndrome,1,0.3243243243243243,0.0,1,475,169
B2_corrected,geommlp,softmax,scan,f1_class::Pallister-Killian Syndrome,2,0.2857142857142857,0.0,1,475,169
B2_corrected,geommlp,softmax,scan,f1_class::Pallister-Killian Syndrome,3,0.25,0.0,1,475,169
B2_corrected,geommlp,softmax,scan,f1_class::Pallister-Killian Syndrome,4,0.3428571428571428,0.0,1,475,169
B2_corrected,geommlp,softmax,scan,f1_class::Pallister-Killian Syndrome,5,0.3255813953488372,0.0,1,475,169
B2_corrected,geommlp,softmax,scan,f1_class::Phelan McDermid Syndrome,1,0.0923076923076923,0.0,1,475,169
B2_corrected,geommlp,softmax,scan,f1_class::Phelan McDermid Syndrome,2,0.0983606557377049,0.0,1,475,169
B2_corrected,geommlp,softmax,scan,f1_class::Phelan McDermid Syndrome,3,0.1212121212121212,0.0,1,475,169
B2_corrected,geommlp,softmax,scan,f1_class::Phelan McDermid Syndrome,4,0.2058823529411764,0.0,1,475,169
B2_corrected,geommlp,softmax,scan,f1_class::Phelan McDermid Syndrome,5,0.1739130434782608,0.0,1,475,169
B2_corrected,geommlp,softmax,scan,f1_class::Pitt Hopkins,1,0.2962962962962963,0.0,1,475,169
B2_corrected,geommlp,softmax,scan,f1_class::Pitt Hopkins,2,0.2272727272727272,0.0,1,475,169
B2_corrected,geommlp,softmax,scan,f1_class::Pitt Hopkins,3,0.2307692307692307,0.0,1,475,169
B2_corrected,geommlp,softmax,scan,f1_class::Pitt Hopkins,4,0.238095238095238,0.0,1,475,169
B2_corrected,geommlp,softmax,scan,f1_class::Pitt Hopkins,5,0.3333333333333333,0.0,1,475,169
B2_corrected,geommlp,softmax,scan,f1_class::Rett Syndrome,1,0.0,0.0,1,475,169
B2_corrected,geommlp,softmax,scan,f1_class::Rett Syndrome,2,0.0909090909090909,0.0,1,475,169
B2_corrected,geommlp,softmax,scan,f1_class::Rett Syndrome,3,0.0,0.0,1,475,169
B2_corrected,geommlp,softmax,scan,f1_class::Rett Syndrome,4,0.0,0.0,1,475,169
B2_corrected,geommlp,softmax,scan,f1_class::Rett Syndrome,5,0.0,0.0,1,475,169
B2_corrected,geommlp,softmax,scan,f1_class::Rubinstein-Taybi Syndrome,1,0.0,0.0,1,475,169
B2_corrected,geommlp,softmax,scan,f1_class::Rubinstein-Taybi Syndrome,2,0.0,0.0,1,475,169
B2_corrected,geommlp,softmax,scan,f1_class::Rubinstein-Taybi Syndrome,3,0.0,0.0,1,475,169
B2_corrected,geommlp,softmax,scan,f1_class::Rubinstein-Taybi Syndrome,4,0.0,0.0,1,475,169
B2_corrected,geommlp,softmax,scan,f1_class::Rubinstein-Taybi Syndrome,5,0.0,0.0,1,475,169
B2_corrected,geommlp,softmax,scan,f1_class::Smith-Lemli-Opitz,1,0.0,0.0,1,475,169
B2_corrected,geommlp,softmax,scan,f1_class::Smith-Lemli-Opitz,2,0.0,0.0,1,475,169
B2_corrected,geommlp,softmax,scan,f1_class::Smith-Lemli-Opitz,3,0.0,0.0,1,475,169
B2_corrected,geommlp,softmax,scan,f1_class::Smith-Lemli-Opitz,4,0.0,0.0,1,475,169
B2_corrected,geommlp,softmax,scan,f1_class::Smith-Lemli-Opitz,5,0.0,0.0,1,475,169
B2_corrected,geommlp,softmax,scan,f1_class::Tetrasomy 18p,1,0.0769230769230769,0.0,1,475,169
B2_corrected,geommlp,softmax,scan,f1_class::Tetrasomy 18p,2,0.0833333333333333,0.0,1,475,169
B2_corrected,geommlp,softmax,scan,f1_class::Tetrasomy 18p,3,0.2608695652173913,0.0,1,475,169
B2_corrected,geommlp,softmax,scan,f1_class::Tetrasomy 18p,4,0.1428571428571428,0.0,1,475,169
B2_corrected,geommlp,softmax,scan,f1_class::Tetrasomy 18p,5,0.1481481481481481,0.0,1,475,169
B2_corrected,geommlp,softmax,scan,f1_class::Trisomy 18,1,0.2666666666666666,0.0,1,475,169
B2_corrected,geommlp,softmax,scan,f1_class::Trisomy 18,2,0.2857142857142857,0.0,1,475,169
B2_corrected,geommlp,softmax,scan,f1_class::Trisomy 18,3,0.2424242424242424,0.0,1,475,169
B2_corrected,geommlp,softmax,scan,f1_class::Trisomy 18,4,0.5,0.0,1,475,169
B2_corrected,geommlp,softmax,scan,f1_class::Trisomy 18,5,0.3571428571428571,0.0,1,475,169
B2_corrected,geommlp,softmax,scan,f1_class::Turner Syndrome,1,0.0,0.0,1,475,169
B2_corrected,geommlp,softmax,scan,f1_class::Turner Syndrome,2,0.0,0.0,1,475,169
B2_corrected,geommlp,softmax,scan,f1_class::Turner Syndrome,3,0.0555555555555555,0.0,1,475,169
B2_corrected,geommlp,softmax,scan,f1_class::Turner Syndrome,4,0.0833333333333333,0.0,1,475,169
B2_corrected,geommlp,softmax,scan,f1_class::Turner Syndrome,5,0.0909090909090909,0.0,1,475,169
B2_corrected,geommlp,softmax,scan,f1_class::Williams Syndrome,1,0.2352941176470588,0.0,1,475,169
B2_corrected,geommlp,softmax,scan,f1_class::Williams Syndrome,2,0.2641509433962264,0.0,1,475,169
B2_corrected,geommlp,softmax,scan,f1_class::Williams Syndrome,3,0.2745098039215686,0.0,1,475,169
B2_corrected,geommlp,softmax,scan,f1_class::Williams Syndrome,4,0.3137254901960784,0.0,1,475,169
B2_corrected,geommlp,softmax,scan,f1_class::Williams Syndrome,5,0.2,0.0,1,475,169
B2_corrected,geommlp,softmax,scan,macro_auc,1,0.7635720118289516,0.0,1,475,169
B2_corrected,geommlp,softmax,scan,macro_auc,2,0.7577246373103725,0.0,1,475,169
B2_corrected,geommlp,softmax,scan,macro_auc,3,0.7676005575723329,0.0,1,475,169
B2_corrected,geommlp,softmax,scan,macro_auc,4,0.7619088130985301,0.0,1,475,169
B2_corrected,geommlp,softmax,scan,macro_auc,5,0.7619702686386067,0.0,1,475,169
B2_corrected,geommlp,softmax,scan,macro_f1,1,0.1289645098923438,0.0,1,475,169
B2_corrected,geommlp,softmax,scan,macro_f1,2,0.1093758158497033,0.0,1,475,169
B2_corrected,geommlp,softmax,scan,macro_f1,3,0.1226380758165189,0.0,1,475,169
B2_corrected,geommlp,softmax,scan,macro_f1,4,0.1461839305884642,0.0,1,475,169
B2_corrected,geommlp,softmax,scan,macro_f1,5,0.1369581240437843,0.0,1,475,169
B2_corrected,geommlp,softmax,scan,top3_accuracy,1,0.3347368421052631,0.0,1,475,169
B2_corrected,geommlp,softmax,scan,top3_accuracy,2,0.3094736842105263,0.0,1,475,169
B2_corrected,geommlp,softmax,scan,top3_accuracy,3,0.3410526315789474,0.0,1,475,169
B2_corrected,geommlp,softmax,scan,top3_accuracy,4,0.36,0.0,1,475,169
B2_corrected,geommlp,softmax,scan,top3_accuracy,5,0.3431578947368421,0.0,1,475,169
B2_corrected,geommlp,softmax,scan,top5_accuracy,1,0.4589473684210526,0.0,1,475,169
B2_corrected,geommlp,softmax,scan,top5_accuracy,2,0.4547368421052631,0.0,1,475,169
B2_corrected,geommlp,softmax,scan,top5_accuracy,3,0.4863157894736842,0.0,1,475,169
B2_corrected,geommlp,softmax,scan,top5_accuracy,4,0.5031578947368421,0.0,1,475,169
B2_corrected,geommlp,softmax,scan,top5_accuracy,5,0.4842105263157895,0.0,1,475,169
B2_corrected,geommlp,softmax,subject,accuracy,1,0.1893491124260355,0.0,1,169,169
B2_corrected,geommlp,softmax,subject,accuracy,2,0.1420118343195266,0.0,1,169,169
B2_corrected,geommlp,softmax,subject,accuracy,3,0.1597633136094674,0.0,1,169,169
B2_corrected,geommlp,softmax,subject,accuracy,4,0.1775147928994082,0.0,1,169,169
B2_corrected,geommlp,softmax,subject,accuracy,5,0.1715976331360946,0.0,1,169,169
B2_corrected,geommlp,softmax,subject,f1_class::4p Deletion Wolff-Hirschhorn Syndrome,1,0.0,0.0,1,169,169
B2_corrected,geommlp,softmax,subject,f1_class::4p Deletion Wolff-Hirschhorn Syndrome,2,0.0,0.0,1,169,169
B2_corrected,geommlp,softmax,subject,f1_class::4p Deletion Wolff-Hirschhorn Syndrome,3,0.0,0.0,1,169,169
B2_corrected,geommlp,softmax,subject,f1_class::4p Deletion Wolff-Hirschhorn Syndrome,4,0.0,0.0,1,169,169
B2_corrected,geommlp,softmax,subject,f1_class::4p Deletion Wolff-Hirschhorn Syndrome,5,0.0,0.0,1,169,169
B2_corrected,geommlp,softmax,subject,f1_class::5p-,1,0.0,0.0,1,169,169
B2_corrected,geommlp,softmax,subject,f1_class::5p-,2,0.0,0.0,1,169,169
B2_corrected,geommlp,softmax,subject,f1_class::5p-,3,0.0,0.0,1,169,169
B2_corrected,geommlp,softmax,subject,f1_class::5p-,4,0.0,0.0,1,169,169
B2_corrected,geommlp,softmax,subject,f1_class::5p-,5,0.0,0.0,1,169,169
B2_corrected,geommlp,softmax,subject,f1_class::Achondroplasia,1,0.1111111111111111,0.0,1,169,169
B2_corrected,geommlp,softmax,subject,f1_class::Achondroplasia,2,0.2222222222222222,0.0,1,169,169
B2_corrected,geommlp,softmax,subject,f1_class::Achondroplasia,3,0.3529411764705882,0.0,1,169,169
B2_corrected,geommlp,softmax,subject,f1_class::Achondroplasia,4,0.2727272727272727,0.0,1,169,169
B2_corrected,geommlp,softmax,subject,f1_class::Achondroplasia,5,0.2666666666666666,0.0,1,169,169
B2_corrected,geommlp,softmax,subject,f1_class::Angelman Syndrome,1,0.0,0.0,1,169,169
B2_corrected,geommlp,softmax,subject,f1_class::Angelman Syndrome,2,0.0,0.0,1,169,169
B2_corrected,geommlp,softmax,subject,f1_class::Angelman Syndrome,3,0.0,0.0,1,169,169
B2_corrected,geommlp,softmax,subject,f1_class::Angelman Syndrome,4,0.0,0.0,1,169,169
B2_corrected,geommlp,softmax,subject,f1_class::Angelman Syndrome,5,0.0,0.0,1,169,169
B2_corrected,geommlp,softmax,subject,f1_class::Apert Syndrome,1,0.0,0.0,1,169,169
B2_corrected,geommlp,softmax,subject,f1_class::Apert Syndrome,2,0.1666666666666666,0.0,1,169,169
B2_corrected,geommlp,softmax,subject,f1_class::Apert Syndrome,3,0.0,0.0,1,169,169
B2_corrected,geommlp,softmax,subject,f1_class::Apert Syndrome,4,0.0,0.0,1,169,169
B2_corrected,geommlp,softmax,subject,f1_class::Apert Syndrome,5,0.0,0.0,1,169,169
B2_corrected,geommlp,softmax,subject,f1_class::Bohring-Opitz Syndrome,1,0.5,0.0,1,169,169
B2_corrected,geommlp,softmax,subject,f1_class::Bohring-Opitz Syndrome,2,0.4,0.0,1,169,169
B2_corrected,geommlp,softmax,subject,f1_class::Bohring-Opitz Syndrome,3,0.25,0.0,1,169,169
B2_corrected,geommlp,softmax,subject,f1_class::Bohring-Opitz Syndrome,4,0.4,0.0,1,169,169
B2_corrected,geommlp,softmax,subject,f1_class::Bohring-Opitz Syndrome,5,0.5,0.0,1,169,169
B2_corrected,geommlp,softmax,subject,f1_class::CDKL5,1,0.5,0.0,1,169,169
B2_corrected,geommlp,softmax,subject,f1_class::CDKL5,2,0.0,0.0,1,169,169
B2_corrected,geommlp,softmax,subject,f1_class::CDKL5,3,0.0,0.0,1,169,169
B2_corrected,geommlp,softmax,subject,f1_class::CDKL5,4,0.5,0.0,1,169,169
B2_corrected,geommlp,softmax,subject,f1_class::CDKL5,5,0.6666666666666666,0.0,1,169,169
B2_corrected,geommlp,softmax,subject,f1_class::CFC,1,0.1666666666666666,0.0,1,169,169
B2_corrected,geommlp,softmax,subject,f1_class::CFC,2,0.25,0.0,1,169,169
B2_corrected,geommlp,softmax,subject,f1_class::CFC,3,0.25,0.0,1,169,169
B2_corrected,geommlp,softmax,subject,f1_class::CFC,4,0.25,0.0,1,169,169
B2_corrected,geommlp,softmax,subject,f1_class::CFC,5,0.1666666666666666,0.0,1,169,169
B2_corrected,geommlp,softmax,subject,f1_class::CHARGE Syndrome,1,0.0,0.0,1,169,169
B2_corrected,geommlp,softmax,subject,f1_class::CHARGE Syndrome,2,0.2,0.0,1,169,169
B2_corrected,geommlp,softmax,subject,f1_class::CHARGE Syndrome,3,0.0,0.0,1,169,169
B2_corrected,geommlp,softmax,subject,f1_class::CHARGE Syndrome,4,0.0,0.0,1,169,169
B2_corrected,geommlp,softmax,subject,f1_class::CHARGE Syndrome,5,0.1333333333333333,0.0,1,169,169
B2_corrected,geommlp,softmax,subject,f1_class::CdLS,1,0.0,0.0,1,169,169
B2_corrected,geommlp,softmax,subject,f1_class::CdLS,2,0.0,0.0,1,169,169
B2_corrected,geommlp,softmax,subject,f1_class::CdLS,3,0.0,0.0,1,169,169
B2_corrected,geommlp,softmax,subject,f1_class::CdLS,4,0.0,0.0,1,169,169
B2_corrected,geommlp,softmax,subject,f1_class::CdLS,5,0.0,0.0,1,169,169
B2_corrected,geommlp,softmax,subject,f1_class::Cockayne Syndrome,1,0.4,0.0,1,169,169
B2_corrected,geommlp,softmax,subject,f1_class::Cockayne Syndrome,2,0.0,0.0,1,169,169
B2_corrected,geommlp,softmax,subject,f1_class::Cockayne Syndrome,3,0.25,0.0,1,169,169
B2_corrected,geommlp,softmax,subject,f1_class::Cockayne Syndrome,4,0.4,0.0,1,169,169
B2_corrected,geommlp,softmax,subject,f1_class::Cockayne Syndrome,5,0.25,0.0,1,169,169
B2_corrected,geommlp,softmax,subject,f1_class::Cohen Syndrome,1,0.0,0.0,1,169,169
B2_corrected,geommlp,softmax,subject,f1_class::Cohen Syndrome,2,0.0,0.0,1,169,169
B2_corrected,geommlp,softmax,subject,f1_class::Cohen Syndrome,3,0.2857142857142857,0.0,1,169,169
B2_corrected,geommlp,softmax,subject,f1_class::Cohen Syndrome,4,0.3333333333333333,0.0,1,169,169
B2_corrected,geommlp,softmax,subject,f1_class::Cohen Syndrome,5,0.2,0.0,1,169,169
B2_corrected,geommlp,softmax,subject,f1_class::Costello Syndrome,1,0.0,0.0,1,169,169
B2_corrected,geommlp,softmax,subject,f1_class::Costello Syndrome,2,0.0,0.0,1,169,169
B2_corrected,geommlp,softmax,subject,f1_class::Costello Syndrome,3,0.0,0.0,1,169,169
B2_corrected,geommlp,softmax,subject,f1_class::Costello Syndrome,4,0.2,0.0,1,169,169
B2_corrected,geommlp,softmax,subject,f1_class::Costello Syndrome,5,0.0,0.0,1,169,169
B2_corrected,geommlp,softmax,subject,f1_class::Crouzon Syndrome,1,0.0,0.0,1,169,169
B2_corrected,geommlp,softmax,subject,f1_class::Crouzon Syndrome,2,0.0,0.0,1,169,169
B2_corrected,geommlp,softmax,subject,f1_class::Crouzon Syndrome,3,0.0,0.0,1,169,169
B2_corrected,geommlp,softmax,subject,f1_class::Crouzon Syndrome,4,0.0,0.0,1,169,169
B2_corrected,geommlp,softmax,subject,f1_class::Crouzon Syndrome,5,0.0,0.0,1,169,169
B2_corrected,geommlp,softmax,subject,f1_class::Down Syndrome,1,0.3225806451612903,0.0,1,169,169
B2_corrected,geommlp,softmax,subject,f1_class::Down Syndrome,2,0.0,0.0,1,169,169
B2_corrected,geommlp,softmax,subject,f1_class::Down Syndrome,3,0.0952380952380952,0.0,1,169,169
B2_corrected,geommlp,softmax,subject,f1_class::Down Syndrome,4,0.0952380952380952,0.0,1,169,169
B2_corrected,geommlp,softmax,subject,f1_class::Down Syndrome,5,0.0,0.0,1,169,169
B2_corrected,geommlp,softmax,subject,f1_class::Ehlers-Danlos Syndrome,1,0.3809523809523809,0.0,1,169,169
B2_corrected,geommlp,softmax,subject,f1_class::Ehlers-Danlos Syndrome,2,0.3076923076923077,0.0,1,169,169
B2_corrected,geommlp,softmax,subject,f1_class::Ehlers-Danlos Syndrome,3,0.3333333333333333,0.0,1,169,169
B2_corrected,geommlp,softmax,subject,f1_class::Ehlers-Danlos Syndrome,4,0.2352941176470588,0.0,1,169,169
B2_corrected,geommlp,softmax,subject,f1_class::Ehlers-Danlos Syndrome,5,0.3157894736842105,0.0,1,169,169
B2_corrected,geommlp,softmax,subject,"f1_class::Facial Dysmorphia, possibly genetic",1,0.125,0.0,1,169,169
B2_corrected,geommlp,softmax,subject,"f1_class::Facial Dysmorphia, possibly genetic",2,0.0,0.0,1,169,169
B2_corrected,geommlp,softmax,subject,"f1_class::Facial Dysmorphia, possibly genetic",3,0.0,0.0,1,169,169
B2_corrected,geommlp,softmax,subject,"f1_class::Facial Dysmorphia, possibly genetic",4,0.0,0.0,1,169,169
B2_corrected,geommlp,softmax,subject,"f1_class::Facial Dysmorphia, possibly genetic",5,0.2105263157894736,0.0,1,169,169
B2_corrected,geommlp,softmax,subject,f1_class::Jacobsen Syndrome,1,0.2222222222222222,0.0,1,169,169
B2_corrected,geommlp,softmax,subject,f1_class::Jacobsen Syndrome,2,0.6666666666666666,0.0,1,169,169
B2_corrected,geommlp,softmax,subject,f1_class::Jacobsen Syndrome,3,0.25,0.0,1,169,169
B2_corrected,geommlp,softmax,subject,f1_class::Jacobsen Syndrome,4,0.5454545454545454,0.0,1,169,169
B2_corrected,geommlp,softmax,subject,f1_class::Jacobsen Syndrome,5,0.25,0.0,1,169,169
B2_corrected,geommlp,softmax,subject,f1_class::Joubert Syndrome,1,0.0,0.0,1,169,169
B2_corrected,geommlp,softmax,subject,f1_class::Joubert Syndrome,2,0.0,0.0,1,169,169
B2_corrected,geommlp,softmax,subject,f1_class::Joubert Syndrome,3,0.1176470588235294,0.0,1,169,169
B2_corrected,geommlp,softmax,subject,f1_class::Joubert Syndrome,4,0.0,0.0,1,169,169
B2_corrected,geommlp,softmax,subject,f1_class::Joubert Syndrome,5,0.0952380952380952,0.0,1,169,169
B2_corrected,geommlp,softmax,subject,f1_class::Loeys-Dietz Syndrome,1,0.0,0.0,1,169,169
B2_corrected,geommlp,softmax,subject,f1_class::Loeys-Dietz Syndrome,2,0.0,0.0,1,169,169
B2_corrected,geommlp,softmax,subject,f1_class::Loeys-Dietz Syndrome,3,0.1428571428571428,0.0,1,169,169
B2_corrected,geommlp,softmax,subject,f1_class::Loeys-Dietz Syndrome,4,0.2105263157894736,0.0,1,169,169
B2_corrected,geommlp,softmax,subject,f1_class::Loeys-Dietz Syndrome,5,0.0,0.0,1,169,169
B2_corrected,geommlp,softmax,subject,f1_class::Marfan Syndrome,1,0.3809523809523809,0.0,1,169,169
B2_corrected,geommlp,softmax,subject,f1_class::Marfan Syndrome,2,0.1666666666666666,0.0,1,169,169
B2_corrected,geommlp,softmax,subject,f1_class::Marfan Syndrome,3,0.125,0.0,1,169,169
B2_corrected,geommlp,softmax,subject,f1_class::Marfan Syndrome,4,0.0,0.0,1,169,169
B2_corrected,geommlp,softmax,subject,f1_class::Marfan Syndrome,5,0.3076923076923077,0.0,1,169,169
B2_corrected,geommlp,softmax,subject,f1_class::Mucopolysaccharidosis type IIIB (Sanfilippo B),1,0.1666666666666666,0.0,1,169,169
B2_corrected,geommlp,softmax,subject,f1_class::Mucopolysaccharidosis type IIIB (Sanfilippo B),2,0.0,0.0,1,169,169
B2_corrected,geommlp,softmax,subject,f1_class::Mucopolysaccharidosis type IIIB (Sanfilippo B),3,0.0,0.0,1,169,169
B2_corrected,geommlp,softmax,subject,f1_class::Mucopolysaccharidosis type IIIB (Sanfilippo B),4,0.0,0.0,1,169,169
B2_corrected,geommlp,softmax,subject,f1_class::Mucopolysaccharidosis type IIIB (Sanfilippo B),5,0.2,0.0,1,169,169
B2_corrected,geommlp,softmax,subject,f1_class::Noonan Syndrome,1,0.3076923076923077,0.0,1,169,169
B2_corrected,geommlp,softmax,subject,f1_class::Noonan Syndrome,2,0.25,0.0,1,169,169
B2_corrected,geommlp,softmax,subject,f1_class::Noonan Syndrome,3,0.3076923076923077,0.0,1,169,169
B2_corrected,geommlp,softmax,subject,f1_class::Noonan Syndrome,4,0.4,0.0,1,169,169
B2_corrected,geommlp,softmax,subject,f1_class::Noonan Syndrome,5,0.3333333333333333,0.0,1,169,169
B2_corrected,geommlp,softmax,subject,f1_class::Pallister-Killian Syndrome,1,0.2,0.0,1,169,169
B2_corrected,geommlp,softmax,subject,f1_class::Pallister-Killian Syndrome,2,0.3333333333333333,0.0,1,169,169
B2_corrected,geommlp,softmax,subject,f1_class::Pallister-Killian Syndrome,3,0.3,0.0,1,169,169
B2_corrected,geommlp,softmax,subject,f1_class::Pallister-Killian Syndrome,4,0.3636363636363636,0.0,1,169,169
B2_corrected,geommlp,softmax,subject,f1_class::Pallister-Killian Syndrome,5,0.3333333333333333,0.0,1,169,169
B2_corrected,geommlp,softmax,subject,f1_class::Phelan McDermid Syndrome,1,0.1818181818181818,0.0,1,169,169
B2_corrected,geommlp,softmax,subject,f1_class::Phelan McDermid Syndrome,2,0.0,0.0,1,169,169
B2_corrected,geommlp,softmax,subject,f1_class::Phelan McDermid Syndrome,3,0.0,0.0,1,169,169
B2_corrected,geommlp,softmax,subject,f1_class::Phelan McDermid Syndrome,4,0.1538461538461538,0.0,1,169,169
B2_corrected,geommlp,softmax,subject,f1_class::Phelan McDermid Syndrome,5,0.0,0.0,1,169,169
B2_corrected,geommlp,softmax,subject,f1_class::Pitt Hopkins,1,0.3636363636363636,0.0,1,169,169
B2_corrected,geommlp,softmax,subject,f1_class::Pitt Hopkins,2,0.2222222222222222,0.0,1,169,169
B2_corrected,geommlp,softmax,subject,f1_class::Pitt Hopkins,3,0.2222222222222222,0.0,1,169,169
B2_corrected,geommlp,softmax,subject,f1_class::Pitt Hopkins,4,0.2352941176470588,0.0,1,169,169
B2_corrected,geommlp,softmax,subject,f1_class::Pitt Hopkins,5,0.2857142857142857,0.0,1,169,169
B2_corrected,geommlp,softmax,subject,f1_class::Rett Syndrome,1,0.0,0.0,1,169,169
B2_corrected,geommlp,softmax,subject,f1_class::Rett Syndrome,2,0.0,0.0,1,169,169
B2_corrected,geommlp,softmax,subject,f1_class::Rett Syndrome,3,0.0,0.0,1,169,169
B2_corrected,geommlp,softmax,subject,f1_class::Rett Syndrome,4,0.0,0.0,1,169,169
B2_corrected,geommlp,softmax,subject,f1_class::Rett Syndrome,5,0.0,0.0,1,169,169
B2_corrected,geommlp,softmax,subject,f1_class::Rubinstein-Taybi Syndrome,1,0.0,0.0,1,169,169
B2_corrected,geommlp,softmax,subject,f1_class::Rubinstein-Taybi Syndrome,2,0.0,0.0,1,169,169
B2_corrected,geommlp,softmax,subject,f1_class::Rubinstein-Taybi Syndrome,3,0.0,0.0,1,169,169
B2_corrected,geommlp,softmax,subject,f1_class::Rubinstein-Taybi Syndrome,4,0.0,0.0,1,169,169
B2_corrected,geommlp,softmax,subject,f1_class::Rubinstein-Taybi Syndrome,5,0.0,0.0,1,169,169
B2_corrected,geommlp,softmax,subject,f1_class::Smith-Lemli-Opitz,1,0.0,0.0,1,169,169
B2_corrected,geommlp,softmax,subject,f1_class::Smith-Lemli-Opitz,2,0.0,0.0,1,169,169
B2_corrected,geommlp,softmax,subject,f1_class::Smith-Lemli-Opitz,3,0.0,0.0,1,169,169
B2_corrected,geommlp,softmax,subject,f1_class::Smith-Lemli-Opitz,4,0.0,0.0,1,169,169
B2_corrected,geommlp,softmax,subject,f1_class::Smith-Lemli-Opitz,5,0.0,0.0,1,169,169
B2_corrected,geommlp,softmax,subject,f1_class::Tetrasomy 18p,1,0.0,0.0,1,169,169
B2_corrected,geommlp,softmax,subject,f1_class::Tetrasomy 18p,2,0.0,0.0,1,169,169
B2_corrected,geommlp,softmax,subject,f1_class::Tetrasomy 18p,3,0.0,0.0,1,169,169
B2_corrected,geommlp,softmax,subject,f1_class::Tetrasomy 18p,4,0.0,0.0,1,169,169
B2_corrected,geommlp,softmax,subject,f1_class::Tetrasomy 18p,5,0.0,0.0,1,169,169
B2_corrected,geommlp,softmax,subject,f1_class::Trisomy 18,1,0.3636363636363636,0.0,1,169,169
B2_corrected,geommlp,softmax,subject,f1_class::Trisomy 18,2,0.3333333333333333,0.0,1,169,169
B2_corrected,geommlp,softmax,subject,f1_class::Trisomy 18,3,0.5,0.0,1,169,169
B2_corrected,geommlp,softmax,subject,f1_class::Trisomy 18,4,0.5714285714285714,0.0,1,169,169
B2_corrected,geommlp,softmax,subject,f1_class::Trisomy 18,5,0.4444444444444444,0.0,1,169,169
B2_corrected,geommlp,softmax,subject,f1_class::Turner Syndrome,1,0.0,0.0,1,169,169
B2_corrected,geommlp,softmax,subject,f1_class::Turner Syndrome,2,0.0,0.0,1,169,169
B2_corrected,geommlp,softmax,subject,f1_class::Turner Syndrome,3,0.0,0.0,1,169,169
B2_corrected,geommlp,softmax,subject,f1_class::Turner Syndrome,4,0.0,0.0,1,169,169
B2_corrected,geommlp,softmax,subject,f1_class::Turner Syndrome,5,0.0,0.0,1,169,169
B2_corrected,geommlp,softmax,subject,f1_class::Williams Syndrome,1,0.3333333333333333,0.0,1,169,169
B2_corrected,geommlp,softmax,subject,f1_class::Williams Syndrome,2,0.3333333333333333,0.0,1,169,169
B2_corrected,geommlp,softmax,subject,f1_class::Williams Syndrome,3,0.4210526315789473,0.0,1,169,169
B2_corrected,geommlp,softmax,subject,f1_class::Williams Syndrome,4,0.3333333333333333,0.0,1,169,169
B2_corrected,geommlp,softmax,subject,f1_class::Williams Syndrome,5,0.2352941176470588,0.0,1,169,169
B2_corrected,geommlp,softmax,subject,macro_auc,1,0.7986601893975201,0.0,1,169,169
B2_corrected,geommlp,softmax,subject,macro_auc,2,0.7966767083210446,0.0,1,169,169
B2_corrected,geommlp,softmax,subject,macro_auc,3,0.8017602539371287,0.0,1,169,169
B2_corrected,geommlp,softmax,subject,macro_auc,4,0.7939361562952245,0.0,1,169,169
B2_corrected,geommlp,softmax,subject,macro_auc,5,0.793792658084784,0.0,1,169,169
B2_corrected,geommlp,softmax,subject,macro_f1,1,0.1523111704196748,0.0,1,169,169
B2_corrected,geommlp,softmax,subject,macro_f1,2,0.1167314167314167,0.0,1,169,169
B2_corrected,geommlp,softmax,subject,macro_f1,3,0.12738479557365,0.0,1,169,169
B2_corrected,geommlp,softmax,subject,macro_f1,4,0.1666700672751897,0.0,1,169,169
B2_corrected,geommlp,softmax,subject,macro_f1,5,0.1574151224306023,0.0,1,169,169
B2_corrected,geommlp,softmax,subject,top3_accuracy,1,0.4260355029585799,0.0,1,169,169
B2_corrected,geommlp,softmax,subject,top3_accuracy,2,0.3431952662721893,0.0,1,169,169
B2_corrected,geommlp,softmax,subject,top3_accuracy,3,0.3846153846153846,0.0,1,169,169
B2_corrected,geommlp,softmax,subject,top3_accuracy,4,0.4201183431952662,0.0,1,169,169
B2_corrected,geommlp,softmax,subject,top3_accuracy,5,0.378698224852071,0.0,1,169,169
B2_corrected,geommlp,softmax,subject,top5_accuracy,1,0.5502958579881657,0.0,1,169,169
B2_corrected,geommlp,softmax,subject,top5_accuracy,2,0.4911242603550296,0.0,1,169,169
B2_corrected,geommlp,softmax,subject,top5_accuracy,3,0.5266272189349113,0.0,1,169,169
B2_corrected,geommlp,softmax,subject,top5_accuracy,4,0.5798816568047337,0.0,1,169,169
B2_corrected,geommlp,softmax,subject,top5_accuracy,5,0.5088757396449705,0.0,1,169,169
B2_corrected,pointnet,knn11,scan,accuracy,1,0.1873684210526315,0.0,1,475,169
B2_corrected,pointnet,knn11,scan,accuracy,2,0.1810526315789473,0.0,1,475,169
B2_corrected,pointnet,knn11,scan,accuracy,3,0.2021052631578947,0.0,1,475,169
B2_corrected,pointnet,knn11,scan,accuracy,4,0.1810526315789473,0.0,1,475,169
B2_corrected,pointnet,knn11,scan,accuracy,5,0.2189473684210526,0.0,1,475,169
B2_corrected,pointnet,knn11,scan,f1_class::4p Deletion Wolff-Hirschhorn Syndrome,1,0.2,0.0,1,475,169
B2_corrected,pointnet,knn11,scan,f1_class::4p Deletion Wolff-Hirschhorn Syndrome,2,0.0,0.0,1,475,169
B2_corrected,pointnet,knn11,scan,f1_class::4p Deletion Wolff-Hirschhorn Syndrome,3,0.0,0.0,1,475,169
B2_corrected,pointnet,knn11,scan,f1_class::4p Deletion Wolff-Hirschhorn Syndrome,4,0.0,0.0,1,475,169
B2_corrected,pointnet,knn11,scan,f1_class::4p Deletion Wolff-Hirschhorn Syndrome,5,0.1111111111111111,0.0,1,475,169
B2_corrected,pointnet,knn11,scan,f1_class::5p-,1,0.2307692307692307,0.0,1,475,169
B2_corrected,pointnet,knn11,scan,f1_class::5p-,2,0.1935483870967742,0.0,1,475,169
B2_corrected,pointnet,knn11,scan,f1_class::5p-,3,0.1739130434782608,0.0,1,475,169
B2_corrected,pointnet,knn11,scan,f1_class::5p-,4,0.08,0.0,1,475,169
B2_corrected,pointnet,knn11,scan,f1_class::5p-,5,0.1052631578947368,0.0,1,475,169
B2_corrected,pointnet,knn11,scan,f1_class::Achondroplasia,1,0.1935483870967742,0.0,1,475,169
B2_corrected,pointnet,knn11,scan,f1_class::Achondroplasia,2,0.2142857142857142,0.0,1,475,169
B2_corrected,pointnet,knn11,scan,f1_class::Achondroplasia,3,0.25,0.0,1,475,169
B2_corrected,pointnet,knn11,scan,f1_class::Achondroplasia,4,0.1875,0.0,1,475,169
B2_corrected,pointnet,knn11,scan,f1_class::Achondroplasia,5,0.2857142857142857,0.0,1,475,169
B2_corrected,pointnet,knn11,scan,f1_class::Angelman Syndrome,1,0.0,0.0,1,475,169
B2_corrected,pointnet,knn11,scan,f1_class::Angelman Syndrome,2,0.16,0.0,1,475,169
B2_corrected,pointnet,knn11,scan,f1_class::Angelman Syndrome,3,0.0769230769230769,0.0,1,475,169
B2_corrected,pointnet,knn11,scan,f1_class::Angelman Syndrome,4,0.0,0.0,1,475,169
B2_corrected,pointnet,knn11,scan,f1_class::Angelman Syndrome,5,0.2142857142857142,0.0,1,475,169
B2_corrected,pointnet,knn11,scan,f1_class::Apert Syndrome,1,0.0,0.0,1,475,169
B2_corrected,pointnet,knn11,scan,f1_class::Apert Syndrome,2,0.0,0.0,1,475,169
B2_corrected,pointnet,knn11,scan,f1_class::Apert Syndrome,3,0.0,0.0,1,475,169
B2_corrected,pointnet,knn11,scan,f1_class::Apert Syndrome,4,0.0,0.0,1,475,169
B2_corrected,pointnet,knn11,scan,f1_class::Apert Syndrome,5,0.2,0.0,1,475,169
B2_corrected,pointnet,knn11,scan,f1_class::Bohring-Opitz Syndrome,1,0.5882352941176471,0.0,1,475,169
B2_corrected,pointnet,knn11,scan,f1_class::Bohring-Opitz Syndrome,2,0.4,0.0,1,475,169
B2_corrected,pointnet,knn11,scan,f1_class::Bohring-Opitz Syndrome,3,0.25,0.0,1,475,169
B2_corrected,pointnet,knn11,scan,f1_class::Bohring-Opitz Syndrome,4,0.5,0.0,1,475,169
B2_corrected,pointnet,knn11,scan,f1_class::Bohring-Opitz Syndrome,5,0.3333333333333333,0.0,1,475,169
B2_corrected,pointnet,knn11,scan,f1_class::CDKL5,1,0.0,0.0,1,475,169
B2_corrected,pointnet,knn11,scan,f1_class::CDKL5,2,0.0,0.0,1,475,169
B2_corrected,pointnet,knn11,scan,f1_class::CDKL5,3,0.0,0.0,1,475,169
B2_corrected,pointnet,knn11,scan,f1_class::CDKL5,4,0.0,0.0,1,475,169
B2_corrected,pointnet,knn11,scan,f1_class::CDKL5,5,0.0,0.0,1,475,169
B2_corrected,pointnet,knn11,scan,f1_class::CFC,1,0.1290322580645161,0.0,1,475,169
B2_corrected,pointnet,knn11,scan,f1_class::CFC,2,0.15,0.0,1,475,169
B2_corrected,pointnet,knn11,scan,f1_class::CFC,3,0.24,0.0,1,475,169
B2_corrected,pointnet,knn11,scan,f1_class::CFC,4,0.125,0.0,1,475,169
B2_corrected,pointnet,knn11,scan,f1_class::CFC,5,0.1481481481481481,0.0,1,475,169
B2_corrected,pointnet,knn11,scan,f1_class::CHARGE Syndrome,1,0.0,0.0,1,475,169
B2_corrected,pointnet,knn11,scan,f1_class::CHARGE Syndrome,2,0.1142857142857142,0.0,1,475,169
B2_corrected,pointnet,knn11,scan,f1_class::CHARGE Syndrome,3,0.0,0.0,1,475,169
B2_corrected,pointnet,knn11,scan,f1_class::CHARGE Syndrome,4,0.0,0.0,1,475,169
B2_corrected,pointnet,knn11,scan,f1_class::CHARGE Syndrome,5,0.1666666666666666,0.0,1,475,169
B2_corrected,pointnet,knn11,scan,f1_class::CdLS,1,0.238095238095238,0.0,1,475,169
B2_corrected,pointnet,knn11,scan,f1_class::CdLS,2,0.1538461538461538,0.0,1,475,169
B2_corrected,pointnet,knn11,scan,f1_class::CdLS,3,0.0454545454545454,0.0,1,475,169
B2_corrected,pointnet,knn11,scan,f1_class::CdLS,4,0.0465116279069767,0.0,1,475,169
B2_corrected,pointnet,knn11,scan,f1_class::CdLS,5,0.0,0.0,1,475,169
B2_corrected,pointnet,knn11,scan,f1_class::Cockayne Syndrome,1,0.0869565217391304,0.0,1,475,169
B2_corrected,pointnet,knn11,scan,f1_class::Cockayne Syndrome,2,0.1904761904761904,0.0,1,475,169
B2_corrected,pointnet,knn11,scan,f1_class::Cockayne Syndrome,3,0.1428571428571428,0.0,1,475,169
B2_corrected,pointnet,knn11,scan,f1_class::Cockayne Syndrome,4,0.1860465116279069,0.0,1,475,169
B2_corrected,pointnet,knn11,scan,f1_class::Cockayne Syndrome,5,0.0833333333333333,0.0,1,475,169
B2_corrected,pointnet,knn11,scan,f1_class::Cohen Syndrome,1,0.1875,0.0,1,475,169
B2_corrected,pointnet,knn11,scan,f1_class::Cohen Syndrome,2,0.1818181818181818,0.0,1,475,169
B2_corrected,pointnet,knn11,scan,f1_class::Cohen Syndrome,3,0.2068965517241379,0.0,1,475,169
B2_corrected,pointnet,knn11,scan,f1_class::Cohen Syndrome,4,0.2162162162162162,0.0,1,475,169
B2_corrected,pointnet,knn11,scan,f1_class::Cohen Syndrome,5,0.1621621621621621,0.0,1,475,169
B2_corrected,pointnet,knn11,scan,f1_class::Costello Syndrome,1,0.125,0.0,1,475,169
B2_corrected,pointnet,knn11,scan,f1_class::Costello Syndrome,2,0.0425531914893617,0.0,1,475,169
B2_corrected,pointnet,knn11,scan,f1_class::Costello Syndrome,3,0.1904761904761904,0.0,1,475,169
B2_corrected,pointnet,knn11,scan,f1_class::Costello Syndrome,4,0.1224489795918367,0.0,1,475,169
B2_corrected,pointnet,knn11,scan,f1_class::Costello Syndrome,5,0.2608695652173913,0.0,1,475,169
B2_corrected,pointnet,knn11,scan,f1_class::Crouzon Syndrome,1,0.0,0.0,1,475,169
B2_corrected,pointnet,knn11,scan,f1_class::Crouzon Syndrome,2,0.0,0.0,1,475,169
B2_corrected,pointnet,knn11,scan,f1_class::Crouzon Syndrome,3,0.0,0.0,1,475,169
B2_corrected,pointnet,knn11,scan,f1_class::Crouzon Syndrome,4,0.0,0.0,1,475,169
B2_corrected,pointnet,knn11,scan,f1_class::Crouzon Syndrome,5,0.0,0.0,1,475,169
B2_corrected,pointnet,knn11,scan,f1_class::Down Syndrome,1,0.0,0.0,1,475,169
B2_corrected,pointnet,knn11,scan,f1_class::Down Syndrome,2,0.1818181818181818,0.0,1,475,169
B2_corrected,pointnet,knn11,scan,f1_class::Down Syndrome,3,0.1176470588235294,0.0,1,475,169
B2_corrected,pointnet,knn11,scan,f1_class::Down Syndrome,4,0.1818181818181818,0.0,1,475,169
B2_corrected,pointnet,knn11,scan,f1_class::Down Syndrome,5,0.3181818181818182,0.0,1,475,169
B2_corrected,pointnet,knn11,scan,f1_class::Ehlers-Danlos Syndrome,1,0.2,0.0,1,475,169
B2_corrected,pointnet,knn11,scan,f1_class::Ehlers-Danlos Syndrome,2,0.1142857142857142,0.0,1,475,169
B2_corrected,pointnet,knn11,scan,f1_class::Ehlers-Danlos Syndrome,3,0.2352941176470588,0.0,1,475,169
B2_corrected,pointnet,knn11,scan,f1_class::Ehlers-Danlos Syndrome,4,0.1290322580645161,0.0,1,475,169
B2_corrected,pointnet,knn11,scan,f1_class::Ehlers-Danlos Syndrome,5,0.3076923076923077,0.0,1,475,169
B2_corrected,pointnet,knn11,scan,"f1_class::Facial Dysmorphia, possibly genetic",1,0.0666666666666666,0.0,1,475,169
B2_corrected,pointnet,knn11,scan,"f1_class::Facial Dysmorphia, possibly genetic",2,0.0,0.0,1,475,169
B2_corrected,pointnet,knn11,scan,"f1_class::Facial Dysmorphia, possibly genetic",3,0.0606060606060606,0.0,1,475,169
B2_corrected,pointnet,knn11,scan,"f1_class::Facial Dysmorphia, possibly genetic",4,0.0526315789473684,0.0,1,475,169
B2_corrected,pointnet,knn11,scan,"f1_class::Facial Dysmorphia, possibly genetic",5,0.1176470588235294,0.0,1,475,169
B2_corrected,pointnet,knn11,scan,f1_class::Jacobsen Syndrome,1,0.0714285714285714,0.0,1,475,169
B2_corrected,pointnet,knn11,scan,f1_class::Jacobsen Syndrome,2,0.25,0.0,1,475,169
B2_corrected,pointnet,knn11,scan,f1_class::Jacobsen Syndrome,3,0.2,0.0,1,475,169
B2_corrected,pointnet,knn11,scan,f1_class::Jacobsen Syndrome,4,0.0689655172413793,0.0,1,475,169
B2_corrected,pointnet,knn11,scan,f1_class::Jacobsen Syndrome,5,0.2,0.0,1,475,169
B2_corrected,pointnet,knn11,scan,f1_class::Joubert Syndrome,1,0.0625,0.0,1,475,169
B2_corrected,pointnet,knn11,scan,f1_class::Joubert Syndrome,2,0.2352941176470588,0.0,1,475,169
B2_corrected,pointnet,knn11,scan,f1_class::Joubert Syndrome,3,0.1538461538461538,0.0,1,475,169
B2_corrected,pointnet,knn11,scan,f1_class::Joubert Syndrome,4,0.064516129032258,0.0,1,475,169
B2_corrected,pointnet,knn11,scan,f1_class::Joubert Syndrome,5,0.0606060606060606,0.0,1,475,169
B2_corrected,pointnet,knn11,scan,f1_class::Loeys-Dietz Syndrome,1,0.1538461538461538,0.0,1,475,169
B2_corrected,pointnet,knn11,scan,f1_class::Loeys-Dietz Syndrome,2,0.1739130434782608,0.0,1,475,169
B2_corrected,pointnet,knn11,scan,f1_class::Loeys-Dietz Syndrome,3,0.1818181818181818,0.0,1,475,169
B2_corrected,pointnet,knn11,scan,f1_class::Loeys-Dietz Syndrome,4,0.0769230769230769,0.0,1,475,169
B2_corrected,pointnet,knn11,scan,f1_class::Loeys-Dietz Syndrome,5,0.1428571428571428,0.0,1,475,169
B2_corrected,pointnet,knn11,scan,f1_class::Marfan Syndrome,1,0.2564102564102564,0.0,1,475,169
B2_corrected,pointnet,knn11,scan,f1_class::Marfan Syndrome,2,0.0714285714285714,0.0,1,475,169
B2_corrected,pointnet,knn11,scan,f1_class::Marfan Syndrome,3,0.0666666666666666,0.0,1,475,169
B2_corrected,pointnet,knn11,scan,f1_class::Marfan Syndrome,4,0.2352941176470588,0.0,1,475,169
B2_corrected,pointnet,knn11,scan,f1_class::Marfan Syndrome,5,0.25,0.0,1,475,169
B2_corrected,pointnet,knn11,scan,f1_class::Mucopolysaccharidosis type IIIB (Sanfilippo B),1,0.0,0.0,1,475,169
B2_corrected,pointnet,knn11,scan,f1_class::Mucopolysaccharidosis type IIIB (Sanfilippo B),2,0.0,0.0,1,475,169
B2_corrected,pointnet,knn11,scan,f1_class::Mucopolysaccharidosis type IIIB (Sanfilippo B),3,0.0,0.0,1,475,169
B2_corrected,pointnet,knn11,scan,f1_class::Mucopolysaccharidosis type IIIB (Sanfilippo B),4,0.0,0.0,1,475,169
B2_corrected,pointnet,knn11,scan,f1_class::Mucopolysaccharidosis type IIIB (Sanfilippo B),5,0.0,0.0,1,475,169
B2_corrected,pointnet,knn11,scan,f1_class::Noonan Syndrome,1,0.3809523809523809,0.0,1,475,169
B2_corrected,pointnet,knn11,scan,f1_class::Noonan Syndrome,2,0.2727272727272727,0.0,1,475,169
B2_corrected,pointnet,knn11,scan,f1_class::Noonan Syndrome,3,0.4081632653061224,0.0,1,475,169
B2_corrected,pointnet,knn11,scan,f1_class::Noonan Syndrome,4,0.25,0.0,1,475,169
B2_corrected,pointnet,knn11,scan,f1_class::Noonan Syndrome,5,0.2702702702702703,0.0,1,475,169
B2_corrected,pointnet,knn11,scan,f1_class::Pallister-Killian Syndrome,1,0.0,0.0,1,475,169
B2_corrected,pointnet,knn11,scan,f1_class::Pallister-Killian Syndrome,2,0.074074074074074,0.0,1,475,169
B2_corrected,pointnet,knn11,scan,f1_class::Pallister-Killian Syndrome,3,0.1935483870967742,0.0,1,475,169
B2_corrected,pointnet,knn11,scan,f1_class::Pallister-Killian Syndrome,4,0.2777777777777778,0.0,1,475,169
B2_corrected,pointnet,knn11,scan,f1_class::Pallister-Killian Syndrome,5,0.2142857142857142,0.0,1,475,169
B2_corrected,pointnet,knn11,scan,f1_class::Phelan McDermid Syndrome,1,0.4482758620689655,0.0,1,475,169
B2_corrected,pointnet,knn11,scan,f1_class::Phelan McDermid Syndrome,2,0.4827586206896552,0.0,1,475,169
B2_corrected,pointnet,knn11,scan,f1_class::Phelan McDermid Syndrome,3,0.4660194174757281,0.0,1,475,169
B2_corrected,pointnet,knn11,scan,f1_class::Phelan McDermid Syndrome,4,0.4554455445544554,0.0,1,475,169
B2_corrected,pointnet,knn11,scan,f1_class::Phelan McDermid Syndrome,5,0.4761904761904761,0.0,1,475,169
B2_corrected,pointnet,knn11,scan,f1_class::Pitt Hopkins,1,0.2,0.0,1,475,169
B2_corrected,pointnet,knn11,scan,f1_class::Pitt Hopkins,2,0.0,0.0,1,475,169
B2_corrected,pointnet,knn11,scan,f1_class::Pitt Hopkins,3,0.3157894736842105,0.0,1,475,169
B2_corrected,pointnet,knn11,scan,f1_class::Pitt Hopkins,4,0.2666666666666666,0.0,1,475,169
B2_corrected,pointnet,knn11,scan,f1_class::Pitt Hopkins,5,0.4444444444444444,0.0,1,475,169
B2_corrected,pointnet,knn11,scan,f1_class::Rett Syndrome,1,0.1739130434782608,0.0,1,475,169
B2_corrected,pointnet,knn11,scan,f1_class::Rett Syndrome,2,0.0,0.0,1,475,169
B2_corrected,pointnet,knn11,scan,f1_class::Rett Syndrome,3,0.0571428571428571,0.0,1,475,169
B2_corrected,pointnet,knn11,scan,f1_class::Rett Syndrome,4,0.16,0.0,1,475,169
B2_corrected,pointnet,knn11,scan,f1_class::Rett Syndrome,5,0.1052631578947368,0.0,1,475,169
B2_corrected,pointnet,knn11,scan,f1_class::Rubinstein-Taybi Syndrome,1,0.3636363636363636,0.0,1,475,169
B2_corrected,pointnet,knn11,scan,f1_class::Rubinstein-Taybi Syndrome,2,0.1538461538461538,0.0,1,475,169
B2_corrected,pointnet,knn11,scan,f1_class::Rubinstein-Taybi Syndrome,3,0.0,0.0,1,475,169
B2_corrected,pointnet,knn11,scan,f1_class::Rubinstein-Taybi Syndrome,4,0.3076923076923077,0.0,1,475,169
B2_corrected,pointnet,knn11,scan,f1_class::Rubinstein-Taybi Syndrome,5,0.1333333333333333,0.0,1,475,169
B2_corrected,pointnet,knn11,scan,f1_class::Smith-Lemli-Opitz,1,0.0,0.0,1,475,169
B2_corrected,pointnet,knn11,scan,f1_class::Smith-Lemli-Opitz,2,0.0,0.0,1,475,169
B2_corrected,pointnet,knn11,scan,f1_class::Smith-Lemli-Opitz,3,0.0,0.0,1,475,169
B2_corrected,pointnet,knn11,scan,f1_class::Smith-Lemli-Opitz,4,0.0,0.0,1,475,169
B2_corrected,pointnet,knn11,scan,f1_class::Smith-Lemli-Opitz,5,0.0,0.0,1,475,169
B2_corrected,pointnet,knn11,scan,f1_class::Tetrasomy 18p,1,0.0952380952380952,0.0,1,475,169
B2_corrected,pointnet,knn11,scan,f1_class::Tetrasomy 18p,2,0.0869565217391304,0.0,1,475,169
B2_corrected,pointnet,knn11,scan,f1_class::Tetrasomy 18p,3,0.2608695652173913,0.0,1,475,169
B2_corrected,pointnet,knn11,scan,f1_class::Tetrasomy 18p,4,0.1818181818181818,0.0,1,475,169
B2_corrected,pointnet,knn11,scan,f1_class::Tetrasomy 18p,5,0.1,0.0,1,475,169
B2_corrected,pointnet,knn11,scan,f1_class::Trisomy 18,1,0.1176470588235294,0.0,1,475,169
B2_corrected,pointnet,knn11,scan,f1_class::Trisomy 18,2,0.1052631578947368,0.0,1,475,169
B2_corrected,pointnet,knn11,scan,f1_class::Trisomy 18,3,0.1904761904761904,0.0,1,475,169
B2_corrected,pointnet,knn11,scan,f1_class::Trisomy 18,4,0.3157894736842105,0.0,1,475,169
B2_corrected,pointnet,knn11,scan,f1_class::Trisomy 18,5,0.3529411764705882,0.0,1,475,169
B2_corrected,pointnet,knn11,scan,f1_class::Turner Syndrome,1,0.1052631578947368,0.0,1,475,169
B2_corrected,pointnet,knn11,scan,f1_class::Turner Syndrome,2,0.1176470588235294,0.0,1,475,169
B2_corrected,pointnet,knn11,scan,f1_class::Turner Syndrome,3,0.1666666666666666,0.0,1,475,169
B2_corrected,pointnet,knn11,scan,f1_class::Turner Syndrome,4,0.0,0.0,1,475,169
B2_corrected,pointnet,knn11,scan,f1_class::Turner Syndrome,5,0.0909090909090909,0.0,1,475,169
B2_corrected,pointnet,knn11,scan,f1_class::Williams Syndrome,1,0.1886792452830188,0.0,1,475,169
B2_corrected,pointnet,knn11,scan,f1_class::Williams Syndrome,2,0.1739130434782608,0.0,1,475,169
B2_corrected,pointnet,knn11,scan,f1_class::Williams Syndrome,3,0.3389830508474576,0.0,1,475,169
B2_corrected,pointnet,knn11,scan,f1_class::Williams Syndrome,4,0.2962962962962963,0.0,1,475,169
B2_corrected,pointnet,knn11,scan,f1_class::Williams Syndrome,5,0.3265306122448979,0.0,1,475,169
B2_corrected,pointnet,knn11,scan,macro_auc,1,0.7500767131622322,0.0,1,475,169
B2_corrected,pointnet,knn11,scan,macro_auc,2,0.7342494114077456,0.0,1,475,169
B2_corrected,pointnet,knn11,scan,macro_auc,3,0.7576662318526125,0.0,1,475,169
B2_corrected,pointnet,knn11,scan,macro_auc,4,0.7703202745048497,0.0,1,475,169
B2_corrected,pointnet,knn11,scan,macro_auc,5,0.7610848363872087,0.0,1,475,169
B2_corrected,pointnet,knn11,scan,macro_f1,1,0.1473816298669556,0.0,1,475,169
B2_corrected,pointnet,knn11,scan,macro_f1,2,0.130143608037233,0.0,1,475,169
B2_corrected,pointnet,knn11,scan,macro_f1,3,0.1512138686131637,0.0,1,475,169
B2_corrected,pointnet,knn11,scan,macro_f1,4,0.1449815285911112,0.0,1,475,169
B2_corrected,pointnet,knn11,scan,macro_f1,5,0.1812739436991301,0.0,1,475,169
B2_corrected,pointnet,knn11,subject,accuracy,1,0.165680473372781,0.0,1,169,169
B2_corrected,pointnet,knn11,subject,accuracy,2,0.1834319526627219,0.0,1,169,169
B2_corrected,pointnet,knn11,subject,accuracy,3,0.2011834319526627,0.0,1,169,169
B2_corrected,pointnet,knn11,subject,accuracy,4,0.1715976331360946,0.0,1,169,169
B2_corrected,pointnet,knn11,subject,accuracy,5,0.2189349112426035,0.0,1,169,169
B2_corrected,pointnet,knn11,subject,f1_class::4p Deletion Wolff-Hirschhorn Syndrome,1,0.0,0.0,1,169,169
B2_corrected,pointnet,knn11,subject,f1_class::4p Deletion Wolff-Hirschhorn Syndrome,2,0.0,0.0,1,169,169
B2_corrected,pointnet,knn11,subject,f1_class::4p Deletion Wolff-Hirschhorn Syndrome,3,0.0,0.0,1,169,169
B2_corrected,pointnet,knn11,subject,f1_class::4p Deletion Wolff-Hirschhorn Syndrome,4,0.0,0.0,1,169,169
B2_corrected,pointnet,knn11,subject,f1_class::4p Deletion Wolff-Hirschhorn Syndrome,5,0.4,0.0,1,169,169
B2_corrected,pointnet,knn11,subject,f1_class::5p-,1,0.25,0.0,1,169,169
B2_corrected,pointnet,knn11,subject,f1_class::5p-,2,0.1333333333333333,0.0,1,169,169
B2_corrected,pointnet,knn11,subject,f1_class::5p-,3,0.1818181818181818,0.0,1,169,169
B2_corrected,pointnet,knn11,subject,f1_class::5p-,4,0.0,0.0,1,169,169
B2_corrected,pointnet,knn11,subject,f1_class::5p-,5,0.0,0.0,1,169,169
B2_corrected,pointnet,knn11,subject,f1_class::Achondroplasia,1,0.3157894736842105,0.0,1,169,169
B2_corrected,pointnet,knn11,subject,f1_class::Achondroplasia,2,0.3809523809523809,0.0,1,169,169
B2_corrected,pointnet,knn11,subject,f1_class::Achondroplasia,3,0.2857142857142857,0.0,1,169,169
B2_corrected,pointnet,knn11,subject,f1_class::Achondroplasia,4,0.25,0.0,1,169,169
B2_corrected,pointnet,knn11,subject,f1_class::Achondroplasia,5,0.3076923076923077,0.0,1,169,169
B2_corrected,pointnet,knn11,subject,f1_class::Angelman Syndrome,1,0.2,0.0,1,169,169
B2_corrected,pointnet,knn11,subject,f1_class::Angelman Syndrome,2,0.0,0.0,1,169,169
B2_corrected,pointnet,knn11,subject,f1_class::Angelman Syndrome,3,0.2,0.0,1,169,169
B2_corrected,pointnet,knn11,subject,f1_class::Angelman Syndrome,4,0.1904761904761904,0.0,1,169,169
B2_corrected,pointnet,knn11,subject,f1_class::Angelman Syndrome,5,0.0,0.0,1,169,169
B2_corrected,pointnet,knn11,subject,f1_class::Apert Syndrome,1,0.0,0.0,1,169,169
B2_corrected,pointnet,knn11,subject,f1_class::Apert Syndrome,2,0.0,0.0,1,169,169
B2_corrected,pointnet,knn11,subject,f1_class::Apert Syndrome,3,0.0,0.0,1,169,169
B2_corrected,pointnet,knn11,subject,f1_class::Apert Syndrome,4,0.0,0.0,1,169,169
B2_corrected,pointnet,knn11,subject,f1_class::Apert Syndrome,5,0.0,0.0,1,169,169
B2_corrected,pointnet,knn11,subject,f1_class::Bohring-Opitz Syndrome,1,0.0,0.0,1,169,169
B2_corrected,pointnet,knn11,subject,f1_class::Bohring-Opitz Syndrome,2,0.0,0.0,1,169,169
B2_corrected,pointnet,knn11,subject,f1_class::Bohring-Opitz Syndrome,3,0.0,0.0,1,169,169
B2_corrected,pointnet,knn11,subject,f1_class::Bohring-Opitz Syndrome,4,0.0,0.0,1,169,169
B2_corrected,pointnet,knn11,subject,f1_class::Bohring-Opitz Syndrome,5,0.0,0.0,1,169,169
B2_corrected,pointnet,knn11,subject,f1_class::CDKL5,1,0.0,0.0,1,169,169
B2_corrected,pointnet,knn11,subject,f1_class::CDKL5,2,0.0,0.0,1,169,169
B2_corrected,pointnet,knn11,subject,f1_class::CDKL5,3,0.0,0.0,1,169,169
B2_corrected,pointnet,knn11,subject,f1_class::CDKL5,4,0.0,0.0,1,169,169
B2_corrected,pointnet,knn11,subject,f1_class::CDKL5,5,0.0,0.0,1,169,169
B2_corrected,pointnet,knn11,subject,f1_class::CFC,1,0.0,0.0,1,169,169
B2_corrected,pointnet,knn11,subject,f1_class::CFC,2,0.2,0.0,1,169,169
B2_corrected,pointnet,knn11,subject,f1_class::CFC,3,0.2857142857142857,0.0,1,169,169
B2_corrected,pointnet,knn11,subject,f1_class::CFC,4,0.25,0.0,1,169,169
B2_corrected,pointnet,knn11,subject,f1_class::CFC,5,0.1666666666666666,0.0,1,169,169
B2_corrected,pointnet,knn11,subject,f1_class::CHARGE Syndrome,1,0.0,0.0,1,169,169
B2_corrected,pointnet,knn11,subject,f1_class::CHARGE Syndrome,2,0.1538461538461538,0.0,1,169,169
B2_corrected,pointnet,knn11,subject,f1_class::CHARGE Syndrome,3,0.0,0.0,1,169,169
B2_corrected,pointnet,knn11,subject,f1_class::CHARGE Syndrome,4,0.1111111111111111,0.0,1,169,169
B2_corrected,pointnet,knn11,subject,f1_class::CHARGE Syndrome,5,0.2352941176470588,0.0,1,169,169
B2_corrected,pointnet,knn11,subject,f1_class::CdLS,1,0.1333333333333333,0.0,1,169,169
B2_corrected,pointnet,knn11,subject,f1_class::CdLS,2,0.2,0.0,1,169,169
B2_corrected,pointnet,knn11,subject,f1_class::CdLS,3,0.1333333333333333,0.0,1,169,169
B2_corrected,pointnet,knn11,subject,f1_class::CdLS,4,0.1111111111111111,0.0,1,169,169
B2_corrected,pointnet,knn11,subject,f1_class::CdLS,5,0.1052631578947368,0.0,1,169,169
B2_corrected,pointnet,knn11,subject,f1_class::Cockayne Syndrome,1,0.1818181818181818,0.0,1,169,169
B2_corrected,pointnet,knn11,subject,f1_class::Cockayne Syndrome,2,0.0,0.0,1,169,169
B2_corrected,pointnet,knn11,subject,f1_class::Cockayne Syndrome,3,0.25,0.0,1,169,169
B2_corrected,pointnet,knn11,subject,f1_class::Cockayne Syndrome,4,0.2,0.0,1,169,169
B2_corrected,pointnet,knn11,subject,f1_class::Cockayne Syndrome,5,0.25,0.0,1,169,169
B2_corrected,pointnet,knn11,subject,f1_class::Cohen Syndrome,1,0.1818181818181818,0.0,1,169,169
B2_corrected,pointnet,knn11,subject,f1_class::Cohen Syndrome,2,0.1666666666666666,0.0,1,169,169
B2_corrected,pointnet,knn11,subject,f1_class::Cohen Syndrome,3,0.3333333333333333,0.0,1,169,169
B2_corrected,pointnet,knn11,subject,f1_class::Cohen Syndrome,4,0.4,0.0,1,169,169
B2_corrected,pointnet,knn11,subject,f1_class::Cohen Syndrome,5,0.1818181818181818,0.0,1,169,169
B2_corrected,pointnet,knn11,subject,f1_class::Costello Syndrome,1,0.2352941176470588,0.0,1,169,169
B2_corrected,pointnet,knn11,subject,f1_class::Costello Syndrome,2,0.25,0.0,1,169,169
B2_corrected,pointnet,knn11,subject,f1_class::Costello Syndrome,3,0.1111111111111111,0.0,1,169,169
B2_corrected,pointnet,knn11,subject,f1_class::Costello Syndrome,4,0.1333333333333333,0.0,1,169,169
B2_corrected,pointnet,knn11,subject,f1_class::Costello Syndrome,5,0.3529411764705882,0.0,1,169,169
B2_corrected,pointnet,knn11,subject,f1_class::Crouzon Syndrome,1,0.0,0.0,1,169,169
B2_corrected,pointnet,knn11,subject,f1_class::Crouzon Syndrome,2,0.0,0.0,1,169,169
B2_corrected,pointnet,knn11,subject,f1_class::Crouzon Syndrome,3,0.0,0.0,1,169,169
B2_corrected,pointnet,knn11,subject,f1_class::Crouzon Syndrome,4,0.0,0.0,1,169,169
B2_corrected,pointnet,knn11,subject,f1_class::Crouzon Syndrome,5,0.0,0.0,1,169,169
B2_corrected,pointnet,knn11,subject,f1_class::Down Syndrome,1,0.0,0.0,1,169,169
B2_corrected,pointnet,knn11,subject,f1_class::Down Syndrome,2,0.2307692307692307,0.0,1,169,169
B2_corrected,pointnet,knn11,subject,f1_class::Down Syndrome,3,0.16,0.0,1,169,169
B2_corrected,pointnet,knn11,subject,f1_class::Down Syndrome,4,0.2142857142857142,0.0,1,169,169
B2_corrected,pointnet,knn11,subject,f1_class::Down Syndrome,5,0.4827586206896552,0.0,1,169,169
B2_corrected,pointnet,knn11,subject,f1_class::Ehlers-Danlos Syndrome,1,0.2857142857142857,0.0,1,169,169
B2_corrected,pointnet,knn11,subject,f1_class::Ehlers-Danlos Syndrome,2,0.125,0.0,1,169,169
B2_corrected,pointnet,knn11,subject,f1_class::Ehlers-Danlos Syndrome,3,0.3636363636363636,0.0,1,169,169
B2_corrected,pointnet,knn11,subject,f1_class::Ehlers-Danlos Syndrome,4,0.1818181818181818,0.0,1,169,169
B2_corrected,pointnet,knn11,subject,f1_class::Ehlers-Danlos Syndrome,5,0.1428571428571428,0.0,1,169,169
B2_corrected,pointnet,knn11,subject,"f1_class::Facial Dysmorphia, possibly genetic",1,0.0,0.0,1,169,169
B2_corrected,pointnet,knn11,subject,"f1_class::Facial Dysmorphia, possibly genetic",2,0.3529411764705882,0.0,1,169,169
B2_corrected,pointnet,knn11,subject,"f1_class::Facial Dysmorphia, possibly genetic",3,0.0,0.0,1,169,169
B2_corrected,pointnet,knn11,subject,"f1_class::Facial Dysmorphia, possibly genetic",4,0.1538461538461538,0.0,1,169,169
B2_corrected,pointnet,knn11,subject,"f1_class::Facial Dysmorphia, possibly genetic",5,0.25,0.0,1,169,169
B2_corrected,pointnet,knn11,subject,f1_class::Jacobsen Syndrome,1,0.0,0.0,1,169,169
B2_corrected,pointnet,knn11,subject,f1_class::Jacobsen Syndrome,2,0.0,0.0,1,169,169
B2_corrected,pointnet,knn11,subject,f1_class::Jacobsen Syndrome,3,0.0,0.0,1,169,169
B2_corrected,pointnet,knn11,subject,f1_class::Jacobsen Syndrome,4,0.0,0.0,1,169,169
B2_corrected,pointnet,knn11,subject,f1_class::Jacobsen Syndrome,5,0.0,0.0,1,169,169
B2_corrected,pointnet,knn11,subject,f1_class::Joubert Syndrome,1,0.1111111111111111,0.0,1,169,169
B2_corrected,pointnet,knn11,subject,f1_class::Joubert Syndrome,2,0.2222222222222222,0.0,1,169,169
B2_corrected,pointnet,knn11,subject,f1_class::Joubert Syndrome,3,0.0833333333333333,0.0,1,169,169
B2_corrected,pointnet,knn11,subject,f1_class::Joubert Syndrome,4,0.1176470588235294,0.0,1,169,169
B2_corrected,pointnet,knn11,subject,f1_class::Joubert Syndrome,5,0.1176470588235294,0.0,1,169,169
B2_corrected,pointnet,knn11,subject,f1_class::Loeys-Dietz Syndrome,1,0.2666666666666666,0.0,1,169,169
B2_corrected,pointnet,knn11,subject,f1_class::Loeys-Dietz Syndrome,2,0.1666666666666666,0.0,1,169,169
B2_corrected,pointnet,knn11,subject,f1_class::Loeys-Dietz Syndrome,3,0.2666666666666666,0.0,1,169,169
B2_corrected,pointnet,knn11,subject,f1_class::Loeys-Dietz Syndrome,4,0.1111111111111111,0.0,1,169,169
B2_corrected,pointnet,knn11,subject,f1_class::Loeys-Dietz Syndrome,5,0.2222222222222222,0.0,1,169,169
B2_corrected,pointnet,knn11,subject,f1_class::Marfan Syndrome,1,0.1818181818181818,0.0,1,169,169
B2_corrected,pointnet,knn11,subject,f1_class::Marfan Syndrome,2,0.1428571428571428,0.0,1,169,169
B2_corrected,pointnet,knn11,subject,f1_class::Marfan Syndrome,3,0.2222222222222222,0.0,1,169,169
B2_corrected,pointnet,knn11,subject,f1_class::Marfan Syndrome,4,0.0,0.0,1,169,169
B2_corrected,pointnet,knn11,subject,f1_class::Marfan Syndrome,5,0.2857142857142857,0.0,1,169,169
B2_corrected,pointnet,knn11,subject,f1_class::Mucopolysaccharidosis type IIIB (Sanfilippo B),1,0.0,0.0,1,169,169
B2_corrected,pointnet,knn11,subject,f1_class::Mucopolysaccharidosis type IIIB (Sanfilippo B),2,0.0,0.0,1,169,169
B2_corrected,pointnet,knn11,subject,f1_class::Mucopolysaccharidosis type IIIB (Sanfilippo B),3,0.0,0.0,1,169,169
B2_corrected,pointnet,knn11,subject,f1_class::Mucopolysaccharidosis type IIIB (Sanfilippo B),4,0.0,0.0,1,169,169
B2_corrected,pointnet,knn11,subject,f1_class::Mucopolysaccharidosis type IIIB (Sanfilippo B),5,0.0,0.0,1,169,169
B2_corrected,pointnet,knn11,subject,f1_class::Noonan Syndrome,1,0.375,0.0,1,169,169
B2_corrected,pointnet,knn11,subject,f1_class::Noonan Syndrome,2,0.1818181818181818,0.0,1,169,169
B2_corrected,pointnet,knn11,subject,f1_class::Noonan Syndrome,3,0.3076923076923077,0.0,1,169,169
B2_corrected,pointnet,knn11,subject,f1_class::Noonan Syndrome,4,0.25,0.0,1,169,169
B2_corrected,pointnet,knn11,subject,f1_class::Noonan Syndrome,5,0.1818181818181818,0.0,1,169,169
B2_corrected,pointnet,knn11,subject,f1_class::Pallister-Killian Syndrome,1,0.3076923076923077,0.0,1,169,169
B2_corrected,pointnet,knn11,subject,f1_class::Pallister-Killian Syndrome,2,0.1818181818181818,0.0,1,169,169
B2_corrected,pointnet,knn11,subject,f1_class::Pallister-Killian Syndrome,3,0.1818181818181818,0.0,1,169,169
B2_corrected,pointnet,knn11,subject,f1_class::Pallister-Killian Syndrome,4,0.0,0.0,1,169,169
B2_corrected,pointnet,knn11,subject,f1_class::Pallister-Killian Syndrome,5,0.3076923076923077,0.0,1,169,169
B2_corrected,pointnet,knn11,subject,f1_class::Phelan McDermid Syndrome,1,0.125,0.0,1,169,169
B2_corrected,pointnet,knn11,subject,f1_class::Phelan McDermid Syndrome,2,0.3571428571428571,0.0,1,169,169
B2_corrected,pointnet,knn11,subject,f1_class::Phelan McDermid Syndrome,3,0.3,0.0,1,169,169
B2_corrected,pointnet,knn11,subject,f1_class::Phelan McDermid Syndrome,4,0.25,0.0,1,169,169
B2_corrected,pointnet,knn11,subject,f1_class::Phelan McDermid Syndrome,5,0.1052631578947368,0.0,1,169,169
B2_corrected,pointnet,knn11,subject,f1_class::Pitt Hopkins,1,0.3333333333333333,0.0,1,169,169
B2_corrected,pointnet,knn11,subject,f1_class::Pitt Hopkins,2,0.0,0.0,1,169,169
B2_corrected,pointnet,knn11,subject,f1_class::Pitt Hopkins,3,0.75,0.0,1,169,169
B2_corrected,pointnet,knn11,subject,f1_class::Pitt Hopkins,4,0.6666666666666666,0.0,1,169,169
B2_corrected,pointnet,knn11,subject,f1_class::Pitt Hopkins,5,0.5714285714285714,0.0,1,169,169
B2_corrected,pointnet,knn11,subject,f1_class::Rett Syndrome,1,0.1818181818181818,0.0,1,169,169
B2_corrected,pointnet,knn11,subject,f1_class::Rett Syndrome,2,0.0,0.0,1,169,169
B2_corrected,pointnet,knn11,subject,f1_class::Rett Syndrome,3,0.0,0.0,1,169,169
B2_corrected,pointnet,knn11,subject,f1_class::Rett Syndrome,4,0.2222222222222222,0.0,1,169,169
B2_corrected,pointnet,knn11,subject,f1_class::Rett Syndrome,5,0.0,0.0,1,169,169
B2_corrected,pointnet,knn11,subject,f1_class::Rubinstein-Taybi Syndrome,1,0.6666666666666666,0.0,1,169,169
B2_corrected,pointnet,knn11,subject,f1_class::Rubinstein-Taybi Syndrome,2,0.0,0.0,1,169,169
B2_corrected,pointnet,knn11,subject,f1_class::Rubinstein-Taybi Syndrome,3,0.0,0.0,1,169,169
B2_corrected,pointnet,knn11,subject,f1_class::Rubinstein-Taybi Syndrome,4,0.3333333333333333,0.0,1,169,169
B2_corrected,pointnet,knn11,subject,f1_class::Rubinstein-Taybi Syndrome,5,0.0,0.0,1,169,169
B2_corrected,pointnet,knn11,subject,f1_class::Smith-Lemli-Opitz,1,0.0,0.0,1,169,169
B2_corrected,pointnet,knn11,subject,f1_class::Smith-Lemli-Opitz,2,0.0,0.0,1,169,169
B2_corrected,pointnet,knn11,subject,f1_class::Smith-Lemli-Opitz,3,0.0,0.0,1,169,169
B2_corrected,pointnet,knn11,subject,f1_class::Smith-Lemli-Opitz,4,0.0,0.0,1,169,169
B2_corrected,pointnet,knn11,subject,f1_class::Smith-Lemli-Opitz,5,0.0,0.0,1,169,169
B2_corrected,pointnet,knn11,subject,f1_class::Tetrasomy 18p,1,0.0,0.0,1,169,169
B2_corrected,pointnet,knn11,subject,f1_class::Tetrasomy 18p,2,0.0,0.0,1,169,169
B2_corrected,pointnet,knn11,subject,f1_class::Tetrasomy 18p,3,0.0,0.0,1,169,169
B2_corrected,pointnet,knn11,subject,f1_class::Tetrasomy 18p,4,0.0,0.0,1,169,169
B2_corrected,pointnet,knn11,subject,f1_class::Tetrasomy 18p,5,0.0,0.0,1,169,169
B2_corrected,pointnet,knn11,subject,f1_class::Trisomy 18,1,0.0,0.0,1,169,169
B2_corrected,pointnet,knn11,subject,f1_class::Trisomy 18,2,0.0,0.0,1,169,169
B2_corrected,pointnet,knn11,subject,f1_class::Trisomy 18,3,0.5,0.0,1,169,169
B2_corrected,pointnet,knn11,subject,f1_class::Trisomy 18,4,0.2857142857142857,0.0,1,169,169
B2_corrected,pointnet,knn11,subject,f1_class::Trisomy 18,5,0.2857142857142857,0.0,1,169,169
B2_corrected,pointnet,knn11,subject,f1_class::Turner Syndrome,1,0.0,0.0,1,169,169
B2_corrected,pointnet,knn11,subject,f1_class::Turner Syndrome,2,0.0,0.0,1,169,169
B2_corrected,pointnet,knn11,subject,f1_class::Turner Syndrome,3,0.0,0.0,1,169,169
B2_corrected,pointnet,knn11,subject,f1_class::Turner Syndrome,4,0.0,0.0,1,169,169
B2_corrected,pointnet,knn11,subject,f1_class::Turner Syndrome,5,0.0,0.0,1,169,169
B2_corrected,pointnet,knn11,subject,f1_class::Williams Syndrome,1,0.1052631578947368,0.0,1,169,169
B2_corrected,pointnet,knn11,subject,f1_class::Williams Syndrome,2,0.125,0.0,1,169,169
B2_corrected,pointnet,knn11,subject,f1_class::Williams Syndrome,3,0.4761904761904761,0.0,1,169,169
B2_corrected,pointnet,knn11,subject,f1_class::Williams Syndrome,4,0.3333333333333333,0.0,1,169,169
B2_corrected,pointnet,knn11,subject,f1_class::Williams Syndrome,5,0.3,0.0,1,169,169
B2_corrected,pointnet,knn11,subject,macro_auc,1,0.7904097859541639,0.0,1,169,169
B2_corrected,pointnet,knn11,subject,macro_auc,2,0.7767328351898807,0.0,1,169,169
B2_corrected,pointnet,knn11,subject,macro_auc,3,0.804091876105108,0.0,1,169,169
B2_corrected,pointnet,knn11,subject,macro_auc,4,0.8177965960288545,0.0,1,169,169
B2_corrected,pointnet,knn11,subject,macro_auc,5,0.8043701721872278,0.0,1,169,169
B2_corrected,pointnet,knn11,subject,macro_f1,1,0.1344890054853466,0.0,1,169,169
B2_corrected,pointnet,knn11,subject,macro_f1,2,0.1082131574110183,0.0,1,169,169
B2_corrected,pointnet,knn11,subject,macro_f1,3,0.1634116388661843,0.0,1,169,169
B2_corrected,pointnet,knn11,subject,macro_f1,4,0.1444245396117053,0.0,1,169,169
B2_corrected,pointnet,knn11,subject,macro_f1,5,0.1591754982740745,0.0,1,169,169
B2_corrected,pointnet,proto,scan,accuracy,1,0.1263157894736842,0.0,1,475,169
B2_corrected,pointnet,proto,scan,accuracy,2,0.1494736842105263,0.0,1,475,169
B2_corrected,pointnet,proto,scan,accuracy,3,0.1747368421052631,0.0,1,475,169
B2_corrected,pointnet,proto,scan,accuracy,4,0.1642105263157894,0.0,1,475,169
B2_corrected,pointnet,proto,scan,accuracy,5,0.2042105263157894,0.0,1,475,169
B2_corrected,pointnet,proto,scan,f1_class::4p Deletion Wolff-Hirschhorn Syndrome,1,0.0,0.0,1,475,169
B2_corrected,pointnet,proto,scan,f1_class::4p Deletion Wolff-Hirschhorn Syndrome,2,0.3333333333333333,0.0,1,475,169
B2_corrected,pointnet,proto,scan,f1_class::4p Deletion Wolff-Hirschhorn Syndrome,3,0.1,0.0,1,475,169
B2_corrected,pointnet,proto,scan,f1_class::4p Deletion Wolff-Hirschhorn Syndrome,4,0.1333333333333333,0.0,1,475,169
B2_corrected,pointnet,proto,scan,f1_class::4p Deletion Wolff-Hirschhorn Syndrome,5,0.1818181818181818,0.0,1,475,169
B2_corrected,pointnet,proto,scan,f1_class::5p-,1,0.1481481481481481,0.0,1,475,169
B2_corrected,pointnet,proto,scan,f1_class::5p-,2,0.2142857142857142,0.0,1,475,169
B2_corrected,pointnet,proto,scan,f1_class::5p-,3,0.2222222222222222,0.0,1,475,169
B2_corrected,pointnet,proto,scan,f1_class::5p-,4,0.0769230769230769,0.0,1,475,169
B2_corrected,pointnet,proto,scan,f1_class::5p-,5,0.0833333333333333,0.0,1,475,169
B2_corrected,pointnet,proto,scan,f1_class::Achondroplasia,1,0.0689655172413793,0.0,1,475,169
B2_corrected,pointnet,proto,scan,f1_class::Achondroplasia,2,0.1818181818181818,0.0,1,475,169
B2_corrected,pointnet,proto,scan,f1_class::Achondroplasia,3,0.1666666666666666,0.0,1,475,169
B2_corrected,pointnet,proto,scan,f1_class::Achondroplasia,4,0.0909090909090909,0.0,1,475,169
B2_corrected,pointnet,proto,scan,f1_class::Achondroplasia,5,0.3448275862068966,0.0,1,475,169
B2_corrected,pointnet,proto,scan,f1_class::Angelman Syndrome,1,0.0,0.0,1,475,169
B2_corrected,pointnet,proto,scan,f1_class::Angelman Syndrome,2,0.1,0.0,1,475,169
B2_corrected,pointnet,proto,scan,f1_class::Angelman Syndrome,3,0.0833333333333333,0.0,1,475,169
B2_corrected,pointnet,proto,scan,f1_class::Angelman Syndrome,4,0.0,0.0,1,475,169
B2_corrected,pointnet,proto,scan,f1_class::Angelman Syndrome,5,0.0,0.0,1,475,169
B2_corrected,pointnet,proto,scan,f1_class::Apert Syndrome,1,0.0,0.0,1,475,169
B2_corrected,pointnet,proto,scan,f1_class::Apert Syndrome,2,0.0,0.0,1,475,169
B2_corrected,pointnet,proto,scan,f1_class::Apert Syndrome,3,0.0,0.0,1,475,169
B2_corrected,pointnet,proto,scan,f1_class::Apert Syndrome,4,0.0,0.0,1,475,169
B2_corrected,pointnet,proto,scan,f1_class::Apert Syndrome,5,0.0,0.0,1,475,169
B2_corrected,pointnet,proto,scan,f1_class::Bohring-Opitz Syndrome,1,0.3225806451612903,0.0,1,475,169
B2_corrected,pointnet,proto,scan,f1_class::Bohring-Opitz Syndrome,2,0.4,0.0,1,475,169
B2_corrected,pointnet,proto,scan,f1_class::Bohring-Opitz Syndrome,3,0.3,0.0,1,475,169
B2_corrected,pointnet,proto,scan,f1_class::Bohring-Opitz Syndrome,4,0.4,0.0,1,475,169
B2_corrected,pointnet,proto,scan,f1_class::Bohring-Opitz Syndrome,5,0.2758620689655172,0.0,1,475,169
B2_corrected,pointnet,proto,scan,f1_class::CDKL5,1,0.1481481481481481,0.0,1,475,169
B2_corrected,pointnet,proto,scan,f1_class::CDKL5,2,0.0,0.0,1,475,169
B2_corrected,pointnet,proto,scan,f1_class::CDKL5,3,0.0952380952380952,0.0,1,475,169
B2_corrected,pointnet,proto,scan,f1_class::CDKL5,4,0.0,0.0,1,475,169
B2_corrected,pointnet,proto,scan,f1_class::CDKL5,5,0.0,0.0,1,475,169
B2_corrected,pointnet,proto,scan,f1_class::CFC,1,0.1142857142857142,0.0,1,475,169
B2_corrected,pointnet,proto,scan,f1_class::CFC,2,0.08,0.0,1,475,169
B2_corrected,pointnet,proto,scan,f1_class::CFC,3,0.1860465116279069,0.0,1,475,169
B2_corrected,pointnet,proto,scan,f1_class::CFC,4,0.25,0.0,1,475,169
B2_corrected,pointnet,proto,scan,f1_class::CFC,5,0.24,0.0,1,475,169
B2_corrected,pointnet,proto,scan,f1_class::CHARGE Syndrome,1,0.0909090909090909,0.0,1,475,169
B2_corrected,pointnet,proto,scan,f1_class::CHARGE Syndrome,2,0.0,0.0,1,475,169
B2_corrected,pointnet,proto,scan,f1_class::CHARGE Syndrome,3,0.0,0.0,1,475,169
B2_corrected,pointnet,proto,scan,f1_class::CHARGE Syndrome,4,0.0,0.0,1,475,169
B2_corrected,pointnet,proto,scan,f1_class::CHARGE Syndrome,5,0.0,0.0,1,475,169
B2_corrected,pointnet,proto,scan,f1_class::CdLS,1,0.0769230769230769,0.0,1,475,169
B2_corrected,pointnet,proto,scan,f1_class::CdLS,2,0.0,0.0,1,475,169
B2_corrected,pointnet,proto,scan,f1_class::CdLS,3,0.0666666666666666,0.0,1,475,169
B2_corrected,pointnet,proto,scan,f1_class::CdLS,4,0.0769230769230769,0.0,1,475,169
B2_corrected,pointnet,proto,scan,f1_class::CdLS,5,0.0689655172413793,0.0,1,475,169
B2_corrected,pointnet,proto,scan,f1_class::Cockayne Syndrome,1,0.0555555555555555,0.0,1,475,169
B2_corrected,pointnet,proto,scan,f1_class::Cockayne Syndrome,2,0.1052631578947368,0.0,1,475,169
B2_corrected,pointnet,proto,scan,f1_class::Cockayne Syndrome,3,0.1538461538461538,0.0,1,475,169
B2_corrected,pointnet,proto,scan,f1_class::Cockayne Syndrome,4,0.1333333333333333,0.0,1,475,169
B2_corrected,pointnet,proto,scan,f1_class::Cockayne Syndrome,5,0.0,0.0,1,475,169
B2_corrected,pointnet,proto,scan,f1_class::Cohen Syndrome,1,0.2162162162162162,0.0,1,475,169
B2_corrected,pointnet,proto,scan,f1_class::Cohen Syndrome,2,0.1578947368421052,0.0,1,475,169
B2_corrected,pointnet,proto,scan,f1_class::Cohen Syndrome,3,0.2702702702702703,0.0,1,475,169
B2_corrected,pointnet,proto,scan,f1_class::Cohen Syndrome,4,0.3243243243243243,0.0,1,475,169
B2_corrected,pointnet,proto,scan,f1_class::Cohen Syndrome,5,0.1333333333333333,0.0,1,475,169
B2_corrected,pointnet,proto,scan,f1_class::Costello Syndrome,1,0.1714285714285714,0.0,1,475,169
B2_corrected,pointnet,proto,scan,f1_class::Costello Syndrome,2,0.1739130434782608,0.0,1,475,169
B2_corrected,pointnet,proto,scan,f1_class::Costello Syndrome,3,0.2631578947368421,0.0,1,475,169
B2_corrected,pointnet,proto,scan,f1_class::Costello Syndrome,4,0.1621621621621621,0.0,1,475,169
B2_corrected,pointnet,proto,scan,f1_class::Costello Syndrome,5,0.2702702702702703,0.0,1,475,169
B2_corrected,pointnet,proto,scan,f1_class::Crouzon Syndrome,1,0.0,0.0,1,475,169
B2_corrected,pointnet,proto,scan,f1_class::Crouzon Syndrome,2,0.0,0.0,1,475,169
B2_corrected,pointnet,proto,scan,f1_class::Crouzon Syndrome,3,0.0,0.0,1,475,169
B2_corrected,pointnet,proto,scan,f1_class::Crouzon Syndrome,4,0.0,0.0,1,475,169
B2_corrected,pointnet,proto,scan,f1_class::Crouzon Syndrome,5,0.0,0.0,1,475,169
B2_corrected,pointnet,proto,scan,f1_class::Down Syndrome,1,0.0,0.0,1,475,169
B2_corrected,pointnet,proto,scan,f1_class::Down Syndrome,2,0.0,0.0,1,475,169
B2_corrected,pointnet,proto,scan,f1_class::Down Syndrome,3,0.0,0.0,1,475,169
B2_corrected,pointnet,proto,scan,f1_class::Down Syndrome,4,0.0,0.0,1,475,169
B2_corrected,pointnet,proto,scan,f1_class::Down Syndrome,5,0.0833333333333333,0.0,1,475,169
B2_corrected,pointnet,proto,scan,f1_class::Ehlers-Danlos Syndrome,1,0.2727272727272727,0.0,1,475,169
B2_corrected,pointnet,proto,scan,f1_class::Ehlers-Danlos Syndrome,2,0.2307692307692307,0.0,1,475,169
B2_corrected,pointnet,proto,scan,f1_class::Ehlers-Danlos Syndrome,3,0.1935483870967742,0.0,1,475,169
B2_corrected,pointnet,proto,scan,f1_class::Ehlers-Danlos Syndrome,4,0.2439024390243902,0.0,1,475,169
B2_corrected,pointnet,proto,scan,f1_class::Ehlers-Danlos Syndrome,5,0.375,0.0,1,475,169
B2_corrected,pointnet,proto,scan,"f1_class::Facial Dysmorphia, possibly genetic",1,0.0,0.0,1,475,169
B2_corrected,pointnet,proto,scan,"f1_class::Facial Dysmorphia, possibly genetic",2,0.0,0.0,1,475,169
B2_corrected,pointnet,proto,scan,"f1_class::Facial Dysmorphia, possibly genetic",3,0.0,0.0,1,475,169
B2_corrected,pointnet,proto,scan,"f1_class::Facial Dysmorphia, possibly genetic",4,0.0833333333333333,0.0,1,475,169
B2_corrected,pointnet,proto,scan,"f1_class::Facial Dysmorphia, possibly genetic",5,0.2307692307692307,0.0,1,475,169
B2_corrected,pointnet,proto,scan,f1_class::Jacobsen Syndrome,1,0.1025641025641025,0.0,1,475,169
B2_corrected,pointnet,proto,scan,f1_class::Jacobsen Syndrome,2,0.0512820512820512,0.0,1,475,169
B2_corrected,pointnet,proto,scan,f1_class::Jacobsen Syndrome,3,0.1538461538461538,0.0,1,475,169
B2_corrected,pointnet,proto,scan,f1_class::Jacobsen Syndrome,4,0.0571428571428571,0.0,1,475,169
B2_corrected,pointnet,proto,scan,f1_class::Jacobsen Syndrome,5,0.1951219512195122,0.0,1,475,169
B2_corrected,pointnet,proto,scan,f1_class::Joubert Syndrome,1,0.0,0.0,1,475,169
B2_corrected,pointnet,proto,scan,f1_class::Joubert Syndrome,2,0.0714285714285714,0.0,1,475,169
B2_corrected,pointnet,proto,scan,f1_class::Joubert Syndrome,3,0.1212121212121212,0.0,1,475,169
B2_corrected,pointnet,proto,scan,f1_class::Joubert Syndrome,4,0.0625,0.0,1,475,169
B2_corrected,pointnet,proto,scan,f1_class::Joubert Syndrome,5,0.1578947368421052,0.0,1,475,169
B2_corrected,pointnet,proto,scan,f1_class::Loeys-Dietz Syndrome,1,0.2962962962962963,0.0,1,475,169
B2_corrected,pointnet,proto,scan,f1_class::Loeys-Dietz Syndrome,2,0.2222222222222222,0.0,1,475,169
B2_corrected,pointnet,proto,scan,f1_class::Loeys-Dietz Syndrome,3,0.1875,0.0,1,475,169
B2_corrected,pointnet,proto,scan,f1_class::Loeys-Dietz Syndrome,4,0.2,0.0,1,475,169
B2_corrected,pointnet,proto,scan,f1_class::Loeys-Dietz Syndrome,5,0.2758620689655172,0.0,1,475,169
B2_corrected,pointnet,proto,scan,f1_class::Marfan Syndrome,1,0.0,0.0,1,475,169
B2_corrected,pointnet,proto,scan,f1_class::Marfan Syndrome,2,0.0,0.0,1,475,169
B2_corrected,pointnet,proto,scan,f1_class::Marfan Syndrome,3,0.0,0.0,1,475,169
B2_corrected,pointnet,proto,scan,f1_class::Marfan Syndrome,4,0.0,0.0,1,475,169
B2_corrected,pointnet,proto,scan,f1_class::Marfan Syndrome,5,0.08,0.0,1,475,169
B2_corrected,pointnet,proto,scan,f1_class::Mucopolysaccharidosis type IIIB (Sanfilippo B),1,0.0,0.0,1,475,169
B2_corrected,pointnet,proto,scan,f1_class::Mucopolysaccharidosis type IIIB (Sanfilippo B),2,0.0588235294117647,0.0,1,475,169
B2_corrected,pointnet,proto,scan,f1_class::Mucopolysaccharidosis type IIIB (Sanfilippo B),3,0.1538461538461538,0.0,1,475,169
B2_corrected,pointnet,proto,scan,f1_class::Mucopolysaccharidosis type IIIB (Sanfilippo B),4,0.064516129032258,0.0,1,475,169
B2_corrected,pointnet,proto,scan,f1_class::Mucopolysaccharidosis type IIIB (Sanfilippo B),5,0.1111111111111111,0.0,1,475,169
B2_corrected,pointnet,proto,scan,f1_class::Noonan Syndrome,1,0.0571428571428571,0.0,1,475,169
B2_corrected,pointnet,proto,scan,f1_class::Noonan Syndrome,2,0.0769230769230769,0.0,1,475,169
B2_corrected,pointnet,proto,scan,f1_class::Noonan Syndrome,3,0.392156862745098,0.0,1,475,169
B2_corrected,pointnet,proto,scan,f1_class::Noonan Syndrome,4,0.3684210526315789,0.0,1,475,169
B2_corrected,pointnet,proto,scan,f1_class::Noonan Syndrome,5,0.1702127659574468,0.0,1,475,169
B2_corrected,pointnet,proto,scan,f1_class::Pallister-Killian Syndrome,1,0.0555555555555555,0.0,1,475,169
B2_corrected,pointnet,proto,scan,f1_class::Pallister-Killian Syndrome,2,0.0454545454545454,0.0,1,475,169
B2_corrected,pointnet,proto,scan,f1_class::Pallister-Killian Syndrome,3,0.2222222222222222,0.0,1,475,169
B2_corrected,pointnet,proto,scan,f1_class::Pallister-Killian Syndrome,4,0.2608695652173913,0.0,1,475,169
B2_corrected,pointnet,proto,scan,f1_class::Pallister-Killian Syndrome,5,0.0625,0.0,1,475,169
B2_corrected,pointnet,proto,scan,f1_class::Phelan McDermid Syndrome,1,0.0,0.0,1,475,169
B2_corrected,pointnet,proto,scan,f1_class::Phelan McDermid Syndrome,2,0.0350877192982456,0.0,1,475,169
B2_corrected,pointnet,proto,scan,f1_class::Phelan McDermid Syndrome,3,0.1666666666666666,0.0,1,475,169
B2_corrected,pointnet,proto,scan,f1_class::Phelan McDermid Syndrome,4,0.1791044776119403,0.0,1,475,169
B2_corrected,pointnet,proto,scan,f1_class::Phelan McDermid Syndrome,5,0.3614457831325301,0.0,1,475,169
B2_corrected,pointnet,proto,scan,f1_class::Pitt Hopkins,1,0.1290322580645161,0.0,1,475,169
B2_corrected,pointnet,proto,scan,f1_class::Pitt Hopkins,2,0.3478260869565217,0.0,1,475,169
B2_corrected,pointnet,proto,scan,f1_class::Pitt Hopkins,3,0.6,0.0,1,475,169
B2_corrected,pointnet,proto,scan,f1_class::Pitt Hopkins,4,0.2222222222222222,0.0,1,475,169
B2_corrected,pointnet,proto,scan,f1_class::Pitt Hopkins,5,0.3809523809523809,0.0,1,475,169
B2_corrected,pointnet,proto,scan,f1_class::Rett Syndrome,1,0.25,0.0,1,475,169
B2_corrected,pointnet,proto,scan,f1_class::Rett Syndrome,2,0.0909090909090909,0.0,1,475,169
B2_corrected,pointnet,proto,scan,f1_class::Rett Syndrome,3,0.0,0.0,1,475,169
B2_corrected,pointnet,proto,scan,f1_class::Rett Syndrome,4,0.0714285714285714,0.0,1,475,169
B2_corrected,pointnet,proto,scan,f1_class::Rett Syndrome,5,0.4,0.0,1,475,169
B2_corrected,pointnet,proto,scan,f1_class::Rubinstein-Taybi Syndrome,1,0.2666666666666666,0.0,1,475,169
B2_corrected,pointnet,proto,scan,f1_class::Rubinstein-Taybi Syndrome,2,0.1538461538461538,0.0,1,475,169
B2_corrected,pointnet,proto,scan,f1_class::Rubinstein-Taybi Syndrome,3,0.3076923076923077,0.0,1,475,169
B2_corrected,pointnet,proto,scan,f1_class::Rubinstein-Taybi Syndrome,4,0.2352941176470588,0.0,1,475,169
B2_corrected,pointnet,proto,scan,f1_class::Rubinstein-Taybi Syndrome,5,0.25,0.0,1,475,169
B2_corrected,pointnet,proto,scan,f1_class::Smith-Lemli-Opitz,1,0.0,0.0,1,475,169
B2_corrected,pointnet,proto,scan,f1_class::Smith-Lemli-Opitz,2,0.1538461538461538,0.0,1,475,169
B2_corrected,pointnet,proto,scan,f1_class::Smith-Lemli-Opitz,3,0.0,0.0,1,475,169
B2_corrected,pointnet,proto,scan,f1_class::Smith-Lemli-Opitz,4,0.1666666666666666,0.0,1,475,169
B2_corrected,pointnet,proto,scan,f1_class::Smith-Lemli-Opitz,5,0.0,0.0,1,475,169
B2_corrected,pointnet,proto,scan,f1_class::Tetrasomy 18p,1,0.0,0.0,1,475,169
B2_corrected,pointnet,proto,scan,f1_class::Tetrasomy 18p,2,0.3333333333333333,0.0,1,475,169
B2_corrected,pointnet,proto,scan,f1_class::Tetrasomy 18p,3,0.2222222222222222,0.0,1,475,169
B2_corrected,pointnet,proto,scan,f1_class::Tetrasomy 18p,4,0.1875,0.0,1,475,169
B2_corrected,pointnet,proto,scan,f1_class::Tetrasomy 18p,5,0.2,0.0,1,475,169
B2_corrected,pointnet,proto,scan,f1_class::Trisomy 18,1,0.2,0.0,1,475,169
B2_corrected,pointnet,proto,scan,f1_class::Trisomy 18,2,0.3448275862068966,0.0,1,475,169
B2_corrected,pointnet,proto,scan,f1_class::Trisomy 18,3,0.2424242424242424,0.0,1,475,169
B2_corrected,pointnet,proto,scan,f1_class::Trisomy 18,4,0.25,0.0,1,475,169
B2_corrected,pointnet,proto,scan,f1_class::Trisomy 18,5,0.3809523809523809,0.0,1,475,169
B2_corrected,pointnet,proto,scan,f1_class::Turner Syndrome,1,0.1538461538461538,0.0,1,475,169
B2_corrected,pointnet,proto,scan,f1_class::Turner Syndrome,2,0.0,0.0,1,475,169
B2_corrected,pointnet,proto,scan,f1_class::Turner Syndrome,3,0.0,0.0,1,475,169
B2_corrected,pointnet,proto,scan,f1_class::Turner Syndrome,4,0.1176470588235294,0.0,1,475,169
B2_corrected,pointnet,proto,scan,f1_class::Turner Syndrome,5,0.0,0.0,1,475,169
B2_corrected,pointnet,proto,scan,f1_class::Williams Syndrome,1,0.3055555555555556,0.0,1,475,169
B2_corrected,pointnet,proto,scan,f1_class::Williams Syndrome,2,0.3768115942028985,0.0,1,475,169
B2_corrected,pointnet,proto,scan,f1_class::Williams Syndrome,3,0.2807017543859649,0.0,1,475,169
B2_corrected,pointnet,proto,scan,f1_class::Williams Syndrome,4,0.2545454545454545,0.0,1,475,169
B2_corrected,pointnet,proto,scan,f1_class::Williams Syndrome,5,0.375,0.0,1,475,169
B2_corrected,pointnet,proto,scan,macro_auc,1,0.7848518476960231,0.0,1,475,169
B2_corrected,pointnet,proto,scan,macro_auc,2,0.7703099340404496,0.0,1,475,169
B2_corrected,pointnet,proto,scan,macro_auc,3,0.7973422208273676,0.0,1,475,169
B2_corrected,pointnet,proto,scan,macro_auc,4,0.793820287945518,0.0,1,475,169
B2_corrected,pointnet,proto,scan,macro_auc,5,0.8044028871711513,0.0,1,475,169
B2_corrected,pointnet,proto,scan,macro_f1,1,0.1061378000738232,0.0,1,475,169
B2_corrected,pointnet,proto,scan,macro_f1,2,0.1315120943558512,0.0,1,475,169
B2_corrected,pointnet,proto,scan,macro_f1,3,0.1561056639081237,0.0,1,475,169
B2_corrected,pointnet,proto,scan,macro_f1,4,0.1416061316132015,0.0,1,475,169
B2_corrected,pointnet,proto,scan,macro_f1,5,0.1723807889213472,0.0,1,475,169
B2_corrected,pointnet,proto,scan,top3_accuracy,1,0.4105263157894737,0.0,1,475,169
B2_corrected,pointnet,proto,scan,top3_accuracy,2,0.4,0.0,1,475,169
B2_corrected,pointnet,proto,scan,top3_accuracy,3,0.3894736842105263,0.0,1,475,169
B2_corrected,pointnet,proto,scan,top3_accuracy,4,0.3894736842105263,0.0,1,475,169
B2_corrected,pointnet,proto,scan,top3_accuracy,5,0.4652631578947368,0.0,1,475,169
B2_corrected,pointnet,proto,scan,top5_accuracy,1,0.5684210526315789,0.0,1,475,169
B2_corrected,pointnet,proto,scan,top5_accuracy,2,0.5452631578947369,0.0,1,475,169
B2_corrected,pointnet,proto,scan,top5_accuracy,3,0.5410526315789473,0.0,1,475,169
B2_corrected,pointnet,proto,scan,top5_accuracy,4,0.5284210526315789,0.0,1,475,169
B2_corrected,pointnet,proto,scan,top5_accuracy,5,0.6063157894736843,0.0,1,475,169
B2_corrected,pointnet,proto,subject,accuracy,1,0.1715976331360946,0.0,1,169,169
B2_corrected,pointnet,proto,subject,accuracy,2,0.2071005917159763,0.0,1,169,169
B2_corrected,pointnet,proto,subject,accuracy,3,0.1893491124260355,0.0,1,169,169
B2_corrected,pointnet,proto,subject,accuracy,4,0.1775147928994082,0.0,1,169,169
B2_corrected,pointnet,proto,subject,accuracy,5,0.2662721893491124,0.0,1,169,169
B2_corrected,pointnet,proto,subject,f1_class::4p Deletion Wolff-Hirschhorn Syndrome,1,0.0,0.0,1,169,169
B2_corrected,pointnet,proto,subject,f1_class::4p Deletion Wolff-Hirschhorn Syndrome,2,0.2222222222222222,0.0,1,169,169
B2_corrected,pointnet,proto,subject,f1_class::4p Deletion Wolff-Hirschhorn Syndrome,3,0.0,0.0,1,169,169
B2_corrected,pointnet,proto,subject,f1_class::4p Deletion Wolff-Hirschhorn Syndrome,4,0.0,0.0,1,169,169
B2_corrected,pointnet,proto,subject,f1_class::4p Deletion Wolff-Hirschhorn Syndrome,5,0.2222222222222222,0.0,1,169,169
B2_corrected,pointnet,proto,subject,f1_class::5p-,1,0.1428571428571428,0.0,1,169,169
B2_corrected,pointnet,proto,subject,f1_class::5p-,2,0.1333333333333333,0.0,1,169,169
B2_corrected,pointnet,proto,subject,f1_class::5p-,3,0.1818181818181818,0.0,1,169,169
B2_corrected,pointnet,proto,subject,f1_class::5p-,4,0.1666666666666666,0.0,1,169,169
B2_corrected,pointnet,proto,subject,f1_class::5p-,5,0.1818181818181818,0.0,1,169,169
B2_corrected,pointnet,proto,subject,f1_class::Achondroplasia,1,0.1052631578947368,0.0,1,169,169
B2_corrected,pointnet,proto,subject,f1_class::Achondroplasia,2,0.25,0.0,1,169,169
B2_corrected,pointnet,proto,subject,f1_class::Achondroplasia,3,0.25,0.0,1,169,169
B2_corrected,pointnet,proto,subject,f1_class::Achondroplasia,4,0.1333333333333333,0.0,1,169,169
B2_corrected,pointnet,proto,subject,f1_class::Achondroplasia,5,0.375,0.0,1,169,169
B2_corrected,pointnet,proto,subject,f1_class::Angelman Syndrome,1,0.0,0.0,1,169,169
B2_corrected,pointnet,proto,subject,f1_class::Angelman Syndrome,2,0.0,0.0,1,169,169
B2_corrected,pointnet,proto,subject,f1_class::Angelman Syndrome,3,0.0,0.0,1,169,169
B2_corrected,pointnet,proto,subject,f1_class::Angelman Syndrome,4,0.0,0.0,1,169,169
B2_corrected,pointnet,proto,subject,f1_class::Angelman Syndrome,5,0.0,0.0,1,169,169
B2_corrected,pointnet,proto,subject,f1_class::Apert Syndrome,1,0.0,0.0,1,169,169
B2_corrected,pointnet,proto,subject,f1_class::Apert Syndrome,2,0.0,0.0,1,169,169
B2_corrected,pointnet,proto,subject,f1_class::Apert Syndrome,3,0.0,0.0,1,169,169
B2_corrected,pointnet,proto,subject,f1_class::Apert Syndrome,4,0.0,0.0,1,169,169
B2_corrected,pointnet,proto,subject,f1_class::Apert Syndrome,5,0.0,0.0,1,169,169
B2_corrected,pointnet,proto,subject,f1_class::Bohring-Opitz Syndrome,1,0.5,0.0,1,169,169
B2_corrected,pointnet,proto,subject,f1_class::Bohring-Opitz Syndrome,2,0.5,0.0,1,169,169
B2_corrected,pointnet,proto,subject,f1_class::Bohring-Opitz Syndrome,3,0.5,0.0,1,169,169
B2_corrected,pointnet,proto,subject,f1_class::Bohring-Opitz Syndrome,4,0.4,0.0,1,169,169
B2_corrected,pointnet,proto,subject,f1_class::Bohring-Opitz Syndrome,5,0.6666666666666666,0.0,1,169,169
B2_corrected,pointnet,proto,subject,f1_class::CDKL5,1,0.0,0.0,1,169,169
B2_corrected,pointnet,proto,subject,f1_class::CDKL5,2,0.0,0.0,1,169,169
B2_corrected,pointnet,proto,subject,f1_class::CDKL5,3,0.0,0.0,1,169,169
B2_corrected,pointnet,proto,subject,f1_class::CDKL5,4,0.0,0.0,1,169,169
B2_corrected,pointnet,proto,subject,f1_class::CDKL5,5,0.0,0.0,1,169,169
B2_corrected,pointnet,proto,subject,f1_class::CFC,1,0.2857142857142857,0.0,1,169,169
B2_corrected,pointnet,proto,subject,f1_class::CFC,2,0.0,0.0,1,169,169
B2_corrected,pointnet,proto,subject,f1_class::CFC,3,0.3076923076923077,0.0,1,169,169
B2_corrected,pointnet,proto,subject,f1_class::CFC,4,0.2857142857142857,0.0,1,169,169
B2_corrected,pointnet,proto,subject,f1_class::CFC,5,0.2857142857142857,0.0,1,169,169
B2_corrected,pointnet,proto,subject,f1_class::CHARGE Syndrome,1,0.2,0.0,1,169,169
B2_corrected,pointnet,proto,subject,f1_class::CHARGE Syndrome,2,0.2,0.0,1,169,169
B2_corrected,pointnet,proto,subject,f1_class::CHARGE Syndrome,3,0.1538461538461538,0.0,1,169,169
B2_corrected,pointnet,proto,subject,f1_class::CHARGE Syndrome,4,0.1333333333333333,0.0,1,169,169
B2_corrected,pointnet,proto,subject,f1_class::CHARGE Syndrome,5,0.1666666666666666,0.0,1,169,169
B2_corrected,pointnet,proto,subject,f1_class::CdLS,1,0.1333333333333333,0.0,1,169,169
B2_corrected,pointnet,proto,subject,f1_class::CdLS,2,0.0,0.0,1,169,169
B2_corrected,pointnet,proto,subject,f1_class::CdLS,3,0.1538461538461538,0.0,1,169,169
B2_corrected,pointnet,proto,subject,f1_class::CdLS,4,0.0,0.0,1,169,169
B2_corrected,pointnet,proto,subject,f1_class::CdLS,5,0.0,0.0,1,169,169
B2_corrected,pointnet,proto,subject,f1_class::Cockayne Syndrome,1,0.0,0.0,1,169,169
B2_corrected,pointnet,proto,subject,f1_class::Cockayne Syndrome,2,0.0,0.0,1,169,169
B2_corrected,pointnet,proto,subject,f1_class::Cockayne Syndrome,3,0.4,0.0,1,169,169
B2_corrected,pointnet,proto,subject,f1_class::Cockayne Syndrome,4,0.0,0.0,1,169,169
B2_corrected,pointnet,proto,subject,f1_class::Cockayne Syndrome,5,0.0,0.0,1,169,169
B2_corrected,pointnet,proto,subject,f1_class::Cohen Syndrome,1,0.25,0.0,1,169,169
B2_corrected,pointnet,proto,subject,f1_class::Cohen Syndrome,2,0.3636363636363636,0.0,1,169,169
B2_corrected,pointnet,proto,subject,f1_class::Cohen Syndrome,3,0.25,0.0,1,169,169
B2_corrected,pointnet,proto,subject,f1_class::Cohen Syndrome,4,0.3636363636363636,0.0,1,169,169
B2_corrected,pointnet,proto,subject,f1_class::Cohen Syndrome,5,0.2222222222222222,0.0,1,169,169
B2_corrected,pointnet,proto,subject,f1_class::Costello Syndrome,1,0.3333333333333333,0.0,1,169,169
B2_corrected,pointnet,proto,subject,f1_class::Costello Syndrome,2,0.1333333333333333,0.0,1,169,169
B2_corrected,pointnet,proto,subject,f1_class::Costello Syndrome,3,0.3076923076923077,0.0,1,169,169
B2_corrected,pointnet,proto,subject,f1_class::Costello Syndrome,4,0.1538461538461538,0.0,1,169,169
B2_corrected,pointnet,proto,subject,f1_class::Costello Syndrome,5,0.2666666666666666,0.0,1,169,169
B2_corrected,pointnet,proto,subject,f1_class::Crouzon Syndrome,1,0.0,0.0,1,169,169
B2_corrected,pointnet,proto,subject,f1_class::Crouzon Syndrome,2,0.0,0.0,1,169,169
B2_corrected,pointnet,proto,subject,f1_class::Crouzon Syndrome,3,0.0,0.0,1,169,169
B2_corrected,pointnet,proto,subject,f1_class::Crouzon Syndrome,4,0.0,0.0,1,169,169
B2_corrected,pointnet,proto,subject,f1_class::Crouzon Syndrome,5,0.0,0.0,1,169,169
B2_corrected,pointnet,proto,subject,f1_class::Down Syndrome,1,0.0,0.0,1,169,169
B2_corrected,pointnet,proto,subject,f1_class::Down Syndrome,2,0.0,0.0,1,169,169
B2_corrected,pointnet,proto,subject,f1_class::Down Syndrome,3,0.0,0.0,1,169,169
B2_corrected,pointnet,proto,subject,f1_class::Down Syndrome,4,0.0,0.0,1,169,169
B2_corrected,pointnet,proto,subject,f1_class::Down Syndrome,5,0.0909090909090909,0.0,1,169,169
B2_corrected,pointnet,proto,subject,f1_class::Ehlers-Danlos Syndrome,1,0.2666666666666666,0.0,1,169,169
B2_corrected,pointnet,proto,subject,f1_class::Ehlers-Danlos Syndrome,2,0.3529411764705882,0.0,1,169,169
B2_corrected,pointnet,proto,subject,f1_class::Ehlers-Danlos Syndrome,3,0.3333333333333333,0.0,1,169,169
B2_corrected,pointnet,proto,subject,f1_class::Ehlers-Danlos Syndrome,4,0.2352941176470588,0.0,1,169,169
B2_corrected,pointnet,proto,subject,f1_class::Ehlers-Danlos Syndrome,5,0.3333333333333333,0.0,1,169,169
B2_corrected,pointnet,proto,subject,"f1_class::Facial Dysmorphia, possibly genetic",1,0.0,0.0,1,169,169
B2_corrected,pointnet,proto,subject,"f1_class::Facial Dysmorphia, possibly genetic",2,0.0,0.0,1,169,169
B2_corrected,pointnet,proto,subject,"f1_class::Facial Dysmorphia, possibly genetic",3,0.0,0.0,1,169,169
B2_corrected,pointnet,proto,subject,"f1_class::Facial Dysmorphia, possibly genetic",4,0.0,0.0,1,169,169
B2_corrected,pointnet,proto,subject,"f1_class::Facial Dysmorphia, possibly genetic",5,0.1538461538461538,0.0,1,169,169
B2_corrected,pointnet,proto,subject,f1_class::Jacobsen Syndrome,1,0.1666666666666666,0.0,1,169,169
B2_corrected,pointnet,proto,subject,f1_class::Jacobsen Syndrome,2,0.2222222222222222,0.0,1,169,169
B2_corrected,pointnet,proto,subject,f1_class::Jacobsen Syndrome,3,0.1818181818181818,0.0,1,169,169
B2_corrected,pointnet,proto,subject,f1_class::Jacobsen Syndrome,4,0.1818181818181818,0.0,1,169,169
B2_corrected,pointnet,proto,subject,f1_class::Jacobsen Syndrome,5,0.1666666666666666,0.0,1,169,169
B2_corrected,pointnet,proto,subject,f1_class::Joubert Syndrome,1,0.2,0.0,1,169,169
B2_corrected,pointnet,proto,subject,f1_class::Joubert Syndrome,2,0.0,0.0,1,169,169
B2_corrected,pointnet,proto,subject,f1_class::Joubert Syndrome,3,0.0,0.0,1,169,169
B2_corrected,pointnet,proto,subject,f1_class::Joubert Syndrome,4,0.1333333333333333,0.0,1,169,169
B2_corrected,pointnet,proto,subject,f1_class::Joubert Syndrome,5,0.2222222222222222,0.0,1,169,169
B2_corrected,pointnet,proto,subject,f1_class::Loeys-Dietz Syndrome,1,0.4210526315789473,0.0,1,169,169
B2_corrected,pointnet,proto,subject,f1_class::Loeys-Dietz Syndrome,2,0.375,0.0,1,169,169
B2_corrected,pointnet,proto,subject,f1_class::Loeys-Dietz Syndrome,3,0.2857142857142857,0.0,1,169,169
B2_corrected,pointnet,proto,subject,f1_class::Loeys-Dietz Syndrome,4,0.3076923076923077,0.0,1,169,169
B2_corrected,pointnet,proto,subject,f1_class::Loeys-Dietz Syndrome,5,0.4,0.0,1,169,169
B2_corrected,pointnet,proto,subject,f1_class::Marfan Syndrome,1,0.0,0.0,1,169,169
B2_corrected,pointnet,proto,subject,f1_class::Marfan Syndrome,2,0.0,0.0,1,169,169
B2_corrected,pointnet,proto,subject,f1_class::Marfan Syndrome,3,0.0,0.0,1,169,169
B2_corrected,pointnet,proto,subject,f1_class::Marfan Syndrome,4,0.0,0.0,1,169,169
B2_corrected,pointnet,proto,subject,f1_class::Marfan Syndrome,5,0.1666666666666666,0.0,1,169,169
B2_corrected,pointnet,proto,subject,f1_class::Mucopolysaccharidosis type IIIB (Sanfilippo B),1,0.0,0.0,1,169,169
B2_corrected,pointnet,proto,subject,f1_class::Mucopolysaccharidosis type IIIB (Sanfilippo B),2,0.0,0.0,1,169,169
B2_corrected,pointnet,proto,subject,f1_class::Mucopolysaccharidosis type IIIB (Sanfilippo B),3,0.0,0.0,1,169,169
B2_corrected,pointnet,proto,subject,f1_class::Mucopolysaccharidosis type IIIB (Sanfilippo B),4,0.0,0.0,1,169,169
B2_corrected,pointnet,proto,subject,f1_class::Mucopolysaccharidosis type IIIB (Sanfilippo B),5,0.0,0.0,1,169,169
B2_corrected,pointnet,proto,subject,f1_class::Noonan Syndrome,1,0.125,0.0,1,169,169
B2_corrected,pointnet,proto,subject,f1_class::Noonan Syndrome,2,0.0,0.0,1,169,169
B2_corrected,pointnet,proto,subject,f1_class::Noonan Syndrome,3,0.4615384615384615,0.0,1,169,169
B2_corrected,pointnet,proto,subject,f1_class::Noonan Syndrome,4,0.1666666666666666,0.0,1,169,169
B2_corrected,pointnet,proto,subject,f1_class::Noonan Syndrome,5,0.2666666666666666,0.0,1,169,169
B2_corrected,pointnet,proto,subject,f1_class::Pallister-Killian Syndrome,1,0.0,0.0,1,169,169
B2_corrected,pointnet,proto,subject,f1_class::Pallister-Killian Syndrome,2,0.3333333333333333,0.0,1,169,169
B2_corrected,pointnet,proto,subject,f1_class::Pallister-Killian Syndrome,3,0.3333333333333333,0.0,1,169,169
B2_corrected,pointnet,proto,subject,f1_class::Pallister-Killian Syndrome,4,0.3076923076923077,0.0,1,169,169
B2_corrected,pointnet,proto,subject,f1_class::Pallister-Killian Syndrome,5,0.0,0.0,1,169,169
B2_corrected,pointnet,proto,subject,f1_class::Phelan McDermid Syndrome,1,0.3333333333333333,0.0,1,169,169
B2_corrected,pointnet,proto,subject,f1_class::Phelan McDermid Syndrome,2,0.4705882352941176,0.0,1,169,169
B2_corrected,pointnet,proto,subject,f1_class::Phelan McDermid Syndrome,3,0.4,0.0,1,169,169
B2_corrected,pointnet,proto,subject,f1_class::Phelan McDermid Syndrome,4,0.4,0.0,1,169,169
B2_corrected,pointnet,proto,subject,f1_class::Phelan McDermid Syndrome,5,0.7368421052631579,0.0,1,169,169
B2_corrected,pointnet,proto,subject,f1_class::Pitt Hopkins,1,0.2857142857142857,0.0,1,169,169
B2_corrected,pointnet,proto,subject,f1_class::Pitt Hopkins,2,0.5714285714285714,0.0,1,169,169
B2_corrected,pointnet,proto,subject,f1_class::Pitt Hopkins,3,0.5714285714285714,0.0,1,169,169
B2_corrected,pointnet,proto,subject,f1_class::Pitt Hopkins,4,0.3333333333333333,0.0,1,169,169
B2_corrected,pointnet,proto,subject,f1_class::Pitt Hopkins,5,0.5,0.0,1,169,169
B2_corrected,pointnet,proto,subject,f1_class::Rett Syndrome,1,0.5714285714285714,0.0,1,169,169
B2_corrected,pointnet,proto,subject,f1_class::Rett Syndrome,2,0.0,0.0,1,169,169
B2_corrected,pointnet,proto,subject,f1_class::Rett Syndrome,3,0.0,0.0,1,169,169
B2_corrected,pointnet,proto,subject,f1_class::Rett Syndrome,4,0.0,0.0,1,169,169
B2_corrected,pointnet,proto,subject,f1_class::Rett Syndrome,5,0.4444444444444444,0.0,1,169,169
B2_corrected,pointnet,proto,subject,f1_class::Rubinstein-Taybi Syndrome,1,0.0,0.0,1,169,169
B2_corrected,pointnet,proto,subject,f1_class::Rubinstein-Taybi Syndrome,2,0.5,0.0,1,169,169
B2_corrected,pointnet,proto,subject,f1_class::Rubinstein-Taybi Syndrome,3,0.0,0.0,1,169,169
B2_corrected,pointnet,proto,subject,f1_class::Rubinstein-Taybi Syndrome,4,0.6666666666666666,0.0,1,169,169
B2_corrected,pointnet,proto,subject,f1_class::Rubinstein-Taybi Syndrome,5,0.0,0.0,1,169,169
B2_corrected,pointnet,proto,subject,f1_class::Smith-Lemli-Opitz,1,0.0,0.0,1,169,169
B2_corrected,pointnet,proto,subject,f1_class::Smith-Lemli-Opitz,2,0.0,0.0,1,169,169
B2_corrected,pointnet,proto,subject,f1_class::Smith-Lemli-Opitz,3,0.0,0.0,1,169,169
B2_corrected,pointnet,proto,subject,f1_class::Smith-Lemli-Opitz,4,0.0,0.0,1,169,169
B2_corrected,pointnet,proto,subject,f1_class::Smith-Lemli-Opitz,5,0.0,0.0,1,169,169
B2_corrected,pointnet,proto,subject,f1_class::Tetrasomy 18p,1,0.0,0.0,1,169,169
B2_corrected,pointnet,proto,subject,f1_class::Tetrasomy 18p,2,0.4,0.0,1,169,169
B2_corrected,pointnet,proto,subject,f1_class::Tetrasomy 18p,3,0.0,0.0,1,169,169
B2_corrected,pointnet,proto,subject,f1_class::Tetrasomy 18p,4,0.6666666666666666,0.0,1,169,169
B2_corrected,pointnet,proto,subject,f1_class::Tetrasomy 18p,5,0.5,0.0,1,169,169
B2_corrected,pointnet,proto,subject,f1_class::Trisomy 18,1,0.4,0.0,1,169,169
B2_corrected,pointnet,proto,subject,f1_class::Trisomy 18,2,0.5,0.0,1,169,169
B2_corrected,pointnet,proto,subject,f1_class::Trisomy 18,3,0.2,0.0,1,169,169
B2_corrected,pointnet,proto,subject,f1_class::Trisomy 18,4,0.4,0.0,1,169,169
B2_corrected,pointnet,proto,subject,f1_class::Trisomy 18,5,0.5,0.0,1,169,169
B2_corrected,pointnet,proto,subject,f1_class::Turner Syndrome,1,0.0,0.0,1,169,169
B2_corrected,pointnet,proto,subject,f1_class::Turner Syndrome,2,0.0,0.0,1,169,169
B2_corrected,pointnet,proto,subject,f1_class::Turner Syndrome,3,0.0,0.0,1,169,169
B2_corrected,pointnet,proto,subject,f1_class::Turner Syndrome,4,0.2222222222222222,0.0,1,169,169
B2_corrected,pointnet,proto,subject,f1_class::Turner Syndrome,5,0.0,0.0,1,169,169
B2_corrected,pointnet,proto,subject,f1_class::Williams Syndrome,1,0.2962962962962963,0.0,1,169,169
B2_corrected,pointnet,proto,subject,f1_class::Williams Syndrome,2,0.4,0.0,1,169,169
B2_corrected,pointnet,proto,subject,f1_class::Williams Syndrome,3,0.25,0.0,1,169,169
B2_corrected,pointnet,proto,subject,f1_class::Williams Syndrome,4,0.2105263157894736,0.0,1,169,169
B2_corrected,pointnet,proto,subject,f1_class::Williams Syndrome,5,0.4615384615384615,0.0,1,169,169
B2_corrected,pointnet,proto,subject,macro_auc,1,0.8388376649754478,0.0,1,169,169
B2_corrected,pointnet,proto,subject,macro_auc,2,0.8108281732490966,0.0,1,169,169
B2_corrected,pointnet,proto,subject,macro_auc,3,0.8455808711636903,0.0,1,169,169
B2_corrected,pointnet,proto,subject,macro_auc,4,0.8434906762309021,0.0,1,169,169
B2_corrected,pointnet,proto,subject,macro_auc,5,0.8473773574617125,0.0,1,169,169
B2_corrected,pointnet,proto,subject,macro_f1,1,0.1520199910550787,0.0,1,169,169
B2_corrected,pointnet,proto,subject,macro_f1,2,0.1796375391295177,0.0,1,169,169
B2_corrected,pointnet,proto,subject,macro_f1,3,0.1673351900624627,0.0,1,169,169
B2_corrected,pointnet,proto,subject,macro_f1,4,0.1778315835169198,0.0,1,169,169
B2_corrected,pointnet,proto,subject,macro_f1,5,0.222124627985872,0.0,1,169,169
B2_corrected,pointnet,proto,subject,top3_accuracy,1,0.4852071005917159,0.0,1,169,169
B2_corrected,pointnet,proto,subject,top3_accuracy,2,0.4615384615384615,0.0,1,169,169
B2_corrected,pointnet,proto,subject,top3_accuracy,3,0.4674556213017751,0.0,1,169,169
B2_corrected,pointnet,proto,subject,top3_accuracy,4,0.4852071005917159,0.0,1,169,169
B2_corrected,pointnet,proto,subject,top3_accuracy,5,0.5325443786982249,0.0,1,169,169
B2_corrected,pointnet,proto,subject,top5_accuracy,1,0.6568047337278107,0.0,1,169,169
B2_corrected,pointnet,proto,subject,top5_accuracy,2,0.621301775147929,0.0,1,169,169
B2_corrected,pointnet,proto,subject,top5_accuracy,3,0.6982248520710059,0.0,1,169,169
B2_corrected,pointnet,proto,subject,top5_accuracy,4,0.650887573964497,0.0,1,169,169
B2_corrected,pointnet,proto,subject,top5_accuracy,5,0.6568047337278107,0.0,1,169,169
B2_corrected,pointnet,softmax,scan,accuracy,1,0.1494736842105263,0.0,1,475,169
B2_corrected,pointnet,softmax,scan,accuracy,2,0.12,0.0,1,475,169
B2_corrected,pointnet,softmax,scan,accuracy,3,0.1747368421052631,0.0,1,475,169
B2_corrected,pointnet,softmax,scan,accuracy,4,0.1768421052631578,0.0,1,475,169
B2_corrected,pointnet,softmax,scan,accuracy,5,0.1852631578947368,0.0,1,475,169
B2_corrected,pointnet,softmax,scan,f1_class::4p Deletion Wolff-Hirschhorn Syndrome,1,0.0,0.0,1,475,169
B2_corrected,pointnet,softmax,scan,f1_class::4p Deletion Wolff-Hirschhorn Syndrome,2,0.0,0.0,1,475,169
B2_corrected,pointnet,softmax,scan,f1_class::4p Deletion Wolff-Hirschhorn Syndrome,3,0.0,0.0,1,475,169
B2_corrected,pointnet,softmax,scan,f1_class::4p Deletion Wolff-Hirschhorn Syndrome,4,0.1538461538461538,0.0,1,475,169
B2_corrected,pointnet,softmax,scan,f1_class::4p Deletion Wolff-Hirschhorn Syndrome,5,0.1428571428571428,0.0,1,475,169
B2_corrected,pointnet,softmax,scan,f1_class::5p-,1,0.1739130434782608,0.0,1,475,169
B2_corrected,pointnet,softmax,scan,f1_class::5p-,2,0.2068965517241379,0.0,1,475,169
B2_corrected,pointnet,softmax,scan,f1_class::5p-,3,0.2272727272727272,0.0,1,475,169
B2_corrected,pointnet,softmax,scan,f1_class::5p-,4,0.1666666666666666,0.0,1,475,169
B2_corrected,pointnet,softmax,scan,f1_class::5p-,5,0.1052631578947368,0.0,1,475,169
B2_corrected,pointnet,softmax,scan,f1_class::Achondroplasia,1,0.0,0.0,1,475,169
B2_corrected,pointnet,softmax,scan,f1_class::Achondroplasia,2,0.1818181818181818,0.0,1,475,169
B2_corrected,pointnet,softmax,scan,f1_class::Achondroplasia,3,0.2142857142857142,0.0,1,475,169
B2_corrected,pointnet,softmax,scan,f1_class::Achondroplasia,4,0.1428571428571428,0.0,1,475,169
B2_corrected,pointnet,softmax,scan,f1_class::Achondroplasia,5,0.2702702702702703,0.0,1,475,169
B2_corrected,pointnet,softmax,scan,f1_class::Angelman Syndrome,1,0.0,0.0,1,475,169
B2_corrected,pointnet,softmax,scan,f1_class::Angelman Syndrome,2,0.0,0.0,1,475,169
B2_corrected,pointnet,softmax,scan,f1_class::Angelman Syndrome,3,0.0,0.0,1,475,169
B2_corrected,pointnet,softmax,scan,f1_class::Angelman Syndrome,4,0.0869565217391304,0.0,1,475,169
B2_corrected,pointnet,softmax,scan,f1_class::Angelman Syndrome,5,0.0,0.0,1,475,169
B2_corrected,pointnet,softmax,scan,f1_class::Apert Syndrome,1,0.0,0.0,1,475,169
B2_corrected,pointnet,softmax,scan,f1_class::Apert Syndrome,2,0.0,0.0,1,475,169
B2_corrected,pointnet,softmax,scan,f1_class::Apert Syndrome,3,0.0,0.0,1,475,169
B2_corrected,pointnet,softmax,scan,f1_class::Apert Syndrome,4,0.0,0.0,1,475,169
B2_corrected,pointnet,softmax,scan,f1_class::Apert Syndrome,5,0.2,0.0,1,475,169
B2_corrected,pointnet,softmax,scan,f1_class::Bohring-Opitz Syndrome,1,0.4761904761904761,0.0,1,475,169
B2_corrected,pointnet,softmax,scan,f1_class::Bohring-Opitz Syndrome,2,0.4,0.0,1,475,169
B2_corrected,pointnet,softmax,scan,f1_class::Bohring-Opitz Syndrome,3,0.2857142857142857,0.0,1,475,169
B2_corrected,pointnet,softmax,scan,f1_class::Bohring-Opitz Syndrome,4,0.3529411764705882,0.0,1,475,169
B2_corrected,pointnet,softmax,scan,f1_class::Bohring-Opitz Syndrome,5,0.3125,0.0,1,475,169
B2_corrected,pointnet,softmax,scan,f1_class::CDKL5,1,0.1176470588235294,0.0,1,475,169
B2_corrected,pointnet,softmax,scan,f1_class::CDKL5,2,0.074074074074074,0.0,1,475,169
B2_corrected,pointnet,softmax,scan,f1_class::CDKL5,3,0.1111111111111111,0.0,1,475,169
B2_corrected,pointnet,softmax,scan,f1_class::CDKL5,4,0.0,0.0,1,475,169
B2_corrected,pointnet,softmax,scan,f1_class::CDKL5,5,0.0,0.0,1,475,169
B2_corrected,pointnet,softmax,scan,f1_class::CFC,1,0.0,0.0,1,475,169
B2_corrected,pointnet,softmax,scan,f1_class::CFC,2,0.0625,0.0,1,475,169
B2_corrected,pointnet,softmax,scan,f1_class::CFC,3,0.1538461538461538,0.0,1,475,169
B2_corrected,pointnet,softmax,scan,f1_class::CFC,4,0.1428571428571428,0.0,1,475,169
B2_corrected,pointnet,softmax,scan,f1_class::CFC,5,0.1904761904761904,0.0,1,475,169
B2_corrected,pointnet,softmax,scan,f1_class::CHARGE Syndrome,1,0.0,0.0,1,475,169
B2_corrected,pointnet,softmax,scan,f1_class::CHARGE Syndrome,2,0.1052631578947368,0.0,1,475,169
B2_corrected,pointnet,softmax,scan,f1_class::CHARGE Syndrome,3,0.0,0.0,1,475,169
B2_corrected,pointnet,softmax,scan,f1_class::CHARGE Syndrome,4,0.0,0.0,1,475,169
B2_corrected,pointnet,softmax,scan,f1_class::CHARGE Syndrome,5,0.0,0.0,1,475,169
B2_corrected,pointnet,softmax,scan,f1_class::CdLS,1,0.0,0.0,1,475,169
B2_corrected,pointnet,softmax,scan,f1_class::CdLS,2,0.0,0.0,1,475,169
B2_corrected,pointnet,softmax,scan,f1_class::CdLS,3,0.0,0.0,1,475,169
B2_corrected,pointnet,softmax,scan,f1_class::CdLS,4,0.0,0.0,1,475,169
B2_corrected,pointnet,softmax,scan,f1_class::CdLS,5,0.0,0.0,1,475,169
B2_corrected,pointnet,softmax,scan,f1_class::Cockayne Syndrome,1,0.0606060606060606,0.0,1,475,169
B2_corrected,pointnet,softmax,scan,f1_class::Cockayne Syndrome,2,0.0,0.0,1,475,169
B2_corrected,pointnet,softmax,scan,f1_class::Cockayne Syndrome,3,0.1428571428571428,0.0,1,475,169
B2_corrected,pointnet,softmax,scan,f1_class::Cockayne Syndrome,4,0.064516129032258,0.0,1,475,169
B2_corrected,pointnet,softmax,scan,f1_class::Cockayne Syndrome,5,0.0,0.0,1,475,169
B2_corrected,pointnet,softmax,scan,f1_class::Cohen Syndrome,1,0.1904761904761904,0.0,1,475,169
B2_corrected,pointnet,softmax,scan,f1_class::Cohen Syndrome,2,0.1052631578947368,0.0,1,475,169
B2_corrected,pointnet,softmax,scan,f1_class::Cohen Syndrome,3,0.2162162162162162,0.0,1,475,169
B2_corrected,pointnet,softmax,scan,f1_class::Cohen Syndrome,4,0.2222222222222222,0.0,1,475,169
B2_corrected,pointnet,softmax,scan,f1_class::Cohen Syndrome,5,0.1481481481481481,0.0,1,475,169
B2_corrected,pointnet,softmax,scan,f1_class::Costello Syndrome,1,0.1142857142857142,0.0,1,475,169
B2_corrected,pointnet,softmax,scan,f1_class::Costello Syndrome,2,0.0606060606060606,0.0,1,475,169
B2_corrected,pointnet,softmax,scan,f1_class::Costello Syndrome,3,0.1935483870967742,0.0,1,475,169
B2_corrected,pointnet,softmax,scan,f1_class::Costello Syndrome,4,0.1818181818181818,0.0,1,475,169
B2_corrected,pointnet,softmax,scan,f1_class::Costello Syndrome,5,0.1904761904761904,0.0,1,475,169
B2_corrected,pointnet,softmax,scan,f1_class::Crouzon Syndrome,1,0.0,0.0,1,475,169
B2_corrected,pointnet,softmax,scan,f1_class::Crouzon Syndrome,2,0.0,0.0,1,475,169
B2_corrected,pointnet,softmax,scan,f1_class::Crouzon Syndrome,3,0.4,0.0,1,475,169
B2_corrected,pointnet,softmax,scan,f1_class::Crouzon Syndrome,4,0.0,0.0,1,475,169
B2_corrected,pointnet,softmax,scan,f1_class::Crouzon Syndrome,5,0.3333333333333333,0.0,1,475,169
B2_corrected,pointnet,softmax,scan,f1_class::Down Syndrome,1,0.1666666666666666,0.0,1,475,169
B2_corrected,pointnet,softmax,scan,f1_class::Down Syndrome,2,0.0,0.0,1,475,169
B2_corrected,pointnet,softmax,scan,f1_class::Down Syndrome,3,0.074074074074074,0.0,1,475,169
B2_corrected,pointnet,softmax,scan,f1_class::Down Syndrome,4,0.2307692307692307,0.0,1,475,169
B2_corrected,pointnet,softmax,scan,f1_class::Down Syndrome,5,0.0869565217391304,0.0,1,475,169
B2_corrected,pointnet,softmax,scan,f1_class::Ehlers-Danlos Syndrome,1,0.2857142857142857,0.0,1,475,169
B2_corrected,pointnet,softmax,scan,f1_class::Ehlers-Danlos Syndrome,2,0.3255813953488372,0.0,1,475,169
B2_corrected,pointnet,softmax,scan,f1_class::Ehlers-Danlos Syndrome,3,0.2068965517241379,0.0,1,475,169
B2_corrected,pointnet,softmax,scan,f1_class::Ehlers-Danlos Syndrome,4,0.3,0.0,1,475,169
B2_corrected,pointnet,softmax,scan,f1_class::Ehlers-Danlos Syndrome,5,0.3529411764705882,0.0,1,475,169
B2_corrected,pointnet,softmax,scan,"f1_class::Facial Dysmorphia, possibly genetic",1,0.0,0.0,1,475,169
B2_corrected,pointnet,softmax,scan,"f1_class::Facial Dysmorphia, possibly genetic",2,0.1,0.0,1,475,169
B2_corrected,pointnet,softmax,scan,"f1_class::Facial Dysmorphia, possibly genetic",3,0.0,0.0,1,475,169
B2_corrected,pointnet,softmax,scan,"f1_class::Facial Dysmorphia, possibly genetic",4,0.0,0.0,1,475,169
B2_corrected,pointnet,softmax,scan,"f1_class::Facial Dysmorphia, possibly genetic",5,0.0,0.0,1,475,169
B2_corrected,pointnet,softmax,scan,f1_class::Jacobsen Syndrome,1,0.1568627450980392,0.0,1,475,169
B2_corrected,pointnet,softmax,scan,f1_class::Jacobsen Syndrome,2,0.2352941176470588,0.0,1,475,169
B2_corrected,pointnet,softmax,scan,f1_class::Jacobsen Syndrome,3,0.15,0.0,1,475,169
B2_corrected,pointnet,softmax,scan,f1_class::Jacobsen Syndrome,4,0.1923076923076923,0.0,1,475,169
B2_corrected,pointnet,softmax,scan,f1_class::Jacobsen Syndrome,5,0.1818181818181818,0.0,1,475,169
B2_corrected,pointnet,softmax,scan,f1_class::Joubert Syndrome,1,0.0,0.0,1,475,169
B2_corrected,pointnet,softmax,scan,f1_class::Joubert Syndrome,2,0.0,0.0,1,475,169
B2_corrected,pointnet,softmax,scan,f1_class::Joubert Syndrome,3,0.1578947368421052,0.0,1,475,169
B2_corrected,pointnet,softmax,scan,f1_class::Joubert Syndrome,4,0.0,0.0,1,475,169
B2_corrected,pointnet,softmax,scan,f1_class::Joubert Syndrome,5,0.2439024390243902,0.0,1,475,169
B2_corrected,pointnet,softmax,scan,f1_class::Loeys-Dietz Syndrome,1,0.2,0.0,1,475,169
B2_corrected,pointnet,softmax,scan,f1_class::Loeys-Dietz Syndrome,2,0.25,0.0,1,475,169
B2_corrected,pointnet,softmax,scan,f1_class::Loeys-Dietz Syndrome,3,0.16,0.0,1,475,169
B2_corrected,pointnet,softmax,scan,f1_class::Loeys-Dietz Syndrome,4,0.2162162162162162,0.0,1,475,169
B2_corrected,pointnet,softmax,scan,f1_class::Loeys-Dietz Syndrome,5,0.2,0.0,1,475,169
B2_corrected,pointnet,softmax,scan,f1_class::Marfan Syndrome,1,0.0,0.0,1,475,169
B2_corrected,pointnet,softmax,scan,f1_class::Marfan Syndrome,2,0.0769230769230769,0.0,1,475,169
B2_corrected,pointnet,softmax,scan,f1_class::Marfan Syndrome,3,0.0606060606060606,0.0,1,475,169
B2_corrected,pointnet,softmax,scan,f1_class::Marfan Syndrome,4,0.0,0.0,1,475,169
B2_corrected,pointnet,softmax,scan,f1_class::Marfan Syndrome,5,0.2222222222222222,0.0,1,475,169
B2_corrected,pointnet,softmax,scan,f1_class::Mucopolysaccharidosis type IIIB (Sanfilippo B),1,0.0,0.0,1,475,169
B2_corrected,pointnet,softmax,scan,f1_class::Mucopolysaccharidosis type IIIB (Sanfilippo B),2,0.0,0.0,1,475,169
B2_corrected,pointnet,softmax,scan,f1_class::Mucopolysaccharidosis type IIIB (Sanfilippo B),3,0.0833333333333333,0.0,1,475,169
B2_corrected,pointnet,softmax,scan,f1_class::Mucopolysaccharidosis type IIIB (Sanfilippo B),4,0.0,0.0,1,475,169
B2_corrected,pointnet,softmax,scan,f1_class::Mucopolysaccharidosis type IIIB (Sanfilippo B),5,0.0,0.0,1,475,169
B2_corrected,pointnet,softmax,scan,f1_class::Noonan Syndrome,1,0.4545454545454545,0.0,1,475,169
B2_corrected,pointnet,softmax,scan,f1_class::Noonan Syndrome,2,0.0714285714285714,0.0,1,475,169
B2_corrected,pointnet,softmax,scan,f1_class::Noonan Syndrome,3,0.3396226415094339,0.0,1,475,169
B2_corrected,pointnet,softmax,scan,f1_class::Noonan Syndrome,4,0.358974358974359,0.0,1,475,169
B2_corrected,pointnet,softmax,scan,f1_class::Noonan Syndrome,5,0.064516129032258,0.0,1,475,169
B2_corrected,pointnet,softmax,scan,f1_class::Pallister-Killian Syndrome,1,0.1818181818181818,0.0,1,475,169
B2_corrected,pointnet,softmax,scan,f1_class::Pallister-Killian Syndrome,2,0.0,0.0,1,475,169
B2_corrected,pointnet,softmax,scan,f1_class::Pallister-Killian Syndrome,3,0.1379310344827586,0.0,1,475,169
B2_corrected,pointnet,softmax,scan,f1_class::Pallister-Killian Syndrome,4,0.238095238095238,0.0,1,475,169
B2_corrected,pointnet,softmax,scan,f1_class::Pallister-Killian Syndrome,5,0.1714285714285714,0.0,1,475,169
B2_corrected,pointnet,softmax,scan,f1_class::Phelan McDermid Syndrome,1,0.21875,0.0,1,475,169
B2_corrected,pointnet,softmax,scan,f1_class::Phelan McDermid Syndrome,2,0.0,0.0,1,475,169
B2_corrected,pointnet,softmax,scan,f1_class::Phelan McDermid Syndrome,3,0.2727272727272727,0.0,1,475,169
B2_corrected,pointnet,softmax,scan,f1_class::Phelan McDermid Syndrome,4,0.2816901408450704,0.0,1,475,169
B2_corrected,pointnet,softmax,scan,f1_class::Phelan McDermid Syndrome,5,0.3488372093023256,0.0,1,475,169
B2_corrected,pointnet,softmax,scan,f1_class::Pitt Hopkins,1,0.1818181818181818,0.0,1,475,169
B2_corrected,pointnet,softmax,scan,f1_class::Pitt Hopkins,2,0.25,0.0,1,475,169
B2_corrected,pointnet,softmax,scan,f1_class::Pitt Hopkins,3,0.5,0.0,1,475,169
B2_corrected,pointnet,softmax,scan,f1_class::Pitt Hopkins,4,0.3,0.0,1,475,169
B2_corrected,pointnet,softmax,scan,f1_class::Pitt Hopkins,5,0.2857142857142857,0.0,1,475,169
B2_corrected,pointnet,softmax,scan,f1_class::Rett Syndrome,1,0.1818181818181818,0.0,1,475,169
B2_corrected,pointnet,softmax,scan,f1_class::Rett Syndrome,2,0.08,0.0,1,475,169
B2_corrected,pointnet,softmax,scan,f1_class::Rett Syndrome,3,0.0,0.0,1,475,169
B2_corrected,pointnet,softmax,scan,f1_class::Rett Syndrome,4,0.074074074074074,0.0,1,475,169
B2_corrected,pointnet,softmax,scan,f1_class::Rett Syndrome,5,0.2222222222222222,0.0,1,475,169
B2_corrected,pointnet,softmax,scan,f1_class::Rubinstein-Taybi Syndrome,1,0.0,0.0,1,475,169
B2_corrected,pointnet,softmax,scan,f1_class::Rubinstein-Taybi Syndrome,2,0.0,0.0,1,475,169
B2_corrected,pointnet,softmax,scan,f1_class::Rubinstein-Taybi Syndrome,3,0.1538461538461538,0.0,1,475,169
B2_corrected,pointnet,softmax,scan,f1_class::Rubinstein-Taybi Syndrome,4,0.1333333333333333,0.0,1,475,169
B2_corrected,pointnet,softmax,scan,f1_class::Rubinstein-Taybi Syndrome,5,0.0,0.0,1,475,169
B2_corrected,pointnet,softmax,scan,f1_class::Smith-Lemli-Opitz,1,0.0,0.0,1,475,169
B2_corrected,pointnet,softmax,scan,f1_class::Smith-Lemli-Opitz,2,0.0,0.0,1,475,169
B2_corrected,pointnet,softmax,scan,f1_class::Smith-Lemli-Opitz,3,0.0,0.0,1,475,169
B2_corrected,pointnet,softmax,scan,f1_class::Smith-Lemli-Opitz,4,0.1428571428571428,0.0,1,475,169
B2_corrected,pointnet,softmax,scan,f1_class::Smith-Lemli-Opitz,5,0.0,0.0,1,475,169
B2_corrected,pointnet,softmax,scan,f1_class::Tetrasomy 18p,1,0.0,0.0,1,475,169
B2_corrected,pointnet,softmax,scan,f1_class::Tetrasomy 18p,2,0.0909090909090909,0.0,1,475,169
B2_corrected,pointnet,softmax,scan,f1_class::Tetrasomy 18p,3,0.3448275862068966,0.0,1,475,169
B2_corrected,pointnet,softmax,scan,f1_class::Tetrasomy 18p,4,0.2580645161290322,0.0,1,475,169
B2_corrected,pointnet,softmax,scan,f1_class::Tetrasomy 18p,5,0.2068965517241379,0.0,1,475,169
B2_corrected,pointnet,softmax,scan,f1_class::Trisomy 18,1,0.2,0.0,1,475,169
B2_corrected,pointnet,softmax,scan,f1_class::Trisomy 18,2,0.1538461538461538,0.0,1,475,169
B2_corrected,pointnet,softmax,scan,f1_class::Trisomy 18,3,0.2424242424242424,0.0,1,475,169
B2_corrected,pointnet,softmax,scan,f1_class::Trisomy 18,4,0.2222222222222222,0.0,1,475,169
B2_corrected,pointnet,softmax,scan,f1_class::Trisomy 18,5,0.3,0.0,1,475,169
B2_corrected,pointnet,softmax,scan,f1_class::Turner Syndrome,1,0.08,0.0,1,475,169
B2_corrected,pointnet,softmax,scan,f1_class::Turner Syndrome,2,0.0816326530612244,0.0,1,475,169
B2_corrected,pointnet,softmax,scan,f1_class::Turner Syndrome,3,0.0,0.0,1,475,169
B2_corrected,pointnet,softmax,scan,f1_class::Turner Syndrome,4,0.1578947368421052,0.0,1,475,169
B2_corrected,pointnet,softmax,scan,f1_class::Turner Syndrome,5,0.0689655172413793,0.0,1,475,169
B2_corrected,pointnet,softmax,scan,f1_class::Williams Syndrome,1,0.3571428571428571,0.0,1,475,169
B2_corrected,pointnet,softmax,scan,f1_class::Williams Syndrome,2,0.3243243243243243,0.0,1,475,169
B2_corrected,pointnet,softmax,scan,f1_class::Williams Syndrome,3,0.2807017543859649,0.0,1,475,169
B2_corrected,pointnet,softmax,scan,f1_class::Williams Syndrome,4,0.2790697674418604,0.0,1,475,169
B2_corrected,pointnet,softmax,scan,f1_class::Williams Syndrome,5,0.3243243243243243,0.0,1,475,169
B2_corrected,pointnet,softmax,scan,macro_auc,1,0.7850154284610603,0.0,1,475,169
B2_corrected,pointnet,softmax,scan,macro_auc,2,0.8037109721801986,0.0,1,475,169
B2_corrected,pointnet,softmax,scan,macro_auc,3,0.7988009214995061,0.0,1,475,169
B2_corrected,pointnet,softmax,scan,macro_auc,4,0.8026627802618796,0.0,1,475,169
B2_corrected,pointnet,softmax,scan,macro_auc,5,0.8144785167793664,0.0,1,475,169
B2_corrected,pointnet,softmax,scan,macro_f1,1,0.1150986393479418,0.0,1,475,169
B2_corrected,pointnet,softmax,scan,macro_f1,2,0.0980715323484929,0.0,1,475,169
B2_corrected,pointnet,softmax,scan,macro_f1,3,0.1548405206231078,0.0,1,475,169
B2_corrected,pointnet,softmax,scan,macro_f1,4,0.1484924244732443,0.0,1,475,169
B2_corrected,pointnet,softmax,scan,macro_f1,5,0.1567899935066675,0.0,1,475,169
B2_corrected,pointnet,softmax,scan,top3_accuracy,1,0.3726315789473684,0.0,1,475,169
B2_corrected,pointnet,softmax,scan,top3_accuracy,2,0.3642105263157895,0.0,1,475,169
B2_corrected,pointnet,softmax,scan,top3_accuracy,3,0.3852631578947368,0.0,1,475,169
B2_corrected,pointnet,softmax,scan,top3_accuracy,4,0.3852631578947368,0.0,1,475,169
B2_corrected,pointnet,softmax,scan,top3_accuracy,5,0.4294736842105263,0.0,1,475,169
B2_corrected,pointnet,softmax,scan,top5_accuracy,1,0.5347368421052632,0.0,1,475,169
B2_corrected,pointnet,softmax,scan,top5_accuracy,2,0.5157894736842106,0.0,1,475,169
B2_corrected,pointnet,softmax,scan,top5_accuracy,3,0.511578947368421,0.0,1,475,169
B2_corrected,pointnet,softmax,scan,top5_accuracy,4,0.511578947368421,0.0,1,475,169
B2_corrected,pointnet,softmax,scan,top5_accuracy,5,0.5621052631578948,0.0,1,475,169
B2_corrected,pointnet,softmax,subject,accuracy,1,0.1715976331360946,0.0,1,169,169
B2_corrected,pointnet,softmax,subject,accuracy,2,0.165680473372781,0.0,1,169,169
B2_corrected,pointnet,softmax,subject,accuracy,3,0.1893491124260355,0.0,1,169,169
B2_corrected,pointnet,softmax,subject,accuracy,4,0.2071005917159763,0.0,1,169,169
B2_corrected,pointnet,softmax,subject,accuracy,5,0.2544378698224852,0.0,1,169,169
B2_corrected,pointnet,softmax,subject,f1_class::4p Deletion Wolff-Hirschhorn Syndrome,1,0.0,0.0,1,169,169
B2_corrected,pointnet,softmax,subject,f1_class::4p Deletion Wolff-Hirschhorn Syndrome,2,0.0,0.0,1,169,169
B2_corrected,pointnet,softmax,subject,f1_class::4p Deletion Wolff-Hirschhorn Syndrome,3,0.0,0.0,1,169,169
B2_corrected,pointnet,softmax,subject,f1_class::4p Deletion Wolff-Hirschhorn Syndrome,4,0.0,0.0,1,169,169
B2_corrected,pointnet,softmax,subject,f1_class::4p Deletion Wolff-Hirschhorn Syndrome,5,0.5,0.0,1,169,169
B2_corrected,pointnet,softmax,subject,f1_class::5p-,1,0.3076923076923077,0.0,1,169,169
B2_corrected,pointnet,softmax,subject,f1_class::5p-,2,0.2142857142857142,0.0,1,169,169
B2_corrected,pointnet,softmax,subject,f1_class::5p-,3,0.3,0.0,1,169,169
B2_corrected,pointnet,softmax,subject,f1_class::5p-,4,0.1666666666666666,0.0,1,169,169
B2_corrected,pointnet,softmax,subject,f1_class::5p-,5,0.25,0.0,1,169,169
B2_corrected,pointnet,softmax,subject,f1_class::Achondroplasia,1,0.0,0.0,1,169,169
B2_corrected,pointnet,softmax,subject,f1_class::Achondroplasia,2,0.2608695652173913,0.0,1,169,169
B2_corrected,pointnet,softmax,subject,f1_class::Achondroplasia,3,0.2222222222222222,0.0,1,169,169
B2_corrected,pointnet,softmax,subject,f1_class::Achondroplasia,4,0.2,0.0,1,169,169
B2_corrected,pointnet,softmax,subject,f1_class::Achondroplasia,5,0.3636363636363636,0.0,1,169,169
B2_corrected,pointnet,softmax,subject,f1_class::Angelman Syndrome,1,0.0,0.0,1,169,169
B2_corrected,pointnet,softmax,subject,f1_class::Angelman Syndrome,2,0.0,0.0,1,169,169
B2_corrected,pointnet,softmax,subject,f1_class::Angelman Syndrome,3,0.0,0.0,1,169,169
B2_corrected,pointnet,softmax,subject,f1_class::Angelman Syndrome,4,0.0,0.0,1,169,169
B2_corrected,pointnet,softmax,subject,f1_class::Angelman Syndrome,5,0.0,0.0,1,169,169
B2_corrected,pointnet,softmax,subject,f1_class::Apert Syndrome,1,0.0,0.0,1,169,169
B2_corrected,pointnet,softmax,subject,f1_class::Apert Syndrome,2,0.0,0.0,1,169,169
B2_corrected,pointnet,softmax,subject,f1_class::Apert Syndrome,3,0.0,0.0,1,169,169
B2_corrected,pointnet,softmax,subject,f1_class::Apert Syndrome,4,0.0,0.0,1,169,169
B2_corrected,pointnet,softmax,subject,f1_class::Apert Syndrome,5,0.0,0.0,1,169,169
B2_corrected,pointnet,softmax,subject,f1_class::Bohring-Opitz Syndrome,1,0.6666666666666666,0.0,1,169,169
B2_corrected,pointnet,softmax,subject,f1_class::Bohring-Opitz Syndrome,2,0.6666666666666666,0.0,1,169,169
B2_corrected,pointnet,softmax,subject,f1_class::Bohring-Opitz Syndrome,3,0.3333333333333333,0.0,1,169,169
B2_corrected,pointnet,softmax,subject,f1_class::Bohring-Opitz Syndrome,4,0.2857142857142857,0.0,1,169,169
B2_corrected,pointnet,softmax,subject,f1_class::Bohring-Opitz Syndrome,5,0.2222222222222222,0.0,1,169,169
B2_corrected,pointnet,softmax,subject,f1_class::CDKL5,1,0.0,0.0,1,169,169
B2_corrected,pointnet,softmax,subject,f1_class::CDKL5,2,0.4,0.0,1,169,169
B2_corrected,pointnet,softmax,subject,f1_class::CDKL5,3,0.0,0.0,1,169,169
B2_corrected,pointnet,softmax,subject,f1_class::CDKL5,4,0.0,0.0,1,169,169
B2_corrected,pointnet,softmax,subject,f1_class::CDKL5,5,0.0,0.0,1,169,169
B2_corrected,pointnet,softmax,subject,f1_class::CFC,1,0.0,0.0,1,169,169
B2_corrected,pointnet,softmax,subject,f1_class::CFC,2,0.0,0.0,1,169,169
B2_corrected,pointnet,softmax,subject,f1_class::CFC,3,0.1428571428571428,0.0,1,169,169
B2_corrected,pointnet,softmax,subject,f1_class::CFC,4,0.25,0.0,1,169,169
B2_corrected,pointnet,softmax,subject,f1_class::CFC,5,0.25,0.0,1,169,169
B2_corrected,pointnet,softmax,subject,f1_class::CHARGE Syndrome,1,0.0,0.0,1,169,169
B2_corrected,pointnet,softmax,subject,f1_class::CHARGE Syndrome,2,0.0,0.0,1,169,169
B2_corrected,pointnet,softmax,subject,f1_class::CHARGE Syndrome,3,0.0,0.0,1,169,169
B2_corrected,pointnet,softmax,subject,f1_class::CHARGE Syndrome,4,0.0,0.0,1,169,169
B2_corrected,pointnet,softmax,subject,f1_class::CHARGE Syndrome,5,0.2,0.0,1,169,169
B2_corrected,pointnet,softmax,subject,f1_class::CdLS,1,0.0,0.0,1,169,169
B2_corrected,pointnet,softmax,subject,f1_class::CdLS,2,0.0,0.0,1,169,169
B2_corrected,pointnet,softmax,subject,f1_class::CdLS,3,0.0,0.0,1,169,169
B2_corrected,pointnet,softmax,subject,f1_class::CdLS,4,0.0,0.0,1,169,169
B2_corrected,pointnet,softmax,subject,f1_class::CdLS,5,0.0,0.0,1,169,169
B2_corrected,pointnet,softmax,subject,f1_class::Cockayne Syndrome,1,0.0,0.0,1,169,169
B2_corrected,pointnet,softmax,subject,f1_class::Cockayne Syndrome,2,0.0,0.0,1,169,169
B2_corrected,pointnet,softmax,subject,f1_class::Cockayne Syndrome,3,0.3333333333333333,0.0,1,169,169
B2_corrected,pointnet,softmax,subject,f1_class::Cockayne Syndrome,4,0.0,0.0,1,169,169
B2_corrected,pointnet,softmax,subject,f1_class::Cockayne Syndrome,5,0.0,0.0,1,169,169
B2_corrected,pointnet,softmax,subject,f1_class::Cohen Syndrome,1,0.3076923076923077,0.0,1,169,169
B2_corrected,pointnet,softmax,subject,f1_class::Cohen Syndrome,2,0.1538461538461538,0.0,1,169,169
B2_corrected,pointnet,softmax,subject,f1_class::Cohen Syndrome,3,0.1818181818181818,0.0,1,169,169
B2_corrected,pointnet,softmax,subject,f1_class::Cohen Syndrome,4,0.2,0.0,1,169,169
B2_corrected,pointnet,softmax,subject,f1_class::Cohen Syndrome,5,0.2,0.0,1,169,169
B2_corrected,pointnet,softmax,subject,f1_class::Costello Syndrome,1,0.2,0.0,1,169,169
B2_corrected,pointnet,softmax,subject,f1_class::Costello Syndrome,2,0.1666666666666666,0.0,1,169,169
B2_corrected,pointnet,softmax,subject,f1_class::Costello Syndrome,3,0.3076923076923077,0.0,1,169,169
B2_corrected,pointnet,softmax,subject,f1_class::Costello Syndrome,4,0.0,0.0,1,169,169
B2_corrected,pointnet,softmax,subject,f1_class::Costello Syndrome,5,0.1538461538461538,0.0,1,169,169
B2_corrected,pointnet,softmax,subject,f1_class::Crouzon Syndrome,1,0.0,0.0,1,169,169
B2_corrected,pointnet,softmax,subject,f1_class::Crouzon Syndrome,2,0.0,0.0,1,169,169
B2_corrected,pointnet,softmax,subject,f1_class::Crouzon Syndrome,3,0.6666666666666666,0.0,1,169,169
B2_corrected,pointnet,softmax,subject,f1_class::Crouzon Syndrome,4,0.0,0.0,1,169,169
B2_corrected,pointnet,softmax,subject,f1_class::Crouzon Syndrome,5,1.0,0.0,1,169,169
B2_corrected,pointnet,softmax,subject,f1_class::Down Syndrome,1,0.2,0.0,1,169,169
B2_corrected,pointnet,softmax,subject,f1_class::Down Syndrome,2,0.0,0.0,1,169,169
B2_corrected,pointnet,softmax,subject,f1_class::Down Syndrome,3,0.0952380952380952,0.0,1,169,169
B2_corrected,pointnet,softmax,subject,f1_class::Down Syndrome,4,0.2727272727272727,0.0,1,169,169
B2_corrected,pointnet,softmax,subject,f1_class::Down Syndrome,5,0.1,0.0,1,169,169
B2_corrected,pointnet,softmax,subject,f1_class::Ehlers-Danlos Syndrome,1,0.3529411764705882,0.0,1,169,169
B2_corrected,pointnet,softmax,subject,f1_class::Ehlers-Danlos Syndrome,2,0.4210526315789473,0.0,1,169,169
B2_corrected,pointnet,softmax,subject,f1_class::Ehlers-Danlos Syndrome,3,0.3333333333333333,0.0,1,169,169
B2_corrected,pointnet,softmax,subject,f1_class::Ehlers-Danlos Syndrome,4,0.3,0.0,1,169,169
B2_corrected,pointnet,softmax,subject,f1_class::Ehlers-Danlos Syndrome,5,0.375,0.0,1,169,169
B2_corrected,pointnet,softmax,subject,"f1_class::Facial Dysmorphia, possibly genetic",1,0.0,0.0,1,169,169
B2_corrected,pointnet,softmax,subject,"f1_class::Facial Dysmorphia, possibly genetic",2,0.2222222222222222,0.0,1,169,169
B2_corrected,pointnet,softmax,subject,"f1_class::Facial Dysmorphia, possibly genetic",3,0.0,0.0,1,169,169
B2_corrected,pointnet,softmax,subject,"f1_class::Facial Dysmorphia, possibly genetic",4,0.2,0.0,1,169,169
B2_corrected,pointnet,softmax,subject,"f1_class::Facial Dysmorphia, possibly genetic",5,0.0,0.0,1,169,169
B2_corrected,pointnet,softmax,subject,f1_class::Jacobsen Syndrome,1,0.1333333333333333,0.0,1,169,169
B2_corrected,pointnet,softmax,subject,f1_class::Jacobsen Syndrome,2,0.2857142857142857,0.0,1,169,169
B2_corrected,pointnet,softmax,subject,f1_class::Jacobsen Syndrome,3,0.2,0.0,1,169,169
B2_corrected,pointnet,softmax,subject,f1_class::Jacobsen Syndrome,4,0.125,0.0,1,169,169
B2_corrected,pointnet,softmax,subject,f1_class::Jacobsen Syndrome,5,0.2,0.0,1,169,169
B2_corrected,pointnet,softmax,subject,f1_class::Joubert Syndrome,1,0.0,0.0,1,169,169
B2_corrected,pointnet,softmax,subject,f1_class::Joubert Syndrome,2,0.0,0.0,1,169,169
B2_corrected,pointnet,softmax,subject,f1_class::Joubert Syndrome,3,0.0,0.0,1,169,169
B2_corrected,pointnet,softmax,subject,f1_class::Joubert Syndrome,4,0.0,0.0,1,169,169
B2_corrected,pointnet,softmax,subject,f1_class::Joubert Syndrome,5,0.2857142857142857,0.0,1,169,169
B2_corrected,pointnet,softmax,subject,f1_class::Loeys-Dietz Syndrome,1,0.3076923076923077,0.0,1,169,169
B2_corrected,pointnet,softmax,subject,f1_class::Loeys-Dietz Syndrome,2,0.4,0.0,1,169,169
B2_corrected,pointnet,softmax,subject,f1_class::Loeys-Dietz Syndrome,3,0.2222222222222222,0.0,1,169,169
B2_corrected,pointnet,softmax,subject,f1_class::Loeys-Dietz Syndrome,4,0.4,0.0,1,169,169
B2_corrected,pointnet,softmax,subject,f1_class::Loeys-Dietz Syndrome,5,0.3333333333333333,0.0,1,169,169
B2_corrected,pointnet,softmax,subject,f1_class::Marfan Syndrome,1,0.0,0.0,1,169,169
B2_corrected,pointnet,softmax,subject,f1_class::Marfan Syndrome,2,0.1666666666666666,0.0,1,169,169
B2_corrected,pointnet,softmax,subject,f1_class::Marfan Syndrome,3,0.0,0.0,1,169,169
B2_corrected,pointnet,softmax,subject,f1_class::Marfan Syndrome,4,0.0,0.0,1,169,169
B2_corrected,pointnet,softmax,subject,f1_class::Marfan Syndrome,5,0.0,0.0,1,169,169
B2_corrected,pointnet,softmax,subject,f1_class::Mucopolysaccharidosis type IIIB (Sanfilippo B),1,0.0,0.0,1,169,169
B2_corrected,pointnet,softmax,subject,f1_class::Mucopolysaccharidosis type IIIB (Sanfilippo B),2,0.0,0.0,1,169,169
B2_corrected,pointnet,softmax,subject,f1_class::Mucopolysaccharidosis type IIIB (Sanfilippo B),3,0.3333333333333333,0.0,1,169,169
B2_corrected,pointnet,softmax,subject,f1_class::Mucopolysaccharidosis type IIIB (Sanfilippo B),4,0.0,0.0,1,169,169
B2_corrected,pointnet,softmax,subject,f1_class::Mucopolysaccharidosis type IIIB (Sanfilippo B),5,0.0,0.0,1,169,169
B2_corrected,pointnet,softmax,subject,f1_class::Noonan Syndrome,1,0.3529411764705882,0.0,1,169,169
B2_corrected,pointnet,softmax,subject,f1_class::Noonan Syndrome,2,0.0,0.0,1,169,169
B2_corrected,pointnet,softmax,subject,f1_class::Noonan Syndrome,3,0.4,0.0,1,169,169
B2_corrected,pointnet,softmax,subject,f1_class::Noonan Syndrome,4,0.3333333333333333,0.0,1,169,169
B2_corrected,pointnet,softmax,subject,f1_class::Noonan Syndrome,5,0.2,0.0,1,169,169
B2_corrected,pointnet,softmax,subject,f1_class::Pallister-Killian Syndrome,1,0.2,0.0,1,169,169
B2_corrected,pointnet,softmax,subject,f1_class::Pallister-Killian Syndrome,2,0.0,0.0,1,169,169
B2_corrected,pointnet,softmax,subject,f1_class::Pallister-Killian Syndrome,3,0.0,0.0,1,169,169
B2_corrected,pointnet,softmax,subject,f1_class::Pallister-Killian Syndrome,4,0.3529411764705882,0.0,1,169,169
B2_corrected,pointnet,softmax,subject,f1_class::Pallister-Killian Syndrome,5,0.1818181818181818,0.0,1,169,169
B2_corrected,pointnet,softmax,subject,f1_class::Phelan McDermid Syndrome,1,0.3333333333333333,0.0,1,169,169
B2_corrected,pointnet,softmax,subject,f1_class::Phelan McDermid Syndrome,2,0.0,0.0,1,169,169
B2_corrected,pointnet,softmax,subject,f1_class::Phelan McDermid Syndrome,3,0.3333333333333333,0.0,1,169,169
B2_corrected,pointnet,softmax,subject,f1_class::Phelan McDermid Syndrome,4,0.5,0.0,1,169,169
B2_corrected,pointnet,softmax,subject,f1_class::Phelan McDermid Syndrome,5,0.4444444444444444,0.0,1,169,169
B2_corrected,pointnet,softmax,subject,f1_class::Pitt Hopkins,1,0.2857142857142857,0.0,1,169,169
B2_corrected,pointnet,softmax,subject,f1_class::Pitt Hopkins,2,0.4,0.0,1,169,169
B2_corrected,pointnet,softmax,subject,f1_class::Pitt Hopkins,3,0.5714285714285714,0.0,1,169,169
B2_corrected,pointnet,softmax,subject,f1_class::Pitt Hopkins,4,0.4444444444444444,0.0,1,169,169
B2_corrected,pointnet,softmax,subject,f1_class::Pitt Hopkins,5,0.6666666666666666,0.0,1,169,169
B2_corrected,pointnet,softmax,subject,f1_class::Rett Syndrome,1,0.4,0.0,1,169,169
B2_corrected,pointnet,softmax,subject,f1_class::Rett Syndrome,2,0.0,0.0,1,169,169
B2_corrected,pointnet,softmax,subject,f1_class::Rett Syndrome,3,0.0,0.0,1,169,169
B2_corrected,pointnet,softmax,subject,f1_class::Rett Syndrome,4,0.25,0.0,1,169,169
B2_corrected,pointnet,softmax,subject,f1_class::Rett Syndrome,5,0.25,0.0,1,169,169
B2_corrected,pointnet,softmax,subject,f1_class::Rubinstein-Taybi Syndrome,1,0.0,0.0,1,169,169
B2_corrected,pointnet,softmax,subject,f1_class::Rubinstein-Taybi Syndrome,2,0.0,0.0,1,169,169
B2_corrected,pointnet,softmax,subject,f1_class::Rubinstein-Taybi Syndrome,3,0.0,0.0,1,169,169
B2_corrected,pointnet,softmax,subject,f1_class::Rubinstein-Taybi Syndrome,4,0.0,0.0,1,169,169
B2_corrected,pointnet,softmax,subject,f1_class::Rubinstein-Taybi Syndrome,5,0.0,0.0,1,169,169
B2_corrected,pointnet,softmax,subject,f1_class::Smith-Lemli-Opitz,1,0.0,0.0,1,169,169
B2_corrected,pointnet,softmax,subject,f1_class::Smith-Lemli-Opitz,2,0.0,0.0,1,169,169
B2_corrected,pointnet,softmax,subject,f1_class::Smith-Lemli-Opitz,3,0.0,0.0,1,169,169
B2_corrected,pointnet,softmax,subject,f1_class::Smith-Lemli-Opitz,4,0.0,0.0,1,169,169
B2_corrected,pointnet,softmax,subject,f1_class::Smith-Lemli-Opitz,5,0.0,0.0,1,169,169
B2_corrected,pointnet,softmax,subject,f1_class::Tetrasomy 18p,1,0.0,0.0,1,169,169
B2_corrected,pointnet,softmax,subject,f1_class::Tetrasomy 18p,2,0.0,0.0,1,169,169
B2_corrected,pointnet,softmax,subject,f1_class::Tetrasomy 18p,3,0.0,0.0,1,169,169
B2_corrected,pointnet,softmax,subject,f1_class::Tetrasomy 18p,4,0.4,0.0,1,169,169
B2_corrected,pointnet,softmax,subject,f1_class::Tetrasomy 18p,5,0.4,0.0,1,169,169
B2_corrected,pointnet,softmax,subject,f1_class::Trisomy 18,1,0.1666666666666666,0.0,1,169,169
B2_corrected,pointnet,softmax,subject,f1_class::Trisomy 18,2,0.1428571428571428,0.0,1,169,169
B2_corrected,pointnet,softmax,subject,f1_class::Trisomy 18,3,0.2857142857142857,0.0,1,169,169
B2_corrected,pointnet,softmax,subject,f1_class::Trisomy 18,4,0.2857142857142857,0.0,1,169,169
B2_corrected,pointnet,softmax,subject,f1_class::Trisomy 18,5,0.5,0.0,1,169,169
B2_corrected,pointnet,softmax,subject,f1_class::Turner Syndrome,1,0.0,0.0,1,169,169
B2_corrected,pointnet,softmax,subject,f1_class::Turner Syndrome,2,0.0,0.0,1,169,169
B2_corrected,pointnet,softmax,subject,f1_class::Turner Syndrome,3,0.0,0.0,1,169,169
B2_corrected,pointnet,softmax,subject,f1_class::Turner Syndrome,4,0.1538461538461538,0.0,1,169,169
B2_corrected,pointnet,softmax,subject,f1_class::Turner Syndrome,5,0.0,0.0,1,169,169
B2_corrected,pointnet,softmax,subject,f1_class::Williams Syndrome,1,0.2857142857142857,0.0,1,169,169
B2_corrected,pointnet,softmax,subject,f1_class::Williams Syndrome,2,0.3870967741935484,0.0,1,169,169
B2_corrected,pointnet,softmax,subject,f1_class::Williams Syndrome,3,0.3636363636363636,0.0,1,169,169
B2_corrected,pointnet,softmax,subject,f1_class::Williams Syndrome,4,0.25,0.0,1,169,169
B2_corrected,pointnet,softmax,subject,f1_class::Williams Syndrome,5,0.4666666666666667,0.0,1,169,169
B2_corrected,pointnet,softmax,subject,macro_auc,1,0.8264962952105116,0.0,1,169,169
B2_corrected,pointnet,softmax,subject,macro_auc,2,0.8492399190686355,0.0,1,169,169
B2_corrected,pointnet,softmax,subject,macro_auc,3,0.8397728007133557,0.0,1,169,169
B2_corrected,pointnet,softmax,subject,macro_auc,4,0.8541248303187573,0.0,1,169,169
B2_corrected,pointnet,softmax,subject,macro_auc,5,0.8507891507014561,0.0,1,169,169
B2_corrected,pointnet,softmax,subject,macro_f1,1,0.1363753893165657,0.0,1,169,169
B2_corrected,pointnet,softmax,subject,macro_f1,2,0.1299377118156183,0.0,1,169,169
B2_corrected,pointnet,softmax,subject,macro_f1,3,0.1704897795806886,0.0,1,169,169
B2_corrected,pointnet,softmax,subject,macro_f1,4,0.1627390187550615,0.0,1,169,169
B2_corrected,pointnet,softmax,subject,macro_f1,5,0.2285863126772217,0.0,1,169,169
B2_corrected,pointnet,softmax,subject,top3_accuracy,1,0.4556213017751479,0.0,1,169,169
B2_corrected,pointnet,softmax,subject,top3_accuracy,2,0.4142011834319526,0.0,1,169,169
B2_corrected,pointnet,softmax,subject,top3_accuracy,3,0.4733727810650887,0.0,1,169,169
B2_corrected,pointnet,softmax,subject,top3_accuracy,4,0.4556213017751479,0.0,1,169,169
B2_corrected,pointnet,softmax,subject,top3_accuracy,5,0.4852071005917159,0.0,1,169,169
B2_corrected,pointnet,softmax,subject,top5_accuracy,1,0.621301775147929,0.0,1,169,169
B2_corrected,pointnet,softmax,subject,top5_accuracy,2,0.5857988165680473,0.0,1,169,169
B2_corrected,pointnet,softmax,subject,top5_accuracy,3,0.6035502958579881,0.0,1,169,169
B2_corrected,pointnet,softmax,subject,top5_accuracy,4,0.6331360946745562,0.0,1,169,169
B2_corrected,pointnet,softmax,subject,top5_accuracy,5,0.6449704142011834,0.0,1,169,169
B2_corrected,pointnet2,knn11,scan,accuracy,1,0.3077894736842105,0.01506403690105123,5,475,169
B2_corrected,pointnet2,knn11,scan,accuracy,2,0.2863157894736842,0.0025784102555612438,5,475,169
B2_corrected,pointnet2,knn11,scan,accuracy,3,0.2863157894736842,0.0071392947190792345,5,475,169
B2_corrected,pointnet2,knn11,scan,accuracy,4,0.27326315789473676,0.00957836898195985,5,475,169
B2_corrected,pointnet2,knn11,scan,accuracy,5,0.3027368421052631,0.018377391867617002,5,475,169
B2_corrected,pointnet2,knn11,scan,f1_class::4p Deletion Wolff-Hirschhorn Syndrome,1,0.4414985994397759,0.06243223224627822,5,475,169
B2_corrected,pointnet2,knn11,scan,f1_class::4p Deletion Wolff-Hirschhorn Syndrome,2,0.13999999999999999,0.14220486005134358,5,475,169
B2_corrected,pointnet2,knn11,scan,f1_class::4p Deletion Wolff-Hirschhorn Syndrome,3,0.22904761904761903,0.15408643803231847,5,475,169
B2_corrected,pointnet2,knn11,scan,f1_class::4p Deletion Wolff-Hirschhorn Syndrome,4,0.21824397824397818,0.05044615536822046,5,475,169
B2_corrected,pointnet2,knn11,scan,f1_class::4p Deletion Wolff-Hirschhorn Syndrome,5,0.18378510378510376,0.05801634552073518,5,475,169
B2_corrected,pointnet2,knn11,scan,f1_class::5p-,1,0.34853801169590637,0.05432619491225072,5,475,169
B2_corrected,pointnet2,knn11,scan,f1_class::5p-,2,0.24868831168831168,0.07484723859062264,5,475,169
B2_corrected,pointnet2,knn11,scan,f1_class::5p-,3,0.2626270022883295,0.03877953118350691,5,475,169
B2_corrected,pointnet2,knn11,scan,f1_class::5p-,4,0.28805908050759305,0.07746942345149481,5,475,169
B2_corrected,pointnet2,knn11,scan,f1_class::5p-,5,0.21526695526695522,0.05020031752269342,5,475,169
B2_corrected,pointnet2,knn11,scan,f1_class::Achondroplasia,1,0.4530600118835412,0.038157087006541475,5,475,169
B2_corrected,pointnet2,knn11,scan,f1_class::Achondroplasia,2,0.3435453498611393,0.05236260414119362,5,475,169
B2_corrected,pointnet2,knn11,scan,f1_class::Achondroplasia,3,0.3091076665270213,0.06295007447996172,5,475,169
B2_corrected,pointnet2,knn11,scan,f1_class::Achondroplasia,4,0.23328532492619178,0.05787986261553993,5,475,169
B2_corrected,pointnet2,knn11,scan,f1_class::Achondroplasia,5,0.3189102564102564,0.013311897216214846,5,475,169
B2_corrected,pointnet2,knn11,scan,f1_class::Angelman Syndrome,1,0.021052631578947358,0.047075115315785024,5,475,169
B2_corrected,pointnet2,knn11,scan,f1_class::Angelman Syndrome,2,0.0,0.0,5,475,169
B2_corrected,pointnet2,knn11,scan,f1_class::Angelman Syndrome,3,0.0,0.0,5,475,169
B2_corrected,pointnet2,knn11,scan,f1_class::Angelman Syndrome,4,0.02,0.044721359549995794,5,475,169
B2_corrected,pointnet2,knn11,scan,f1_class::Angelman Syndrome,5,0.01739130434782608,0.03888813873912676,5,475,169
B2_corrected,pointnet2,knn11,scan,f1_class::Apert Syndrome,1,0.0,0.0,5,475,169
B2_corrected,pointnet2,knn11,scan,f1_class::Apert Syndrome,2,0.0,0.0,5,475,169
B2_corrected,pointnet2,knn11,scan,f1_class::Apert Syndrome,3,0.0,0.0,5,475,169
B2_corrected,pointnet2,knn11,scan,f1_class::Apert Syndrome,4,0.0,0.0,5,475,169
B2_corrected,pointnet2,knn11,scan,f1_class::Apert Syndrome,5,0.0,0.0,5,475,169
B2_corrected,pointnet2,knn11,scan,f1_class::Bohring-Opitz Syndrome,1,0.27666666666666667,0.03836954811073778,5,475,169
B2_corrected,pointnet2,knn11,scan,f1_class::Bohring-Opitz Syndrome,2,0.381890756302521,0.03252179553039571,5,475,169
B2_corrected,pointnet2,knn11,scan,f1_class::Bohring-Opitz Syndrome,3,0.1881370091896407,0.04160954558497366,5,475,169
B2_corrected,pointnet2,knn11,scan,f1_class::Bohring-Opitz Syndrome,4,0.25745098039215686,0.027077288385810264,5,475,169
B2_corrected,pointnet2,knn11,scan,f1_class::Bohring-Opitz Syndrome,5,0.3079670329670329,0.1081611933120142,5,475,169
B2_corrected,pointnet2,knn11,scan,f1_class::CDKL5,1,0.0,0.0,5,475,169
B2_corrected,pointnet2,knn11,scan,f1_class::CDKL5,2,0.0,0.0,5,475,169
B2_corrected,pointnet2,knn11,scan,f1_class::CDKL5,3,0.0,0.0,5,475,169
B2_corrected,pointnet2,knn11,scan,f1_class::CDKL5,4,0.0,0.0,5,475,169
B2_corrected,pointnet2,knn11,scan,f1_class::CDKL5,5,0.0,0.0,5,475,169
B2_corrected,pointnet2,knn11,scan,f1_class::CFC,1,0.13400155081189563,0.04205370610769902,5,475,169
B2_corrected,pointnet2,knn11,scan,f1_class::CFC,2,0.19295238095238093,0.0943905141473323,5,475,169
B2_corrected,pointnet2,knn11,scan,f1_class::CFC,3,0.15613774309426479,0.05146461363686265,5,475,169
B2_corrected,pointnet2,knn11,scan,f1_class::CFC,4,0.11062378167641322,0.07805642435836276,5,475,169
B2_corrected,pointnet2,knn11,scan,f1_class::CFC,5,0.12436363636363637,0.11546241920180732,5,475,169
B2_corrected,pointnet2,knn11,scan,f1_class::CHARGE Syndrome,1,0.09176691729323304,0.05177341461128657,5,475,169
B2_corrected,pointnet2,knn11,scan,f1_class::CHARGE Syndrome,2,0.048529411764705876,0.04969358967383298,5,475,169
B2_corrected,pointnet2,knn11,scan,f1_class::CHARGE Syndrome,3,0.1848851039980072,0.07496281660746502,5,475,169
B2_corrected,pointnet2,knn11,scan,f1_class::CHARGE Syndrome,4,0.13458154748477327,0.04934612813610537,5,475,169
B2_corrected,pointnet2,knn11,scan,f1_class::CHARGE Syndrome,5,0.10642771804062123,0.08728685706670168,5,475,169
B2_corrected,pointnet2,knn11,scan,f1_class::CdLS,1,0.19433077208681804,0.03457777575794874,5,475,169
B2_corrected,pointnet2,knn11,scan,f1_class::CdLS,2,0.14912698412698408,0.022357158352626864,5,475,169
B2_corrected,pointnet2,knn11,scan,f1_class::CdLS,3,0.09845670908778091,0.040431441197172686,5,475,169
B2_corrected,pointnet2,knn11,scan,f1_class::CdLS,4,0.1474088822520878,0.032277389965015495,5,475,169
B2_corrected,pointnet2,knn11,scan,f1_class::CdLS,5,0.17505361140567924,0.04276053112036979,5,475,169
B2_corrected,pointnet2,knn11,scan,f1_class::Cockayne Syndrome,1,0.43727389427004315,0.055421269563870966,5,475,169
B2_corrected,pointnet2,knn11,scan,f1_class::Cockayne Syndrome,2,0.37715962202804304,0.07162606933980195,5,475,169
B2_corrected,pointnet2,knn11,scan,f1_class::Cockayne Syndrome,3,0.5079349479349479,0.02805089138046124,5,475,169
B2_corrected,pointnet2,knn11,scan,f1_class::Cockayne Syndrome,4,0.5092352092352093,0.09630129357422472,5,475,169
B2_corrected,pointnet2,knn11,scan,f1_class::Cockayne Syndrome,5,0.4757394662204099,0.0729355670267319,5,475,169
B2_corrected,pointnet2,knn11,scan,f1_class::Cohen Syndrome,1,0.4381826485052291,0.03262764377627585,5,475,169
B2_corrected,pointnet2,knn11,scan,f1_class::Cohen Syndrome,2,0.42608585858585857,0.046099831837650415,5,475,169
B2_corrected,pointnet2,knn11,scan,f1_class::Cohen Syndrome,3,0.351688660801564,0.06716028083750566,5,475,169
B2_corrected,pointnet2,knn11,scan,f1_class::Cohen Syndrome,4,0.468477229601518,0.0752940789420101,5,475,169
B2_corrected,pointnet2,knn11,scan,f1_class::Cohen Syndrome,5,0.3449778832668033,0.057837460417620085,5,475,169
B2_corrected,pointnet2,knn11,scan,f1_class::Costello Syndrome,1,0.26628704628704625,0.025359299234787084,5,475,169
B2_corrected,pointnet2,knn11,scan,f1_class::Costello Syndrome,2,0.25235105418021725,0.0386845050255036,5,475,169
B2_corrected,pointnet2,knn11,scan,f1_class::Costello Syndrome,3,0.21190695234189394,0.03343642292822363,5,475,169
B2_corrected,pointnet2,knn11,scan,f1_class::Costello Syndrome,4,0.17581438731166849,0.01737706255093177,5,475,169
B2_corrected,pointnet2,knn11,scan,f1_class::Costello Syndrome,5,0.25163875463361635,0.01977759608950858,5,475,169
B2_corrected,pointnet2,knn11,scan,f1_class::Crouzon Syndrome,1,0.0,0.0,5,475,169
B2_corrected,pointnet2,knn11,scan,f1_class::Crouzon Syndrome,2,0.0,0.0,5,475,169
B2_corrected,pointnet2,knn11,scan,f1_class::Crouzon Syndrome,3,0.0,0.0,5,475,169
B2_corrected,pointnet2,knn11,scan,f1_class::Crouzon Syndrome,4,0.0,0.0,5,475,169
B2_corrected,pointnet2,knn11,scan,f1_class::Crouzon Syndrome,5,0.0,0.0,5,475,169
B2_corrected,pointnet2,knn11,scan,f1_class::Down Syndrome,1,0.6738375350140056,0.06883966502940854,5,475,169
B2_corrected,pointnet2,knn11,scan,f1_class::Down Syndrome,2,0.6352941176470588,0.0597958850273604,5,475,169
B2_corrected,pointnet2,knn11,scan,f1_class::Down Syndrome,3,0.6386147186147186,0.036144464215634456,5,475,169
B2_corrected,pointnet2,knn11,scan,f1_class::Down Syndrome,4,0.6131238859180035,0.03180539227022013,5,475,169
B2_corrected,pointnet2,knn11,scan,f1_class::Down Syndrome,5,0.6343904275792821,0.04921380189621143,5,475,169
B2_corrected,pointnet2,knn11,scan,f1_class::Ehlers-Danlos Syndrome,1,0.30476080348883305,0.04263325238760197,5,475,169
B2_corrected,pointnet2,knn11,scan,f1_class::Ehlers-Danlos Syndrome,2,0.3118471953578337,0.016914929251850213,5,475,169
B2_corrected,pointnet2,knn11,scan,f1_class::Ehlers-Danlos Syndrome,3,0.3717706142096386,0.057034289116476906,5,475,169
B2_corrected,pointnet2,knn11,scan,f1_class::Ehlers-Danlos Syndrome,4,0.28499069164604685,0.04006062823597291,5,475,169
B2_corrected,pointnet2,knn11,scan,f1_class::Ehlers-Danlos Syndrome,5,0.3644798814192632,0.01724853231188152,5,475,169
B2_corrected,pointnet2,knn11,scan,"f1_class::Facial Dysmorphia, possibly genetic",1,0.1650964577113187,0.08115680197673929,5,475,169
B2_corrected,pointnet2,knn11,scan,"f1_class::Facial Dysmorphia, possibly genetic",2,0.15631415590841613,0.040033893403167244,5,475,169
B2_corrected,pointnet2,knn11,scan,"f1_class::Facial Dysmorphia, possibly genetic",3,0.10710801393728223,0.02001225813809606,5,475,169
B2_corrected,pointnet2,knn11,scan,"f1_class::Facial Dysmorphia, possibly genetic",4,0.12570267131242738,0.02692098345955883,5,475,169
B2_corrected,pointnet2,knn11,scan,"f1_class::Facial Dysmorphia, possibly genetic",5,0.12021356093959605,0.040694761371120984,5,475,169
B2_corrected,pointnet2,knn11,scan,f1_class::Jacobsen Syndrome,1,0.3120020481310804,0.07221999962819652,5,475,169
B2_corrected,pointnet2,knn11,scan,f1_class::Jacobsen Syndrome,2,0.32521532766249117,0.05137281098515821,5,475,169
B2_corrected,pointnet2,knn11,scan,f1_class::Jacobsen Syndrome,3,0.27843282659745394,0.08143186917118175,5,475,169
B2_corrected,pointnet2,knn11,scan,f1_class::Jacobsen Syndrome,4,0.30364720353596886,0.03546299828467,5,475,169
B2_corrected,pointnet2,knn11,scan,f1_class::Jacobsen Syndrome,5,0.3318045182477885,0.07068047463422587,5,475,169
B2_corrected,pointnet2,knn11,scan,f1_class::Joubert Syndrome,1,0.0604469744887202,0.06186151913738727,5,475,169
B2_corrected,pointnet2,knn11,scan,f1_class::Joubert Syndrome,2,0.07314285714285712,0.0715313546207364,5,475,169
B2_corrected,pointnet2,knn11,scan,f1_class::Joubert Syndrome,3,0.02462121212121212,0.03372063222493344,5,475,169
B2_corrected,pointnet2,knn11,scan,f1_class::Joubert Syndrome,4,0.0125,0.027950849718747377,5,475,169
B2_corrected,pointnet2,knn11,scan,f1_class::Joubert Syndrome,5,0.1039127539127539,0.05192488993661744,5,475,169
B2_corrected,pointnet2,knn11,scan,f1_class::Loeys-Dietz Syndrome,1,0.35422924901185765,0.06755679609522458,5,475,169
B2_corrected,pointnet2,knn11,scan,f1_class::Loeys-Dietz Syndrome,2,0.23393973176581867,0.0994032662643968,5,475,169
B2_corrected,pointnet2,knn11,scan,f1_class::Loeys-Dietz Syndrome,3,0.3893187514240145,0.02191292753742729,5,475,169
B2_corrected,pointnet2,knn11,scan,f1_class::Loeys-Dietz Syndrome,4,0.19987012987012986,0.14715953413590746,5,475,169
B2_corrected,pointnet2,knn11,scan,f1_class::Loeys-Dietz Syndrome,5,0.30991674991674995,0.10195027600489938,5,475,169
B2_corrected,pointnet2,knn11,scan,f1_class::Marfan Syndrome,1,0.13058567358567358,0.032538846396365007,5,475,169
B2_corrected,pointnet2,knn11,scan,f1_class::Marfan Syndrome,2,0.1013345983554712,0.03642393504351962,5,475,169
B2_corrected,pointnet2,knn11,scan,f1_class::Marfan Syndrome,3,0.13152353023320762,0.04852834505615126,5,475,169
B2_corrected,pointnet2,knn11,scan,f1_class::Marfan Syndrome,4,0.125905444615122,0.043552463869470044,5,475,169
B2_corrected,pointnet2,knn11,scan,f1_class::Marfan Syndrome,5,0.1871076993847392,0.05949489033528023,5,475,169
B2_corrected,pointnet2,knn11,scan,f1_class::Mucopolysaccharidosis type IIIB (Sanfilippo B),1,0.0,0.0,5,475,169
B2_corrected,pointnet2,knn11,scan,f1_class::Mucopolysaccharidosis type IIIB (Sanfilippo B),2,0.0,0.0,5,475,169
B2_corrected,pointnet2,knn11,scan,f1_class::Mucopolysaccharidosis type IIIB (Sanfilippo B),3,0.0,0.0,5,475,169
B2_corrected,pointnet2,knn11,scan,f1_class::Mucopolysaccharidosis type IIIB (Sanfilippo B),4,0.0,0.0,5,475,169
B2_corrected,pointnet2,knn11,scan,f1_class::Mucopolysaccharidosis type IIIB (Sanfilippo B),5,0.0,0.0,5,475,169
B2_corrected,pointnet2,knn11,scan,f1_class::Noonan Syndrome,1,0.3999577167019027,0.017375040176948933,5,475,169
B2_corrected,pointnet2,knn11,scan,f1_class::Noonan Syndrome,2,0.36928352410781073,0.04898046318279884,5,475,169
B2_corrected,pointnet2,knn11,scan,f1_class::Noonan Syndrome,3,0.3638469842566578,0.02304651909788721,5,475,169
B2_corrected,pointnet2,knn11,scan,f1_class::Noonan Syndrome,4,0.3264541062801932,0.014342278405021176,5,475,169
B2_corrected,pointnet2,knn11,scan,f1_class::Noonan Syndrome,5,0.2972065088344158,0.02269789681003816,5,475,169
B2_corrected,pointnet2,knn11,scan,f1_class::Pallister-Killian Syndrome,1,0.2926811076336693,0.09944636895707697,5,475,169
B2_corrected,pointnet2,knn11,scan,f1_class::Pallister-Killian Syndrome,2,0.3826043211801725,0.08321320594815584,5,475,169
B2_corrected,pointnet2,knn11,scan,f1_class::Pallister-Killian Syndrome,3,0.28779089348349307,0.0289518037934066,5,475,169
B2_corrected,pointnet2,knn11,scan,f1_class::Pallister-Killian Syndrome,4,0.29744623655913977,0.0459374460060847,5,475,169
B2_corrected,pointnet2,knn11,scan,f1_class::Pallister-Killian Syndrome,5,0.24600649350649348,0.05534162101007648,5,475,169
B2_corrected,pointnet2,knn11,scan,f1_class::Phelan McDermid Syndrome,1,0.5710159380841613,0.051173050182979116,5,475,169
B2_corrected,pointnet2,knn11,scan,f1_class::Phelan McDermid Syndrome,2,0.5644198705584844,0.02422114681526078,5,475,169
B2_corrected,pointnet2,knn11,scan,f1_class::Phelan McDermid Syndrome,3,0.5372113148428939,0.010641119590182397,5,475,169
B2_corrected,pointnet2,knn11,scan,f1_class::Phelan McDermid Syndrome,4,0.5308845991284017,0.017138053066515196,5,475,169
B2_corrected,pointnet2,knn11,scan,f1_class::Phelan McDermid Syndrome,5,0.5960383227951174,0.022471004900126167,5,475,169
B2_corrected,pointnet2,knn11,scan,f1_class::Pitt Hopkins,1,0.5095238095238095,0.10916665945428192,5,475,169
B2_corrected,pointnet2,knn11,scan,f1_class::Pitt Hopkins,2,0.5,0.08727959974619476,5,475,169
B2_corrected,pointnet2,knn11,scan,f1_class::Pitt Hopkins,3,0.4882696938424493,0.05032104809432967,5,475,169
B2_corrected,pointnet2,knn11,scan,f1_class::Pitt Hopkins,4,0.504529228208862,0.0781064393517369,5,475,169
B2_corrected,pointnet2,knn11,scan,f1_class::Pitt Hopkins,5,0.5141520467836257,0.10491370071144192,5,475,169
B2_corrected,pointnet2,knn11,scan,f1_class::Rett Syndrome,1,0.05,0.06846531968814577,5,475,169
B2_corrected,pointnet2,knn11,scan,f1_class::Rett Syndrome,2,0.02352941176470588,0.052613364176465637,5,475,169
B2_corrected,pointnet2,knn11,scan,f1_class::Rett Syndrome,3,0.24874637574327974,0.1019525497288645,5,475,169
B2_corrected,pointnet2,knn11,scan,f1_class::Rett Syndrome,4,0.07058823529411765,0.10522672835293127,5,475,169
B2_corrected,pointnet2,knn11,scan,f1_class::Rett Syndrome,5,0.08888888888888888,0.09296222517045284,5,475,169
B2_corrected,pointnet2,knn11,scan,f1_class::Rubinstein-Taybi Syndrome,1,0.07636363636363637,0.10476262029736678,5,475,169
B2_corrected,pointnet2,knn11,scan,f1_class::Rubinstein-Taybi Syndrome,2,0.03636363636363636,0.08131156281817417,5,475,169
B2_corrected,pointnet2,knn11,scan,f1_class::Rubinstein-Taybi Syndrome,3,0.04444444444444444,0.09938079899999064,5,475,169
B2_corrected,pointnet2,knn11,scan,f1_class::Rubinstein-Taybi Syndrome,4,0.04444444444444444,0.09938079899999064,5,475,169
B2_corrected,pointnet2,knn11,scan,f1_class::Rubinstein-Taybi Syndrome,5,0.18119658119658116,0.19210815859263314,5,475,169
B2_corrected,pointnet2,knn11,scan,f1_class::Smith-Lemli-Opitz,1,0.0,0.0,5,475,169
B2_corrected,pointnet2,knn11,scan,f1_class::Smith-Lemli-Opitz,2,0.0,0.0,5,475,169
B2_corrected,pointnet2,knn11,scan,f1_class::Smith-Lemli-Opitz,3,0.02857142857142856,0.06388765649999396,5,475,169
B2_corrected,pointnet2,knn11,scan,f1_class::Smith-Lemli-Opitz,4,0.1346320346320346,0.07692970781274272,5,475,169
B2_corrected,pointnet2,knn11,scan,f1_class::Smith-Lemli-Opitz,5,0.06666666666666664,0.09128709291752765,5,475,169
B2_corrected,pointnet2,knn11,scan,f1_class::Tetrasomy 18p,1,0.14766899766899763,0.06909662625886843,5,475,169
B2_corrected,pointnet2,knn11,scan,f1_class::Tetrasomy 18p,2,0.09377777777777777,0.09948509411272265,5,475,169
B2_corrected,pointnet2,knn11,scan,f1_class::Tetrasomy 18p,3,0.19357711254262971,0.04455575237589541,5,475,169
B2_corrected,pointnet2,knn11,scan,f1_class::Tetrasomy 18p,4,0.24967560664112387,0.07774256438417364,5,475,169
B2_corrected,pointnet2,knn11,scan,f1_class::Tetrasomy 18p,5,0.33715241508789895,0.04108008804524555,5,475,169
B2_corrected,pointnet2,knn11,scan,f1_class::Trisomy 18,1,0.09999999999999999,0.14907119849998596,5,475,169
B2_corrected,pointnet2,knn11,scan,f1_class::Trisomy 18,2,0.1706293706293706,0.10985922733793277,5,475,169
B2_corrected,pointnet2,knn11,scan,f1_class::Trisomy 18,3,0.17344322344322344,0.11720466977068575,5,475,169
B2_corrected,pointnet2,knn11,scan,f1_class::Trisomy 18,4,0.15238095238095234,0.17544888978038606,5,475,169
B2_corrected,pointnet2,knn11,scan,f1_class::Trisomy 18,5,0.13267399267399266,0.0772053081660274,5,475,169
B2_corrected,pointnet2,knn11,scan,f1_class::Turner Syndrome,1,0.14600732600732597,0.09536114901835226,5,475,169
B2_corrected,pointnet2,knn11,scan,f1_class::Turner Syndrome,2,0.34630036630036626,0.11200396674612283,5,475,169
B2_corrected,pointnet2,knn11,scan,f1_class::Turner Syndrome,3,0.16857142857142854,0.10991648035240767,5,475,169
B2_corrected,pointnet2,knn11,scan,f1_class::Turner Syndrome,4,0.1810644257703081,0.16836686641314064,5,475,169
B2_corrected,pointnet2,knn11,scan,f1_class::Turner Syndrome,5,0.30666666666666664,0.06274950199005568,5,475,169
B2_corrected,pointnet2,knn11,scan,f1_class::Williams Syndrome,1,0.34957106128970805,0.03573902005291762,5,475,169
B2_corrected,pointnet2,knn11,scan,f1_class::Williams Syndrome,2,0.308078958078958,0.042177620271466536,5,475,169
B2_corrected,pointnet2,knn11,scan,f1_class::Williams Syndrome,3,0.384814064566945,0.04303385500997664,5,475,169
B2_corrected,pointnet2,knn11,scan,f1_class::Williams Syndrome,4,0.2787117413002937,0.04691798712992026,5,475,169
B2_corrected,pointnet2,knn11,scan,f1_class::Williams Syndrome,5,0.3524563671622495,0.04465424468743331,5,475,169
B2_corrected,pointnet2,knn11,scan,macro_auc,1,0.7965663928359162,0.0019583587203563114,5,475,169
B2_corrected,pointnet2,knn11,scan,macro_auc,2,0.7957617924569668,0.00226023737078474,5,475,169
B2_corrected,pointnet2,knn11,scan,macro_auc,3,0.7828900474261848,0.00292869476969163,5,475,169
B2_corrected,pointnet2,knn11,scan,macro_auc,4,0.7708440398544829,0.0016732048050683791,5,475,169
B2_corrected,pointnet2,knn11,scan,macro_auc,5,0.7719273296555906,0.0030636522459417267,5,475,169
B2_corrected,pointnet2,knn11,scan,macro_f1,1,0.23473960864314553,0.013238661801729336,5,475,169
B2_corrected,pointnet2,knn11,scan,macro_f1,2,0.21795166515428455,0.009020808156884998,5,475,169
B2_corrected,pointnet2,knn11,scan,macro_f1,3,0.22304866805325668,0.006992856996909109,5,475,169
B2_corrected,pointnet2,knn11,scan,macro_f1,4,0.2121130920960351,0.011757185211600586,5,475,169
B2_corrected,pointnet2,knn11,scan,macro_f1,5,0.23310461407183972,0.018362743033648644,5,475,169
B2_corrected,pointnet2,knn11,subject,accuracy,1,0.3431952662721893,0.016204809393643965,5,169,169
B2_corrected,pointnet2,knn11,subject,accuracy,2,0.3491124260355029,0.015085856549091097,5,169,169
B2_corrected,pointnet2,knn11,subject,accuracy,3,0.3455621301775148,0.015987285309001523,5,169,169
B2_corrected,pointnet2,knn11,subject,accuracy,4,0.3076923076923077,0.007247011073323004,5,169,169
B2_corrected,pointnet2,knn11,subject,accuracy,5,0.3266272189349112,0.02558786782300554,5,169,169
B2_corrected,pointnet2,knn11,subject,f1_class::4p Deletion Wolff-Hirschhorn Syndrome,1,0.42000000000000004,0.04472135954999579,5,169,169
B2_corrected,pointnet2,knn11,subject,f1_class::4p Deletion Wolff-Hirschhorn Syndrome,2,0.1,0.223606797749979,5,169,169
B2_corrected,pointnet2,knn11,subject,f1_class::4p Deletion Wolff-Hirschhorn Syndrome,3,0.13333333333333333,0.18257418583505536,5,169,169
B2_corrected,pointnet2,knn11,subject,f1_class::4p Deletion Wolff-Hirschhorn Syndrome,4,0.05714285714285714,0.12777531299998798,5,169,169
B2_corrected,pointnet2,knn11,subject,f1_class::4p Deletion Wolff-Hirschhorn Syndrome,5,0.28380952380952384,0.16583465797850605,5,169,169
B2_corrected,pointnet2,knn11,subject,f1_class::5p-,1,0.13333333333333333,0.18257418583505536,5,169,169
B2_corrected,pointnet2,knn11,subject,f1_class::5p-,2,0.23145743145743145,0.13875942692854373,5,169,169
B2_corrected,pointnet2,knn11,subject,f1_class::5p-,3,0.4477777777777778,0.1275118004706202,5,169,169
B2_corrected,pointnet2,knn11,subject,f1_class::5p-,4,0.5819047619047619,0.06008308684033334,5,169,169
B2_corrected,pointnet2,knn11,subject,f1_class::5p-,5,0.22777777777777777,0.1576251217679012,5,169,169
B2_corrected,pointnet2,knn11,subject,f1_class::Achondroplasia,1,0.5047242612460003,0.0482530556752564,5,169,169
B2_corrected,pointnet2,knn11,subject,f1_class::Achondroplasia,2,0.5253434970826275,0.04134785103586044,5,169,169
B2_corrected,pointnet2,knn11,subject,f1_class::Achondroplasia,3,0.36041639519900387,0.055767800738480186,5,169,169
B2_corrected,pointnet2,knn11,subject,f1_class::Achondroplasia,4,0.33973852234721796,0.10802406452267986,5,169,169
B2_corrected,pointnet2,knn11,subject,f1_class::Achondroplasia,5,0.4037239401689529,0.07051243857652166,5,169,169
B2_corrected,pointnet2,knn11,subject,f1_class::Angelman Syndrome,1,0.05714285714285714,0.12777531299998798,5,169,169
B2_corrected,pointnet2,knn11,subject,f1_class::Angelman Syndrome,2,0.14444444444444443,0.2208289657150199,5,169,169
B2_corrected,pointnet2,knn11,subject,f1_class::Angelman Syndrome,3,0.0,0.0,5,169,169
B2_corrected,pointnet2,knn11,subject,f1_class::Angelman Syndrome,4,0.0,0.0,5,169,169
B2_corrected,pointnet2,knn11,subject,f1_class::Angelman Syndrome,5,0.05,0.11180339887498951,5,169,169
B2_corrected,pointnet2,knn11,subject,f1_class::Apert Syndrome,1,0.5333333333333333,0.5055250296034367,5,169,169
B2_corrected,pointnet2,knn11,subject,f1_class::Apert Syndrome,2,0.0,0.0,5,169,169
B2_corrected,pointnet2,knn11,subject,f1_class::Apert Syndrome,3,0.0,0.0,5,169,169
B2_corrected,pointnet2,knn11,subject,f1_class::Apert Syndrome,4,0.0,0.0,5,169,169
B2_corrected,pointnet2,knn11,subject,f1_class::Apert Syndrome,5,0.2,0.447213595499958,5,169,169
B2_corrected,pointnet2,knn11,subject,f1_class::Bohring-Opitz Syndrome,1,0.13333333333333333,0.29814239699997197,5,169,169
B2_corrected,pointnet2,knn11,subject,f1_class::Bohring-Opitz Syndrome,2,0.2,0.447213595499958,5,169,169
B2_corrected,pointnet2,knn11,subject,f1_class::Bohring-Opitz Syndrome,3,0.0,0.0,5,169,169
B2_corrected,pointnet2,knn11,subject,f1_class::Bohring-Opitz Syndrome,4,0.4666666666666666,0.4472135954999579,5,169,169
B2_corrected,pointnet2,knn11,subject,f1_class::Bohring-Opitz Syndrome,5,0.0,0.0,5,169,169
B2_corrected,pointnet2,knn11,subject,f1_class::CDKL5,1,0.0,0.0,5,169,169
B2_corrected,pointnet2,knn11,subject,f1_class::CDKL5,2,0.0,0.0,5,169,169
B2_corrected,pointnet2,knn11,subject,f1_class::CDKL5,3,0.0,0.0,5,169,169
B2_corrected,pointnet2,knn11,subject,f1_class::CDKL5,4,0.0,0.0,5,169,169
B2_corrected,pointnet2,knn11,subject,f1_class::CDKL5,5,0.0,0.0,5,169,169
B2_corrected,pointnet2,knn11,subject,f1_class::CFC,1,0.20076923076923076,0.03401183226066793,5,169,169
B2_corrected,pointnet2,knn11,subject,f1_class::CFC,2,0.19666666666666668,0.12270108212870641,5,169,169
B2_corrected,pointnet2,knn11,subject,f1_class::CFC,3,0.28809523809523807,0.02964261809044936,5,169,169
B2_corrected,pointnet2,knn11,subject,f1_class::CFC,4,0.13333333333333333,0.12638125740085918,5,169,169
B2_corrected,pointnet2,knn11,subject,f1_class::CFC,5,0.29047619047619044,0.04175161408750042,5,169,169
B2_corrected,pointnet2,knn11,subject,f1_class::CHARGE Syndrome,1,0.1433333333333333,0.09098229375970786,5,169,169
B2_corrected,pointnet2,knn11,subject,f1_class::CHARGE Syndrome,2,0.03636363636363636,0.08131156281817417,5,169,169
B2_corrected,pointnet2,knn11,subject,f1_class::CHARGE Syndrome,3,0.09487179487179484,0.08676371443942885,5,169,169
B2_corrected,pointnet2,knn11,subject,f1_class::CHARGE Syndrome,4,0.13914141414141412,0.08520809735651197,5,169,169
B2_corrected,pointnet2,knn11,subject,f1_class::CHARGE Syndrome,5,0.10713286713286711,0.09917060324559522,5,169,169
B2_corrected,pointnet2,knn11,subject,f1_class::CdLS,1,0.16936507936507933,0.06475820873362313,5,169,169
B2_corrected,pointnet2,knn11,subject,f1_class::CdLS,2,0.18908496732026142,0.059410470444713114,5,169,169
B2_corrected,pointnet2,knn11,subject,f1_class::CdLS,3,0.15636363636363637,0.0519853762018029,5,169,169
B2_corrected,pointnet2,knn11,subject,f1_class::CdLS,4,0.12489304812834223,0.0783139743844519,5,169,169
B2_corrected,pointnet2,knn11,subject,f1_class::CdLS,5,0.2049231813937696,0.09295459062400604,5,169,169
B2_corrected,pointnet2,knn11,subject,f1_class::Cockayne Syndrome,1,0.42142857142857143,0.14374722712498647,5,169,169
B2_corrected,pointnet2,knn11,subject,f1_class::Cockayne Syndrome,2,0.38317460317460317,0.095763103189468,5,169,169
B2_corrected,pointnet2,knn11,subject,f1_class::Cockayne Syndrome,3,0.4863492063492063,0.07975775871716674,5,169,169
B2_corrected,pointnet2,knn11,subject,f1_class::Cockayne Syndrome,4,0.3180952380952381,0.050214957434148846,5,169,169
B2_corrected,pointnet2,knn11,subject,f1_class::Cockayne Syndrome,5,0.39333333333333337,0.06831300510639733,5,169,169
B2_corrected,pointnet2,knn11,subject,f1_class::Cohen Syndrome,1,0.5070707070707071,0.04173930002301895,5,169,169
B2_corrected,pointnet2,knn11,subject,f1_class::Cohen Syndrome,2,0.5888888888888889,0.14881216928865415,5,169,169
B2_corrected,pointnet2,knn11,subject,f1_class::Cohen Syndrome,3,0.5133333333333333,0.11925695879998875,5,169,169
B2_corrected,pointnet2,knn11,subject,f1_class::Cohen Syndrome,4,0.6642857142857143,0.12005525938551151,5,169,169
B2_corrected,pointnet2,knn11,subject,f1_class::Cohen Syndrome,5,0.40476190476190477,0.12371791482634838,5,169,169
B2_corrected,pointnet2,knn11,subject,f1_class::Costello Syndrome,1,0.32690787473396166,0.02689919863973095,5,169,169
B2_corrected,pointnet2,knn11,subject,f1_class::Costello Syndrome,2,0.3737142857142857,0.07576548134385015,5,169,169
B2_corrected,pointnet2,knn11,subject,f1_class::Costello Syndrome,3,0.25753846153846155,0.02847920449656902,5,169,169
B2_corrected,pointnet2,knn11,subject,f1_class::Costello Syndrome,4,0.2965716721471197,0.044973282837691406,5,169,169
B2_corrected,pointnet2,knn11,subject,f1_class::Costello Syndrome,5,0.2588794833352554,0.04336040150922244,5,169,169
B2_corrected,pointnet2,knn11,subject,f1_class::Crouzon Syndrome,1,0.0,0.0,5,169,169
B2_corrected,pointnet2,knn11,subject,f1_class::Crouzon Syndrome,2,0.0,0.0,5,169,169
B2_corrected,pointnet2,knn11,subject,f1_class::Crouzon Syndrome,3,0.0,0.0,5,169,169
B2_corrected,pointnet2,knn11,subject,f1_class::Crouzon Syndrome,4,0.0,0.0,5,169,169
B2_corrected,pointnet2,knn11,subject,f1_class::Crouzon Syndrome,5,0.0,0.0,5,169,169
B2_corrected,pointnet2,knn11,subject,f1_class::Down Syndrome,1,0.731439393939394,0.05593377339700867,5,169,169
B2_corrected,pointnet2,knn11,subject,f1_class::Down Syndrome,2,0.6984500752470064,0.051982029502469385,5,169,169
B2_corrected,pointnet2,knn11,subject,f1_class::Down Syndrome,3,0.7295596357665323,0.018238701651348065,5,169,169
B2_corrected,pointnet2,knn11,subject,f1_class::Down Syndrome,4,0.6763218390804597,0.05692615043413791,5,169,169
B2_corrected,pointnet2,knn11,subject,f1_class::Down Syndrome,5,0.7389211076280041,0.03740309574000285,5,169,169
B2_corrected,pointnet2,knn11,subject,f1_class::Ehlers-Danlos Syndrome,1,0.4585913312693498,0.06091360773489626,5,169,169
B2_corrected,pointnet2,knn11,subject,f1_class::Ehlers-Danlos Syndrome,2,0.4771241830065359,0.02345212433726689,5,169,169
B2_corrected,pointnet2,knn11,subject,f1_class::Ehlers-Danlos Syndrome,3,0.5084033613445378,0.03746334979018279,5,169,169
B2_corrected,pointnet2,knn11,subject,f1_class::Ehlers-Danlos Syndrome,4,0.4230065359477124,0.03283102238107312,5,169,169
B2_corrected,pointnet2,knn11,subject,f1_class::Ehlers-Danlos Syndrome,5,0.4743808049535604,0.05895094762724317,5,169,169
B2_corrected,pointnet2,knn11,subject,"f1_class::Facial Dysmorphia, possibly genetic",1,0.19532163742690054,0.04743695857467424,5,169,169
B2_corrected,pointnet2,knn11,subject,"f1_class::Facial Dysmorphia, possibly genetic",2,0.10662464985994395,0.06874396300652647,5,169,169
B2_corrected,pointnet2,knn11,subject,"f1_class::Facial Dysmorphia, possibly genetic",3,0.1587719298245614,0.06673780445865929,5,169,169
B2_corrected,pointnet2,knn11,subject,"f1_class::Facial Dysmorphia, possibly genetic",4,0.08305882352941177,0.09652652610663315,5,169,169
B2_corrected,pointnet2,knn11,subject,"f1_class::Facial Dysmorphia, possibly genetic",5,0.04458204334365324,0.06120328813945047,5,169,169
B2_corrected,pointnet2,knn11,subject,f1_class::Jacobsen Syndrome,1,0.30857142857142855,0.2902497165531496,5,169,169
B2_corrected,pointnet2,knn11,subject,f1_class::Jacobsen Syndrome,2,0.08,0.17888543819998318,5,169,169
B2_corrected,pointnet2,knn11,subject,f1_class::Jacobsen Syndrome,3,0.3066666666666667,0.17384539747207065,5,169,169
B2_corrected,pointnet2,knn11,subject,f1_class::Jacobsen Syndrome,4,0.3504761904761905,0.2407848090371121,5,169,169
B2_corrected,pointnet2,knn11,subject,f1_class::Jacobsen Syndrome,5,0.21333333333333332,0.19663841605003501,5,169,169
B2_corrected,pointnet2,knn11,subject,f1_class::Joubert Syndrome,1,0.09267399267399264,0.08501799148657017,5,169,169
B2_corrected,pointnet2,knn11,subject,f1_class::Joubert Syndrome,2,0.03333333333333332,0.07453559924999296,5,169,169
B2_corrected,pointnet2,knn11,subject,f1_class::Joubert Syndrome,3,0.10349650349650348,0.09516657810463774,5,169,169
B2_corrected,pointnet2,knn11,subject,f1_class::Joubert Syndrome,4,0.04,0.08944271909999159,5,169,169
B2_corrected,pointnet2,knn11,subject,f1_class::Joubert Syndrome,5,0.10606060606060604,0.09701703390049768,5,169,169
B2_corrected,pointnet2,knn11,subject,f1_class::Loeys-Dietz Syndrome,1,0.41042016806722686,0.04321648658722732,5,169,169
B2_corrected,pointnet2,knn11,subject,f1_class::Loeys-Dietz Syndrome,2,0.2828280542986425,0.1027112692950279,5,169,169
B2_corrected,pointnet2,knn11,subject,f1_class::Loeys-Dietz Syndrome,3,0.4163025210084033,0.05408788784570303,5,169,169
B2_corrected,pointnet2,knn11,subject,f1_class::Loeys-Dietz Syndrome,4,0.30857142857142855,0.18227586180270375,5,169,169
B2_corrected,pointnet2,knn11,subject,f1_class::Loeys-Dietz Syndrome,5,0.29882352941176465,0.11210474587832088,5,169,169
B2_corrected,pointnet2,knn11,subject,f1_class::Marfan Syndrome,1,0.09047619047619045,0.08316309141225225,5,169,169
B2_corrected,pointnet2,knn11,subject,f1_class::Marfan Syndrome,2,0.10098972922502332,0.05783127065122055,5,169,169
B2_corrected,pointnet2,knn11,subject,f1_class::Marfan Syndrome,3,0.22362637362637358,0.07035327557157038,5,169,169
B2_corrected,pointnet2,knn11,subject,f1_class::Marfan Syndrome,4,0.13870573870573866,0.016143095366093665,5,169,169
B2_corrected,pointnet2,knn11,subject,f1_class::Marfan Syndrome,5,0.13380952380952377,0.08883856285101142,5,169,169
B2_corrected,pointnet2,knn11,subject,f1_class::Mucopolysaccharidosis type IIIB (Sanfilippo B),1,0.0,0.0,5,169,169
B2_corrected,pointnet2,knn11,subject,f1_class::Mucopolysaccharidosis type IIIB (Sanfilippo B),2,0.0,0.0,5,169,169
B2_corrected,pointnet2,knn11,subject,f1_class::Mucopolysaccharidosis type IIIB (Sanfilippo B),3,0.0,0.0,5,169,169
B2_corrected,pointnet2,knn11,subject,f1_class::Mucopolysaccharidosis type IIIB (Sanfilippo B),4,0.0,0.0,5,169,169
B2_corrected,pointnet2,knn11,subject,f1_class::Mucopolysaccharidosis type IIIB (Sanfilippo B),5,0.0,0.0,5,169,169
B2_corrected,pointnet2,knn11,subject,f1_class::Noonan Syndrome,1,0.33376068376068374,0.07061634462143851,5,169,169
B2_corrected,pointnet2,knn11,subject,f1_class::Noonan Syndrome,2,0.3609324009324009,0.04079240759219013,5,169,169
B2_corrected,pointnet2,knn11,subject,f1_class::Noonan Syndrome,3,0.3467787114845938,0.07019140601590365,5,169,169
B2_corrected,pointnet2,knn11,subject,f1_class::Noonan Syndrome,4,0.26372549019607844,0.03942956382782393,5,169,169
B2_corrected,pointnet2,knn11,subject,f1_class::Noonan Syndrome,5,0.32175824175824175,0.04476184481090451,5,169,169
B2_corrected,pointnet2,knn11,subject,f1_class::Pallister-Killian Syndrome,1,0.36,0.0894427190999916,5,169,169
B2_corrected,pointnet2,knn11,subject,f1_class::Pallister-Killian Syndrome,2,0.5513131313131312,0.0862628628199155,5,169,169
B2_corrected,pointnet2,knn11,subject,f1_class::Pallister-Killian Syndrome,3,0.38603174603174606,0.059289485866304774,5,169,169
B2_corrected,pointnet2,knn11,subject,f1_class::Pallister-Killian Syndrome,4,0.4979797979797979,0.07926558107803412,5,169,169
B2_corrected,pointnet2,knn11,subject,f1_class::Pallister-Killian Syndrome,5,0.33992673992673994,0.21448755404469433,5,169,169
B2_corrected,pointnet2,knn11,subject,f1_class::Phelan McDermid Syndrome,1,0.4940676328502415,0.04348494849264855,5,169,169
B2_corrected,pointnet2,knn11,subject,f1_class::Phelan McDermid Syndrome,2,0.6564593301435406,0.07768040244882994,5,169,169
B2_corrected,pointnet2,knn11,subject,f1_class::Phelan McDermid Syndrome,3,0.6156811594202899,0.0625738295295004,5,169,169
B2_corrected,pointnet2,knn11,subject,f1_class::Phelan McDermid Syndrome,4,0.5063085063085062,0.07138246462127386,5,169,169
B2_corrected,pointnet2,knn11,subject,f1_class::Phelan McDermid Syndrome,5,0.5192491718807508,0.06773445257039339,5,169,169
B2_corrected,pointnet2,knn11,subject,f1_class::Pitt Hopkins,1,0.4309523809523809,0.2156701310848975,5,169,169
B2_corrected,pointnet2,knn11,subject,f1_class::Pitt Hopkins,2,0.48317460317460315,0.06475529066754425,5,169,169
B2_corrected,pointnet2,knn11,subject,f1_class::Pitt Hopkins,3,0.47857142857142854,0.17745683899251508,5,169,169
B2_corrected,pointnet2,knn11,subject,f1_class::Pitt Hopkins,4,0.35878787878787877,0.027574092523823833,5,169,169
B2_corrected,pointnet2,knn11,subject,f1_class::Pitt Hopkins,5,0.4076190476190476,0.12517762637799384,5,169,169
B2_corrected,pointnet2,knn11,subject,f1_class::Rett Syndrome,1,0.0,0.0,5,169,169
B2_corrected,pointnet2,knn11,subject,f1_class::Rett Syndrome,2,0.08,0.17888543819998318,5,169,169
B2_corrected,pointnet2,knn11,subject,f1_class::Rett Syndrome,3,0.3276190476190476,0.20741361614721754,5,169,169
B2_corrected,pointnet2,knn11,subject,f1_class::Rett Syndrome,4,0.0,0.0,5,169,169
B2_corrected,pointnet2,knn11,subject,f1_class::Rett Syndrome,5,0.08,0.17888543819998318,5,169,169
B2_corrected,pointnet2,knn11,subject,f1_class::Rubinstein-Taybi Syndrome,1,0.0,0.0,5,169,169
B2_corrected,pointnet2,knn11,subject,f1_class::Rubinstein-Taybi Syndrome,2,0.0,0.0,5,169,169
B2_corrected,pointnet2,knn11,subject,f1_class::Rubinstein-Taybi Syndrome,3,0.0,0.0,5,169,169
B2_corrected,pointnet2,knn11,subject,f1_class::Rubinstein-Taybi Syndrome,4,0.0,0.0,5,169,169
B2_corrected,pointnet2,knn11,subject,f1_class::Rubinstein-Taybi Syndrome,5,0.36666666666666664,0.3415650255319866,5,169,169
B2_corrected,pointnet2,knn11,subject,f1_class::Smith-Lemli-Opitz,1,0.24666666666666667,0.2328566559543064,5,169,169
B2_corrected,pointnet2,knn11,subject,f1_class::Smith-Lemli-Opitz,2,0.08,0.17888543819998318,5,169,169
B2_corrected,pointnet2,knn11,subject,f1_class::Smith-Lemli-Opitz,3,0.38,0.216794833886788,5,169,169
B2_corrected,pointnet2,knn11,subject,f1_class::Smith-Lemli-Opitz,4,0.38,0.216794833886788,5,169,169
B2_corrected,pointnet2,knn11,subject,f1_class::Smith-Lemli-Opitz,5,0.18,0.24899799195977465,5,169,169
B2_corrected,pointnet2,knn11,subject,f1_class::Tetrasomy 18p,1,0.0,0.0,5,169,169
B2_corrected,pointnet2,knn11,subject,f1_class::Tetrasomy 18p,2,0.08,0.17888543819998318,5,169,169
B2_corrected,pointnet2,knn11,subject,f1_class::Tetrasomy 18p,3,0.16,0.21908902300206648,5,169,169
B2_corrected,pointnet2,knn11,subject,f1_class::Tetrasomy 18p,4,0.0,0.0,5,169,169
B2_corrected,pointnet2,knn11,subject,f1_class::Tetrasomy 18p,5,0.0,0.0,5,169,169
B2_corrected,pointnet2,knn11,subject,f1_class::Trisomy 18,1,0.1,0.22360679774997902,5,169,169
B2_corrected,pointnet2,knn11,subject,f1_class::Trisomy 18,2,0.0,0.0,5,169,169
B2_corrected,pointnet2,knn11,subject,f1_class::Trisomy 18,3,0.0,0.0,5,169,169
B2_corrected,pointnet2,knn11,subject,f1_class::Trisomy 18,4,0.0,0.0,5,169,169
B2_corrected,pointnet2,knn11,subject,f1_class::Trisomy 18,5,0.0,0.0,5,169,169
B2_corrected,pointnet2,knn11,subject,f1_class::Turner Syndrome,1,0.1,0.223606797749979,5,169,169
B2_corrected,pointnet2,knn11,subject,f1_class::Turner Syndrome,2,0.48,0.04472135954999579,5,169,169
B2_corrected,pointnet2,knn11,subject,f1_class::Turner Syndrome,3,0.0,0.0,5,169,169
B2_corrected,pointnet2,knn11,subject,f1_class::Turner Syndrome,4,0.18,0.24899799195977465,5,169,169
B2_corrected,pointnet2,knn11,subject,f1_class::Turner Syndrome,5,0.38,0.216794833886788,5,169,169
B2_corrected,pointnet2,knn11,subject,f1_class::Williams Syndrome,1,0.4101587301587301,0.07466731454205477,5,169,169
B2_corrected,pointnet2,knn11,subject,f1_class::Williams Syndrome,2,0.4854935913759443,0.09230251097565552,5,169,169
B2_corrected,pointnet2,knn11,subject,f1_class::Williams Syndrome,3,0.3404761904761905,0.05994493883231494,5,169,169
B2_corrected,pointnet2,knn11,subject,f1_class::Williams Syndrome,4,0.30072254542842775,0.10763421252882349,5,169,169
B2_corrected,pointnet2,knn11,subject,f1_class::Williams Syndrome,5,0.4657133028650057,0.06253198867702,5,169,169
B2_corrected,pointnet2,knn11,subject,macro_auc,1,0.8477965931392172,0.002021358938815971,5,169,169
B2_corrected,pointnet2,knn11,subject,macro_auc,2,0.8412748196541242,0.0023435750592094486,5,169,169
B2_corrected,pointnet2,knn11,subject,macro_auc,3,0.8268229450780256,0.003983432794553772,5,169,169
B2_corrected,pointnet2,knn11,subject,macro_auc,4,0.8171651202895998,0.0023597322136945263,5,169,169
B2_corrected,pointnet2,knn11,subject,macro_auc,5,0.8166458170562712,0.003029544567986919,5,169,169
B2_corrected,pointnet2,knn11,subject,macro_f1,1,0.2519346106637251,0.018514991744865435,5,169,169
B2_corrected,pointnet2,knn11,subject,macro_f1,2,0.2426018637279682,0.016261265426132977,5,169,169
B2_corrected,pointnet2,knn11,subject,macro_f1,3,0.2490928621878382,0.020677862558113505,5,169,169
B2_corrected,pointnet2,knn11,subject,macro_f1,4,0.23119509100619076,0.011612857867346636,5,169,169
B2_corrected,pointnet2,knn11,subject,macro_f1,5,0.23926249458928703,0.03772169381844692,5,169,169
B2_corrected,pointnet2,proto,scan,accuracy,1,0.3288421052631579,0.0110801662037396,5,475,169
B2_corrected,pointnet2,proto,scan,accuracy,2,0.29684210526315785,0.009176629354822483,5,475,169
B2_corrected,pointnet2,proto,scan,accuracy,3,0.3431578947368421,0.00976170367946917,5,475,169
B2_corrected,pointnet2,proto,scan,accuracy,4,0.2976842105263158,0.006918600726381059,5,475,169
B2_corrected,pointnet2,proto,scan,accuracy,5,0.3157894736842105,0.008016603269330458,5,475,169
B2_corrected,pointnet2,proto,scan,f1_class::4p Deletion Wolff-Hirschhorn Syndrome,1,0.3450326797385621,0.07064424898737308,5,475,169
B2_corrected,pointnet2,proto,scan,f1_class::4p Deletion Wolff-Hirschhorn Syndrome,2,0.11327485380116957,0.011402290383254745,5,475,169
B2_corrected,pointnet2,proto,scan,f1_class::4p Deletion Wolff-Hirschhorn Syndrome,3,0.06713286713286712,0.09245590982399109,5,475,169
B2_corrected,pointnet2,proto,scan,f1_class::4p Deletion Wolff-Hirschhorn Syndrome,4,0.019047619047619042,0.04259177099999598,5,475,169
B2_corrected,pointnet2,proto,scan,f1_class::4p Deletion Wolff-Hirschhorn Syndrome,5,0.0,0.0,5,475,169
B2_corrected,pointnet2,proto,scan,f1_class::5p-,1,0.25898944193061835,0.03014405316591889,5,475,169
B2_corrected,pointnet2,proto,scan,f1_class::5p-,2,0.23543859649122806,0.036444527021353965,5,475,169
B2_corrected,pointnet2,proto,scan,f1_class::5p-,3,0.4861471861471861,0.020454259142731555,5,475,169
B2_corrected,pointnet2,proto,scan,f1_class::5p-,4,0.1982683982683982,0.049938587873483424,5,475,169
B2_corrected,pointnet2,proto,scan,f1_class::5p-,5,0.35346092503987236,0.061245306671739864,5,475,169
B2_corrected,pointnet2,proto,scan,f1_class::Achondroplasia,1,0.4935483870967742,0.03396896558909961,5,475,169
B2_corrected,pointnet2,proto,scan,f1_class::Achondroplasia,2,0.4818181818181818,0.038877982008767936,5,475,169
B2_corrected,pointnet2,proto,scan,f1_class::Achondroplasia,3,0.4712930333423692,0.07222177415157048,5,475,169
B2_corrected,pointnet2,proto,scan,f1_class::Achondroplasia,4,0.5039080459770116,0.04414152284236065,5,475,169
B2_corrected,pointnet2,proto,scan,f1_class::Achondroplasia,5,0.5116279069767442,0.043886684806431674,5,475,169
B2_corrected,pointnet2,proto,scan,f1_class::Angelman Syndrome,1,0.08510641091286249,0.024632068571203206,5,475,169
B2_corrected,pointnet2,proto,scan,f1_class::Angelman Syndrome,2,0.10797385620915032,0.007752747112265984,5,475,169
B2_corrected,pointnet2,proto,scan,f1_class::Angelman Syndrome,3,0.17718438252493976,0.05128274252920549,5,475,169
B2_corrected,pointnet2,proto,scan,f1_class::Angelman Syndrome,4,0.021052631578947358,0.047075115315785024,5,475,169
B2_corrected,pointnet2,proto,scan,f1_class::Angelman Syndrome,5,0.13260233918128653,0.044161969761345655,5,475,169
B2_corrected,pointnet2,proto,scan,f1_class::Apert Syndrome,1,0.0,0.0,5,475,169
B2_corrected,pointnet2,proto,scan,f1_class::Apert Syndrome,2,0.0,0.0,5,475,169
B2_corrected,pointnet2,proto,scan,f1_class::Apert Syndrome,3,0.0,0.0,5,475,169
B2_corrected,pointnet2,proto,scan,f1_class::Apert Syndrome,4,0.0,0.0,5,475,169
B2_corrected,pointnet2,proto,scan,f1_class::Apert Syndrome,5,0.0,0.0,5,475,169
B2_corrected,pointnet2,proto,scan,f1_class::Bohring-Opitz Syndrome,1,0.3771842650103519,0.09326109880429528,5,475,169
B2_corrected,pointnet2,proto,scan,f1_class::Bohring-Opitz Syndrome,2,0.3465647782169521,0.06273212000030888,5,475,169
B2_corrected,pointnet2,proto,scan,f1_class::Bohring-Opitz Syndrome,3,0.30724637681159417,0.042747481750007595,5,475,169
B2_corrected,pointnet2,proto,scan,f1_class::Bohring-Opitz Syndrome,4,0.20156376956376953,0.050111514013430905,5,475,169
B2_corrected,pointnet2,proto,scan,f1_class::Bohring-Opitz Syndrome,5,0.26078431372549016,0.04121730001878021,5,475,169
B2_corrected,pointnet2,proto,scan,f1_class::CDKL5,1,0.0,0.0,5,475,169
B2_corrected,pointnet2,proto,scan,f1_class::CDKL5,2,0.0,0.0,5,475,169
B2_corrected,pointnet2,proto,scan,f1_class::CDKL5,3,0.0,0.0,5,475,169
B2_corrected,pointnet2,proto,scan,f1_class::CDKL5,4,0.0,0.0,5,475,169
B2_corrected,pointnet2,proto,scan,f1_class::CDKL5,5,0.0,0.0,5,475,169
B2_corrected,pointnet2,proto,scan,f1_class::CFC,1,0.392039442039442,0.055701408130119395,5,475,169
B2_corrected,pointnet2,proto,scan,f1_class::CFC,2,0.25477192982456137,0.046337780531506126,5,475,169
B2_corrected,pointnet2,proto,scan,f1_class::CFC,3,0.3561406950047924,0.04095819765081884,5,475,169
B2_corrected,pointnet2,proto,scan,f1_class::CFC,4,0.1590027858320541,0.015219119452227571,5,475,169
B2_corrected,pointnet2,proto,scan,f1_class::CFC,5,0.25670980870980864,0.03175450582452502,5,475,169
B2_corrected,pointnet2,proto,scan,f1_class::CHARGE Syndrome,1,0.17518157768157766,0.06664084177971627,5,475,169
B2_corrected,pointnet2,proto,scan,f1_class::CHARGE Syndrome,2,0.11136653895274581,0.03641974686618151,5,475,169
B2_corrected,pointnet2,proto,scan,f1_class::CHARGE Syndrome,3,0.20427615816610123,0.05808271316671136,5,475,169
B2_corrected,pointnet2,proto,scan,f1_class::CHARGE Syndrome,4,0.11767837279516921,0.02638814881932907,5,475,169
B2_corrected,pointnet2,proto,scan,f1_class::CHARGE Syndrome,5,0.10405723905723903,0.031173001138078686,5,475,169
B2_corrected,pointnet2,proto,scan,f1_class::CdLS,1,0.20132132132132127,0.03179339516426237,5,475,169
B2_corrected,pointnet2,proto,scan,f1_class::CdLS,2,0.19673035673035671,0.04088656988143567,5,475,169
B2_corrected,pointnet2,proto,scan,f1_class::CdLS,3,0.16403905691831383,0.036439250964819765,5,475,169
B2_corrected,pointnet2,proto,scan,f1_class::CdLS,4,0.07422141583906287,0.02684255033616748,5,475,169
B2_corrected,pointnet2,proto,scan,f1_class::CdLS,5,0.09833612623935199,0.030147178763030198,5,475,169
B2_corrected,pointnet2,proto,scan,f1_class::Cockayne Syndrome,1,0.47531538136376844,0.03111767298739744,5,475,169
B2_corrected,pointnet2,proto,scan,f1_class::Cockayne Syndrome,2,0.4653225806451613,0.03831219738838675,5,475,169
B2_corrected,pointnet2,proto,scan,f1_class::Cockayne Syndrome,3,0.48499582289055976,0.09722138724541778,5,475,169
B2_corrected,pointnet2,proto,scan,f1_class::Cockayne Syndrome,4,0.3948869748869749,0.033223126013262216,5,475,169
B2_corrected,pointnet2,proto,scan,f1_class::Cockayne Syndrome,5,0.5561781609195402,0.027495135230719066,5,475,169
B2_corrected,pointnet2,proto,scan,f1_class::Cohen Syndrome,1,0.5313704686118479,0.019081189055746926,5,475,169
B2_corrected,pointnet2,proto,scan,f1_class::Cohen Syndrome,2,0.3953278515707358,0.010519865329842431,5,475,169
B2_corrected,pointnet2,proto,scan,f1_class::Cohen Syndrome,3,0.5153693618209747,0.021441610805640207,5,475,169
B2_corrected,pointnet2,proto,scan,f1_class::Cohen Syndrome,4,0.498261957730812,0.05509158643141168,5,475,169
B2_corrected,pointnet2,proto,scan,f1_class::Cohen Syndrome,5,0.4767667779013719,0.024607067852252133,5,475,169
B2_corrected,pointnet2,proto,scan,f1_class::Costello Syndrome,1,0.3124120461581762,0.01485947873392953,5,475,169
B2_corrected,pointnet2,proto,scan,f1_class::Costello Syndrome,2,0.30182703041466513,0.049412561347277256,5,475,169
B2_corrected,pointnet2,proto,scan,f1_class::Costello Syndrome,3,0.33288225049122516,0.05845557290261839,5,475,169
B2_corrected,pointnet2,proto,scan,f1_class::Costello Syndrome,4,0.2596286886847762,0.0933567135191575,5,475,169
B2_corrected,pointnet2,proto,scan,f1_class::Costello Syndrome,5,0.2733547721680338,0.032647254037771904,5,475,169
B2_corrected,pointnet2,proto,scan,f1_class::Crouzon Syndrome,1,0.0,0.0,5,475,169
B2_corrected,pointnet2,proto,scan,f1_class::Crouzon Syndrome,2,0.0,0.0,5,475,169
B2_corrected,pointnet2,proto,scan,f1_class::Crouzon Syndrome,3,0.0,0.0,5,475,169
B2_corrected,pointnet2,proto,scan,f1_class::Crouzon Syndrome,4,0.0,0.0,5,475,169
B2_corrected,pointnet2,proto,scan,f1_class::Crouzon Syndrome,5,0.0,0.0,5,475,169
B2_corrected,pointnet2,proto,scan,f1_class::Down Syndrome,1,0.5714040351728087,0.04079842486656253,5,475,169
B2_corrected,pointnet2,proto,scan,f1_class::Down Syndrome,2,0.5386100386100386,0.025391788490281664,5,475,169
B2_corrected,pointnet2,proto,scan,f1_class::Down Syndrome,3,0.6625364181205002,0.03740284738714183,5,475,169
B2_corrected,pointnet2,proto,scan,f1_class::Down Syndrome,4,0.5925525525525526,0.03583877646233912,5,475,169
B2_corrected,pointnet2,proto,scan,f1_class::Down Syndrome,5,0.5513829619092777,0.019624849151479648,5,475,169
B2_corrected,pointnet2,proto,scan,f1_class::Ehlers-Danlos Syndrome,1,0.1834492753623188,0.03752705388325736,5,475,169
B2_corrected,pointnet2,proto,scan,f1_class::Ehlers-Danlos Syndrome,2,0.27183908045977007,0.036154404569084135,5,475,169
B2_corrected,pointnet2,proto,scan,f1_class::Ehlers-Danlos Syndrome,3,0.43298368298368295,0.08701443901868458,5,475,169
B2_corrected,pointnet2,proto,scan,f1_class::Ehlers-Danlos Syndrome,4,0.35775424253685123,0.06380380120486218,5,475,169
B2_corrected,pointnet2,proto,scan,f1_class::Ehlers-Danlos Syndrome,5,0.18606060606060604,0.01414862730900458,5,475,169
B2_corrected,pointnet2,proto,scan,"f1_class::Facial Dysmorphia, possibly genetic",1,0.0918140682846565,0.030918859387776366,5,475,169
B2_corrected,pointnet2,proto,scan,"f1_class::Facial Dysmorphia, possibly genetic",2,0.14930242494501972,0.04282145355069695,5,475,169
B2_corrected,pointnet2,proto,scan,"f1_class::Facial Dysmorphia, possibly genetic",3,0.17596457938013912,0.01098413339086536,5,475,169
B2_corrected,pointnet2,proto,scan,"f1_class::Facial Dysmorphia, possibly genetic",4,0.3565860215053763,0.03198952968159464,5,475,169
B2_corrected,pointnet2,proto,scan,"f1_class::Facial Dysmorphia, possibly genetic",5,0.15088383838383837,0.06121133467008086,5,475,169
B2_corrected,pointnet2,proto,scan,f1_class::Jacobsen Syndrome,1,0.11349007314524553,0.047719374314629595,5,475,169
B2_corrected,pointnet2,proto,scan,f1_class::Jacobsen Syndrome,2,0.1967436974789916,0.08035322943181226,5,475,169
B2_corrected,pointnet2,proto,scan,f1_class::Jacobsen Syndrome,3,0.2310084033613445,0.031868300682285015,5,475,169
B2_corrected,pointnet2,proto,scan,f1_class::Jacobsen Syndrome,4,0.24234482758620685,0.05407334210841121,5,475,169
B2_corrected,pointnet2,proto,scan,f1_class::Jacobsen Syndrome,5,0.25953056208302944,0.02464147626186263,5,475,169
B2_corrected,pointnet2,proto,scan,f1_class::Joubert Syndrome,1,0.15323491655969187,0.03205349371472099,5,475,169
B2_corrected,pointnet2,proto,scan,f1_class::Joubert Syndrome,2,0.21891202426916712,0.04127788572987204,5,475,169
B2_corrected,pointnet2,proto,scan,f1_class::Joubert Syndrome,3,0.2399962116370785,0.058410990876026754,5,475,169
B2_corrected,pointnet2,proto,scan,f1_class::Joubert Syndrome,4,0.3240447272026219,0.03248203352123583,5,475,169
B2_corrected,pointnet2,proto,scan,f1_class::Joubert Syndrome,5,0.22387041773231026,0.01828959323438511,5,475,169
B2_corrected,pointnet2,proto,scan,f1_class::Loeys-Dietz Syndrome,1,0.3385054945054945,0.03990702877361303,5,475,169
B2_corrected,pointnet2,proto,scan,f1_class::Loeys-Dietz Syndrome,2,0.2640468227424749,0.04858284049399984,5,475,169
B2_corrected,pointnet2,proto,scan,f1_class::Loeys-Dietz Syndrome,3,0.40783216783216786,0.026949854996579124,5,475,169
B2_corrected,pointnet2,proto,scan,f1_class::Loeys-Dietz Syndrome,4,0.2631578947368421,0.07475207817680596,5,475,169
B2_corrected,pointnet2,proto,scan,f1_class::Loeys-Dietz Syndrome,5,0.3222345191040843,0.03785211594616694,5,475,169
B2_corrected,pointnet2,proto,scan,f1_class::Marfan Syndrome,1,0.42721523142575774,0.04348014952826511,5,475,169
B2_corrected,pointnet2,proto,scan,f1_class::Marfan Syndrome,2,0.5146260432703995,0.02822426945004623,5,475,169
B2_corrected,pointnet2,proto,scan,f1_class::Marfan Syndrome,3,0.4308454608454609,0.025917304062674576,5,475,169
B2_corrected,pointnet2,proto,scan,f1_class::Marfan Syndrome,4,0.3603144218624095,0.013719886058729947,5,475,169
B2_corrected,pointnet2,proto,scan,f1_class::Marfan Syndrome,5,0.4763864963864964,0.0477544605982047,5,475,169
B2_corrected,pointnet2,proto,scan,f1_class::Mucopolysaccharidosis type IIIB (Sanfilippo B),1,0.02222222222222222,0.04969039949999532,5,475,169
B2_corrected,pointnet2,proto,scan,f1_class::Mucopolysaccharidosis type IIIB (Sanfilippo B),2,0.0,0.0,5,475,169
B2_corrected,pointnet2,proto,scan,f1_class::Mucopolysaccharidosis type IIIB (Sanfilippo B),3,0.0,0.0,5,475,169
B2_corrected,pointnet2,proto,scan,f1_class::Mucopolysaccharidosis type IIIB (Sanfilippo B),4,0.0,0.0,5,475,169
B2_corrected,pointnet2,proto,scan,f1_class::Mucopolysaccharidosis type IIIB (Sanfilippo B),5,0.04,0.08944271909999159,5,475,169
B2_corrected,pointnet2,proto,scan,f1_class::Noonan Syndrome,1,0.39466596915446017,0.0580123706554286,5,475,169
B2_corrected,pointnet2,proto,scan,f1_class::Noonan Syndrome,2,0.2556733593336222,0.023015958551631705,5,475,169
B2_corrected,pointnet2,proto,scan,f1_class::Noonan Syndrome,3,0.427512077294686,0.026473308737689254,5,475,169
B2_corrected,pointnet2,proto,scan,f1_class::Noonan Syndrome,4,0.3688950213208973,0.02507171565240938,5,475,169
B2_corrected,pointnet2,proto,scan,f1_class::Noonan Syndrome,5,0.41304139640352266,0.061826318593939264,5,475,169
B2_corrected,pointnet2,proto,scan,f1_class::Pallister-Killian Syndrome,1,0.47942607150063754,0.07385938466812611,5,475,169
B2_corrected,pointnet2,proto,scan,f1_class::Pallister-Killian Syndrome,2,0.4374682374682375,0.06011298909835797,5,475,169
B2_corrected,pointnet2,proto,scan,f1_class::Pallister-Killian Syndrome,3,0.3894014285959833,0.04598802998281963,5,475,169
B2_corrected,pointnet2,proto,scan,f1_class::Pallister-Killian Syndrome,4,0.37871910160703914,0.02574485202933721,5,475,169
B2_corrected,pointnet2,proto,scan,f1_class::Pallister-Killian Syndrome,5,0.36842445132859203,0.036015322542251635,5,475,169
B2_corrected,pointnet2,proto,scan,f1_class::Phelan McDermid Syndrome,1,0.5689291552625418,0.03098323270618717,5,475,169
B2_corrected,pointnet2,proto,scan,f1_class::Phelan McDermid Syndrome,2,0.4634978108662319,0.03600086859501486,5,475,169
B2_corrected,pointnet2,proto,scan,f1_class::Phelan McDermid Syndrome,3,0.5370583129033226,0.034618618171243384,5,475,169
B2_corrected,pointnet2,proto,scan,f1_class::Phelan McDermid Syndrome,4,0.4563978992360071,0.019292699916308404,5,475,169
B2_corrected,pointnet2,proto,scan,f1_class::Phelan McDermid Syndrome,5,0.5229001721170395,0.03307223989071847,5,475,169
B2_corrected,pointnet2,proto,scan,f1_class::Pitt Hopkins,1,0.33827768655354856,0.03246572784473807,5,475,169
B2_corrected,pointnet2,proto,scan,f1_class::Pitt Hopkins,2,0.3253757736516357,0.016810922494988095,5,475,169
B2_corrected,pointnet2,proto,scan,f1_class::Pitt Hopkins,3,0.5132723112128146,0.07876831167962756,5,475,169
B2_corrected,pointnet2,proto,scan,f1_class::Pitt Hopkins,4,0.3338509316770186,0.0540562027062811,5,475,169
B2_corrected,pointnet2,proto,scan,f1_class::Pitt Hopkins,5,0.3978066378066378,0.030151203518221936,5,475,169
B2_corrected,pointnet2,proto,scan,f1_class::Rett Syndrome,1,0.32915151515151514,0.08920225983046248,5,475,169
B2_corrected,pointnet2,proto,scan,f1_class::Rett Syndrome,2,0.19072882672882668,0.08603221629651048,5,475,169
B2_corrected,pointnet2,proto,scan,f1_class::Rett Syndrome,3,0.1893333333333333,0.061931862199965826,5,475,169
B2_corrected,pointnet2,proto,scan,f1_class::Rett Syndrome,4,0.18277587468891815,0.03973779652223733,5,475,169
B2_corrected,pointnet2,proto,scan,f1_class::Rett Syndrome,5,0.059047619047619036,0.05393789996054903,5,475,169
B2_corrected,pointnet2,proto,scan,f1_class::Rubinstein-Taybi Syndrome,1,0.25459383753501397,0.08596795640903063,5,475,169
B2_corrected,pointnet2,proto,scan,f1_class::Rubinstein-Taybi Syndrome,2,0.23444444444444446,0.022703129713002833,5,475,169
B2_corrected,pointnet2,proto,scan,f1_class::Rubinstein-Taybi Syndrome,3,0.129037629037629,0.07358478578779708,5,475,169
B2_corrected,pointnet2,proto,scan,f1_class::Rubinstein-Taybi Syndrome,4,0.28894321364909603,0.05968772893296202,5,475,169
B2_corrected,pointnet2,proto,scan,f1_class::Rubinstein-Taybi Syndrome,5,0.29392156862745095,0.045965652556200484,5,475,169
B2_corrected,pointnet2,proto,scan,f1_class::Smith-Lemli-Opitz,1,0.05743589743589742,0.07898101870021929,5,475,169
B2_corrected,pointnet2,proto,scan,f1_class::Smith-Lemli-Opitz,2,0.16225490196078432,0.06108248779180636,5,475,169
B2_corrected,pointnet2,proto,scan,f1_class::Smith-Lemli-Opitz,3,0.02352941176470588,0.052613364176465637,5,475,169
B2_corrected,pointnet2,proto,scan,f1_class::Smith-Lemli-Opitz,4,0.1979736104968303,0.0684695735572488,5,475,169
B2_corrected,pointnet2,proto,scan,f1_class::Smith-Lemli-Opitz,5,0.1235129490392648,0.015489589758299963,5,475,169
B2_corrected,pointnet2,proto,scan,f1_class::Tetrasomy 18p,1,0.28168948168948166,0.02967442208943203,5,475,169
B2_corrected,pointnet2,proto,scan,f1_class::Tetrasomy 18p,2,0.3411813186813187,0.03677426390740746,5,475,169
B2_corrected,pointnet2,proto,scan,f1_class::Tetrasomy 18p,3,0.28623376623376623,0.06334444337134075,5,475,169
B2_corrected,pointnet2,proto,scan,f1_class::Tetrasomy 18p,4,0.4518989353249642,0.031228789483135157,5,475,169
B2_corrected,pointnet2,proto,scan,f1_class::Tetrasomy 18p,5,0.4206907787552948,0.031878233525305,5,475,169
B2_corrected,pointnet2,proto,scan,f1_class::Trisomy 18,1,0.37106837606837606,0.0844105805139984,5,475,169
B2_corrected,pointnet2,proto,scan,f1_class::Trisomy 18,2,0.35579710144927534,0.03479015618596467,5,475,169
B2_corrected,pointnet2,proto,scan,f1_class::Trisomy 18,3,0.3300365978626848,0.04910442628439435,5,475,169
B2_corrected,pointnet2,proto,scan,f1_class::Trisomy 18,4,0.35215393302349823,0.06813662358924324,5,475,169
B2_corrected,pointnet2,proto,scan,f1_class::Trisomy 18,5,0.4072489601901366,0.07598439540042329,5,475,169
B2_corrected,pointnet2,proto,scan,f1_class::Turner Syndrome,1,0.29505590062111803,0.03818238299738674,5,475,169
B2_corrected,pointnet2,proto,scan,f1_class::Turner Syndrome,2,0.16225490196078432,0.06108248779180636,5,475,169
B2_corrected,pointnet2,proto,scan,f1_class::Turner Syndrome,3,0.20154970760233915,0.046684104672601916,5,475,169
B2_corrected,pointnet2,proto,scan,f1_class::Turner Syndrome,4,0.1368878718535469,0.08785731191653207,5,475,169
B2_corrected,pointnet2,proto,scan,f1_class::Turner Syndrome,5,0.10695374800637955,0.015869659295169234,5,475,169
B2_corrected,pointnet2,proto,scan,f1_class::Williams Syndrome,1,0.30001850138760405,0.03831359479606472,5,475,169
B2_corrected,pointnet2,proto,scan,f1_class::Williams Syndrome,2,0.22223798610353226,0.05902334935878131,5,475,169
B2_corrected,pointnet2,proto,scan,f1_class::Williams Syndrome,3,0.3312772411419228,0.04230278972579252,5,475,169
B2_corrected,pointnet2,proto,scan,f1_class::Williams Syndrome,4,0.19623640842435114,0.04304662846277344,5,475,169
B2_corrected,pointnet2,proto,scan,f1_class::Williams Syndrome,5,0.2535903222894285,0.06409312931054492,5,475,169
B2_corrected,pointnet2,proto,scan,macro_auc,1,0.8454259922632528,0.003639157992509422,5,475,169
B2_corrected,pointnet2,proto,scan,macro_auc,2,0.8380488752978362,0.002360373439702596,5,475,169
B2_corrected,pointnet2,proto,scan,macro_auc,3,0.8441787156893128,0.003593844192458726,5,475,169
B2_corrected,pointnet2,proto,scan,macro_auc,4,0.8432460913662256,0.0026320113874507478,5,475,169
B2_corrected,pointnet2,proto,scan,macro_auc,5,0.8317745723883867,0.0021026313078905947,5,475,169
B2_corrected,pointnet2,proto,scan,macro_f1,1,0.27936815548193006,0.00870932192745781,5,475,169
B2_corrected,pointnet2,proto,scan,macro_f1,2,0.2519821620939231,0.006904625969271117,5,475,169
B2_corrected,pointnet2,proto,scan,macro_f1,3,0.2880641191634693,0.011067460184289472,5,475,169
B2_corrected,pointnet2,proto,scan,macro_f1,4,0.2511820651360492,0.007625162344561665,5,475,169
B2_corrected,pointnet2,proto,scan,macro_f1,5,0.26064746591484084,0.006043897675948645,5,475,169
B2_corrected,pointnet2,proto,scan,top3_accuracy,1,0.575578947368421,0.01016212074622918,5,475,169
B2_corrected,pointnet2,proto,scan,top3_accuracy,2,0.5524210526315789,0.007231816436765318,5,475,169
B2_corrected,pointnet2,proto,scan,top3_accuracy,3,0.5861052631578947,0.008099109078598453,5,475,169
B2_corrected,pointnet2,proto,scan,top3_accuracy,4,0.5397894736842106,0.01037790108957158,5,475,169
B2_corrected,pointnet2,proto,scan,top3_accuracy,5,0.5637894736842105,0.007045558118181691,5,475,169
B2_corrected,pointnet2,proto,scan,top5_accuracy,1,0.704,0.012771158642613127,5,475,169
B2_corrected,pointnet2,proto,scan,top5_accuracy,2,0.6732631578947368,0.011179720460927777,5,475,169
B2_corrected,pointnet2,proto,scan,top5_accuracy,3,0.7094736842105263,0.00613784409983716,5,475,169
B2_corrected,pointnet2,proto,scan,top5_accuracy,4,0.6938947368421052,0.0067565501203710404,5,475,169
B2_corrected,pointnet2,proto,scan,top5_accuracy,5,0.6930526315789474,0.007502538813139145,5,475,169
B2_corrected,pointnet2,proto,subject,accuracy,1,0.47928994082840237,0.017251336966997932,5,169,169
B2_corrected,pointnet2,proto,subject,accuracy,2,0.39289940828402364,0.012270083641022294,5,169,169
B2_corrected,pointnet2,proto,subject,accuracy,3,0.4627218934911242,0.012828096679691562,5,169,169
B2_corrected,pointnet2,proto,subject,accuracy,4,0.4047337278106508,0.009901302089160638,5,169,169
B2_corrected,pointnet2,proto,subject,accuracy,5,0.41420118343195267,0.013876969703619603,5,169,169
B2_corrected,pointnet2,proto,subject,f1_class::4p Deletion Wolff-Hirschhorn Syndrome,1,0.37333333333333335,0.036514837167011094,5,169,169
B2_corrected,pointnet2,proto,subject,f1_class::4p Deletion Wolff-Hirschhorn Syndrome,2,0.0,0.0,5,169,169
B2_corrected,pointnet2,proto,subject,f1_class::4p Deletion Wolff-Hirschhorn Syndrome,3,0.0,0.0,5,169,169
B2_corrected,pointnet2,proto,subject,f1_class::4p Deletion Wolff-Hirschhorn Syndrome,4,0.0,0.0,5,169,169
B2_corrected,pointnet2,proto,subject,f1_class::4p Deletion Wolff-Hirschhorn Syndrome,5,0.0,0.0,5,169,169
B2_corrected,pointnet2,proto,subject,f1_class::5p-,1,0.5285714285714286,0.03912303982179756,5,169,169
B2_corrected,pointnet2,proto,subject,f1_class::5p-,2,0.4105050505050505,0.03435531582946475,5,169,169
B2_corrected,pointnet2,proto,subject,f1_class::5p-,3,0.5622222222222222,0.08874989132318158,5,169,169
B2_corrected,pointnet2,proto,subject,f1_class::5p-,4,0.35757575757575755,0.013551927136362349,5,169,169
B2_corrected,pointnet2,proto,subject,f1_class::5p-,5,0.6342857142857142,0.04547556718595551,5,169,169
B2_corrected,pointnet2,proto,subject,f1_class::Achondroplasia,1,0.6080382775119617,0.037562703694842776,5,169,169
B2_corrected,pointnet2,proto,subject,f1_class::Achondroplasia,2,0.6177518896054365,0.04538491342508717,5,169,169
B2_corrected,pointnet2,proto,subject,f1_class::Achondroplasia,3,0.6259649122807017,0.02769485931322261,5,169,169
B2_corrected,pointnet2,proto,subject,f1_class::Achondroplasia,4,0.7,0.04564354645876387,5,169,169
B2_corrected,pointnet2,proto,subject,f1_class::Achondroplasia,5,0.6895942028985507,0.04094971070683314,5,169,169
B2_corrected,pointnet2,proto,subject,f1_class::Angelman Syndrome,1,0.0808080808080808,0.11156930320391172,5,169,169
B2_corrected,pointnet2,proto,subject,f1_class::Angelman Syndrome,2,0.11428571428571428,0.15649215928719032,5,169,169
B2_corrected,pointnet2,proto,subject,f1_class::Angelman Syndrome,3,0.36,0.036514837167011094,5,169,169
B2_corrected,pointnet2,proto,subject,f1_class::Angelman Syndrome,4,0.0,0.0,5,169,169
B2_corrected,pointnet2,proto,subject,f1_class::Angelman Syndrome,5,0.21587301587301586,0.12376881707693921,5,169,169
B2_corrected,pointnet2,proto,subject,f1_class::Apert Syndrome,1,0.0,0.0,5,169,169
B2_corrected,pointnet2,proto,subject,f1_class::Apert Syndrome,2,0.0,0.0,5,169,169
B2_corrected,pointnet2,proto,subject,f1_class::Apert Syndrome,3,0.0,0.0,5,169,169
B2_corrected,pointnet2,proto,subject,f1_class::Apert Syndrome,4,0.0,0.0,5,169,169
B2_corrected,pointnet2,proto,subject,f1_class::Apert Syndrome,5,0.0,0.0,5,169,169
B2_corrected,pointnet2,proto,subject,f1_class::Bohring-Opitz Syndrome,1,1.0,0.0,5,169,169
B2_corrected,pointnet2,proto,subject,f1_class::Bohring-Opitz Syndrome,2,1.0,0.0,5,169,169
B2_corrected,pointnet2,proto,subject,f1_class::Bohring-Opitz Syndrome,3,0.8,0.18257418583505539,5,169,169
B2_corrected,pointnet2,proto,subject,f1_class::Bohring-Opitz Syndrome,4,0.8,0.18257418583505539,5,169,169
B2_corrected,pointnet2,proto,subject,f1_class::Bohring-Opitz Syndrome,5,1.0,0.0,5,169,169
B2_corrected,pointnet2,proto,subject,f1_class::CDKL5,1,0.0,0.0,5,169,169
B2_corrected,pointnet2,proto,subject,f1_class::CDKL5,2,0.0,0.0,5,169,169
B2_corrected,pointnet2,proto,subject,f1_class::CDKL5,3,0.0,0.0,5,169,169
B2_corrected,pointnet2,proto,subject,f1_class::CDKL5,4,0.0,0.0,5,169,169
B2_corrected,pointnet2,proto,subject,f1_class::CDKL5,5,0.0,0.0,5,169,169
B2_corrected,pointnet2,proto,subject,f1_class::CFC,1,0.5599999999999999,0.14605934866804426,5,169,169
B2_corrected,pointnet2,proto,subject,f1_class::CFC,2,0.36,0.0365148371670111,5,169,169
B2_corrected,pointnet2,proto,subject,f1_class::CFC,3,0.5276190476190477,0.15380288943380074,5,169,169
B2_corrected,pointnet2,proto,subject,f1_class::CFC,4,0.3587301587301587,0.08062492126476377,5,169,169
B2_corrected,pointnet2,proto,subject,f1_class::CFC,5,0.41555555555555557,0.06166416411338493,5,169,169
B2_corrected,pointnet2,proto,subject,f1_class::CHARGE Syndrome,1,0.03333333333333332,0.07453559924999296,5,169,169
B2_corrected,pointnet2,proto,subject,f1_class::CHARGE Syndrome,2,0.0,0.0,5,169,169
B2_corrected,pointnet2,proto,subject,f1_class::CHARGE Syndrome,3,0.1768298368298368,0.12974384939504482,5,169,169
B2_corrected,pointnet2,proto,subject,f1_class::CHARGE Syndrome,4,0.1589743589743589,0.007022084070579042,5,169,169
B2_corrected,pointnet2,proto,subject,f1_class::CHARGE Syndrome,5,0.04,0.08944271909999159,5,169,169
B2_corrected,pointnet2,proto,subject,f1_class::CdLS,1,0.23666666666666664,0.05821416398857659,5,169,169
B2_corrected,pointnet2,proto,subject,f1_class::CdLS,2,0.27372549019607845,0.041370922744730754,5,169,169
B2_corrected,pointnet2,proto,subject,f1_class::CdLS,3,0.14297385620915032,0.04441544974059065,5,169,169
B2_corrected,pointnet2,proto,subject,f1_class::CdLS,4,0.17563025210084032,0.06182951924362348,5,169,169
B2_corrected,pointnet2,proto,subject,f1_class::CdLS,5,0.11124871001031991,0.0043824223334547295,5,169,169
B2_corrected,pointnet2,proto,subject,f1_class::Cockayne Syndrome,1,0.8706349206349205,0.08942229412636916,5,169,169
B2_corrected,pointnet2,proto,subject,f1_class::Cockayne Syndrome,2,0.6785714285714286,0.09780759955449397,5,169,169
B2_corrected,pointnet2,proto,subject,f1_class::Cockayne Syndrome,3,0.6476190476190476,0.12417528390862187,5,169,169
B2_corrected,pointnet2,proto,subject,f1_class::Cockayne Syndrome,4,0.44000000000000006,0.0547722557505166,5,169,169
B2_corrected,pointnet2,proto,subject,f1_class::Cockayne Syndrome,5,0.6285714285714286,0.052164053095730106,5,169,169
B2_corrected,pointnet2,proto,subject,f1_class::Cohen Syndrome,1,0.888888888888889,1.2412670766236366e-16,5,169,169
B2_corrected,pointnet2,proto,subject,f1_class::Cohen Syndrome,2,0.4688888888888889,0.08403409067195125,5,169,169
B2_corrected,pointnet2,proto,subject,f1_class::Cohen Syndrome,3,0.7163636363636364,0.07227129787037018,5,169,169
B2_corrected,pointnet2,proto,subject,f1_class::Cohen Syndrome,4,0.6349206349206349,0.14197256999998664,5,169,169
B2_corrected,pointnet2,proto,subject,f1_class::Cohen Syndrome,5,0.7,0.04564354645876386,5,169,169
B2_corrected,pointnet2,proto,subject,f1_class::Costello Syndrome,1,0.5208791208791209,0.048743417837839274,5,169,169
B2_corrected,pointnet2,proto,subject,f1_class::Costello Syndrome,2,0.5321678321678321,0.12821996099827965,5,169,169
B2_corrected,pointnet2,proto,subject,f1_class::Costello Syndrome,3,0.5163742690058479,0.02468986179249656,5,169,169
B2_corrected,pointnet2,proto,subject,f1_class::Costello Syndrome,4,0.42713962508080155,0.04039867415348646,5,169,169
B2_corrected,pointnet2,proto,subject,f1_class::Costello Syndrome,5,0.409047619047619,0.07726456448573348,5,169,169
B2_corrected,pointnet2,proto,subject,f1_class::Crouzon Syndrome,1,0.0,0.0,5,169,169
B2_corrected,pointnet2,proto,subject,f1_class::Crouzon Syndrome,2,0.0,0.0,5,169,169
B2_corrected,pointnet2,proto,subject,f1_class::Crouzon Syndrome,3,0.0,0.0,5,169,169
B2_corrected,pointnet2,proto,subject,f1_class::Crouzon Syndrome,4,0.0,0.0,5,169,169
B2_corrected,pointnet2,proto,subject,f1_class::Crouzon Syndrome,5,0.0,0.0,5,169,169
B2_corrected,pointnet2,proto,subject,f1_class::Down Syndrome,1,0.7158730158730159,0.028791043090820728,5,169,169
B2_corrected,pointnet2,proto,subject,f1_class::Down Syndrome,2,0.6666666666666667,0.028155054514749183,5,169,169
B2_corrected,pointnet2,proto,subject,f1_class::Down Syndrome,3,0.752020202020202,0.02527776516412565,5,169,169
B2_corrected,pointnet2,proto,subject,f1_class::Down Syndrome,4,0.6462121212121212,0.028797845164769992,5,169,169
B2_corrected,pointnet2,proto,subject,f1_class::Down Syndrome,5,0.6584440227703985,0.011279288108872215,5,169,169
B2_corrected,pointnet2,proto,subject,f1_class::Ehlers-Danlos Syndrome,1,0.22333333333333333,0.0177430215807459,5,169,169
B2_corrected,pointnet2,proto,subject,f1_class::Ehlers-Danlos Syndrome,2,0.3128205128205128,0.011467015269229676,5,169,169
B2_corrected,pointnet2,proto,subject,f1_class::Ehlers-Danlos Syndrome,3,0.5413986013986014,0.06118861138828518,5,169,169
B2_corrected,pointnet2,proto,subject,f1_class::Ehlers-Danlos Syndrome,4,0.43797979797979797,0.06308725735525438,5,169,169
B2_corrected,pointnet2,proto,subject,f1_class::Ehlers-Danlos Syndrome,5,0.23444444444444446,0.022703129713002833,5,169,169
B2_corrected,pointnet2,proto,subject,"f1_class::Facial Dysmorphia, possibly genetic",1,0.19745098039215683,0.1388208983909316,5,169,169
B2_corrected,pointnet2,proto,subject,"f1_class::Facial Dysmorphia, possibly genetic",2,0.05,0.06846531968814577,5,169,169
B2_corrected,pointnet2,proto,subject,"f1_class::Facial Dysmorphia, possibly genetic",3,0.10880952380952377,0.06128120011494832,5,169,169
B2_corrected,pointnet2,proto,subject,"f1_class::Facial Dysmorphia, possibly genetic",4,0.31384615384615383,0.10064878297720696,5,169,169
B2_corrected,pointnet2,proto,subject,"f1_class::Facial Dysmorphia, possibly genetic",5,0.0882051282051282,0.13560200107518694,5,169,169
B2_corrected,pointnet2,proto,subject,f1_class::Jacobsen Syndrome,1,0.42857142857142855,0.1336306209562122,5,169,169
B2_corrected,pointnet2,proto,subject,f1_class::Jacobsen Syndrome,2,0.23095238095238094,0.13245886710191546,5,169,169
B2_corrected,pointnet2,proto,subject,f1_class::Jacobsen Syndrome,3,0.28253968253968254,0.03952349078726581,5,169,169
B2_corrected,pointnet2,proto,subject,f1_class::Jacobsen Syndrome,4,0.5476190476190477,0.07338588098772589,5,169,169
B2_corrected,pointnet2,proto,subject,f1_class::Jacobsen Syndrome,5,0.20080808080808082,0.014327776344644159,5,169,169
B2_corrected,pointnet2,proto,subject,f1_class::Joubert Syndrome,1,0.25297361049683026,0.05579018187038533,5,169,169
B2_corrected,pointnet2,proto,subject,f1_class::Joubert Syndrome,2,0.32289855072463763,0.04007176712362837,5,169,169
B2_corrected,pointnet2,proto,subject,f1_class::Joubert Syndrome,3,0.31644042232277525,0.04901844760200186,5,169,169
B2_corrected,pointnet2,proto,subject,f1_class::Joubert Syndrome,4,0.40306563510224824,0.038404666498760474,5,169,169
B2_corrected,pointnet2,proto,subject,f1_class::Joubert Syndrome,5,0.2720042530568846,0.08401679475179145,5,169,169
B2_corrected,pointnet2,proto,subject,f1_class::Loeys-Dietz Syndrome,1,0.5591176470588235,0.08352314024140997,5,169,169
B2_corrected,pointnet2,proto,subject,f1_class::Loeys-Dietz Syndrome,2,0.3091575091575091,0.052818429795387374,5,169,169
B2_corrected,pointnet2,proto,subject,f1_class::Loeys-Dietz Syndrome,3,0.488235294117647,0.016109486985446096,5,169,169
B2_corrected,pointnet2,proto,subject,f1_class::Loeys-Dietz Syndrome,4,0.2983682983682983,0.12922617357627741,5,169,169
B2_corrected,pointnet2,proto,subject,f1_class::Loeys-Dietz Syndrome,5,0.3996886446886447,0.049173845977632885,5,169,169
B2_corrected,pointnet2,proto,subject,f1_class::Marfan Syndrome,1,0.4842105263157895,0.05281805820612016,5,169,169
B2_corrected,pointnet2,proto,subject,f1_class::Marfan Syndrome,2,0.5930650154798761,0.06981873771329478,5,169,169
B2_corrected,pointnet2,proto,subject,f1_class::Marfan Syndrome,3,0.46604747162022697,0.08623270702841185,5,169,169
B2_corrected,pointnet2,proto,subject,f1_class::Marfan Syndrome,4,0.35447712418300653,0.06456663732711115,5,169,169
B2_corrected,pointnet2,proto,subject,f1_class::Marfan Syndrome,5,0.43610595115239076,0.02673168063923907,5,169,169
B2_corrected,pointnet2,proto,subject,f1_class::Mucopolysaccharidosis type IIIB (Sanfilippo B),1,0.0,0.0,5,169,169
B2_corrected,pointnet2,proto,subject,f1_class::Mucopolysaccharidosis type IIIB (Sanfilippo B),2,0.0,0.0,5,169,169
B2_corrected,pointnet2,proto,subject,f1_class::Mucopolysaccharidosis type IIIB (Sanfilippo B),3,0.0,0.0,5,169,169
B2_corrected,pointnet2,proto,subject,f1_class::Mucopolysaccharidosis type IIIB (Sanfilippo B),4,0.0,0.0,5,169,169
B2_corrected,pointnet2,proto,subject,f1_class::Mucopolysaccharidosis type IIIB (Sanfilippo B),5,0.0,0.0,5,169,169
B2_corrected,pointnet2,proto,subject,f1_class::Noonan Syndrome,1,0.39653846153846156,0.06907568098934683,5,169,169
B2_corrected,pointnet2,proto,subject,f1_class::Noonan Syndrome,2,0.19230769230769226,0.06474041627155182,5,169,169
B2_corrected,pointnet2,proto,subject,f1_class::Noonan Syndrome,3,0.35379336349924584,0.03580998845302884,5,169,169
B2_corrected,pointnet2,proto,subject,f1_class::Noonan Syndrome,4,0.3743434343434343,0.05321804190004679,5,169,169
B2_corrected,pointnet2,proto,subject,f1_class::Noonan Syndrome,5,0.4064285714285714,0.022644096405924755,5,169,169
B2_corrected,pointnet2,proto,subject,f1_class::Pallister-Killian Syndrome,1,0.6564102564102564,0.07768919892763232,5,169,169
B2_corrected,pointnet2,proto,subject,f1_class::Pallister-Killian Syndrome,2,0.5516483516483517,0.050447819477529805,5,169,169
B2_corrected,pointnet2,proto,subject,f1_class::Pallister-Killian Syndrome,3,0.5209523809523808,0.05962847939999441,5,169,169
B2_corrected,pointnet2,proto,subject,f1_class::Pallister-Killian Syndrome,4,0.5123076923076922,0.05177328821681181,5,169,169
B2_corrected,pointnet2,proto,subject,f1_class::Pallister-Killian Syndrome,5,0.43809523809523804,0.055123032870429634,5,169,169
B2_corrected,pointnet2,proto,subject,f1_class::Phelan McDermid Syndrome,1,0.855072463768116,0.019845020199462507,5,169,169
B2_corrected,pointnet2,proto,subject,f1_class::Phelan McDermid Syndrome,2,0.87953216374269,0.02092227347368224,5,169,169
B2_corrected,pointnet2,proto,subject,f1_class::Phelan McDermid Syndrome,3,0.8337662337662337,0.021339839902798627,5,169,169
B2_corrected,pointnet2,proto,subject,f1_class::Phelan McDermid Syndrome,4,0.807218045112782,0.08480356434045654,5,169,169
B2_corrected,pointnet2,proto,subject,f1_class::Phelan McDermid Syndrome,5,0.8168421052631579,0.023062002421270104,5,169,169
B2_corrected,pointnet2,proto,subject,f1_class::Pitt Hopkins,1,0.36777777777777776,0.13347214995951331,5,169,169
B2_corrected,pointnet2,proto,subject,f1_class::Pitt Hopkins,2,0.38989898989898986,0.051306768077576954,5,169,169
B2_corrected,pointnet2,proto,subject,f1_class::Pitt Hopkins,3,0.5285714285714286,0.03912303982179756,5,169,169
B2_corrected,pointnet2,proto,subject,f1_class::Pitt Hopkins,4,0.3877777777777778,0.0801618732685678,5,169,169
B2_corrected,pointnet2,proto,subject,f1_class::Pitt Hopkins,5,0.6142857142857142,0.07604152106033957,5,169,169
B2_corrected,pointnet2,proto,subject,f1_class::Rett Syndrome,1,0.6214285714285714,0.17053337694733314,5,169,169
B2_corrected,pointnet2,proto,subject,f1_class::Rett Syndrome,2,0.10714285714285714,0.14725377234348785,5,169,169
B2_corrected,pointnet2,proto,subject,f1_class::Rett Syndrome,3,0.2444444444444444,0.27666443551086073,5,169,169
B2_corrected,pointnet2,proto,subject,f1_class::Rett Syndrome,4,0.10714285714285714,0.14725377234348785,5,169,169
B2_corrected,pointnet2,proto,subject,f1_class::Rett Syndrome,5,0.12380952380952381,0.17036708399998396,5,169,169
B2_corrected,pointnet2,proto,subject,f1_class::Rubinstein-Taybi Syndrome,1,0.42666666666666664,0.07226494462892932,5,169,169
B2_corrected,pointnet2,proto,subject,f1_class::Rubinstein-Taybi Syndrome,2,0.0,0.0,5,169,169
B2_corrected,pointnet2,proto,subject,f1_class::Rubinstein-Taybi Syndrome,3,0.0,0.0,5,169,169
B2_corrected,pointnet2,proto,subject,f1_class::Rubinstein-Taybi Syndrome,4,0.38666666666666666,0.029814239699997216,5,169,169
B2_corrected,pointnet2,proto,subject,f1_class::Rubinstein-Taybi Syndrome,5,0.740952380952381,0.1661079068999844,5,169,169
B2_corrected,pointnet2,proto,subject,f1_class::Smith-Lemli-Opitz,1,0.0,0.0,5,169,169
B2_corrected,pointnet2,proto,subject,f1_class::Smith-Lemli-Opitz,2,0.3466666666666667,0.029814239699997216,5,169,169
B2_corrected,pointnet2,proto,subject,f1_class::Smith-Lemli-Opitz,3,0.22666666666666666,0.2086996778999804,5,169,169
B2_corrected,pointnet2,proto,subject,f1_class::Smith-Lemli-Opitz,4,0.10158730158730159,0.1409037525153787,5,169,169
B2_corrected,pointnet2,proto,subject,f1_class::Smith-Lemli-Opitz,5,0.27999999999999997,0.15916448515084428,5,169,169
B2_corrected,pointnet2,proto,subject,f1_class::Tetrasomy 18p,1,0.34714285714285714,0.0734708049749931,5,169,169
B2_corrected,pointnet2,proto,subject,f1_class::Tetrasomy 18p,2,0.21222222222222223,0.03103164454170878,5,169,169
B2_corrected,pointnet2,proto,subject,f1_class::Tetrasomy 18p,3,0.42000000000000004,0.04472135954999579,5,169,169
B2_corrected,pointnet2,proto,subject,f1_class::Tetrasomy 18p,4,0.42000000000000004,0.04472135954999579,5,169,169
B2_corrected,pointnet2,proto,subject,f1_class::Tetrasomy 18p,5,0.2753968253968254,0.041958539326623176,5,169,169
B2_corrected,pointnet2,proto,subject,f1_class::Trisomy 18,1,0.6599999999999999,0.10645812948447543,5,169,169
B2_corrected,pointnet2,proto,subject,f1_class::Trisomy 18,2,0.4,0.0,5,169,169
B2_corrected,pointnet2,proto,subject,f1_class::Trisomy 18,3,0.3314285714285714,0.06259686371487615,5,169,169
B2_corrected,pointnet2,proto,subject,f1_class::Trisomy 18,4,0.38095238095238093,0.20841835000013806,5,169,169
B2_corrected,pointnet2,proto,subject,f1_class::Trisomy 18,5,0.3066666666666667,0.17384539747207065,5,169,169
B2_corrected,pointnet2,proto,subject,f1_class::Turner Syndrome,1,0.3504761904761905,0.04921146926767169,5,169,169
B2_corrected,pointnet2,proto,subject,f1_class::Turner Syndrome,2,0.0,0.0,5,169,169
B2_corrected,pointnet2,proto,subject,f1_class::Turner Syndrome,3,0.3771428571428571,0.05111012519999521,5,169,169
B2_corrected,pointnet2,proto,subject,f1_class::Turner Syndrome,4,0.0,0.0,5,169,169
B2_corrected,pointnet2,proto,subject,f1_class::Turner Syndrome,5,0.0,0.0,5,169,169
B2_corrected,pointnet2,proto,subject,f1_class::Williams Syndrome,1,0.36776556776556774,0.0722735778734863,5,169,169
B2_corrected,pointnet2,proto,subject,f1_class::Williams Syndrome,2,0.3018833849329205,0.05842630851632762,5,169,169
B2_corrected,pointnet2,proto,subject,f1_class::Williams Syndrome,3,0.3863553113553113,0.07428862449234448,5,169,169
B2_corrected,pointnet2,proto,subject,f1_class::Williams Syndrome,4,0.24189542483660129,0.016981519180498693,5,169,169
B2_corrected,pointnet2,proto,subject,f1_class::Williams Syndrome,5,0.2916704805491991,0.04986474277576146,5,169,169
B2_corrected,pointnet2,proto,subject,macro_auc,1,0.8962075755192942,0.004210135972621277,5,169,169
B2_corrected,pointnet2,proto,subject,macro_auc,2,0.8986374468312907,0.002612327146475122,5,169,169
B2_corrected,pointnet2,proto,subject,macro_auc,3,0.89691834805603,0.004815423550048483,5,169,169
B2_corrected,pointnet2,proto,subject,macro_auc,4,0.8961413708340114,0.004699063434931034,5,169,169
B2_corrected,pointnet2,proto,subject,macro_auc,5,0.8807045727204894,0.003968856691541407,5,169,169
B2_corrected,pointnet2,proto,subject,macro_f1,1,0.4124837395649569,0.020523207467973155,5,169,169
B2_corrected,pointnet2,proto,subject,macro_f1,2,0.31281088662376977,0.008729306798543137,5,169,169
B2_corrected,pointnet2,proto,subject,macro_f1,3,0.37135088738803906,0.01789606622294251,5,169,169
B2_corrected,pointnet2,proto,subject,macro_f1,4,0.32649789534608237,0.01339352084120557,5,169,169
B2_corrected,pointnet2,proto,subject,macro_f1,5,0.3463037659944077,0.01440866272207422,5,169,169
B2_corrected,pointnet2,proto,subject,top3_accuracy,1,0.7029585798816568,0.016419451982853963,5,169,169
B2_corrected,pointnet2,proto,subject,top3_accuracy,2,0.6733727810650887,0.012828096679691571,5,169,169
B2_corrected,pointnet2,proto,subject,top3_accuracy,3,0.693491124260355,0.009722885636186394,5,169,169
B2_corrected,pointnet2,proto,subject,top3_accuracy,4,0.6437869822485208,0.019802604178321324,5,169,169
B2_corrected,pointnet2,proto,subject,top3_accuracy,5,0.680473372781065,0.011069992268561955,5,169,169
B2_corrected,pointnet2,proto,subject,top5_accuracy,1,0.8035502958579881,0.015316188290585514,5,169,169
B2_corrected,pointnet2,proto,subject,top5_accuracy,2,0.7727810650887574,0.016525727862448478,5,169,169
B2_corrected,pointnet2,proto,subject,top5_accuracy,3,0.7940828402366864,0.01842888935194963,5,169,169
B2_corrected,pointnet2,proto,subject,top5_accuracy,4,0.7798816568047338,0.01641945198285397,5,169,169
B2_corrected,pointnet2,proto,subject,top5_accuracy,5,0.7680473372781066,0.0134932002970312,5,169,169
B2_corrected,pointnet2,softmax,scan,accuracy,1,0.3389473684210526,0.0059545834205183045,5,475,169
B2_corrected,pointnet2,softmax,scan,accuracy,2,0.2783157894736842,0.011569374032870826,5,475,169
B2_corrected,pointnet2,softmax,scan,accuracy,3,0.30821052631578943,0.01739869769380583,5,475,169
B2_corrected,pointnet2,softmax,scan,accuracy,4,0.2631578947368421,0.005765500605317566,5,475,169
B2_corrected,pointnet2,softmax,scan,accuracy,5,0.28673684210526307,0.007933239444807033,5,475,169
B2_corrected,pointnet2,softmax,scan,f1_class::4p Deletion Wolff-Hirschhorn Syndrome,1,0.35820512820512823,0.03701721883754638,5,475,169
B2_corrected,pointnet2,softmax,scan,f1_class::4p Deletion Wolff-Hirschhorn Syndrome,2,0.08380952380952378,0.07660600972262932,5,475,169
B2_corrected,pointnet2,softmax,scan,f1_class::4p Deletion Wolff-Hirschhorn Syndrome,3,0.03636363636363636,0.08131156281817417,5,475,169
B2_corrected,pointnet2,softmax,scan,f1_class::4p Deletion Wolff-Hirschhorn Syndrome,4,0.07831202046035804,0.0455517317257122,5,475,169
B2_corrected,pointnet2,softmax,scan,f1_class::4p Deletion Wolff-Hirschhorn Syndrome,5,0.0,0.0,5,475,169
B2_corrected,pointnet2,softmax,scan,f1_class::5p-,1,0.2938095238095238,0.03822893206938344,5,475,169
B2_corrected,pointnet2,softmax,scan,f1_class::5p-,2,0.25654970760233914,0.04831538460279885,5,475,169
B2_corrected,pointnet2,softmax,scan,f1_class::5p-,3,0.48471177944862154,0.039760070240541026,5,475,169
B2_corrected,pointnet2,softmax,scan,f1_class::5p-,4,0.23693040242239327,0.05712167224459333,5,475,169
B2_corrected,pointnet2,softmax,scan,f1_class::5p-,5,0.4056965944272445,0.05656474687642293,5,475,169
B2_corrected,pointnet2,softmax,scan,f1_class::Achondroplasia,1,0.4883730359369959,0.05070517239308482,5,475,169
B2_corrected,pointnet2,softmax,scan,f1_class::Achondroplasia,2,0.38687220572165487,0.030462550986282116,5,475,169
B2_corrected,pointnet2,softmax,scan,f1_class::Achondroplasia,3,0.393785617695354,0.07019851465819575,5,475,169
B2_corrected,pointnet2,softmax,scan,f1_class::Achondroplasia,4,0.43165882967607105,0.03170873953678369,5,475,169
B2_corrected,pointnet2,softmax,scan,f1_class::Achondroplasia,5,0.37604417088288056,0.03079580252256757,5,475,169
B2_corrected,pointnet2,softmax,scan,f1_class::Angelman Syndrome,1,0.08827705627705626,0.057098290373630164,5,475,169
B2_corrected,pointnet2,softmax,scan,f1_class::Angelman Syndrome,2,0.11033367733058135,0.007747105193679555,5,475,169
B2_corrected,pointnet2,softmax,scan,f1_class::Angelman Syndrome,3,0.19166666666666665,0.06832429931249358,5,475,169
B2_corrected,pointnet2,softmax,scan,f1_class::Angelman Syndrome,4,0.11267399267399263,0.06355158288473493,5,475,169
B2_corrected,pointnet2,softmax,scan,f1_class::Angelman Syndrome,5,0.17087912087912085,0.0444851398305193,5,475,169
B2_corrected,pointnet2,softmax,scan,f1_class::Apert Syndrome,1,0.0,0.0,5,475,169
B2_corrected,pointnet2,softmax,scan,f1_class::Apert Syndrome,2,0.0,0.0,5,475,169
B2_corrected,pointnet2,softmax,scan,f1_class::Apert Syndrome,3,0.0,0.0,5,475,169
B2_corrected,pointnet2,softmax,scan,f1_class::Apert Syndrome,4,0.0,0.0,5,475,169
B2_corrected,pointnet2,softmax,scan,f1_class::Apert Syndrome,5,0.0,0.0,5,475,169
B2_corrected,pointnet2,softmax,scan,f1_class::Bohring-Opitz Syndrome,1,0.26337828837828836,0.08793068910554677,5,475,169
B2_corrected,pointnet2,softmax,scan,f1_class::Bohring-Opitz Syndrome,2,0.2994405594405595,0.18862775630209708,5,475,169
B2_corrected,pointnet2,softmax,scan,f1_class::Bohring-Opitz Syndrome,3,0.3278431372549019,0.11982871852031346,5,475,169
B2_corrected,pointnet2,softmax,scan,f1_class::Bohring-Opitz Syndrome,4,0.21888888888888886,0.051460160786264045,5,475,169
B2_corrected,pointnet2,softmax,scan,f1_class::Bohring-Opitz Syndrome,5,0.1424242424242424,0.07988743228160039,5,475,169
B2_corrected,pointnet2,softmax,scan,f1_class::CDKL5,1,0.0,0.0,5,475,169
B2_corrected,pointnet2,softmax,scan,f1_class::CDKL5,2,0.0,0.0,5,475,169
B2_corrected,pointnet2,softmax,scan,f1_class::CDKL5,3,0.0,0.0,5,475,169
B2_corrected,pointnet2,softmax,scan,f1_class::CDKL5,4,0.0,0.0,5,475,169
B2_corrected,pointnet2,softmax,scan,f1_class::CDKL5,5,0.0,0.0,5,475,169
B2_corrected,pointnet2,softmax,scan,f1_class::CFC,1,0.373859649122807,0.05358924061560164,5,475,169
B2_corrected,pointnet2,softmax,scan,f1_class::CFC,2,0.0,0.0,5,475,169
B2_corrected,pointnet2,softmax,scan,f1_class::CFC,3,0.34709438470728793,0.060382672630356744,5,475,169
B2_corrected,pointnet2,softmax,scan,f1_class::CFC,4,0.1837659637659637,0.040789823952302295,5,475,169
B2_corrected,pointnet2,softmax,scan,f1_class::CFC,5,0.07241830065359475,0.06659999229012384,5,475,169
B2_corrected,pointnet2,softmax,scan,f1_class::CHARGE Syndrome,1,0.09214845938375348,0.027182820294266857,5,475,169
B2_corrected,pointnet2,softmax,scan,f1_class::CHARGE Syndrome,2,0.1654067197170645,0.04713085847745207,5,475,169
B2_corrected,pointnet2,softmax,scan,f1_class::CHARGE Syndrome,3,0.0,0.0,5,475,169
B2_corrected,pointnet2,softmax,scan,f1_class::CHARGE Syndrome,4,0.08806835637480796,0.03574264684980815,5,475,169
B2_corrected,pointnet2,softmax,scan,f1_class::CHARGE Syndrome,5,0.0,0.0,5,475,169
B2_corrected,pointnet2,softmax,scan,f1_class::CdLS,1,0.2466869182658656,0.08330961176345947,5,475,169
B2_corrected,pointnet2,softmax,scan,f1_class::CdLS,2,0.1356276935893176,0.046549955098239684,5,475,169
B2_corrected,pointnet2,softmax,scan,f1_class::CdLS,3,0.06419632925472746,0.04428312326601147,5,475,169
B2_corrected,pointnet2,softmax,scan,f1_class::CdLS,4,0.0,0.0,5,475,169
B2_corrected,pointnet2,softmax,scan,f1_class::CdLS,5,0.08210925306577478,0.003802569199670009,5,475,169
B2_corrected,pointnet2,softmax,scan,f1_class::Cockayne Syndrome,1,0.5775444065766646,0.06417507354977428,5,475,169
B2_corrected,pointnet2,softmax,scan,f1_class::Cockayne Syndrome,2,0.48365591397849456,0.032935538283807776,5,475,169
B2_corrected,pointnet2,softmax,scan,f1_class::Cockayne Syndrome,3,0.4993938471940501,0.10118789743938399,5,475,169
B2_corrected,pointnet2,softmax,scan,f1_class::Cockayne Syndrome,4,0.4383028762116637,0.030862527880283028,5,475,169
B2_corrected,pointnet2,softmax,scan,f1_class::Cockayne Syndrome,5,0.5332480386790731,0.07289666483711926,5,475,169
B2_corrected,pointnet2,softmax,scan,f1_class::Cohen Syndrome,1,0.5305747126436782,0.02826745038885405,5,475,169
B2_corrected,pointnet2,softmax,scan,f1_class::Cohen Syndrome,2,0.3750208986415883,0.058101513601847454,5,475,169
B2_corrected,pointnet2,softmax,scan,f1_class::Cohen Syndrome,3,0.43349753694581283,0.057999565710919326,5,475,169
B2_corrected,pointnet2,softmax,scan,f1_class::Cohen Syndrome,4,0.4179487179487179,0.07882269819968922,5,475,169
B2_corrected,pointnet2,softmax,scan,f1_class::Cohen Syndrome,5,0.4183076923076923,0.05751814166542859,5,475,169
B2_corrected,pointnet2,softmax,scan,f1_class::Costello Syndrome,1,0.37017984725301795,0.054523555391536874,5,475,169
B2_corrected,pointnet2,softmax,scan,f1_class::Costello Syndrome,2,0.32381002851591084,0.07070799687394334,5,475,169
B2_corrected,pointnet2,softmax,scan,f1_class::Costello Syndrome,3,0.3601801407834784,0.08139066452537645,5,475,169
B2_corrected,pointnet2,softmax,scan,f1_class::Costello Syndrome,4,0.3457264957264957,0.05691627484319793,5,475,169
B2_corrected,pointnet2,softmax,scan,f1_class::Costello Syndrome,5,0.2898888604770957,0.03257993678069827,5,475,169
B2_corrected,pointnet2,softmax,scan,f1_class::Crouzon Syndrome,1,0.0,0.0,5,475,169
B2_corrected,pointnet2,softmax,scan,f1_class::Crouzon Syndrome,2,0.7666666666666666,0.22360679774997896,5,475,169
B2_corrected,pointnet2,softmax,scan,f1_class::Crouzon Syndrome,3,0.2,0.447213595499958,5,475,169
B2_corrected,pointnet2,softmax,scan,f1_class::Crouzon Syndrome,4,0.2,0.2738612787525831,5,475,169
B2_corrected,pointnet2,softmax,scan,f1_class::Crouzon Syndrome,5,0.03333333333333332,0.07453559924999296,5,475,169
B2_corrected,pointnet2,softmax,scan,f1_class::Down Syndrome,1,0.602912199681126,0.037281032505863856,5,475,169
B2_corrected,pointnet2,softmax,scan,f1_class::Down Syndrome,2,0.535831891499693,0.04720029792262377,5,475,169
B2_corrected,pointnet2,softmax,scan,f1_class::Down Syndrome,3,0.5846599468986148,0.015413651592654743,5,475,169
B2_corrected,pointnet2,softmax,scan,f1_class::Down Syndrome,4,0.5869645390070921,0.016312395926168195,5,475,169
B2_corrected,pointnet2,softmax,scan,f1_class::Down Syndrome,5,0.4759151660664266,0.043874602582867066,5,475,169
B2_corrected,pointnet2,softmax,scan,f1_class::Ehlers-Danlos Syndrome,1,0.2646813186813187,0.030521332620944627,5,475,169
B2_corrected,pointnet2,softmax,scan,f1_class::Ehlers-Danlos Syndrome,2,0.2068668046928916,0.03287553178592521,5,475,169
B2_corrected,pointnet2,softmax,scan,f1_class::Ehlers-Danlos Syndrome,3,0.3526817042606516,0.049201512315584506,5,475,169
B2_corrected,pointnet2,softmax,scan,f1_class::Ehlers-Danlos Syndrome,4,0.20941539619800484,0.0386123888885965,5,475,169
B2_corrected,pointnet2,softmax,scan,f1_class::Ehlers-Danlos Syndrome,5,0.14297385620915032,0.04441544974059065,5,475,169
B2_corrected,pointnet2,softmax,scan,"f1_class::Facial Dysmorphia, possibly genetic",1,0.158422114012579,0.07130256560834383,5,475,169
B2_corrected,pointnet2,softmax,scan,"f1_class::Facial Dysmorphia, possibly genetic",2,0.13335584256300365,0.029246382095775403,5,475,169
B2_corrected,pointnet2,softmax,scan,"f1_class::Facial Dysmorphia, possibly genetic",3,0.13572147001934234,0.04934255008239337,5,475,169
B2_corrected,pointnet2,softmax,scan,"f1_class::Facial Dysmorphia, possibly genetic",4,0.20032537679596502,0.08249833277144202,5,475,169
B2_corrected,pointnet2,softmax,scan,"f1_class::Facial Dysmorphia, possibly genetic",5,0.15970985691573927,0.052468021945799956,5,475,169
B2_corrected,pointnet2,softmax,scan,f1_class::Jacobsen Syndrome,1,0.18855270655270653,0.04798524507868859,5,475,169
B2_corrected,pointnet2,softmax,scan,f1_class::Jacobsen Syndrome,2,0.22356037144227128,0.05719323404858699,5,475,169
B2_corrected,pointnet2,softmax,scan,f1_class::Jacobsen Syndrome,3,0.27171065493646135,0.03554196279403137,5,475,169
B2_corrected,pointnet2,softmax,scan,f1_class::Jacobsen Syndrome,4,0.40543659621802003,0.054641890720936316,5,475,169
B2_corrected,pointnet2,softmax,scan,f1_class::Jacobsen Syndrome,5,0.3073878389667863,0.024377752738518867,5,475,169
B2_corrected,pointnet2,softmax,scan,f1_class::Joubert Syndrome,1,0.2230361846866406,0.020589711110817158,5,475,169
B2_corrected,pointnet2,softmax,scan,f1_class::Joubert Syndrome,2,0.16781609195402294,0.018696026866069252,5,475,169
B2_corrected,pointnet2,softmax,scan,f1_class::Joubert Syndrome,3,0.2034809245335561,0.031347127620267166,5,475,169
B2_corrected,pointnet2,softmax,scan,f1_class::Joubert Syndrome,4,0.20889319830496297,0.02855603615545745,5,475,169
B2_corrected,pointnet2,softmax,scan,f1_class::Joubert Syndrome,5,0.22574003543349025,0.030350463927349546,5,475,169
B2_corrected,pointnet2,softmax,scan,f1_class::Loeys-Dietz Syndrome,1,0.2981793644951539,0.042864878609201455,5,475,169
B2_corrected,pointnet2,softmax,scan,f1_class::Loeys-Dietz Syndrome,2,0.2001000625390869,0.0050034396400099705,5,475,169
B2_corrected,pointnet2,softmax,scan,f1_class::Loeys-Dietz Syndrome,3,0.34746919746919747,0.05173711035917063,5,475,169
B2_corrected,pointnet2,softmax,scan,f1_class::Loeys-Dietz Syndrome,4,0.2191228661816897,0.051311533348976916,5,475,169
B2_corrected,pointnet2,softmax,scan,f1_class::Loeys-Dietz Syndrome,5,0.3016902616902617,0.03002440040386046,5,475,169
B2_corrected,pointnet2,softmax,scan,f1_class::Marfan Syndrome,1,0.19176552543692502,0.05716797303771381,5,475,169
B2_corrected,pointnet2,softmax,scan,f1_class::Marfan Syndrome,2,0.4016336373219535,0.024825596231215014,5,475,169
B2_corrected,pointnet2,softmax,scan,f1_class::Marfan Syndrome,3,0.3314393939393939,0.03502507956232374,5,475,169
B2_corrected,pointnet2,softmax,scan,f1_class::Marfan Syndrome,4,0.1182650029708853,0.05659925004953577,5,475,169
B2_corrected,pointnet2,softmax,scan,f1_class::Marfan Syndrome,5,0.32579726579726576,0.024920110485132107,5,475,169
B2_corrected,pointnet2,softmax,scan,f1_class::Mucopolysaccharidosis type IIIB (Sanfilippo B),1,0.11619047619047618,0.08203754463755439,5,475,169
B2_corrected,pointnet2,softmax,scan,f1_class::Mucopolysaccharidosis type IIIB (Sanfilippo B),2,0.0,0.0,5,475,169
B2_corrected,pointnet2,softmax,scan,f1_class::Mucopolysaccharidosis type IIIB (Sanfilippo B),3,0.0,0.0,5,475,169
B2_corrected,pointnet2,softmax,scan,f1_class::Mucopolysaccharidosis type IIIB (Sanfilippo B),4,0.0,0.0,5,475,169
B2_corrected,pointnet2,softmax,scan,f1_class::Mucopolysaccharidosis type IIIB (Sanfilippo B),5,0.0,0.0,5,475,169
B2_corrected,pointnet2,softmax,scan,f1_class::Noonan Syndrome,1,0.37235539292803344,0.05090692057972329,5,475,169
B2_corrected,pointnet2,softmax,scan,f1_class::Noonan Syndrome,2,0.31965570586879954,0.017371464209213573,5,475,169
B2_corrected,pointnet2,softmax,scan,f1_class::Noonan Syndrome,3,0.4041931771023205,0.04963528390814563,5,475,169
B2_corrected,pointnet2,softmax,scan,f1_class::Noonan Syndrome,4,0.28361702505145125,0.020209767903780172,5,475,169
B2_corrected,pointnet2,softmax,scan,f1_class::Noonan Syndrome,5,0.33461563722124366,0.03455314836089985,5,475,169
B2_corrected,pointnet2,softmax,scan,f1_class::Pallister-Killian Syndrome,1,0.47018239179729865,0.027418004874651004,5,475,169
B2_corrected,pointnet2,softmax,scan,f1_class::Pallister-Killian Syndrome,2,0.42820293200720594,0.05433303864503869,5,475,169
B2_corrected,pointnet2,softmax,scan,f1_class::Pallister-Killian Syndrome,3,0.35313927451858484,0.019073179453032215,5,475,169
B2_corrected,pointnet2,softmax,scan,f1_class::Pallister-Killian Syndrome,4,0.38622082679225533,0.05265940226888552,5,475,169
B2_corrected,pointnet2,softmax,scan,f1_class::Pallister-Killian Syndrome,5,0.4178656303046546,0.022505511225109583,5,475,169
B2_corrected,pointnet2,softmax,scan,f1_class::Phelan McDermid Syndrome,1,0.5784092902957481,0.02265489682097168,5,475,169
B2_corrected,pointnet2,softmax,scan,f1_class::Phelan McDermid Syndrome,2,0.48301834864126664,0.025281119735841826,5,475,169
B2_corrected,pointnet2,softmax,scan,f1_class::Phelan McDermid Syndrome,3,0.4806224330376295,0.06152111637109832,5,475,169
B2_corrected,pointnet2,softmax,scan,f1_class::Phelan McDermid Syndrome,4,0.3729577464788732,0.04260883470690491,5,475,169
B2_corrected,pointnet2,softmax,scan,f1_class::Phelan McDermid Syndrome,5,0.36742528443936895,0.041901994199006254,5,475,169
B2_corrected,pointnet2,softmax,scan,f1_class::Pitt Hopkins,1,0.3710819193577814,0.05719826094510161,5,475,169
B2_corrected,pointnet2,softmax,scan,f1_class::Pitt Hopkins,2,0.32553846153846155,0.011526489515557972,5,475,169
B2_corrected,pointnet2,softmax,scan,f1_class::Pitt Hopkins,3,0.4444444444444445,0.03402069087198858,5,475,169
B2_corrected,pointnet2,softmax,scan,f1_class::Pitt Hopkins,4,0.3884415584415584,0.020357600262748653,5,475,169
B2_corrected,pointnet2,softmax,scan,f1_class::Pitt Hopkins,5,0.4276180647697675,0.03314158445200928,5,475,169
B2_corrected,pointnet2,softmax,scan,f1_class::Rett Syndrome,1,0.34821005081874645,0.07032162627206709,5,475,169
B2_corrected,pointnet2,softmax,scan,f1_class::Rett Syndrome,2,0.06115288220551376,0.09313061984957262,5,475,169
B2_corrected,pointnet2,softmax,scan,f1_class::Rett Syndrome,3,0.1341077441077441,0.0479067315350156,5,475,169
B2_corrected,pointnet2,softmax,scan,f1_class::Rett Syndrome,4,0.103338690295212,0.036044095386444194,5,475,169
B2_corrected,pointnet2,softmax,scan,f1_class::Rett Syndrome,5,0.0,0.0,5,475,169
B2_corrected,pointnet2,softmax,scan,f1_class::Rubinstein-Taybi Syndrome,1,0.28428571428571425,0.03120773786249704,5,475,169
B2_corrected,pointnet2,softmax,scan,f1_class::Rubinstein-Taybi Syndrome,2,0.15,0.13693063937629155,5,475,169
B2_corrected,pointnet2,softmax,scan,f1_class::Rubinstein-Taybi Syndrome,3,0.10969696969696967,0.1008321665119293,5,475,169
B2_corrected,pointnet2,softmax,scan,f1_class::Rubinstein-Taybi Syndrome,4,0.3076676986584107,0.04788524540224903,5,475,169
B2_corrected,pointnet2,softmax,scan,f1_class::Rubinstein-Taybi Syndrome,5,0.16267399267399263,0.10650560310047137,5,475,169
B2_corrected,pointnet2,softmax,scan,f1_class::Smith-Lemli-Opitz,1,0.04,0.08944271909999159,5,475,169
B2_corrected,pointnet2,softmax,scan,f1_class::Smith-Lemli-Opitz,2,0.1327272727272727,0.0767929251409191,5,475,169
B2_corrected,pointnet2,softmax,scan,f1_class::Smith-Lemli-Opitz,3,0.0,0.0,5,475,169
B2_corrected,pointnet2,softmax,scan,f1_class::Smith-Lemli-Opitz,4,0.05833333333333333,0.08122328620674134,5,475,169
B2_corrected,pointnet2,softmax,scan,f1_class::Smith-Lemli-Opitz,5,0.0,0.0,5,475,169
B2_corrected,pointnet2,softmax,scan,f1_class::Tetrasomy 18p,1,0.2770271833429728,0.03195263385484604,5,475,169
B2_corrected,pointnet2,softmax,scan,f1_class::Tetrasomy 18p,2,0.26972122601397563,0.0537639601586627,5,475,169
B2_corrected,pointnet2,softmax,scan,f1_class::Tetrasomy 18p,3,0.27098721098721096,0.09203356493578138,5,475,169
B2_corrected,pointnet2,softmax,scan,f1_class::Tetrasomy 18p,4,0.33343629343629344,0.006553857399581608,5,475,169
B2_corrected,pointnet2,softmax,scan,f1_class::Tetrasomy 18p,5,0.40871195081721395,0.015351653000739962,5,475,169
B2_corrected,pointnet2,softmax,scan,f1_class::Trisomy 18,1,0.41818181818181815,0.07468943965979541,5,475,169
B2_corrected,pointnet2,softmax,scan,f1_class::Trisomy 18,2,0.42394957983193277,0.09597587390004722,5,475,169
B2_corrected,pointnet2,softmax,scan,f1_class::Trisomy 18,3,0.3617114979963277,0.0691071656878771,5,475,169
B2_corrected,pointnet2,softmax,scan,f1_class::Trisomy 18,4,0.443235294117647,0.053018734039672694,5,475,169
B2_corrected,pointnet2,softmax,scan,f1_class::Trisomy 18,5,0.3514912280701754,0.04841214788888924,5,475,169
B2_corrected,pointnet2,softmax,scan,f1_class::Turner Syndrome,1,0.259000442282176,0.06082754860451755,5,475,169
B2_corrected,pointnet2,softmax,scan,f1_class::Turner Syndrome,2,0.1415032679738562,0.05288857529654801,5,475,169
B2_corrected,pointnet2,softmax,scan,f1_class::Turner Syndrome,3,0.19566597653554174,0.06140046624952883,5,475,169
B2_corrected,pointnet2,softmax,scan,f1_class::Turner Syndrome,4,0.0,0.0,5,475,169
B2_corrected,pointnet2,softmax,scan,f1_class::Turner Syndrome,5,0.02857142857142856,0.06388765649999396,5,475,169
B2_corrected,pointnet2,softmax,scan,f1_class::Williams Syndrome,1,0.24912405801798881,0.04609965141086601,5,475,169
B2_corrected,pointnet2,softmax,scan,f1_class::Williams Syndrome,2,0.20603912882982645,0.05005873015490563,5,475,169
B2_corrected,pointnet2,softmax,scan,f1_class::Williams Syndrome,3,0.2670401788755671,0.04382295122829725,5,475,169
B2_corrected,pointnet2,softmax,scan,f1_class::Williams Syndrome,4,0.03434343434343434,0.05030262463833831,5,475,169
B2_corrected,pointnet2,softmax,scan,f1_class::Williams Syndrome,5,0.2948864468864469,0.035009976477444256,5,475,169
B2_corrected,pointnet2,softmax,scan,macro_auc,1,0.8455359302894794,0.0034495849996764427,5,475,169
B2_corrected,pointnet2,softmax,scan,macro_auc,2,0.8365337085811528,0.003233551899450526,5,475,169
B2_corrected,pointnet2,softmax,scan,macro_auc,3,0.8484588855981444,0.004458664319540106,5,475,169
B2_corrected,pointnet2,softmax,scan,macro_auc,4,0.8561029500232321,0.0018219946016886693,5,475,169
B2_corrected,pointnet2,softmax,scan,macro_auc,5,0.8366866367773056,0.0037275974807788412,5,475,169
B2_corrected,pointnet2,softmax,scan,macro_f1,1,0.284685914451454,0.008436412528720311,5,475,169
B2_corrected,pointnet2,softmax,scan,macro_f1,2,0.24842021523226468,0.01688203555529708,5,475,169
B2_corrected,pointnet2,softmax,scan,macro_f1,3,0.26022743259618475,0.023280610221700047,5,475,169
B2_corrected,pointnet2,softmax,scan,macro_f1,4,0.2246148915386194,0.013120797644016005,5,475,169
B2_corrected,pointnet2,softmax,scan,macro_f1,5,0.21992192581707468,0.005932912818965606,5,475,169
B2_corrected,pointnet2,softmax,scan,top3_accuracy,1,0.5738947368421052,0.00410391340834064,5,475,169
B2_corrected,pointnet2,softmax,scan,top3_accuracy,2,0.5204210526315789,0.005649013837894207,5,475,169
B2_corrected,pointnet2,softmax,scan,top3_accuracy,3,0.5490526315789473,0.004564101766037644,5,475,169
B2_corrected,pointnet2,softmax,scan,top3_accuracy,4,0.5322105263157895,0.0058418681791627776,5,475,169
B2_corrected,pointnet2,softmax,scan,top3_accuracy,5,0.5444210526315789,0.006918600726381051,5,475,169
B2_corrected,pointnet2,softmax,scan,top5_accuracy,1,0.6926315789473685,0.008931875130777428,5,475,169
B2_corrected,pointnet2,softmax,scan,top5_accuracy,2,0.6391578947368421,0.016005539207366918,5,475,169
B2_corrected,pointnet2,softmax,scan,top5_accuracy,3,0.6842105263157895,0.008680222369721413,5,475,169
B2_corrected,pointnet2,softmax,scan,top5_accuracy,4,0.6711578947368422,0.005449338570755658,5,475,169
B2_corrected,pointnet2,softmax,scan,top5_accuracy,5,0.655578947368421,0.008234781985519113,5,475,169
B2_corrected,pointnet2,softmax,subject,accuracy,1,0.45088757396449697,0.018428889351949595,5,169,169
B2_corrected,pointnet2,softmax,subject,accuracy,2,0.36804733727810646,0.017947634187104263,5,169,169
B2_corrected,pointnet2,softmax,subject,accuracy,3,0.4177514792899408,0.006746600148515634,5,169,169
B2_corrected,pointnet2,softmax,subject,accuracy,4,0.3467455621301775,0.018523640050294117,5,169,169
B2_corrected,pointnet2,softmax,subject,accuracy,5,0.4071005917159763,0.013493200297031188,5,169,169
B2_corrected,pointnet2,softmax,subject,f1_class::4p Deletion Wolff-Hirschhorn Syndrome,1,0.44000000000000006,0.0547722557505166,5,169,169
B2_corrected,pointnet2,softmax,subject,f1_class::4p Deletion Wolff-Hirschhorn Syndrome,2,0.0,0.0,5,169,169
B2_corrected,pointnet2,softmax,subject,f1_class::4p Deletion Wolff-Hirschhorn Syndrome,3,0.0,0.0,5,169,169
B2_corrected,pointnet2,softmax,subject,f1_class::4p Deletion Wolff-Hirschhorn Syndrome,4,0.0,0.0,5,169,169
B2_corrected,pointnet2,softmax,subject,f1_class::4p Deletion Wolff-Hirschhorn Syndrome,5,0.0,0.0,5,169,169
B2_corrected,pointnet2,softmax,subject,f1_class::5p-,1,0.2038095238095238,0.1904285654747019,5,169,169
B2_corrected,pointnet2,softmax,subject,f1_class::5p-,2,0.3738095238095238,0.11892851184516359,5,169,169
B2_corrected,pointnet2,softmax,subject,f1_class::5p-,3,0.6290909090909091,0.0549480094867546,5,169,169
B2_corrected,pointnet2,softmax,subject,f1_class::5p-,4,0.49428571428571433,0.06111214181773551,5,169,169
B2_corrected,pointnet2,softmax,subject,f1_class::5p-,5,0.43571428571428567,0.15649215928719032,5,169,169
B2_corrected,pointnet2,softmax,subject,f1_class::Achondroplasia,1,0.6440935672514619,0.0550913198311805,5,169,169
B2_corrected,pointnet2,softmax,subject,f1_class::Achondroplasia,2,0.5876190476190476,0.09826820756317671,5,169,169
B2_corrected,pointnet2,softmax,subject,f1_class::Achondroplasia,3,0.5590213278293774,0.04942626316803445,5,169,169
B2_corrected,pointnet2,softmax,subject,f1_class::Achondroplasia,4,0.5898692810457516,0.03473423475405442,5,169,169
B2_corrected,pointnet2,softmax,subject,f1_class::Achondroplasia,5,0.5117647058823529,0.016109486985446064,5,169,169
B2_corrected,pointnet2,softmax,subject,f1_class::Angelman Syndrome,1,0.05,0.11180339887498951,5,169,169
B2_corrected,pointnet2,softmax,subject,f1_class::Angelman Syndrome,2,0.38666666666666666,0.029814239699997216,5,169,169
B2_corrected,pointnet2,softmax,subject,f1_class::Angelman Syndrome,3,0.38095238095238093,0.2586376307428623,5,169,169
B2_corrected,pointnet2,softmax,subject,f1_class::Angelman Syndrome,4,0.0,0.0,5,169,169
B2_corrected,pointnet2,softmax,subject,f1_class::Angelman Syndrome,5,0.4,0.0,5,169,169
B2_corrected,pointnet2,softmax,subject,f1_class::Apert Syndrome,1,0.0,0.0,5,169,169
B2_corrected,pointnet2,softmax,subject,f1_class::Apert Syndrome,2,0.0,0.0,5,169,169
B2_corrected,pointnet2,softmax,subject,f1_class::Apert Syndrome,3,0.0,0.0,5,169,169
B2_corrected,pointnet2,softmax,subject,f1_class::Apert Syndrome,4,0.0,0.0,5,169,169
B2_corrected,pointnet2,softmax,subject,f1_class::Apert Syndrome,5,0.0,0.0,5,169,169
B2_corrected,pointnet2,softmax,subject,f1_class::Bohring-Opitz Syndrome,1,0.8,0.4472135954999579,5,169,169
B2_corrected,pointnet2,softmax,subject,f1_class::Bohring-Opitz Syndrome,2,0.2,0.447213595499958,5,169,169
B2_corrected,pointnet2,softmax,subject,f1_class::Bohring-Opitz Syndrome,3,0.9333333333333332,0.149071198499986,5,169,169
B2_corrected,pointnet2,softmax,subject,f1_class::Bohring-Opitz Syndrome,4,0.0,0.0,5,169,169
B2_corrected,pointnet2,softmax,subject,f1_class::Bohring-Opitz Syndrome,5,0.0,0.0,5,169,169
B2_corrected,pointnet2,softmax,subject,f1_class::CDKL5,1,0.0,0.0,5,169,169
B2_corrected,pointnet2,softmax,subject,f1_class::CDKL5,2,0.0,0.0,5,169,169
B2_corrected,pointnet2,softmax,subject,f1_class::CDKL5,3,0.0,0.0,5,169,169
B2_corrected,pointnet2,softmax,subject,f1_class::CDKL5,4,0.0,0.0,5,169,169
B2_corrected,pointnet2,softmax,subject,f1_class::CDKL5,5,0.0,0.0,5,169,169
B2_corrected,pointnet2,softmax,subject,f1_class::CFC,1,0.700952380952381,0.09842293853534338,5,169,169
B2_corrected,pointnet2,softmax,subject,f1_class::CFC,2,0.0,0.0,5,169,169
B2_corrected,pointnet2,softmax,subject,f1_class::CFC,3,0.5742857142857143,0.12991362907873896,5,169,169
B2_corrected,pointnet2,softmax,subject,f1_class::CFC,4,0.20857142857142855,0.05678459118386226,5,169,169
B2_corrected,pointnet2,softmax,subject,f1_class::CFC,5,0.0,0.0,5,169,169
B2_corrected,pointnet2,softmax,subject,f1_class::CHARGE Syndrome,1,0.07272727272727272,0.09958591954639383,5,169,169
B2_corrected,pointnet2,softmax,subject,f1_class::CHARGE Syndrome,2,0.03333333333333332,0.07453559924999296,5,169,169
B2_corrected,pointnet2,softmax,subject,f1_class::CHARGE Syndrome,3,0.0,0.0,5,169,169
B2_corrected,pointnet2,softmax,subject,f1_class::CHARGE Syndrome,4,0.06666666666666664,0.09128709291752765,5,169,169
B2_corrected,pointnet2,softmax,subject,f1_class::CHARGE Syndrome,5,0.0,0.0,5,169,169
B2_corrected,pointnet2,softmax,subject,f1_class::CdLS,1,0.2857843137254902,0.06441930000391966,5,169,169
B2_corrected,pointnet2,softmax,subject,f1_class::CdLS,2,0.12820512820512814,0.0719549497456527,5,169,169
B2_corrected,pointnet2,softmax,subject,f1_class::CdLS,3,0.08380952380952378,0.07660600972262932,5,169,169
B2_corrected,pointnet2,softmax,subject,f1_class::CdLS,4,0.0,0.0,5,169,169
B2_corrected,pointnet2,softmax,subject,f1_class::CdLS,5,0.18606060606060604,0.01414862730900458,5,169,169
B2_corrected,pointnet2,softmax,subject,f1_class::Cockayne Syndrome,1,0.8984126984126984,0.05896563689208482,5,169,169
B2_corrected,pointnet2,softmax,subject,f1_class::Cockayne Syndrome,2,0.7033333333333334,0.06810938913900852,5,169,169
B2_corrected,pointnet2,softmax,subject,f1_class::Cockayne Syndrome,3,0.7928571428571429,0.05868455973269634,5,169,169
B2_corrected,pointnet2,softmax,subject,f1_class::Cockayne Syndrome,4,0.5952380952380952,0.17148643203438016,5,169,169
B2_corrected,pointnet2,softmax,subject,f1_class::Cockayne Syndrome,5,0.7619047619047619,0.13468700594029476,5,169,169
B2_corrected,pointnet2,softmax,subject,f1_class::Cohen Syndrome,1,0.861111111111111,0.062112999374994135,5,169,169
B2_corrected,pointnet2,softmax,subject,f1_class::Cohen Syndrome,2,0.6933333333333334,0.05962847939999443,5,169,169
B2_corrected,pointnet2,softmax,subject,f1_class::Cohen Syndrome,3,0.6866666666666668,0.12382783747337808,5,169,169
B2_corrected,pointnet2,softmax,subject,f1_class::Cohen Syndrome,4,0.5714285714285714,0.0,5,169,169
B2_corrected,pointnet2,softmax,subject,f1_class::Cohen Syndrome,5,0.6285714285714286,0.0521640530957301,5,169,169
B2_corrected,pointnet2,softmax,subject,f1_class::Costello Syndrome,1,0.438235294117647,0.05896123587273367,5,169,169
B2_corrected,pointnet2,softmax,subject,f1_class::Costello Syndrome,2,0.3715617715617715,0.09990187588608948,5,169,169
B2_corrected,pointnet2,softmax,subject,f1_class::Costello Syndrome,3,0.6190476190476191,0.12362298190978908,5,169,169
B2_corrected,pointnet2,softmax,subject,f1_class::Costello Syndrome,4,0.5352380952380952,0.035730155204388686,5,169,169
B2_corrected,pointnet2,softmax,subject,f1_class::Costello Syndrome,5,0.3830769230769231,0.08001479153197441,5,169,169
B2_corrected,pointnet2,softmax,subject,f1_class::Crouzon Syndrome,1,0.0,0.0,5,169,169
B2_corrected,pointnet2,softmax,subject,f1_class::Crouzon Syndrome,2,1.0,0.0,5,169,169
B2_corrected,pointnet2,softmax,subject,f1_class::Crouzon Syndrome,3,0.2,0.447213595499958,5,169,169
B2_corrected,pointnet2,softmax,subject,f1_class::Crouzon Syndrome,4,0.4,0.5477225575051662,5,169,169
B2_corrected,pointnet2,softmax,subject,f1_class::Crouzon Syndrome,5,0.13333333333333333,0.29814239699997197,5,169,169
B2_corrected,pointnet2,softmax,subject,f1_class::Down Syndrome,1,0.7197724039829303,0.03346597540830324,5,169,169
B2_corrected,pointnet2,softmax,subject,f1_class::Down Syndrome,2,0.7136021505376344,0.027803646614419912,5,169,169
B2_corrected,pointnet2,softmax,subject,f1_class::Down Syndrome,3,0.7422813130386943,0.02123730259025762,5,169,169
B2_corrected,pointnet2,softmax,subject,f1_class::Down Syndrome,4,0.7051829157092315,0.022644556080475442,5,169,169
B2_corrected,pointnet2,softmax,subject,f1_class::Down Syndrome,5,0.6461538461538462,0.0509004173548939,5,169,169
B2_corrected,pointnet2,softmax,subject,f1_class::Ehlers-Danlos Syndrome,1,0.30626262626262624,0.09736451609801443,5,169,169
B2_corrected,pointnet2,softmax,subject,f1_class::Ehlers-Danlos Syndrome,2,0.2535353535353535,0.08966602432796827,5,169,169
B2_corrected,pointnet2,softmax,subject,f1_class::Ehlers-Danlos Syndrome,3,0.4307070707070707,0.07024960236169545,5,169,169
B2_corrected,pointnet2,softmax,subject,f1_class::Ehlers-Danlos Syndrome,4,0.286060606060606,0.11179404445987384,5,169,169
B2_corrected,pointnet2,softmax,subject,f1_class::Ehlers-Danlos Syndrome,5,0.25,0.0,5,169,169
B2_corrected,pointnet2,softmax,subject,"f1_class::Facial Dysmorphia, possibly genetic",1,0.23429965287550422,0.058509201716392255,5,169,169
B2_corrected,pointnet2,softmax,subject,"f1_class::Facial Dysmorphia, possibly genetic",2,0.21790209790209786,0.053736104943343854,5,169,169
B2_corrected,pointnet2,softmax,subject,"f1_class::Facial Dysmorphia, possibly genetic",3,0.19836363636363635,0.03323097230989724,5,169,169
B2_corrected,pointnet2,softmax,subject,"f1_class::Facial Dysmorphia, possibly genetic",4,0.1496969696969697,0.08483766164736313,5,169,169
B2_corrected,pointnet2,softmax,subject,"f1_class::Facial Dysmorphia, possibly genetic",5,0.19533799533799528,0.06358447127279533,5,169,169
B2_corrected,pointnet2,softmax,subject,f1_class::Jacobsen Syndrome,1,0.3838095238095238,0.0809243648999924,5,169,169
B2_corrected,pointnet2,softmax,subject,f1_class::Jacobsen Syndrome,2,0.2735353535353535,0.10070256213122832,5,169,169
B2_corrected,pointnet2,softmax,subject,f1_class::Jacobsen Syndrome,3,0.2857142857142857,0.0,5,169,169
B2_corrected,pointnet2,softmax,subject,f1_class::Jacobsen Syndrome,4,0.5476190476190477,0.07338588098772589,5,169,169
B2_corrected,pointnet2,softmax,subject,f1_class::Jacobsen Syndrome,5,0.4275324675324675,0.06983101304480616,5,169,169
B2_corrected,pointnet2,softmax,subject,f1_class::Joubert Syndrome,1,0.2565497076023392,0.042176069444186205,5,169,169
B2_corrected,pointnet2,softmax,subject,f1_class::Joubert Syndrome,2,0.31217391304347825,0.049074294031948906,5,169,169
B2_corrected,pointnet2,softmax,subject,f1_class::Joubert Syndrome,3,0.2681818181818182,0.010163945352271763,5,169,169
B2_corrected,pointnet2,softmax,subject,f1_class::Joubert Syndrome,4,0.26173155357804967,0.009855841960133817,5,169,169
B2_corrected,pointnet2,softmax,subject,f1_class::Joubert Syndrome,5,0.24884656084656082,0.04118194411299769,5,169,169
B2_corrected,pointnet2,softmax,subject,f1_class::Loeys-Dietz Syndrome,1,0.43610766045548643,0.026998437673838433,5,169,169
B2_corrected,pointnet2,softmax,subject,f1_class::Loeys-Dietz Syndrome,2,0.29484620642515375,0.016312440219885635,5,169,169
B2_corrected,pointnet2,softmax,subject,f1_class::Loeys-Dietz Syndrome,3,0.45802197802197797,0.0670347684859721,5,169,169
B2_corrected,pointnet2,softmax,subject,f1_class::Loeys-Dietz Syndrome,4,0.33043343653250773,0.08286734984799367,5,169,169
B2_corrected,pointnet2,softmax,subject,f1_class::Loeys-Dietz Syndrome,5,0.5310818713450292,0.06398663685469672,5,169,169
B2_corrected,pointnet2,softmax,subject,f1_class::Marfan Syndrome,1,0.16434065934065928,0.058205303978323644,5,169,169
B2_corrected,pointnet2,softmax,subject,f1_class::Marfan Syndrome,2,0.4072755417956656,0.07592668200675175,5,169,169
B2_corrected,pointnet2,softmax,subject,f1_class::Marfan Syndrome,3,0.3360644257703081,0.057532049501003844,5,169,169
B2_corrected,pointnet2,softmax,subject,f1_class::Marfan Syndrome,4,0.07857142857142856,0.07209510442209409,5,169,169
B2_corrected,pointnet2,softmax,subject,f1_class::Marfan Syndrome,5,0.45142758857929133,0.03398694551333834,5,169,169
B2_corrected,pointnet2,softmax,subject,f1_class::Mucopolysaccharidosis type IIIB (Sanfilippo B),1,0.3,0.44721359549995787,5,169,169
B2_corrected,pointnet2,softmax,subject,f1_class::Mucopolysaccharidosis type IIIB (Sanfilippo B),2,0.0,0.0,5,169,169
B2_corrected,pointnet2,softmax,subject,f1_class::Mucopolysaccharidosis type IIIB (Sanfilippo B),3,0.0,0.0,5,169,169
B2_corrected,pointnet2,softmax,subject,f1_class::Mucopolysaccharidosis type IIIB (Sanfilippo B),4,0.0,0.0,5,169,169
B2_corrected,pointnet2,softmax,subject,f1_class::Mucopolysaccharidosis type IIIB (Sanfilippo B),5,0.0,0.0,5,169,169
B2_corrected,pointnet2,softmax,subject,f1_class::Noonan Syndrome,1,0.35151515151515145,0.01659765325773229,5,169,169
B2_corrected,pointnet2,softmax,subject,f1_class::Noonan Syndrome,2,0.2996336996336996,0.021106022404231407,5,169,169
B2_corrected,pointnet2,softmax,subject,f1_class::Noonan Syndrome,3,0.3203463203463203,0.03394888991635956,5,169,169
B2_corrected,pointnet2,softmax,subject,f1_class::Noonan Syndrome,4,0.3246753246753246,0.05039154427196022,5,169,169
B2_corrected,pointnet2,softmax,subject,f1_class::Noonan Syndrome,5,0.32439560439560433,0.06332527166991114,5,169,169
B2_corrected,pointnet2,softmax,subject,f1_class::Pallister-Killian Syndrome,1,0.5438228438228438,0.07711532098091477,5,169,169
B2_corrected,pointnet2,softmax,subject,f1_class::Pallister-Killian Syndrome,2,0.4951048951048951,0.04596273209833561,5,169,169
B2_corrected,pointnet2,softmax,subject,f1_class::Pallister-Killian Syndrome,3,0.4219883040935672,0.022228377110090458,5,169,169
B2_corrected,pointnet2,softmax,subject,f1_class::Pallister-Killian Syndrome,4,0.4694318753142282,0.020147966808829357,5,169,169
B2_corrected,pointnet2,softmax,subject,f1_class::Pallister-Killian Syndrome,5,0.5528205128205128,0.0587117900700374,5,169,169
B2_corrected,pointnet2,softmax,subject,f1_class::Phelan McDermid Syndrome,1,0.835005574136009,0.04098980245985937,5,169,169
B2_corrected,pointnet2,softmax,subject,f1_class::Phelan McDermid Syndrome,2,0.6818627450980392,0.03603858093277022,5,169,169
B2_corrected,pointnet2,softmax,subject,f1_class::Phelan McDermid Syndrome,3,0.6340350877192982,0.15533357066820083,5,169,169
B2_corrected,pointnet2,softmax,subject,f1_class::Phelan McDermid Syndrome,4,0.5389010989010988,0.08570739773833241,5,169,169
B2_corrected,pointnet2,softmax,subject,f1_class::Phelan McDermid Syndrome,5,0.6042124542124542,0.10915581900011666,5,169,169
B2_corrected,pointnet2,softmax,subject,f1_class::Pitt Hopkins,1,0.3507070707070707,0.10009280460513158,5,169,169
B2_corrected,pointnet2,softmax,subject,f1_class::Pitt Hopkins,2,0.39434343434343433,0.03339144001841518,5,169,169
B2_corrected,pointnet2,softmax,subject,f1_class::Pitt Hopkins,3,0.46464646464646464,0.0451730904545412,5,169,169
B2_corrected,pointnet2,softmax,subject,f1_class::Pitt Hopkins,4,0.40888888888888886,0.01987615979999811,5,169,169
B2_corrected,pointnet2,softmax,subject,f1_class::Pitt Hopkins,5,0.6476190476190476,0.04259177099999599,5,169,169
B2_corrected,pointnet2,softmax,subject,f1_class::Rett Syndrome,1,0.5942857142857143,0.11617486233887164,5,169,169
B2_corrected,pointnet2,softmax,subject,f1_class::Rett Syndrome,2,0.0,0.0,5,169,169
B2_corrected,pointnet2,softmax,subject,f1_class::Rett Syndrome,3,0.19428571428571428,0.18339207469578528,5,169,169
B2_corrected,pointnet2,softmax,subject,f1_class::Rett Syndrome,4,0.06666666666666667,0.14907119849998599,5,169,169
B2_corrected,pointnet2,softmax,subject,f1_class::Rett Syndrome,5,0.0,0.0,5,169,169
B2_corrected,pointnet2,softmax,subject,f1_class::Rubinstein-Taybi Syndrome,1,0.48,0.04472135954999579,5,169,169
B2_corrected,pointnet2,softmax,subject,f1_class::Rubinstein-Taybi Syndrome,2,0.0,0.0,5,169,169
B2_corrected,pointnet2,softmax,subject,f1_class::Rubinstein-Taybi Syndrome,3,0.0,0.0,5,169,169
B2_corrected,pointnet2,softmax,subject,f1_class::Rubinstein-Taybi Syndrome,4,0.4,0.0,5,169,169
B2_corrected,pointnet2,softmax,subject,f1_class::Rubinstein-Taybi Syndrome,5,0.36666666666666664,0.3415650255319866,5,169,169
B2_corrected,pointnet2,softmax,subject,f1_class::Smith-Lemli-Opitz,1,0.0,0.0,5,169,169
B2_corrected,pointnet2,softmax,subject,f1_class::Smith-Lemli-Opitz,2,0.0,0.0,5,169,169
B2_corrected,pointnet2,softmax,subject,f1_class::Smith-Lemli-Opitz,3,0.0,0.0,5,169,169
B2_corrected,pointnet2,softmax,subject,f1_class::Smith-Lemli-Opitz,4,0.1,0.22360679774997902,5,169,169
B2_corrected,pointnet2,softmax,subject,f1_class::Smith-Lemli-Opitz,5,0.0,0.0,5,169,169
B2_corrected,pointnet2,softmax,subject,f1_class::Tetrasomy 18p,1,0.2944444444444444,0.054148857471160904,5,169,169
B2_corrected,pointnet2,softmax,subject,f1_class::Tetrasomy 18p,2,0.19521367521367522,0.02504725608966876,5,169,169
B2_corrected,pointnet2,softmax,subject,f1_class::Tetrasomy 18p,3,0.2511111111111111,0.05052196686395402,5,169,169
B2_corrected,pointnet2,softmax,subject,f1_class::Tetrasomy 18p,4,0.33380952380952383,0.0672676988654852,5,169,169
B2_corrected,pointnet2,softmax,subject,f1_class::Tetrasomy 18p,5,0.33426573426573425,0.05113774993306142,5,169,169
B2_corrected,pointnet2,softmax,subject,f1_class::Trisomy 18,1,0.74,0.1341640786499874,5,169,169
B2_corrected,pointnet2,softmax,subject,f1_class::Trisomy 18,2,0.45999999999999996,0.0547722557505166,5,169,169
B2_corrected,pointnet2,softmax,subject,f1_class::Trisomy 18,3,0.42666666666666664,0.07226494462892932,5,169,169
B2_corrected,pointnet2,softmax,subject,f1_class::Trisomy 18,4,0.4,0.0,5,169,169
B2_corrected,pointnet2,softmax,subject,f1_class::Trisomy 18,5,0.38666666666666666,0.029814239699997216,5,169,169
B2_corrected,pointnet2,softmax,subject,f1_class::Turner Syndrome,1,0.2571428571428571,0.14521857792358958,5,169,169
B2_corrected,pointnet2,softmax,subject,f1_class::Turner Syndrome,2,0.0,0.0,5,169,169
B2_corrected,pointnet2,softmax,subject,f1_class::Turner Syndrome,3,0.16666666666666666,0.15590239111558088,5,169,169
B2_corrected,pointnet2,softmax,subject,f1_class::Turner Syndrome,4,0.0,0.0,5,169,169
B2_corrected,pointnet2,softmax,subject,f1_class::Turner Syndrome,5,0.0,0.0,5,169,169
B2_corrected,pointnet2,softmax,subject,f1_class::Williams Syndrome,1,0.1666666666666666,0.0,5,169,169
B2_corrected,pointnet2,softmax,subject,f1_class::Williams Syndrome,2,0.18945054945054945,0.1969726193566881,5,169,169
B2_corrected,pointnet2,softmax,subject,f1_class::Williams Syndrome,3,0.32913752913752914,0.02315801250726299,5,169,169
B2_corrected,pointnet2,softmax,subject,f1_class::Williams Syndrome,4,0.0,0.0,5,169,169
B2_corrected,pointnet2,softmax,subject,f1_class::Williams Syndrome,5,0.3923337756155093,0.10136801294383788,5,169,169
B2_corrected,pointnet2,softmax,subject,macro_auc,1,0.8987650174191406,0.003570003548851425,5,169,169
B2_corrected,pointnet2,softmax,subject,macro_auc,2,0.9036770235332522,0.0010711849933662356,5,169,169
B2_corrected,pointnet2,softmax,subject,macro_auc,3,0.9032596740539504,0.00448342943804389,5,169,169
B2_corrected,pointnet2,softmax,subject,macro_auc,4,0.9095743431450568,0.002563296476155242,5,169,169
B2_corrected,pointnet2,softmax,subject,macro_auc,5,0.9014429455825395,0.0039904567995885975,5,169,169
B2_corrected,pointnet2,softmax,subject,macro_f1,1,0.388177536944164,0.03661734011643773,5,169,169
B2_corrected,pointnet2,softmax,subject,macro_f1,2,0.29291944707518686,0.01266276308573211,5,169,169
B2_corrected,pointnet2,softmax,subject,macro_f1,3,0.3450691821316302,0.02146186773777087,5,169,169
B2_corrected,pointnet2,softmax,subject,macro_f1,4,0.26857476328781493,0.02713324655728392,5,169,169
B2_corrected,pointnet2,softmax,subject,macro_f1,5,0.2969632374727599,0.02301283456561052,5,169,169
B2_corrected,pointnet2,softmax,subject,top3_accuracy,1,0.6733727810650888,0.0026462342928991727,5,169,169
B2_corrected,pointnet2,softmax,subject,top3_accuracy,2,0.6118343195266273,0.022375941303182285,5,169,169
B2_corrected,pointnet2,softmax,subject,top3_accuracy,3,0.6402366863905326,0.014127025309246553,5,169,169
B2_corrected,pointnet2,softmax,subject,top3_accuracy,4,0.5905325443786982,0.014733608991702625,5,169,169
B2_corrected,pointnet2,softmax,subject,top3_accuracy,5,0.591715976331361,0.009355851065586934,5,169,169
B2_corrected,pointnet2,softmax,subject,top5_accuracy,1,0.7763313609467456,0.012828096679691568,5,169,169
B2_corrected,pointnet2,softmax,subject,top5_accuracy,2,0.7230769230769231,0.011381884060160576,5,169,169
B2_corrected,pointnet2,softmax,subject,top5_accuracy,3,0.7502958579881657,0.009722885636186373,5,169,169
B2_corrected,pointnet2,softmax,subject,top5_accuracy,4,0.7538461538461538,0.023145097296577426,5,169,169
B2_corrected,pointnet2,softmax,subject,top5_accuracy,5,0.7491124260355029,0.014851953133740974,5,169,169
C_corrected,dgcnn,softmax,scan,accuracy,1,0.8920032976092334,0.0,1,3639,2658
C_corrected,dgcnn,softmax,scan,accuracy,2,0.8837592745259687,0.0,1,3639,2658
C_corrected,dgcnn,softmax,scan,accuracy,3,0.8867820829898324,0.0,1,3639,2658
C_corrected,dgcnn,softmax,scan,accuracy,4,0.8788128606760099,0.0,1,3639,2658
C_corrected,dgcnn,softmax,scan,accuracy,5,0.8793624622148942,0.0,1,3639,2658
C_corrected,dgcnn,softmax,scan,f1_class::Affected,1,0.8735927951109682,0.0,1,3639,2658
C_corrected,dgcnn,softmax,scan,f1_class::Affected,2,0.8664351120934638,0.0,1,3639,2658
C_corrected,dgcnn,softmax,scan,f1_class::Affected,3,0.8590971272229823,0.0,1,3639,2658
C_corrected,dgcnn,softmax,scan,f1_class::Affected,4,0.8541184254052266,0.0,1,3639,2658
C_corrected,dgcnn,softmax,scan,f1_class::Affected,5,0.8589784773530357,0.0,1,3639,2658
C_corrected,dgcnn,softmax,scan,f1_class::Unaffected,1,0.9057327896378028,0.0,1,3639,2658
C_corrected,dgcnn,softmax,scan,f1_class::Unaffected,2,0.8971053271710047,0.0,1,3639,2658
C_corrected,dgcnn,softmax,scan,f1_class::Unaffected,3,0.9053743683968764,0.0,1,3639,2658
C_corrected,dgcnn,softmax,scan,f1_class::Unaffected,4,0.8963572267920094,0.0,1,3639,2658
C_corrected,dgcnn,softmax,scan,f1_class::Unaffected,5,0.8945978391356543,0.0,1,3639,2658
C_corrected,dgcnn,softmax,scan,macro_auc,1,0.9579630663973552,0.0,1,3639,2658
C_corrected,dgcnn,softmax,scan,macro_auc,2,0.9535061946385824,0.0,1,3639,2658
C_corrected,dgcnn,softmax,scan,macro_auc,3,0.955784644900987,0.0,1,3639,2658
C_corrected,dgcnn,softmax,scan,macro_auc,4,0.9471152263042104,0.0,1,3639,2658
C_corrected,dgcnn,softmax,scan,macro_auc,5,0.9468316043682128,0.0,1,3639,2658
C_corrected,dgcnn,softmax,scan,macro_f1,1,0.8896627923743855,0.0,1,3639,2658
C_corrected,dgcnn,softmax,scan,macro_f1,2,0.8817702196322342,0.0,1,3639,2658
C_corrected,dgcnn,softmax,scan,macro_f1,3,0.8822357478099294,0.0,1,3639,2658
C_corrected,dgcnn,softmax,scan,macro_f1,4,0.875237826098618,0.0,1,3639,2658
C_corrected,dgcnn,softmax,scan,macro_f1,5,0.876788158244345,0.0,1,3639,2658
C_corrected,dgcnn,softmax,subject,accuracy,1,0.8961625282167043,0.0,1,2658,2658
C_corrected,dgcnn,softmax,subject,accuracy,2,0.8863807373965388,0.0,1,2658,2658
C_corrected,dgcnn,softmax,subject,accuracy,3,0.9048156508653122,0.0,1,2658,2658
C_corrected,dgcnn,softmax,subject,accuracy,4,0.8893905191873589,0.0,1,2658,2658
C_corrected,dgcnn,softmax,subject,accuracy,5,0.8886380737396539,0.0,1,2658,2658
C_corrected,dgcnn,softmax,subject,f1_class::Affected,1,0.8096551724137931,0.0,1,2658,2658
C_corrected,dgcnn,softmax,subject,f1_class::Affected,2,0.7978580990629184,0.0,1,2658,2658
C_corrected,dgcnn,softmax,subject,f1_class::Affected,3,0.8116157855547282,0.0,1,2658,2658
C_corrected,dgcnn,softmax,subject,f1_class::Affected,4,0.7857142857142857,0.0,1,2658,2658
C_corrected,dgcnn,softmax,subject,f1_class::Affected,5,0.7921348314606742,0.0,1,2658,2658
C_corrected,dgcnn,softmax,subject,f1_class::Unaffected,1,0.9286083807553026,0.0,1,2658,2658
C_corrected,dgcnn,softmax,subject,f1_class::Unaffected,2,0.9209837781266352,0.0,1,2658,2658
C_corrected,dgcnn,softmax,subject,f1_class::Unaffected,3,0.9363201610873396,0.0,1,2658,2658
C_corrected,dgcnn,softmax,subject,f1_class::Unaffected,4,0.9254563894523328,0.0,1,2658,2658
C_corrected,dgcnn,softmax,subject,f1_class::Unaffected,5,0.9239465570400822,0.0,1,2658,2658
C_corrected,dgcnn,softmax,subject,macro_auc,1,0.953216121836354,0.0,1,2658,2658
C_corrected,dgcnn,softmax,subject,macro_auc,2,0.949151934750592,0.0,1,2658,2658
C_corrected,dgcnn,softmax,subject,macro_auc,3,0.953343059092768,0.0,1,2658,2658
C_corrected,dgcnn,softmax,subject,macro_auc,4,0.9417998166543144,0.0,1,2658,2658
C_corrected,dgcnn,softmax,subject,macro_auc,5,0.942135633373012,0.0,1,2658,2658
C_corrected,dgcnn,softmax,subject,macro_f1,1,0.8691317765845479,0.0,1,2658,2658
C_corrected,dgcnn,softmax,subject,macro_f1,2,0.8594209385947769,0.0,1,2658,2658
C_corrected,dgcnn,softmax,subject,macro_f1,3,0.8739679733210339,0.0,1,2658,2658
C_corrected,dgcnn,softmax,subject,macro_f1,4,0.8555853375833091,0.0,1,2658,2658
C_corrected,dgcnn,softmax,subject,macro_f1,5,0.8580406942503782,0.0,1,2658,2658
C_corrected,geommlp,softmax,scan,accuracy,1,0.848859576806815,0.0,1,3639,2658
C_corrected,geommlp,softmax,scan,accuracy,2,0.8516075845012366,0.0,1,3639,2658
C_corrected,geommlp,softmax,scan,accuracy,3,0.8507831821929102,0.0,1,3639,2658
C_corrected,geommlp,softmax,scan,accuracy,4,0.8507831821929102,0.0,1,3639,2658
C_corrected,geommlp,softmax,scan,accuracy,5,0.8477603737290464,0.0,1,3639,2658
C_corrected,geommlp,softmax,scan,f1_class::Affected,1,0.8220064724919094,0.0,1,3639,2658
C_corrected,geommlp,softmax,scan,f1_class::Affected,2,0.8263665594855305,0.0,1,3639,2658
C_corrected,geommlp,softmax,scan,f1_class::Affected,3,0.8255701895277867,0.0,1,3639,2658
C_corrected,geommlp,softmax,scan,f1_class::Affected,4,0.8210873146622735,0.0,1,3639,2658
C_corrected,geommlp,softmax,scan,f1_class::Affected,5,0.8209437621202327,0.0,1,3639,2658
C_corrected,geommlp,softmax,scan,f1_class::Unaffected,1,0.8686723973256925,0.0,1,3639,2658
C_corrected,geommlp,softmax,scan,f1_class::Unaffected,2,0.8704414587332053,0.0,1,3639,2658
C_corrected,geommlp,softmax,scan,f1_class::Unaffected,3,0.8696278511404562,0.0,1,3639,2658
C_corrected,geommlp,softmax,scan,f1_class::Unaffected,4,0.872024510959227,0.0,1,3639,2658
C_corrected,geommlp,softmax,scan,f1_class::Unaffected,5,0.8675908221797323,0.0,1,3639,2658
C_corrected,geommlp,softmax,scan,macro_auc,1,0.9138497592786,0.0,1,3639,2658
C_corrected,geommlp,softmax,scan,macro_auc,2,0.91089984262555,0.0,1,3639,2658
C_corrected,geommlp,softmax,scan,macro_auc,3,0.9128435692997428,0.0,1,3639,2658
C_corrected,geommlp,softmax,scan,macro_auc,4,0.9136164623739622,0.0,1,3639,2658
C_corrected,geommlp,softmax,scan,macro_auc,5,0.9135214039813934,0.0,1,3639,2658
C_corrected,geommlp,softmax,scan,macro_f1,1,0.8453394349088009,0.0,1,3639,2658
C_corrected,geommlp,softmax,scan,macro_f1,2,0.8484040091093679,0.0,1,3639,2658
C_corrected,geommlp,softmax,scan,macro_f1,3,0.8475990203341215,0.0,1,3639,2658
C_corrected,geommlp,softmax,scan,macro_f1,4,0.8465559128107503,0.0,1,3639,2658
C_corrected,geommlp,softmax,scan,macro_f1,5,0.8442672921499825,0.0,1,3639,2658
C_corrected,geommlp,softmax,subject,accuracy,1,0.8649360421369451,0.0,1,2658,2658
C_corrected,geommlp,softmax,subject,accuracy,2,0.8600451467268623,0.0,1,2658,2658
C_corrected,geommlp,softmax,subject,accuracy,3,0.8630549285176825,0.0,1,2658,2658
C_corrected,geommlp,softmax,subject,accuracy,4,0.8664409330323551,0.0,1,2658,2658
C_corrected,geommlp,softmax,subject,accuracy,5,0.8630549285176825,0.0,1,2658,2658
C_corrected,geommlp,softmax,subject,f1_class::Affected,1,0.7400434467776973,0.0,1,2658,2658
C_corrected,geommlp,softmax,subject,f1_class::Affected,2,0.7316017316017316,0.0,1,2658,2658
C_corrected,geommlp,softmax,subject,f1_class::Affected,3,0.7373737373737373,0.0,1,2658,2658
C_corrected,geommlp,softmax,subject,f1_class::Affected,4,0.7368421052631579,0.0,1,2658,2658
C_corrected,geommlp,softmax,subject,f1_class::Affected,5,0.7366136034732272,0.0,1,2658,2658
C_corrected,geommlp,softmax,subject,f1_class::Unaffected,1,0.9087674714104194,0.0,1,2658,2658
C_corrected,geommlp,softmax,subject,f1_class::Unaffected,2,0.9053435114503816,0.0,1,2658,2658
C_corrected,geommlp,softmax,subject,f1_class::Unaffected,3,0.9073791348600508,0.0,1,2658,2658
C_corrected,geommlp,softmax,subject,f1_class::Unaffected,4,0.9105117217040584,0.0,1,2658,2658
C_corrected,geommlp,softmax,subject,f1_class::Unaffected,5,0.9074733096085408,0.0,1,2658,2658
C_corrected,geommlp,softmax,subject,macro_auc,1,0.902500481044646,0.0,1,2658,2658
C_corrected,geommlp,softmax,subject,macro_auc,2,0.8967645266337776,0.0,1,2658,2658
C_corrected,geommlp,softmax,subject,macro_auc,3,0.8999149117987265,0.0,1,2658,2658
C_corrected,geommlp,softmax,subject,macro_auc,4,0.8986001783706231,0.0,1,2658,2658
C_corrected,geommlp,softmax,subject,macro_auc,5,0.9004833858519465,0.0,1,2658,2658
C_corrected,geommlp,softmax,subject,macro_f1,1,0.8244054590940584,0.0,1,2658,2658
C_corrected,geommlp,softmax,subject,macro_f1,2,0.8184726215260567,0.0,1,2658,2658
C_corrected,geommlp,softmax,subject,macro_f1,3,0.8223764361168941,0.0,1,2658,2658
C_corrected,geommlp,softmax,subject,macro_f1,4,0.8236769134836082,0.0,1,2658,2658
C_corrected,geommlp,softmax,subject,macro_f1,5,0.8220434565408841,0.0,1,2658,2658
C_corrected,pointnet,softmax,scan,accuracy,1,0.8774388568287991,0.0,1,3639,2658
C_corrected,pointnet,softmax,scan,accuracy,2,0.8680956306677658,0.0,1,3639,2658
C_corrected,pointnet,softmax,scan,accuracy,3,0.8768892552899148,0.0,1,3639,2658
C_corrected,pointnet,softmax,scan,accuracy,4,0.8749656499038198,0.0,1,3639,2658
C_corrected,pointnet,softmax,scan,accuracy,5,0.875515251442704,0.0,1,3639,2658
C_corrected,pointnet,softmax,scan,f1_class::Affected,1,0.8528052805280528,0.0,1,3639,2658
C_corrected,pointnet,softmax,scan,f1_class::Affected,2,0.8394648829431438,0.0,1,3639,2658
C_corrected,pointnet,softmax,scan,f1_class::Affected,3,0.8514588859416445,0.0,1,3639,2658
C_corrected,pointnet,softmax,scan,f1_class::Affected,4,0.8453958545701665,0.0,1,3639,2658
C_corrected,pointnet,softmax,scan,f1_class::Affected,5,0.8483428188818212,0.0,1,3639,2658
C_corrected,pointnet,softmax,scan,f1_class::Unaffected,1,0.8950094161958568,0.0,1,3639,2658
C_corrected,pointnet,softmax,scan,f1_class::Unaffected,2,0.8880597014925373,0.0,1,3639,2658
C_corrected,pointnet,softmax,scan,f1_class::Unaffected,3,0.8948850305021117,0.0,1,3639,2658
C_corrected,pointnet,softmax,scan,f1_class::Unaffected,4,0.895040369088812,0.0,1,3639,2658
C_corrected,pointnet,softmax,scan,f1_class::Unaffected,5,0.8944302027499418,0.0,1,3639,2658
C_corrected,pointnet,softmax,scan,macro_auc,1,0.9383900463300936,0.0,1,3639,2658
C_corrected,pointnet,softmax,scan,macro_auc,2,0.92850055637118,0.0,1,3639,2658
C_corrected,pointnet,softmax,scan,macro_auc,3,0.936808535622356,0.0,1,3639,2658
C_corrected,pointnet,softmax,scan,macro_auc,4,0.9379265590042354,0.0,1,3639,2658
C_corrected,pointnet,softmax,scan,macro_auc,5,0.9349331515833436,0.0,1,3639,2658
C_corrected,pointnet,softmax,scan,macro_f1,1,0.8739073483619548,0.0,1,3639,2658
C_corrected,pointnet,softmax,scan,macro_f1,2,0.8637622922178405,0.0,1,3639,2658
C_corrected,pointnet,softmax,scan,macro_f1,3,0.8731719582218781,0.0,1,3639,2658
C_corrected,pointnet,softmax,scan,macro_f1,4,0.8702181118294893,0.0,1,3639,2658
C_corrected,pointnet,softmax,scan,macro_f1,5,0.8713865108158815,0.0,1,3639,2658
C_corrected,pointnet,softmax,subject,accuracy,1,0.8848758465011287,0.0,1,2658,2658
C_corrected,pointnet,softmax,subject,accuracy,2,0.873589164785553,0.0,1,2658,2658
C_corrected,pointnet,softmax,subject,accuracy,3,0.881489841986456,0.0,1,2658,2658
C_corrected,pointnet,softmax,subject,accuracy,4,0.8856282919488337,0.0,1,2658,2658
C_corrected,pointnet,softmax,subject,accuracy,5,0.8848758465011287,0.0,1,2658,2658
C_corrected,pointnet,softmax,subject,f1_class::Affected,1,0.7719821162444114,0.0,1,2658,2658
C_corrected,pointnet,softmax,subject,f1_class::Affected,2,0.746606334841629,0.0,1,2658,2658
C_corrected,pointnet,softmax,subject,f1_class::Affected,3,0.7661469933184856,0.0,1,2658,2658
C_corrected,pointnet,softmax,subject,f1_class::Affected,4,0.765793528505393,0.0,1,2658,2658
C_corrected,pointnet,softmax,subject,f1_class::Affected,5,0.7667682926829268,0.0,1,2658,2658
C_corrected,pointnet,softmax,subject,f1_class::Unaffected,1,0.9229994967287368,0.0,1,2658,2658
C_corrected,pointnet,softmax,subject,f1_class::Unaffected,2,0.9157894736842104,0.0,1,2658,2658
C_corrected,pointnet,softmax,subject,f1_class::Unaffected,3,0.9206349206349206,0.0,1,2658,2658
C_corrected,pointnet,softmax,subject,f1_class::Unaffected,4,0.9243404678944748,0.0,1,2658,2658
C_corrected,pointnet,softmax,subject,f1_class::Unaffected,5,0.9235764235764236,0.0,1,2658,2658
C_corrected,pointnet,softmax,subject,macro_auc,1,0.927187033816524,0.0,1,2658,2658
C_corrected,pointnet,softmax,subject,macro_auc,2,0.9159148591215942,0.0,1,2658,2658
C_corrected,pointnet,softmax,subject,macro_auc,3,0.9269082839912,0.0,1,2658,2658
C_corrected,pointnet,softmax,subject,macro_auc,4,0.927284340185994,0.0,1,2658,2658
C_corrected,pointnet,softmax,subject,macro_auc,5,0.925504292088846,0.0,1,2658,2658
C_corrected,pointnet,softmax,subject,macro_f1,1,0.847490806486574,0.0,1,2658,2658
C_corrected,pointnet,softmax,subject,macro_f1,2,0.8311979042629197,0.0,1,2658,2658
C_corrected,pointnet,softmax,subject,macro_f1,3,0.8433909569767031,0.0,1,2658,2658
C_corrected,pointnet,softmax,subject,macro_f1,4,0.8450669981999339,0.0,1,2658,2658
C_corrected,pointnet,softmax,subject,macro_f1,5,0.8451723581296752,0.0,1,2658,2658
C_corrected,pointnet2,softmax,scan,accuracy,1,0.9072822203902172,0.0026472315644500252,5,3639,2658
C_corrected,pointnet2,softmax,scan,accuracy,2,0.90612805715856,0.004197351247072815,5,3639,2658
C_corrected,pointnet2,softmax,scan,accuracy,3,0.9029953283869195,0.002727319763847018,5,3639,2658
C_corrected,pointnet2,softmax,scan,accuracy,4,0.9015663643858204,0.0011883346144787345,5,3639,2658
C_corrected,pointnet2,softmax,scan,accuracy,5,0.9088211046990932,0.001406593447877906,5,3639,2658
C_corrected,pointnet2,softmax,scan,f1_class::Affected,1,0.8868610616850601,0.0032534368412905535,5,3639,2658
C_corrected,pointnet2,softmax,scan,f1_class::Affected,2,0.8864426081966187,0.0048787805432763355,5,3639,2658
C_corrected,pointnet2,softmax,scan,f1_class::Affected,3,0.8832958394871973,0.0030038675686181425,5,3639,2658
C_corrected,pointnet2,softmax,scan,f1_class::Affected,4,0.8790766951727418,0.0013861382237682577,5,3639,2658
C_corrected,pointnet2,softmax,scan,f1_class::Affected,5,0.8902421118317994,0.001636773779379248,5,3639,2658
C_corrected,pointnet2,softmax,scan,f1_class::Unaffected,1,0.9214578830709541,0.002249231179216839,5,3639,2658
C_corrected,pointnet2,softmax,scan,f1_class::Unaffected,2,0.9199958582110168,0.003684539081276853,5,3639,2658
C_corrected,pointnet2,softmax,scan,f1_class::Unaffected,3,0.9170037163091704,0.0024867168274199203,5,3639,2658
C_corrected,pointnet2,softmax,scan,f1_class::Unaffected,4,0.9170019018501911,0.0010638545992923414,5,3639,2658
C_corrected,pointnet2,softmax,scan,f1_class::Unaffected,5,0.9220207351215173,0.0012344319511360029,5,3639,2658
C_corrected,pointnet2,softmax,scan,macro_auc,1,0.9631925516468401,0.0006295005252608141,5,3639,2658
C_corrected,pointnet2,softmax,scan,macro_auc,2,0.9620025199793482,0.00046758007396789826,5,3639,2658
C_corrected,pointnet2,softmax,scan,macro_auc,3,0.9595830043049649,0.0005297941810373702,5,3639,2658
C_corrected,pointnet2,softmax,scan,macro_auc,4,0.9627101613693876,0.0005523893627355353,5,3639,2658
C_corrected,pointnet2,softmax,scan,macro_auc,5,0.9650746301576169,0.0003110928362298865,5,3639,2658
C_corrected,pointnet2,softmax,scan,macro_f1,1,0.9041594723780072,0.002739066958815118,5,3639,2658
C_corrected,pointnet2,softmax,scan,macro_f1,2,0.9032192332038177,0.00427494346614318,5,3639,2658
C_corrected,pointnet2,softmax,scan,macro_f1,3,0.9001497778981837,0.0027358962146633247,5,3639,2658
C_corrected,pointnet2,softmax,scan,macro_f1,4,0.8980392985114666,0.0012046796586663645,5,3639,2658
C_corrected,pointnet2,softmax,scan,macro_f1,5,0.9061314234766582,0.0014334234041791993,5,3639,2658
C_corrected,pointnet2,softmax,subject,accuracy,1,0.9182844243792324,0.0018697928728049539,5,2658,2658
C_corrected,pointnet2,softmax,subject,accuracy,2,0.9125658389766743,0.0036340077173945685,5,2658,2658
C_corrected,pointnet2,softmax,subject,accuracy,3,0.9132430398796088,0.0012646904675675007,5,2658,2658
C_corrected,pointnet2,softmax,subject,accuracy,4,0.9119638826185102,0.000752445447705058,5,2658,2658
C_corrected,pointnet2,softmax,subject,accuracy,5,0.9167795334838225,0.0025847349943292114,5,2658,2658
C_corrected,pointnet2,softmax,subject,f1_class::Affected,1,0.8400107423044136,0.0036683203826304634,5,2658,2658
C_corrected,pointnet2,softmax,subject,f1_class::Affected,2,0.8310201369610792,0.006520065377427548,5,2658,2658
C_corrected,pointnet2,softmax,subject,f1_class::Affected,3,0.8370356412926455,0.0018444025364988848,5,2658,2658
C_corrected,pointnet2,softmax,subject,f1_class::Affected,4,0.8270211749604183,0.001836887356779471,5,2658,2658
C_corrected,pointnet2,softmax,subject,f1_class::Affected,5,0.8406352719496054,0.004894408191281722,5,2658,2658
C_corrected,pointnet2,softmax,subject,f1_class::Unaffected,1,0.9451291933215142,0.00126190157512467,5,2658,2658
C_corrected,pointnet2,softmax,subject,f1_class::Unaffected,2,0.9410247020422482,0.0025205226386657807,5,2658,2658
C_corrected,pointnet2,softmax,subject,f1_class::Unaffected,3,0.940885845501142,0.0009455778173105092,5,2658,2658
C_corrected,pointnet2,softmax,subject,f1_class::Unaffected,4,0.9409568381444137,0.0004906305193803,5,2658,2658
C_corrected,pointnet2,softmax,subject,f1_class::Unaffected,5,0.9436861295631067,0.0017572112148483657,5,2658,2658
C_corrected,pointnet2,softmax,subject,macro_auc,1,0.9592437392862394,0.0005020788277063556,5,2658,2658
C_corrected,pointnet2,softmax,subject,macro_auc,2,0.9578968142772588,0.000871094203643181,5,2658,2658
C_corrected,pointnet2,softmax,subject,macro_auc,3,0.9574729096872515,0.0008381070344348528,5,2658,2658
C_corrected,pointnet2,softmax,subject,macro_auc,4,0.9585441942849702,0.0010337952835207346,5,2658,2658
C_corrected,pointnet2,softmax,subject,macro_auc,5,0.9633990870760314,0.0006340263415321217,5,2658,2658
C_corrected,pointnet2,softmax,subject,macro_f1,1,0.8925699678129639,0.0024543026182457343,5,2658,2658
C_corrected,pointnet2,softmax,subject,macro_f1,2,0.8860224195016638,0.004506910803722754,5,2658,2658
C_corrected,pointnet2,softmax,subject,macro_f1,3,0.8889607433968937,0.0013724421811059195,5,2658,2658
C_corrected,pointnet2,softmax,subject,macro_f1,4,0.8839890065524159,0.0011273420882301065,5,2658,2658
C_corrected,pointnet2,softmax,subject,macro_f1,5,0.892160700756356,0.003323987471600632,5,2658,2658
